epoch,episode,batch,loss,policy_loss,value_loss,kl,entropy,avg_reward,advantage_mean,ratio_mean,ratio_clip_frac,succ_rate,elapsed_s
1,320,20,-0.2050,-1.6312,0.3455,0.0221,8.7941,-0.2060,0.0000,1.0000,0.0000,0.2313,160.8
1,640,40,-0.0939,0.4708,0.2396,0.0812,9.0482,-0.3213,0.0000,1.0000,0.0000,0.2031,330.5
1,960,60,-0.7150,-0.1637,0.1307,0.1691,8.4197,-0.3419,0.0000,1.0000,0.0000,0.1990,462.8
1,1280,80,0.0074,0.6102,0.1342,0.1764,8.5614,-0.5102,0.0000,1.0000,0.0000,0.1914,627.2
1,1600,100,0.0723,-0.4153,0.1610,0.1919,11.5109,-0.4023,0.0000,1.0000,0.0000,0.1837,768.6
1,1920,120,-0.5303,-0.7005,0.3039,0.1386,9.7703,-0.2026,0.0000,1.0000,0.0000,0.1854,1119.9
1,2240,140,0.0886,-2.7587,0.3749,0.2490,9.5621,-0.1147,0.0000,1.0000,0.0000,0.1799,1251.3
1,2560,160,-0.7058,-1.8400,0.1934,0.1492,10.3595,-0.3164,0.0000,1.0000,0.0000,0.1840,1404.6
1,2880,180,-0.4538,0.2860,0.1921,0.2184,9.9485,-0.4075,0.0000,1.0000,0.0000,0.1854,1714.9
1,3200,200,-0.4676,1.6893,0.1297,0.2093,10.7230,-0.4212,0.0000,1.0000,0.0000,0.1875,1906.9
1,3520,220,-0.0357,-0.5487,0.1965,0.1458,8.5339,-0.3478,0.0000,1.0000,0.0000,0.1881,2100.6
1,3840,240,-0.3227,1.8609,0.0722,0.1281,11.3504,-0.4615,0.0000,1.0000,0.0000,0.1891,2244.5
1,4160,260,-0.0820,2.0096,0.0421,0.1803,11.7265,-0.4386,-0.0000,1.0000,0.0000,0.1894,2383.4
1,4480,280,-0.2318,-0.6361,0.3254,0.1384,9.4342,-0.0681,0.0000,1.0000,0.0000,0.1895,2567.5
1,4800,300,0.3781,0.5889,0.1896,0.2189,13.1923,-0.3087,-0.0000,1.0000,0.0000,0.1871,2718.9
2,128,320,-0.8579,0.2717,0.2812,0.2111,11.8802,-0.3275,-0.0000,1.0000,0.0000,0.1894,2895.0
2,448,340,-0.0526,0.3463,0.1985,0.1290,10.1142,-0.3144,0.0000,1.0000,0.0000,0.1878,3060.9
2,768,360,-0.3933,-0.6567,0.2203,0.1707,11.1582,-0.3033,0.0000,1.0000,0.0000,0.1860,3202.9
2,1088,380,-0.7759,-2.0626,0.3614,0.2082,8.8107,-0.0780,-0.0000,1.0000,0.0000,0.1863,3347.3
2,1408,400,-0.5200,-0.5035,0.1380,0.2184,10.3563,-0.4516,-0.0000,1.0000,0.0000,0.1876,3503.7
2,1728,420,0.0788,-1.1429,0.2602,0.4367,10.2995,-0.1702,0.0000,1.0000,0.0000,0.1892,3645.4
2,2048,440,-0.0895,-0.4717,0.2016,0.4718,8.0156,-0.2786,0.0000,1.0000,0.0000,0.1900,3785.1
2,2368,460,-0.0296,-0.4935,0.2181,0.3424,10.5518,-0.2283,0.0000,1.0000,0.0000,0.1906,3934.2
2,2688,480,-0.2919,-0.2926,0.1458,0.4580,9.7556,-0.2537,-0.0000,1.0000,0.0000,0.1909,4093.2
2,3008,500,0.0322,-0.5909,0.1640,0.3564,8.1356,-0.3908,0.0000,1.0000,0.0000,0.1906,4231.3
2,3328,520,0.1831,0.7571,0.1007,0.2954,8.3815,-0.4223,0.0000,1.0000,0.0000,0.1906,4367.5
2,3648,540,0.0525,2.7295,0.1128,0.2080,9.0673,-0.5000,-0.0000,1.0000,0.0000,0.1915,4546.8
2,3968,560,-0.2132,0.3237,0.2253,0.2896,8.4757,-0.2839,0.0000,1.0000,0.0000,0.1925,4676.1
2,4288,580,-0.0930,-0.0764,0.0736,0.2202,9.1043,-0.3537,0.0000,1.0000,0.0000,0.1924,4809.3
2,4608,600,-0.1507,1.5559,0.0605,0.2055,9.0591,-0.4454,-0.0000,1.0000,0.0000,0.1930,4938.8
2,4928,620,0.0894,1.5851,0.1461,0.2595,9.9399,-0.4094,0.0000,1.0000,0.0000,0.1931,5066.7
3,256,640,-0.1264,-0.1144,0.0473,0.2405,8.9014,-0.4627,0.0000,1.0000,0.0000,0.1941,5228.0
3,576,660,0.1450,-2.2704,0.2045,0.2590,8.1393,-0.1672,0.0000,1.0000,0.0000,0.1934,5375.2
3,896,680,-0.5983,-1.3962,0.0809,0.1782,8.2617,-0.3298,0.0000,1.0000,0.0000,0.1926,5519.4
3,1216,700,-0.1775,0.1922,0.0377,0.3065,6.8850,-0.4499,-0.0000,1.0000,0.0000,0.1922,5661.2
3,1536,720,-0.0530,-0.3267,0.1227,0.2468,7.9518,-0.3570,0.0000,1.0000,0.0000,0.1916,5807.0
3,1856,740,0.3375,-0.3454,0.1814,0.2186,8.8173,-0.2195,-0.0000,1.0000,0.0000,0.1916,5946.5
3,2176,760,-0.3146,-0.9026,0.3339,0.1032,10.7157,-0.4299,-0.0000,1.0000,0.0000,0.1912,6118.2
3,2496,780,-0.5152,-1.1792,0.1886,0.1646,10.9721,-0.2921,0.0000,1.0000,0.0000,0.1917,6304.8
3,2816,800,0.3535,-0.0389,0.1679,0.1785,11.7313,-0.3151,0.0000,1.0000,0.0000,0.1912,6470.6
3,3136,820,0.0143,-0.8234,0.2257,0.1020,9.1061,-0.2331,0.0000,1.0000,0.0000,0.1907,6603.1
3,3456,840,0.0048,3.5707,0.0372,0.0711,11.9068,-0.5000,0.0000,1.0000,0.0000,0.1911,6735.4
3,3776,860,-0.1994,-2.1223,0.2170,0.1417,9.4138,-0.1601,0.0000,1.0000,0.0000,0.1914,6864.0
3,4096,880,0.4580,-0.6260,0.2158,0.1199,9.1784,-0.2273,0.0000,1.0000,0.0000,0.1913,6999.8
3,4416,900,0.1969,-1.4911,0.3198,0.1272,8.1270,-0.1732,0.0000,1.0000,0.0000,0.1917,7132.5
3,4736,920,-0.4883,1.9073,0.0945,0.1223,11.1586,-0.3514,0.0000,1.0000,0.0000,0.1921,7280.9
4,64,940,-0.3742,-0.2241,0.2287,0.1709,8.8912,-0.1076,-0.0000,1.0000,0.0000,0.1934,7439.5
4,384,960,0.5476,0.1459,0.1125,0.2029,9.3316,-0.3523,0.0000,1.0000,0.0000,0.1932,7581.5
4,704,980,-0.1720,-0.5408,0.1151,0.1601,10.3931,-0.4457,0.0000,1.0000,0.0000,0.1928,7739.7
4,1024,1000,-0.0714,-2.4499,0.1765,0.2249,9.4438,-0.1712,0.0000,1.0000,0.0000,0.1927,7876.6
4,1344,1020,-0.1525,0.9768,0.2296,0.2520,9.4337,-0.3134,0.0000,1.0000,0.0000,0.1927,8013.2
4,1664,1040,0.4297,1.3112,0.1766,0.2542,9.5815,-0.3275,0.0000,1.0000,0.0000,0.1926,8231.8
4,1984,1060,-0.2617,2.2956,0.2237,0.3835,12.3931,-0.4215,-0.0000,1.0000,0.0000,0.1931,8443.6
4,2304,1080,0.1054,0.3341,0.2312,0.3544,10.1952,-0.3255,-0.0000,1.0000,0.0000,0.1935,8644.7
4,2624,1100,0.5494,-0.1295,0.2511,0.3353,10.8879,-0.2354,-0.0000,1.0000,0.0000,0.1937,8877.3
4,2944,1120,0.0579,-0.4439,0.1211,0.2959,11.1135,-0.3975,-0.0000,1.0000,0.0000,0.1937,9100.4
4,3264,1140,-0.3023,0.2508,0.1714,0.2952,12.3563,-0.3017,-0.0000,1.0000,0.0000,0.1934,9313.2
4,3584,1160,-0.4470,-1.6930,0.2801,0.2979,10.4116,-0.0049,0.0000,1.0000,0.0000,0.1943,9552.1
4,3904,1180,0.2787,1.3845,0.1514,0.3529,10.0625,-0.3357,-0.0000,1.0000,0.0000,0.1944,9756.1
4,4224,1200,-0.4061,-1.9230,0.2896,0.3650,9.2919,-0.0920,-0.0000,1.0000,0.0000,0.1944,9958.5
4,4544,1220,-0.1650,-3.7370,0.2110,0.3414,9.3759,-0.0899,-0.0000,1.0000,0.0000,0.1953,10203.2
4,4864,1240,0.5381,-0.0149,0.1367,0.4493,10.6659,-0.3472,0.0000,1.0000,0.0000,0.1955,10444.5
5,192,1260,-0.4428,2.1026,0.1607,0.3435,10.6850,-0.4318,0.0000,1.0000,0.0000,0.1964,10759.4
5,512,1280,-0.1797,0.2150,0.0412,0.2478,10.5860,-0.4443,0.0000,1.0000,0.0000,0.1965,11218.1
5,832,1300,0.6450,-0.0087,0.1618,0.2224,11.3190,-0.1531,-0.0000,1.0000,0.0000,0.1965,11767.3
5,1152,1320,-0.3625,-0.5999,0.0925,0.2322,10.9865,-0.3044,0.0000,1.0000,0.0000,0.1969,12047.0
5,1472,1340,-0.1154,0.1733,0.1320,0.2648,9.4059,-0.3521,0.0000,1.0000,0.0000,0.1964,12211.2
5,1792,1360,0.0488,-1.2902,0.1896,0.2684,9.0351,-0.1407,0.0000,1.0000,0.0000,0.1967,12396.9
5,2112,1380,-0.4467,-1.0379,0.0781,0.2572,9.0797,-0.3475,-0.0000,1.0000,0.0000,0.1965,12549.3
5,2432,1400,0.1286,-0.9930,0.0676,0.4610,9.1927,-0.4161,-0.0000,1.0000,0.0000,0.1962,12683.1
5,2752,1420,0.4453,1.7803,0.2622,0.4479,6.2702,-0.4634,0.0000,1.0000,0.0000,0.1961,12878.7
5,3072,1440,-0.4678,1.1562,0.1555,0.2733,9.2359,-0.3463,0.0000,1.0000,0.0000,0.1964,13096.6
5,3392,1460,-0.0272,-1.2707,0.2351,0.2519,7.9909,-0.3097,0.0000,1.0000,0.0000,0.1963,13270.2
5,3712,1480,-0.1947,-0.4096,0.1954,0.3863,10.1115,-0.1843,-0.0000,1.0000,0.0000,0.1966,13418.2
5,4032,1500,0.4834,1.9110,0.1888,0.2593,9.0331,-0.4861,-0.0000,1.0000,0.0000,0.1966,13593.7
5,4352,1520,-0.2103,1.3703,0.1831,0.4051,11.2661,-0.4313,0.0000,1.0000,0.0000,0.1974,13748.4
5,4672,1540,-0.0578,0.6571,0.2556,0.4257,6.4906,-0.2747,0.0000,1.0000,0.0000,0.1978,13880.6
5,4992,1560,-0.1096,-1.1721,0.1384,0.2992,10.5043,-0.2759,0.0000,1.0000,0.0000,0.1982,14157.0
6,320,1580,-0.1384,0.0237,0.3069,0.4058,9.3413,-0.2120,0.0000,1.0000,0.0000,0.1986,14374.5
6,640,1600,0.5273,-1.1149,0.2043,0.4176,9.8627,-0.1782,0.0000,1.0000,0.0000,0.1985,14614.2
6,960,1620,0.1237,-0.6867,0.1862,0.2876,9.6500,-0.2380,0.0000,1.0000,0.0000,0.1987,14913.3
6,1280,1640,-0.5470,0.3160,0.0496,0.4610,10.7513,-0.3879,-0.0000,1.0000,0.0000,0.1988,15103.7
6,1600,1660,-0.0205,0.9500,0.0824,0.3977,10.4953,-0.4473,-0.0000,1.0000,0.0000,0.1986,15277.0
6,1920,1680,-0.7856,-0.6385,0.2731,0.1744,8.4977,-0.2051,-0.0000,1.0000,0.0000,0.1986,15439.9
6,2240,1700,0.1350,2.3193,0.1935,0.3062,9.4931,-0.4142,0.0000,1.0000,0.0000,0.1985,15587.3
6,2560,1720,-0.2512,-1.4400,0.1375,0.3561,13.1621,-0.3350,-0.0000,1.0000,0.0000,0.1983,15787.2
6,2880,1740,-0.4857,-1.4697,0.3114,0.3809,10.2881,-0.4784,0.0000,1.0000,0.0000,0.1984,16008.9
6,3200,1760,0.4510,-0.7773,0.0753,0.3430,10.7619,-0.3441,0.0000,1.0000,0.0000,0.1983,16196.1
6,3520,1780,-0.1691,-1.5442,0.3306,0.4885,7.8321,-0.1401,0.0000,1.0000,0.0000,0.1985,16382.3
6,3840,1800,-0.3648,1.2357,0.1177,0.1936,9.8634,-0.3579,0.0000,1.0000,0.0000,0.1989,16611.5
6,4160,1820,-0.1808,0.9711,0.1817,0.3579,9.4126,-0.2448,0.0000,1.0000,0.0000,0.1991,16816.2
6,4480,1840,-0.0895,-1.2343,0.3321,0.2291,6.1597,-0.0867,-0.0000,1.0000,0.0000,0.1993,16970.2
6,4800,1860,0.6168,0.4527,0.0802,0.3519,10.8874,-0.4208,0.0000,1.0000,0.0000,0.1991,17103.5
7,128,1880,-0.9836,0.1917,0.1983,0.2434,10.0941,-0.2810,0.0000,1.0000,0.0000,0.1995,17287.3
7,448,1900,-0.1438,-0.5522,0.2210,0.2270,8.4143,-0.0802,-0.0000,1.0000,0.0000,0.1997,17477.2
7,768,1920,0.5999,-0.1036,0.1840,0.2601,9.1160,-0.2641,0.0000,1.0000,0.0000,0.1996,17673.7
7,1088,1940,-0.0703,-0.6042,0.2913,0.4406,9.6573,-0.1059,0.0000,1.0000,0.0000,0.1999,17931.5
7,1408,1960,-0.2011,0.1958,0.1417,0.2691,12.3899,-0.3508,0.0000,1.0000,0.0000,0.1999,18111.6
7,1728,1980,0.7509,1.1992,0.1796,0.3622,10.5565,-0.2736,0.0000,1.0000,0.0000,0.2001,18263.4
7,2048,2000,0.1586,0.4780,0.2398,0.4139,7.3369,-0.2946,-0.0000,1.0000,0.0000,0.2005,18435.2
7,2368,2020,0.3209,-0.8635,0.1977,0.4154,9.6940,-0.1018,-0.0000,1.0000,0.0000,0.2006,18592.0
7,2688,2040,-0.0902,-0.6258,0.1518,0.4827,8.7653,-0.2255,0.0000,1.0000,0.0000,0.2009,18764.1
7,3008,2060,0.4509,0.3226,0.1588,0.3986,9.0903,-0.2837,-0.0000,1.0000,0.0000,0.2010,18948.2
7,3328,2080,-0.1797,0.1442,0.1066,0.5292,10.1695,-0.3752,-0.0000,1.0000,0.0000,0.2011,19145.7
7,3648,2100,-0.1180,1.2053,0.0865,0.3874,9.3350,-0.4638,0.0000,1.0000,0.0000,0.2012,19297.7
7,3968,2120,-0.4865,-1.1359,0.3060,0.5723,8.6985,-0.1138,0.0000,1.0000,0.0000,0.2015,19471.3
7,4288,2140,0.1011,-0.1760,0.0596,0.2812,10.7346,-0.4404,-0.0000,1.0000,0.0000,0.2013,19599.1
7,4608,2160,-0.5023,0.5724,0.0860,0.3311,11.1928,-0.3223,0.0000,1.0000,0.0000,0.2018,19723.4
7,4928,2180,0.6035,0.8474,0.1103,0.6031,10.9256,-0.2873,-0.0000,1.0000,0.0000,0.2014,19834.1
8,256,2200,-0.9300,2.0893,0.0595,0.3396,12.4297,-0.5000,-0.0000,1.0000,0.0000,0.2021,19976.0
8,576,2220,0.1349,2.8671,0.1486,0.4478,9.4003,-0.4181,0.0000,1.0000,0.0000,0.2021,20115.3
8,896,2240,0.7770,-1.9821,0.0829,0.3729,10.7304,-0.2930,-0.0000,1.0000,0.0000,0.2019,20237.1
8,1216,2260,-0.9172,2.6327,0.0574,0.4496,11.5332,-0.4353,-0.0000,1.0000,0.0000,0.2020,20356.2
8,1536,2280,0.0777,1.7673,0.3286,0.4386,10.2530,-0.4075,0.0000,1.0000,0.0000,0.2020,20479.1
8,1856,2300,0.6503,-0.1756,0.1867,0.5745,11.1012,-0.1568,-0.0000,1.0000,0.0000,0.2021,20639.8
8,2176,2320,-0.1117,0.2609,0.1995,0.6589,11.2500,-0.2699,0.0000,1.0000,0.0000,0.2022,20898.4
8,2496,2340,-0.4669,0.4492,0.1139,0.6754,8.8316,-0.3450,0.0000,1.0000,0.0000,0.2026,21037.9
8,2816,2360,-0.1563,-2.1373,0.2271,0.4824,10.1322,-0.2753,0.0000,1.0000,0.0000,0.2024,21168.9
8,3136,2380,-0.9152,-0.6381,0.2833,0.5709,9.8270,-0.1740,0.0000,1.0000,0.0000,0.2026,21304.6
8,3456,2400,-0.2162,1.6658,0.0990,0.3386,13.2006,-0.4496,-0.0000,1.0000,0.0000,0.2027,21429.6
8,3776,2420,0.6687,-3.5828,0.1445,0.4611,10.6181,-0.1956,0.0000,1.0000,0.0000,0.2029,21556.3
8,4096,2440,-0.4861,-0.2138,0.2180,0.4546,10.3466,-0.3390,0.0000,1.0000,0.0000,0.2030,21688.4
8,4416,2460,-0.1566,-0.9461,0.2697,0.3559,8.0017,-0.1261,-0.0000,1.0000,0.0000,0.2030,21829.1
8,4736,2480,0.6008,4.0253,0.0337,0.3853,11.7065,-0.4867,0.0000,1.0000,0.0000,0.2029,21967.0
9,64,2500,-0.6291,0.7801,0.2277,0.3146,8.5663,-0.1532,0.0000,1.0000,0.0000,0.2033,22167.9
9,384,2520,0.6321,-1.4167,0.3175,0.3893,8.8993,-0.3088,-0.0000,1.0000,0.0000,0.2034,22351.7
9,704,2540,0.1425,-2.6525,0.2401,0.4711,9.7449,-0.1003,0.0000,1.0000,0.0000,0.2035,22540.8
9,1024,2560,-0.3304,-1.3298,0.0866,0.3214,9.5144,-0.1336,0.0000,1.0000,0.0000,0.2037,22690.9
9,1344,2580,-0.5421,0.2746,0.1510,0.3840,6.5418,-0.3587,-0.0000,1.0000,0.0000,0.2038,22838.7
9,1664,2600,-0.1784,-1.2164,0.1972,0.4683,9.3087,-0.1333,-0.0000,1.0000,0.0000,0.2039,22975.7
9,1984,2620,0.5107,-0.3736,0.0394,0.2540,10.5017,-0.3352,-0.0000,1.0000,0.0000,0.2038,23132.7
9,2304,2640,0.0339,-1.1942,0.1991,0.3468,10.2076,-0.2426,0.0000,1.0000,0.0000,0.2038,23262.3
9,2624,2660,-0.5299,-0.6616,0.2657,0.3021,10.0912,-0.3843,-0.0000,1.0000,0.0000,0.2038,23452.9
9,2944,2680,0.0464,1.0974,0.0834,0.3007,10.6296,-0.4114,0.0000,1.0000,0.0000,0.2040,23578.3
9,3264,2700,0.0928,2.2860,0.1591,0.4478,10.0935,-0.3935,0.0000,1.0000,0.0000,0.2040,23705.9
9,3584,2720,-0.1148,-1.6523,0.1914,0.5325,9.8473,-0.0919,-0.0000,1.0000,0.0000,0.2041,23843.1
9,3904,2740,-0.5528,-2.8441,0.2234,0.4858,8.6717,-0.0204,0.0000,1.0000,0.0000,0.2040,23977.5
9,4224,2760,-0.3211,-1.2447,0.1502,0.4595,8.8646,-0.1455,0.0000,1.0000,0.0000,0.2038,24126.0
9,4544,2780,0.1482,-3.1630,0.1604,0.3071,10.0861,-0.2206,0.0000,1.0000,0.0000,0.2039,34924.5
9,4864,2800,0.3865,-0.5109,0.1082,0.3130,11.4312,-0.3564,-0.0000,1.0000,0.0000,0.2038,35029.3
10,192,2820,-1.0924,2.8678,0.3401,0.5424,10.4608,-0.3875,0.0000,1.0000,0.0000,0.2042,35163.0
10,512,2840,0.5936,2.1397,0.1427,0.5058,9.8874,-0.4413,0.0000,1.0000,0.0000,0.2043,35281.1
10,832,2860,1.2131,-1.6934,0.2354,0.5424,10.7540,-0.1643,0.0000,1.0000,0.0000,0.2040,35387.9
10,1152,2880,-0.3832,-1.9861,0.0662,0.6151,11.2147,-0.3399,-0.0000,1.0000,0.0000,0.2040,35508.4
10,1472,2900,-0.3008,0.0665,0.1835,0.3659,9.1553,-0.2440,0.0000,1.0000,0.0000,0.2042,35646.8
10,1792,2920,0.2906,0.1554,0.1928,0.3440,8.7094,-0.3159,0.0000,1.0000,0.0000,0.2040,35789.4
10,2112,2940,-0.2605,-0.3155,0.1416,0.6048,7.9445,-0.3087,-0.0000,1.0000,0.0000,0.2041,35966.2
10,2432,2960,-0.3828,-0.0514,0.1214,0.3918,11.8424,-0.3505,-0.0000,1.0000,0.0000,0.2042,36130.7
10,2752,2980,-0.1763,0.0741,0.2110,0.7886,9.1348,-0.2408,0.0000,1.0000,0.0000,0.2042,36299.3
10,3072,3000,-0.9656,2.3115,0.1359,0.6638,11.0730,-0.4138,-0.0000,1.0000,0.0000,0.2043,36478.5
10,3392,3020,0.5614,-0.9202,0.1916,0.4606,9.1267,-0.1956,-0.0000,1.0000,0.0000,0.2041,36637.5
10,3712,3040,0.2397,-0.8580,0.1548,0.6454,10.2443,-0.1996,-0.0000,1.0000,0.0000,0.2041,36820.0
10,4032,3060,-0.1829,-0.9227,0.1744,0.6095,7.5356,-0.1889,0.0000,1.0000,0.0000,0.2044,37001.7
10,4352,3080,0.2672,5.0570,0.0931,0.5517,10.4257,-0.4437,0.0000,1.0000,0.0000,0.2047,37181.2
10,4672,3100,0.2447,0.6918,0.2997,0.6911,6.1188,-0.0306,0.0000,1.0000,0.0000,0.2046,37328.8
10,4992,3120,-0.0318,-1.7365,0.1988,0.5729,8.9879,-0.2892,-0.0000,1.0000,0.0000,0.2048,37495.9
11,320,20,0.4408,2.2185,0.2701,0.0775,9.1276,-0.3825,0.0000,1.0000,0.0000,0.2531,367.3
11,640,40,-0.1759,-0.3412,0.3008,0.1713,10.4845,-0.2549,0.0000,1.0000,0.0000,0.2250,659.5
11,960,60,-0.6744,-1.5846,0.2109,0.1679,11.0544,-0.2584,-0.0000,1.0000,0.0000,0.2313,945.1
11,1280,80,0.8182,1.9831,0.0734,0.1991,9.8873,-0.4759,0.0000,1.0000,0.0000,0.2250,1196.4
11,1600,100,0.7831,1.9901,0.2210,0.3416,8.9856,-0.3984,0.0000,1.0000,0.0000,0.2250,1481.0
11,1920,120,0.2465,-0.4902,0.3053,0.1555,6.8717,-0.0493,0.0000,1.0000,0.0000,0.2255,1743.1
11,2240,140,-0.1822,1.6815,0.1706,0.0449,8.2511,-0.3463,-0.0000,1.0000,0.0000,0.2214,2137.0
11,2560,160,-0.9211,-2.5361,0.1074,0.1021,14.0362,-0.3057,-0.0000,1.0000,0.0000,0.2199,2489.8
11,2880,180,-0.8889,-1.2238,0.1347,0.0798,10.3705,-0.3893,0.0000,1.0000,0.0000,0.2212,2849.0
11,3200,200,0.5894,2.0293,0.0741,0.1729,9.8469,-0.4015,0.0000,1.0000,0.0000,0.2191,3174.7
11,3520,220,0.0512,-1.0106,0.2666,0.1605,5.8862,-0.1027,0.0000,1.0000,0.0000,0.2213,3520.8
11,3840,240,0.2054,1.9605,0.0769,0.2810,10.0970,-0.4200,-0.0000,1.0000,0.0000,0.2180,3826.0
11,4160,260,0.4015,-0.0175,0.2269,0.1840,9.3357,-0.2583,0.0000,1.0000,0.0000,0.2190,4054.6
11,4480,280,0.1052,1.2011,0.1266,0.2272,7.1504,-0.3302,0.0000,1.0000,0.0000,0.2185,4275.9
11,4800,300,0.2464,-0.4771,0.1181,0.2128,10.4328,-0.3240,0.0000,1.0000,0.0000,0.2165,4507.3
12,128,320,-0.6355,0.6888,0.0858,0.2125,10.4979,-0.3155,0.0000,1.0000,0.0000,0.2188,4785.4
12,448,340,1.1505,0.7900,0.1257,0.4584,7.5831,-0.3391,0.0000,1.0000,0.0000,0.2166,5035.3
12,768,360,0.7911,-0.7249,0.1387,0.2747,9.0484,-0.3032,0.0000,1.0000,0.0000,0.2134,5246.7
12,1088,380,-0.7096,-0.5611,0.2105,0.4169,7.3947,-0.1674,-0.0000,1.0000,0.0000,0.2152,5498.8
12,1408,400,0.0145,3.2501,0.0432,0.1526,10.4705,-0.4711,0.0000,1.0000,0.0000,0.2150,5730.8
12,1728,420,0.3914,0.2466,0.2268,0.2013,10.0130,-0.3131,0.0000,1.0000,0.0000,0.2158,5976.4
12,2048,440,-0.3052,-1.3268,0.1343,0.2229,8.3029,-0.1547,-0.0000,1.0000,0.0000,0.2161,6371.0
12,2368,460,0.0546,-3.0887,0.1292,0.3412,11.9773,-0.2317,0.0000,1.0000,0.0000,0.2153,36868.1
12,2688,480,-0.2616,-1.8359,0.2090,0.1712,9.8118,-0.1535,0.0000,1.0000,0.0000,0.2166,37056.1
12,3008,500,0.9428,3.0973,0.1114,0.1552,8.4622,-0.4740,0.0000,1.0000,0.0000,0.2165,37309.6
12,3328,520,-0.7023,-0.8957,0.0905,0.1483,9.2552,-0.3739,0.0000,1.0000,0.0000,0.2178,37476.8
12,3648,540,0.3265,-2.0355,0.2420,0.1800,10.0076,-0.3320,-0.0000,1.0000,0.0000,0.2174,37587.0
12,3968,560,0.1143,-1.2537,0.2610,0.1785,8.0939,-0.0823,0.0000,1.0000,0.0000,0.2173,37716.5
12,4288,580,-0.0044,-0.8915,0.0674,0.1764,10.5938,-0.4365,0.0000,1.0000,0.0000,0.2164,37866.4
12,4608,600,-0.3233,2.2074,0.0868,0.1684,12.3430,-0.4536,-0.0000,1.0000,0.0000,0.2171,38017.3
12,4928,620,0.3894,2.1997,0.2181,0.2054,10.6695,-0.3102,0.0000,1.0000,0.0000,0.2170,38147.3
13,256,640,-0.3669,1.8986,0.0152,0.2563,10.6866,-0.4232,0.0000,1.0000,0.0000,0.2190,38307.8
13,576,660,0.0382,0.4539,0.1289,0.1395,8.7358,-0.3401,0.0000,1.0000,0.0000,0.2188,38473.4
13,896,680,-0.5791,-4.9086,0.0912,0.0868,10.6378,-0.1648,-0.0000,1.0000,0.0000,0.2189,38616.0
13,1216,700,-0.1549,4.1382,0.0519,0.1559,11.2105,-0.4532,0.0000,1.0000,0.0000,0.2183,38738.3
13,1536,720,0.1622,2.3451,0.1480,0.1540,9.5124,-0.3850,-0.0000,1.0000,0.0000,0.2185,38875.0
13,1856,740,-0.3576,0.0889,0.1845,0.1616,10.8167,-0.2617,0.0000,1.0000,0.0000,0.2189,39019.9
13,2176,760,-0.4596,-0.7221,0.0771,0.3811,11.8455,-0.2560,-0.0000,1.0000,0.0000,0.2190,39159.6
13,2496,780,0.0181,0.9393,0.1155,0.4194,10.0203,-0.3326,0.0000,1.0000,0.0000,0.2185,39271.7
13,2816,800,-0.2373,0.4886,0.0967,0.3242,10.9514,-0.3756,-0.0000,1.0000,0.0000,0.2185,39398.0
13,3136,820,0.2079,-0.5121,0.1829,0.6537,8.9666,-0.2034,0.0000,1.0000,0.0000,0.2181,39548.4
13,3456,840,-0.3042,-4.0346,0.1041,0.2938,13.7308,-0.3332,0.0000,1.0000,0.0000,0.2183,39695.5
13,3776,860,-0.5574,-1.3111,0.1511,0.2492,10.4491,-0.2692,0.0000,1.0000,0.0000,0.2192,39856.5
13,4096,880,-0.0940,1.8137,0.1148,0.2246,10.2248,-0.3430,0.0000,1.0000,0.0000,0.2196,40014.7
13,4416,900,0.3286,0.5878,0.1107,0.2262,7.9940,-0.2939,0.0000,1.0000,0.0000,0.2190,40143.2
13,4736,920,-0.1356,0.3522,0.1351,0.2530,11.4086,-0.3630,-0.0000,1.0000,0.0000,0.2192,40306.0
14,64,940,0.0478,-2.0067,0.2337,0.1653,9.0662,-0.0915,-0.0000,1.0000,0.0000,0.2197,40503.0
14,384,960,0.2717,1.0156,0.1876,0.1119,8.9814,-0.3384,-0.0000,1.0000,0.0000,0.2197,40667.0
14,704,980,0.1223,-3.0878,0.1655,0.3378,11.7381,-0.1553,-0.0000,1.0000,0.0000,0.2195,40802.0
14,1024,1000,0.3700,1.8440,0.1272,0.2265,10.0782,-0.3148,-0.0000,1.0000,0.0000,0.2195,40932.8
14,1344,1020,-0.4878,-1.8389,0.2653,0.3257,7.5806,-0.0384,0.0000,1.0000,0.0000,0.2190,41065.2
14,1664,1040,0.2034,0.6082,0.1875,0.3557,10.3131,-0.2966,0.0000,1.0000,0.0000,0.2189,41188.9
14,1984,1060,0.6051,3.7787,0.1248,0.3504,11.2922,-0.4887,0.0000,1.0000,0.0000,0.2181,41318.7
14,2304,1080,0.2796,-1.1724,0.2089,0.2220,10.7778,-0.1590,-0.0000,1.0000,0.0000,0.2181,41438.0
14,2624,1100,0.2286,0.1873,0.1256,0.2904,10.9311,-0.3457,0.0000,1.0000,0.0000,0.2178,41560.2
14,2944,1120,-1.5881,-1.9634,0.0739,0.2882,12.3222,-0.3172,-0.0000,1.0000,0.0000,0.2180,41715.5
14,3264,1140,0.8739,0.8339,0.1551,0.3611,10.8138,-0.2955,0.0000,1.0000,0.0000,0.2181,41855.8
14,3584,1160,0.8281,0.0599,0.2320,0.2758,9.6815,-0.1940,0.0000,1.0000,0.0000,0.2185,41986.3
14,3904,1180,-0.1382,0.6770,0.3953,0.3337,9.2625,-0.2221,-0.0000,1.0000,0.0000,0.2178,42147.3
14,4224,1200,-0.8646,-1.2466,0.1480,0.2782,9.4938,-0.1377,0.0000,1.0000,0.0000,0.2177,42291.5
14,4544,1220,-0.1232,-0.0367,0.2709,0.2203,11.7291,-0.3668,-0.0000,1.0000,0.0000,0.2181,42431.6
14,4864,1240,0.4961,-1.5278,0.0552,0.2387,11.5930,-0.3430,0.0000,1.0000,0.0000,0.2183,42569.1
15,192,1260,-1.2657,3.5147,0.4496,0.2069,9.8398,-0.4402,0.0000,1.0000,0.0000,0.2189,42716.3
15,512,1280,-0.0851,0.2239,0.1170,0.3647,10.1777,-0.3996,0.0000,1.0000,0.0000,0.2189,42855.4
15,832,1300,0.5756,1.0007,0.1491,0.4174,12.0874,-0.2959,0.0000,1.0000,0.0000,0.2182,43000.5
15,1152,1320,-0.2220,-0.3662,0.1127,0.2331,11.1564,-0.2793,0.0000,1.0000,0.0000,0.2183,43138.4
15,1472,1340,0.3850,0.2638,0.1484,0.2034,9.2341,-0.1634,-0.0000,1.0000,0.0000,0.2185,43284.4
15,1792,1360,0.3309,-2.0024,0.1921,0.2191,9.5346,-0.1632,0.0000,1.0000,0.0000,0.2184,43430.5
15,2112,1380,0.4167,1.0613,0.1440,0.2235,9.4659,-0.3743,0.0000,1.0000,0.0000,0.2176,43572.1
15,2432,1400,-1.0349,3.5981,0.0427,0.4120,15.0000,-0.5000,-0.0000,1.0000,0.0000,0.2175,43747.3
15,2752,1420,-0.3317,1.7551,0.2784,0.3146,9.5334,-0.3080,0.0000,1.0000,0.0000,0.2173,43892.4
15,3072,1440,0.4683,-0.0388,0.1540,0.2944,10.5330,-0.2696,0.0000,1.0000,0.0000,0.2168,44022.2
15,3392,1460,0.1939,1.1879,0.2018,0.2060,8.2512,-0.3545,-0.0000,1.0000,0.0000,0.2168,44210.3
15,3712,1480,0.0217,-2.8564,0.1160,0.1551,10.2990,-0.0818,0.0000,1.0000,0.0000,0.2170,44434.2
15,4032,1500,-0.9987,-1.0257,0.1050,0.2805,8.3768,-0.2470,0.0000,1.0000,0.0000,0.2175,44585.5
15,4352,1520,0.6340,4.2987,0.0975,0.2058,12.0166,-0.3778,0.0000,1.0000,0.0000,0.2181,44751.5
15,4672,1540,0.5714,0.7303,0.2460,0.1950,5.8643,-0.1586,-0.0000,1.0000,0.0000,0.2179,44905.2
15,4992,1560,-0.2164,0.6088,0.1136,0.1277,9.2102,-0.3528,0.0000,1.0000,0.0000,0.2179,45063.2
16,320,1580,0.0375,-1.6125,0.2429,0.2207,8.2865,-0.1113,-0.0000,1.0000,0.0000,0.2184,45264.1
16,640,1600,-0.0036,-0.3630,0.2553,0.1952,7.5631,-0.1052,-0.0000,1.0000,0.0000,0.2184,45462.5
16,960,1620,-1.2166,-2.9096,0.2346,0.3624,11.2275,-0.2329,-0.0000,1.0000,0.0000,0.2187,45610.4
16,1280,1640,-0.8205,2.6604,0.1263,0.0865,10.0152,-0.4931,-0.0000,1.0000,0.0000,0.2189,45760.8
16,1600,1660,0.5808,2.0341,0.1695,0.2080,8.2143,-0.3475,-0.0000,1.0000,0.0000,0.2188,45936.1
16,1920,1680,0.6388,-1.0392,0.3356,0.1103,6.8464,-0.0355,-0.0000,1.0000,0.0000,0.2191,46104.7
16,2240,1700,0.1268,1.6813,0.1900,0.1254,7.7658,-0.3919,0.0000,1.0000,0.0000,0.2184,46269.9
16,2560,1720,-0.4074,-1.9544,0.0804,0.1128,10.8608,-0.3045,0.0000,1.0000,0.0000,0.2184,46487.3
16,2880,1740,0.4040,3.0341,0.0986,0.0926,9.5592,-0.4859,0.0000,1.0000,0.0000,0.2184,46624.6
16,3200,1760,-0.3472,1.0349,0.1574,0.1254,8.2926,-0.3828,-0.0000,1.0000,0.0000,0.2185,46806.5
16,3520,1780,0.9202,0.2065,0.2859,0.1836,6.1255,-0.2574,-0.0000,1.0000,0.0000,0.2186,46965.3
16,3840,1800,-1.0255,1.2633,0.0792,0.1384,9.8199,-0.3850,-0.0000,1.0000,0.0000,0.2188,47119.1
16,4160,1820,-0.2317,-0.4300,0.2077,0.2038,8.9260,-0.2355,0.0000,1.0000,0.0000,0.2192,47271.6
16,4480,1840,0.3635,-0.7912,0.1643,0.2200,5.5911,-0.0812,0.0000,1.0000,0.0000,0.2193,47449.2
16,4800,1860,0.6155,1.5871,0.0168,0.2954,10.5392,-0.4030,0.0000,1.0000,0.0000,0.2193,47619.2
17,128,1880,-1.0148,-1.4473,0.2754,0.5527,11.7654,-0.2929,0.0000,1.0000,0.0000,0.2192,47749.1
17,448,1900,0.0021,0.8057,0.1824,0.2706,8.7594,-0.3054,0.0000,1.0000,0.0000,0.2192,47892.5
17,768,1920,0.4794,0.7056,0.1343,0.2171,10.2422,-0.2844,-0.0000,1.0000,0.0000,0.2191,48031.0
17,1088,1940,0.5677,-1.6030,0.2651,0.3376,8.2946,-0.1477,0.0000,1.0000,0.0000,0.2188,48156.0
17,1408,1960,-1.0517,2.9165,0.0976,0.2001,12.3749,-0.5148,-0.0000,1.0000,0.0000,0.2189,48304.2
17,1728,1980,-0.4001,0.4885,0.2696,0.1285,10.4707,-0.1911,0.0000,1.0000,0.0000,0.2189,48439.1
17,2048,2000,-0.2108,-0.0247,0.1845,0.2975,6.9889,-0.3146,-0.0000,1.0000,0.0000,0.2190,48582.8
17,2368,2020,0.5306,3.9145,0.1496,0.2723,10.9383,-0.5370,-0.0000,1.0000,0.0000,0.2191,48731.7
17,2688,2040,-0.0276,-2.5348,0.1041,0.1651,9.5711,-0.1543,0.0000,1.0000,0.0000,0.2192,48877.5
17,3008,2060,0.1289,-0.0471,0.1519,0.3200,8.8237,-0.2746,-0.0000,1.0000,0.0000,0.2192,49044.2
17,3328,2080,0.7375,1.3157,0.0966,0.1849,9.1676,-0.4125,0.0000,1.0000,0.0000,0.2194,49243.9
17,3648,2100,-0.2539,0.0143,0.1688,0.1160,9.9091,-0.3843,0.0000,1.0000,0.0000,0.2193,49408.6
17,3968,2120,-0.2756,-0.3661,0.2568,0.2937,7.8181,-0.2144,-0.0000,1.0000,0.0000,0.2192,49572.8
17,4288,2140,-0.2917,1.8568,0.0975,0.1768,11.1481,-0.4877,0.0000,1.0000,0.0000,0.2195,49767.2
17,4608,2160,0.4160,-0.2392,0.1096,0.1609,11.8583,-0.3757,-0.0000,1.0000,0.0000,0.2197,49933.7
17,4928,2180,-0.2090,0.2040,0.2003,0.2876,10.0309,-0.2492,-0.0000,1.0000,0.0000,0.2198,50104.6
18,256,2200,0.3434,3.0453,0.0739,0.2785,10.4165,-0.4100,0.0000,1.0000,0.0000,0.2202,50292.4
18,576,2220,0.2693,-0.7826,0.1542,0.3227,10.0858,-0.2775,-0.0000,1.0000,0.0000,0.2204,50481.6
18,896,2240,-1.2580,-0.2346,0.1009,0.5578,13.6998,-0.3547,0.0000,1.0000,0.0000,0.2202,50639.6
18,1216,2260,-0.7099,-3.4203,0.1339,0.5135,12.9032,-0.2174,0.0000,1.0000,0.0000,0.2198,50781.9
18,1536,2280,-0.2088,0.3474,0.1252,0.2100,10.2067,-0.3271,-0.0000,1.0000,0.0000,0.2198,50933.6
18,1856,2300,0.5080,4.9945,0.1607,0.1728,10.8581,-0.3820,-0.0000,1.0000,0.0000,0.2199,51077.0
18,2176,2320,-0.5843,-3.1959,0.0676,0.3718,13.0799,-0.2858,0.0000,1.0000,0.0000,0.2199,51218.2
18,2496,2340,0.2351,1.6172,0.2058,0.1729,9.3713,-0.3453,-0.0000,1.0000,0.0000,0.2199,51355.5
18,2816,2360,0.6094,-0.4124,0.0889,0.1080,9.6111,-0.3193,0.0000,1.0000,0.0000,0.2195,51478.4
18,3136,2380,0.0866,4.4004,0.0623,0.2412,9.2650,-0.5000,0.0000,1.0000,0.0000,0.2192,51605.0
18,3456,2400,-0.2136,3.8161,0.1515,0.1585,13.8073,-0.5305,-0.0000,1.0000,0.0000,0.2192,51780.8
18,3776,2420,0.3217,-2.3371,0.1955,0.1994,10.5925,-0.2051,0.0000,1.0000,0.0000,0.2192,51921.2
18,4096,2440,-0.0340,0.0647,0.1239,0.2816,10.5424,-0.3318,0.0000,1.0000,0.0000,0.2191,52054.0
18,4416,2460,-0.1207,0.5516,0.2145,0.2259,7.1196,-0.2247,-0.0000,1.0000,0.0000,0.2193,52184.5
18,4736,2480,0.5324,4.2002,0.0498,0.3094,10.7975,-0.4699,-0.0000,1.0000,0.0000,0.2193,52325.7
19,64,2500,-0.9856,-1.2550,0.1556,0.2725,8.4374,-0.0989,-0.0000,1.0000,0.0000,0.2196,52481.3
19,384,2520,0.5628,-1.4989,0.2315,0.2794,8.9636,-0.1908,-0.0000,1.0000,0.0000,0.2197,52634.2
19,704,2540,-0.3033,-2.2671,0.0658,0.3833,11.1099,-0.1157,0.0000,1.0000,0.0000,0.2199,52791.5
19,1024,2560,-0.0503,1.8039,0.2159,0.3202,9.9120,-0.3179,0.0000,1.0000,0.0000,0.2200,52933.1
19,1344,2580,0.0477,-2.2743,0.1828,0.3446,8.0273,0.0314,0.0000,1.0000,0.0000,0.2201,53082.0
19,1664,2600,0.3730,-0.6243,0.1498,0.1669,9.8843,-0.1514,0.0000,1.0000,0.0000,0.2202,53226.5
19,1984,2620,-0.5029,-1.0686,0.0885,0.1893,11.1578,-0.2102,-0.0000,1.0000,0.0000,0.2203,53372.4
19,2304,2640,0.6996,-1.0791,0.1745,0.3112,12.3744,-0.2012,0.0000,1.0000,0.0000,0.2203,53499.8
19,2624,2660,-0.3366,-1.4607,0.1762,0.2533,11.5356,-0.1275,0.0000,1.0000,0.0000,0.2202,53632.3
19,2944,2680,0.6482,-2.3538,0.0829,0.1975,12.0723,-0.3596,0.0000,1.0000,0.0000,0.2202,53769.2
19,3264,2700,-0.2130,-1.0762,0.0946,0.1289,10.5147,-0.2840,-0.0000,1.0000,0.0000,0.2200,53896.1
19,3584,2720,0.1696,-0.3288,0.1594,0.1905,9.3253,-0.2091,-0.0000,1.0000,0.0000,0.2201,54052.4
19,3904,2740,-0.0614,0.2199,0.1917,0.1900,8.0808,-0.2519,0.0000,1.0000,0.0000,0.2202,54221.6
19,4224,2760,-0.3163,-1.9027,0.1550,0.2696,9.2874,-0.0414,0.0000,1.0000,0.0000,0.2203,54354.5
19,4544,2780,0.5141,-0.0414,0.2168,0.1722,9.3903,-0.2689,0.0000,1.0000,0.0000,0.2203,54476.8
19,4864,2800,0.9574,-1.2528,0.2487,0.1244,9.4601,-0.2042,0.0000,1.0000,0.0000,0.2203,54617.9
20,192,2820,-0.1123,6.2181,0.4773,0.2098,8.6404,-0.4895,0.0000,1.0000,0.0000,0.2204,54770.7
20,512,2840,0.1810,0.4251,0.2036,0.3734,7.4504,-0.4400,-0.0000,1.0000,0.0000,0.2205,54918.0
20,832,2860,0.0128,-0.0121,0.1339,0.4577,10.3688,-0.3145,-0.0000,1.0000,0.0000,0.2203,55085.0
20,1152,2880,-0.6818,-0.4269,0.0825,0.2964,10.6236,-0.3621,-0.0000,1.0000,0.0000,0.2202,55272.6
20,1472,2900,-0.5779,-1.9115,0.1966,0.2403,10.1413,-0.2257,0.0000,1.0000,0.0000,0.2204,55449.8
20,1792,2920,-0.3535,-1.2843,0.0568,0.3206,9.3582,-0.0829,0.0000,1.0000,0.0000,0.2206,55627.0
20,2112,2940,0.3546,-0.0707,0.1769,0.3357,8.8393,-0.3407,0.0000,1.0000,0.0000,0.2205,55803.1
20,2432,2960,-0.2231,2.8178,0.0558,0.3237,12.3235,-0.4679,-0.0000,1.0000,0.0000,0.2205,55929.2
20,2752,2980,-0.4530,0.5631,0.1856,0.3421,8.5504,-0.2711,0.0000,1.0000,0.0000,0.2206,56098.3
20,3072,3000,-0.6479,0.6441,0.1352,0.2933,9.0266,-0.3256,0.0000,1.0000,0.0000,0.2208,56247.2
20,3392,3020,0.8545,1.5208,0.1425,0.2279,7.4021,-0.4113,-0.0000,1.0000,0.0000,0.2207,56399.2
20,3712,3040,-0.2825,1.6138,0.1825,0.2242,11.2086,-0.2988,-0.0000,1.0000,0.0000,0.2210,56539.4
20,4032,3060,-0.5339,0.4153,0.0657,0.2929,8.5845,-0.3366,0.0000,1.0000,0.0000,0.2211,56688.2
20,4352,3080,0.1478,6.2926,0.1105,0.3539,13.1078,-0.5000,-0.0000,1.0000,0.0000,0.2211,56886.5
20,4672,3100,0.7100,1.4405,0.2206,0.3206,7.1803,-0.0853,0.0000,1.0000,0.0000,0.2208,57002.4
20,4992,3120,-0.7175,-0.2627,0.0356,0.2870,12.3090,-0.3589,-0.0000,1.0000,0.0000,0.2207,57122.7
21,320,20,-0.0963,-1.5930,0.1178,0.0337,10.0282,-0.0410,0.0000,1.0000,0.0000,0.2531,175.8
21,640,40,0.4357,-2.8585,0.4070,0.0235,9.4954,-0.1016,0.0000,1.0000,0.0000,0.2031,333.8
21,960,60,-1.4356,-2.3926,0.1934,0.0788,10.6129,-0.1888,0.0000,1.0000,0.0000,0.2073,501.9
21,1280,80,0.4890,2.0701,0.0488,0.1641,10.4319,-0.3901,-0.0000,1.0000,0.0000,0.2078,666.2
21,1600,100,0.6417,3.2902,0.1362,0.2898,9.5912,-0.4419,-0.0000,1.0000,0.0000,0.2069,830.5
21,1920,120,-0.2537,-1.8184,0.4436,0.4758,8.1515,-0.1515,0.0000,1.0000,0.0000,0.2130,1001.0
21,2240,140,-0.4001,-1.1661,0.1954,0.5721,10.2104,-0.0540,0.0000,1.0000,0.0000,0.2156,1186.2
21,2560,160,0.1497,2.4055,0.0108,0.1845,15.1280,-0.4116,0.0000,1.0000,0.0000,0.2148,1447.3
21,2880,180,-0.1998,0.6682,0.1160,0.1838,12.1111,-0.3239,-0.0000,1.0000,0.0000,0.2181,1631.7
21,3200,200,-0.2446,-4.3046,0.1785,0.1909,12.9831,-0.2801,-0.0000,1.0000,0.0000,0.2194,1782.4
21,3520,220,-0.1402,-0.1769,0.3504,0.2903,8.2093,-0.1576,0.0000,1.0000,0.0000,0.2239,1941.6
21,3840,240,0.7222,4.2152,0.0532,0.2705,11.2697,-0.4895,-0.0000,1.0000,0.0000,0.2221,2074.2
21,4160,260,-1.4848,-2.6039,0.2439,0.1709,10.9955,-0.2374,0.0000,1.0000,0.0000,0.2231,2210.5
21,4480,280,-0.7125,-1.2410,0.2131,0.1178,8.6132,-0.1832,0.0000,1.0000,0.0000,0.2234,2352.2
21,4800,300,1.6605,4.9636,0.0504,0.1357,11.3719,-0.4640,0.0000,1.0000,0.0000,0.2210,2498.1
22,128,320,-1.9395,-4.0443,0.1918,0.1257,11.1309,-0.1116,-0.0000,1.0000,0.0000,0.2260,2648.8
22,448,340,1.3357,2.2185,0.1507,0.1150,9.0996,-0.2835,-0.0000,1.0000,0.0000,0.2239,2778.9
22,768,360,-0.6215,-1.2195,0.0948,0.1385,12.6540,-0.3307,-0.0000,1.0000,0.0000,0.2210,2914.5
22,1088,380,0.1853,0.9610,0.1543,0.1911,8.2640,-0.2839,0.0000,1.0000,0.0000,0.2206,3059.0
22,1408,400,-0.0987,1.3865,0.0624,0.0920,12.3119,-0.4486,0.0000,1.0000,0.0000,0.2194,3203.8
22,1728,420,0.1686,1.3492,0.1999,0.1744,11.5840,-0.2780,0.0000,1.0000,0.0000,0.2203,3352.8
22,2048,440,-0.1232,-0.2452,0.1336,0.1164,8.7065,-0.2521,0.0000,1.0000,0.0000,0.2196,3494.1
22,2368,460,-0.4171,2.0036,0.1468,0.1500,10.6413,-0.4024,0.0000,1.0000,0.0000,0.2205,3635.2
22,2688,480,-0.6554,-3.5099,0.1880,0.1271,10.5112,-0.1480,-0.0000,1.0000,0.0000,0.2206,3780.3
22,3008,500,-1.2387,-2.4150,0.1909,0.1740,9.7343,-0.1673,-0.0000,1.0000,0.0000,0.2220,3939.3
22,3328,520,0.5427,0.7162,0.1959,0.0781,11.2989,-0.4737,-0.0000,1.0000,0.0000,0.2221,4079.4
22,3648,540,1.2439,1.1551,0.1564,0.1087,11.3924,-0.3609,-0.0000,1.0000,0.0000,0.2226,4218.0
22,3968,560,0.3224,-1.8518,0.2427,0.1134,8.4836,-0.0248,-0.0000,1.0000,0.0000,0.2225,4363.9
22,4288,580,0.7844,2.4428,0.0601,0.0855,12.3235,-0.4619,-0.0000,1.0000,0.0000,0.2223,4529.7
22,4608,600,0.2380,-1.2317,0.0557,0.1319,14.6839,-0.4173,-0.0000,1.0000,0.0000,0.2222,4676.3
22,4928,620,-0.1294,-0.6318,0.0943,0.2446,12.6320,-0.2556,-0.0000,1.0000,0.0000,0.2209,4813.9
23,256,640,-0.3438,1.4846,0.1015,0.1387,13.8533,-0.4549,0.0000,1.0000,0.0000,0.2226,4959.1
23,576,660,-0.2731,1.0644,0.1755,0.1442,12.1109,-0.3549,0.0000,1.0000,0.0000,0.2226,5094.8
23,896,680,-0.9375,-0.3958,0.0637,0.1182,14.1285,-0.3490,-0.0000,1.0000,0.0000,0.2224,5222.4
23,1216,700,-1.3885,0.5954,0.1036,0.1254,12.8439,-0.3165,0.0000,1.0000,0.0000,0.2225,5353.2
23,1536,720,0.5953,-0.9081,0.1223,0.1079,12.6612,-0.3023,0.0000,1.0000,0.0000,0.2221,5485.9
23,1856,740,-1.3436,-2.6428,0.1693,0.1751,12.7183,-0.1463,0.0000,1.0000,0.0000,0.2228,5634.4
23,2176,760,0.6810,2.5918,0.1198,0.2045,14.1731,-0.4755,-0.0000,1.0000,0.0000,0.2225,5779.3
23,2496,780,0.7522,-0.6820,0.1858,0.2355,11.0337,-0.2490,0.0000,1.0000,0.0000,0.2231,5913.4
23,2816,800,0.2635,0.7827,0.2839,0.2285,13.1438,-0.3183,-0.0000,1.0000,0.0000,0.2237,6062.0
23,3136,820,-0.5825,-1.6242,0.1838,0.2678,11.4966,-0.2933,0.0000,1.0000,0.0000,0.2231,6190.5
23,3456,840,-0.6105,-0.1329,0.1610,0.1527,15.2170,-0.4243,0.0000,1.0000,0.0000,0.2234,6334.5
23,3776,860,-0.5285,-1.5251,0.1630,0.4722,11.6225,-0.2461,0.0000,1.0000,0.0000,0.2232,6462.2
23,4096,880,0.6568,-0.7231,0.0980,0.1944,11.0186,-0.1524,0.0000,1.0000,0.0000,0.2233,6630.1
23,4416,900,-0.0762,-1.8567,0.1779,0.3553,8.4028,-0.0883,0.0000,1.0000,0.0000,0.2231,6762.0
23,4736,920,0.4630,5.2279,0.0306,0.1039,13.0433,-0.5000,0.0000,1.0000,0.0000,0.2229,6897.3
24,64,940,-1.2658,-3.0910,0.2202,0.1503,10.9148,-0.2334,0.0000,1.0000,0.0000,0.2234,7052.0
24,384,960,-0.3813,-0.3206,0.1974,0.2918,11.0545,-0.2612,-0.0000,1.0000,0.0000,0.2237,7184.9
24,704,980,1.3798,-0.7210,0.0690,0.3060,12.6990,-0.2046,0.0000,1.0000,0.0000,0.2234,7326.1
24,1024,1000,-1.6582,-0.3735,0.2997,0.1408,11.3036,-0.3804,0.0000,1.0000,0.0000,0.2240,7465.5
24,1344,1020,-0.1829,-0.8385,0.2969,0.2339,8.8062,-0.2093,-0.0000,1.0000,0.0000,0.2237,7604.4
24,1664,1040,0.1835,0.1185,0.0888,0.5745,10.0761,-0.0880,-0.0000,1.0000,0.0000,0.2236,7735.5
24,1984,1060,0.7808,-0.9644,0.1551,0.2655,11.3975,-0.2275,0.0000,1.0000,0.0000,0.2240,7881.6
24,2304,1080,-0.1061,0.2860,0.1114,0.1957,12.9264,-0.2085,0.0000,1.0000,0.0000,0.2246,8025.4
24,2624,1100,0.3311,-2.0798,0.2960,0.6034,11.7949,-0.1423,-0.0000,1.0000,0.0000,0.2248,8178.1
24,2944,1120,0.3917,4.2784,0.0593,0.2290,13.3948,-0.5000,-0.0000,1.0000,0.0000,0.2249,8345.9
24,3264,1140,-0.9793,-3.4383,0.1155,0.2463,12.7601,-0.2668,-0.0000,1.0000,0.0000,0.2251,8500.4
24,3584,1160,0.7962,0.0677,0.2042,0.6431,11.8256,-0.1770,-0.0000,1.0000,0.0000,0.2250,8628.7
24,3904,1180,0.6707,1.9581,0.3398,0.6232,8.0988,-0.2114,-0.0000,1.0000,0.0000,0.2246,8761.0
24,4224,1200,0.0751,-0.2350,0.1672,0.2258,10.4753,-0.1487,0.0000,1.0000,0.0000,0.2248,8881.4
24,4544,1220,0.5351,-1.3128,0.2316,0.2674,12.0498,-0.2870,0.0000,1.0000,0.0000,0.2246,8996.5
24,4864,1240,0.9787,-2.7869,0.1132,0.3512,12.3703,-0.2517,-0.0000,1.0000,0.0000,0.2241,9115.5
25,192,1260,-1.6673,0.1582,0.2237,0.2732,11.4951,-0.1369,0.0000,1.0000,0.0000,0.2247,9260.6
25,512,1280,0.1596,3.4180,0.0822,0.5415,13.1966,-0.5195,-0.0000,1.0000,0.0000,0.2240,9377.0
25,832,1300,-0.7740,-3.3399,0.3160,0.3040,13.6773,-0.0177,0.0000,1.0000,0.0000,0.2242,9518.4
25,1152,1320,-0.2460,-0.9571,0.0689,0.2140,13.8184,-0.3532,-0.0000,1.0000,0.0000,0.2240,9653.0
25,1472,1340,-0.0887,1.9267,0.2053,0.0683,11.3514,-0.2138,-0.0000,1.0000,0.0000,0.2246,9800.6
25,1792,1360,0.0403,-1.2021,0.0376,0.2075,12.1291,-0.2246,-0.0000,1.0000,0.0000,0.2254,9956.5
25,2112,1380,-0.6378,-0.2543,0.1234,0.1141,11.2170,-0.3081,0.0000,1.0000,0.0000,0.2251,10084.1
25,2432,1400,-0.5195,-3.2263,0.0755,0.1075,16.3120,-0.3580,-0.0000,1.0000,0.0000,0.2255,10222.0
25,2752,1420,0.5597,0.7323,0.2941,0.1375,8.1338,-0.1448,0.0000,1.0000,0.0000,0.2254,10348.9
25,3072,1440,0.4522,0.9558,0.2482,0.1081,9.4521,-0.2343,0.0000,1.0000,0.0000,0.2254,10486.5
25,3392,1460,0.3975,4.4054,0.1106,0.1836,7.4353,-0.5000,0.0000,1.0000,0.0000,0.2250,10604.5
25,3712,1480,-0.4289,-1.6547,0.1648,0.1093,11.7134,-0.1472,0.0000,1.0000,0.0000,0.2250,10738.4
25,4032,1500,0.4296,-0.7536,0.1064,0.1561,8.8956,-0.2268,0.0000,1.0000,0.0000,0.2247,10857.5
25,4352,1520,0.3796,3.8950,0.0689,0.1387,14.6519,-0.5023,-0.0000,1.0000,0.0000,0.2245,10973.6
25,4672,1540,-0.5988,1.1048,0.3449,0.2671,8.2778,-0.0708,-0.0000,1.0000,0.0000,0.2245,11094.6
25,4992,1560,-0.9420,-0.6345,0.1189,0.1349,12.2661,-0.2739,0.0000,1.0000,0.0000,0.2243,11221.1
26,320,1580,0.1315,1.1830,0.3543,0.3023,9.6368,-0.0473,0.0000,1.0000,0.0000,0.2248,11372.6
26,640,1600,0.2926,-0.2678,0.2223,0.1511,10.7593,-0.2336,-0.0000,1.0000,0.0000,0.2245,11504.7
26,960,1620,-1.3907,-2.1356,0.1148,0.0954,11.7112,-0.2669,0.0000,1.0000,0.0000,0.2247,11632.6
26,1280,1640,0.8083,1.1892,0.1241,0.1133,11.8406,-0.3571,-0.0000,1.0000,0.0000,0.2244,11760.3
26,1600,1660,0.8360,5.9296,0.0876,0.3465,10.3276,-0.5000,-0.0000,1.0000,0.0000,0.2243,11883.2
26,1920,1680,-0.4857,-1.4475,0.2429,0.1532,9.2114,-0.0630,0.0000,1.0000,0.0000,0.2245,26457.7
26,2240,1700,-0.0859,2.4113,0.1097,0.3693,9.2121,-0.3218,0.0000,1.0000,0.0000,0.2242,28686.9
26,2560,1720,0.4221,-4.1189,0.1053,0.0961,14.6957,-0.2941,-0.0000,1.0000,0.0000,0.2238,28782.4
26,2880,1740,-1.1758,-1.5656,0.0741,0.1896,12.1597,-0.2529,0.0000,1.0000,0.0000,0.2240,28894.6
26,3200,1760,-0.8282,5.6413,0.0391,0.2821,13.7706,-0.4407,-0.0000,1.0000,0.0000,0.2238,28997.4
26,3520,1780,-0.0384,-0.9423,0.2499,0.2194,8.9575,-0.1384,0.0000,1.0000,0.0000,0.2243,29119.1
26,3840,1800,1.0909,4.8764,0.1674,0.2766,11.9128,-0.4502,-0.0000,1.0000,0.0000,0.2244,29248.1
26,4160,1820,1.2652,-2.4712,0.2549,0.3958,10.2485,-0.0850,0.0000,1.0000,0.0000,0.2241,29378.6
26,4480,1840,0.0802,-1.5874,0.2639,0.7242,6.6189,-0.0129,-0.0000,1.0000,0.0000,0.2241,29503.7
26,4800,1860,0.2622,-0.0271,0.0608,0.2804,12.1318,-0.4172,-0.0000,1.0000,0.0000,0.2237,29638.3
27,128,1880,-0.6852,1.4083,0.2561,0.1494,11.7161,-0.4524,-0.0000,1.0000,0.0000,0.2237,29796.3
27,448,1900,-0.5119,-1.1770,0.2412,0.3207,11.1721,-0.1462,0.0000,1.0000,0.0000,0.2236,29945.1
27,768,1920,-0.6521,5.1034,0.1223,0.2724,13.5070,-0.5000,0.0000,1.0000,0.0000,0.2233,30095.1
27,1088,1940,0.2830,-0.0306,0.1768,0.1572,8.2627,-0.2425,0.0000,1.0000,0.0000,0.2232,30244.9
27,1408,1960,-0.1814,2.7274,0.0439,0.1596,14.9421,-0.4808,-0.0000,1.0000,0.0000,0.2231,30406.2
27,1728,1980,-0.8576,-1.3008,0.2164,0.1748,13.3749,-0.1304,0.0000,1.0000,0.0000,0.2233,30551.1
27,2048,2000,0.6175,1.4967,0.1753,0.2647,11.3802,-0.2982,0.0000,1.0000,0.0000,0.2233,30697.6
27,2368,2020,1.2346,5.4865,0.1092,0.4003,12.7785,-0.4507,0.0000,1.0000,0.0000,0.2229,30851.4
27,2688,2040,-0.0223,1.2942,0.2147,0.1992,11.1854,-0.3941,-0.0000,1.0000,0.0000,0.2224,30996.2
27,3008,2060,0.7273,-2.3503,0.1946,0.1235,9.7796,-0.0908,0.0000,1.0000,0.0000,0.2222,31144.1
27,3328,2080,0.1965,1.1283,0.0667,0.0835,12.8200,-0.4297,0.0000,1.0000,0.0000,0.2223,31297.0
27,3648,2100,0.4965,0.8621,0.1278,0.1123,12.3379,-0.3504,-0.0000,1.0000,0.0000,0.2222,31447.7
27,3968,2120,0.7827,2.5399,0.3499,0.2321,8.0407,-0.2730,0.0000,1.0000,0.0000,0.2223,31597.6
27,4288,2140,0.5072,2.0669,0.0183,0.1875,11.7502,-0.4708,0.0000,1.0000,0.0000,0.2219,31735.5
27,4608,2160,0.3675,2.9533,0.0846,0.2578,11.4326,-0.4329,-0.0000,1.0000,0.0000,0.2219,31879.2
27,4928,2180,0.3892,-2.0079,0.1058,0.2214,11.5539,-0.2693,0.0000,1.0000,0.0000,0.2215,32019.5
28,256,2200,-1.2176,-0.1539,0.0795,0.1186,13.8244,-0.4300,0.0000,1.0000,0.0000,0.2219,32190.0
28,576,2220,-0.3889,0.5038,0.1248,0.1985,12.6909,-0.3930,-0.0000,1.0000,0.0000,0.2216,32331.2
28,896,2240,-1.0560,1.1645,0.0946,0.1721,14.1772,-0.3747,0.0000,1.0000,0.0000,0.2217,32452.1
28,1216,2260,-0.1284,4.2137,0.1642,0.1814,12.4345,-0.4262,0.0000,1.0000,0.0000,0.2218,32574.2
28,1536,2280,0.3330,1.8059,0.1078,0.1848,11.8617,-0.2981,0.0000,1.0000,0.0000,0.2219,32701.1
28,1856,2300,1.0113,0.3631,0.2082,0.1246,12.2607,-0.1699,-0.0000,1.0000,0.0000,0.2218,32828.5
28,2176,2320,-0.6494,1.1569,0.1337,0.1180,12.1846,-0.3429,0.0000,1.0000,0.0000,0.2220,32971.4
28,2496,2340,0.4450,-2.1881,0.2163,0.1590,9.7536,-0.0675,0.0000,1.0000,0.0000,0.2221,33117.9
28,2816,2360,0.5222,-0.3170,0.0436,0.1265,11.1271,-0.3539,-0.0000,1.0000,0.0000,0.2221,33289.4
28,3136,2380,-0.1475,2.2012,0.1670,0.2051,9.1911,-0.4234,-0.0000,1.0000,0.0000,0.2221,33436.7
28,3456,2400,0.0061,-1.9145,0.0856,0.1919,14.6522,-0.3649,-0.0000,1.0000,0.0000,0.2221,33592.5
28,3776,2420,-0.5104,0.3678,0.2159,0.2863,11.1509,-0.2211,-0.0000,1.0000,0.0000,0.2226,33745.3
28,4096,2440,-0.0085,0.6863,0.2502,0.2318,11.3978,-0.2997,-0.0000,1.0000,0.0000,0.2227,33898.8
28,4416,2460,-1.2581,-2.4328,0.2098,0.4874,9.1353,-0.0516,0.0000,1.0000,0.0000,0.2230,34056.3
28,4736,2480,0.5641,1.6618,0.0808,0.3384,13.4409,-0.4346,0.0000,1.0000,0.0000,0.2228,34200.0
29,64,2500,-0.6927,-0.8477,0.2003,0.1739,11.0092,-0.2400,0.0000,1.0000,0.0000,0.2230,34374.8
29,384,2520,0.2477,1.3160,0.1534,0.2384,12.0148,-0.4064,0.0000,1.0000,0.0000,0.2232,34551.2
29,704,2540,-0.1843,-4.4566,0.0941,0.3250,14.8704,-0.2039,0.0000,1.0000,0.0000,0.2231,34720.0
29,1024,2560,-0.6104,-4.0907,0.0652,0.1668,12.7440,-0.1603,0.0000,1.0000,0.0000,0.2229,34866.7
29,1344,2580,0.5587,1.2993,0.1908,0.1357,9.7594,-0.1933,-0.0000,1.0000,0.0000,0.2228,35021.8
29,1664,2600,-0.9778,-1.9561,0.1619,0.2548,12.4001,-0.1509,0.0000,1.0000,0.0000,0.2228,35175.5
29,1984,2620,-0.3641,0.6764,0.0523,0.2182,12.5563,-0.2962,0.0000,1.0000,0.0000,0.2228,35327.7
29,2304,2640,1.2095,0.4256,0.2196,0.1346,12.1944,-0.2561,0.0000,1.0000,0.0000,0.2227,35470.4
29,2624,2660,-0.3673,-3.9631,0.1787,0.0799,11.3615,-0.0879,0.0000,1.0000,0.0000,0.2227,35634.9
29,2944,2680,-1.6034,-1.9196,0.0595,0.1007,13.5215,-0.3285,0.0000,1.0000,0.0000,0.2229,35800.9
29,3264,2700,0.1585,-0.4271,0.1136,0.1286,12.3207,-0.2451,-0.0000,1.0000,0.0000,0.2231,35955.7
29,3584,2720,0.1794,-2.3837,0.2754,0.1684,11.1187,-0.1883,-0.0000,1.0000,0.0000,0.2232,36108.0
29,3904,2740,-0.3831,-1.6221,0.2669,0.3244,9.2834,-0.1156,0.0000,1.0000,0.0000,0.2232,36261.0
29,4224,2760,-0.4000,0.0832,0.2043,0.2043,9.8035,-0.1096,0.0000,1.0000,0.0000,0.2235,36397.9
29,4544,2780,0.2404,-1.1414,0.2966,0.1052,11.0167,-0.2649,0.0000,1.0000,0.0000,0.2234,36521.9
29,4864,2800,-0.0008,2.2502,0.0438,0.1378,11.6669,-0.4268,0.0000,1.0000,0.0000,0.2232,36654.2
30,192,2820,-1.3573,3.3425,0.1004,0.1056,10.7714,-0.3648,0.0000,1.0000,0.0000,0.2236,36814.1
30,512,2840,-0.0525,4.1174,0.1029,0.1126,10.7056,-0.4450,0.0000,1.0000,0.0000,0.2236,36951.7
30,832,2860,0.7125,-3.8978,0.1257,0.3235,12.3935,-0.1275,0.0000,1.0000,0.0000,0.2233,37081.3
30,1152,2880,-0.6122,-0.3357,0.1655,0.0673,11.5218,-0.3246,0.0000,1.0000,0.0000,0.2233,37215.9
30,1472,2900,0.8474,1.1813,0.2205,0.2220,10.1155,-0.2813,0.0000,1.0000,0.0000,0.2232,37351.4
30,1792,2920,-0.3360,3.0146,0.1624,0.1672,10.3509,-0.3751,-0.0000,1.0000,0.0000,0.2232,37499.1
30,2112,2940,-0.2668,-1.1671,0.1877,0.0665,10.5256,-0.2700,0.0000,1.0000,0.0000,0.2232,37673.0
30,2432,2960,-0.6956,-1.8782,0.1277,0.1445,15.8089,-0.3750,0.0000,1.0000,0.0000,0.2233,37815.6
30,2752,2980,0.3673,2.8225,0.3496,0.1937,9.0660,-0.2730,0.0000,1.0000,0.0000,0.2234,37965.7
30,3072,3000,-0.1482,-0.3322,0.2009,0.1247,10.1831,-0.1518,-0.0000,1.0000,0.0000,0.2235,38098.2
30,3392,3020,0.8913,0.9982,0.1447,0.1503,7.9663,-0.3137,0.0000,1.0000,0.0000,0.2235,38218.0
30,3712,3040,-0.2474,0.0125,0.2246,0.1253,10.4154,-0.2371,0.0000,1.0000,0.0000,0.2238,38366.1
30,4032,3060,0.6599,0.1630,0.0712,0.2758,7.0458,-0.3207,0.0000,1.0000,0.0000,0.2236,38484.8
30,4352,3080,-0.7405,6.4263,0.0762,0.1523,12.5937,-0.4992,-0.0000,1.0000,0.0000,0.2238,38618.6
30,4672,3100,-0.1512,0.2987,0.3366,0.3191,5.4415,-0.2000,-0.0000,1.0000,0.0000,0.2238,38748.0
30,4992,3120,0.0048,1.0228,0.1344,0.2578,9.0797,-0.3366,-0.0000,1.0000,0.0000,0.2238,38877.3
31,320,20,-0.4908,0.8658,0.1907,0.1532,10.0500,-0.1250,0.0000,1.0000,0.0000,0.2719,137.3
31,640,40,0.3167,-0.1163,0.3046,0.0671,8.9323,0.0016,-0.0000,1.0000,0.0000,0.2484,283.8
31,960,60,0.2177,0.2306,0.1558,0.0749,9.5957,-0.3689,0.0000,1.0000,0.0000,0.2469,430.3
31,1280,80,-0.8296,0.1255,0.1182,0.3071,11.8179,-0.3916,-0.0000,1.0000,0.0000,0.2445,558.1
31,1600,100,-0.5890,-0.0634,0.0784,0.3989,9.7572,-0.3555,-0.0000,1.0000,0.0000,0.2437,691.7
31,1920,120,-0.8093,-3.1102,0.1492,0.4966,9.8343,-0.0240,0.0000,1.0000,0.0000,0.2474,879.8
31,2240,140,1.0882,-0.2998,0.1636,0.5855,9.4711,-0.2134,0.0000,1.0000,0.0000,0.2415,1034.9
31,2560,160,-0.0068,2.2029,0.0540,0.2186,14.0601,-0.3940,-0.0000,1.0000,0.0000,0.2379,1177.3
31,2880,180,0.8092,1.0799,0.1271,0.2398,10.1238,-0.4021,0.0000,1.0000,0.0000,0.2347,1317.3
31,3200,200,-0.3909,-0.2489,0.0854,1.0296,10.6600,-0.3683,-0.0000,1.0000,0.0000,0.2341,1436.7
31,3520,220,0.6477,-1.2452,0.3668,0.9860,6.4148,-0.0910,-0.0000,1.0000,0.0000,0.2321,1561.0
31,3840,240,-0.2158,3.1888,0.1272,0.4484,9.8158,-0.3760,0.0000,1.0000,0.0000,0.2326,1691.4
31,4160,260,0.4928,-1.2258,0.2157,0.2125,9.2799,-0.1396,-0.0000,1.0000,0.0000,0.2341,1830.9
31,4480,280,-0.1452,-0.9026,0.2030,0.3356,6.7398,-0.0860,0.0000,1.0000,0.0000,0.2350,1952.9
31,4800,300,0.1153,-1.9391,0.0976,0.1847,11.3977,-0.3009,-0.0000,1.0000,0.0000,0.2354,2085.6
32,128,320,-0.9336,-0.3126,0.1118,0.3055,10.6457,-0.2674,-0.0000,1.0000,0.0000,0.2369,2225.8
32,448,340,0.0204,-1.0505,0.1043,0.3553,9.3966,-0.2755,0.0000,1.0000,0.0000,0.2359,2357.2
32,768,360,1.3003,0.3713,0.1287,0.1679,11.3609,-0.3435,-0.0000,1.0000,0.0000,0.2327,2484.7
32,1088,380,-0.0502,1.5682,0.1605,0.4987,7.8202,-0.2965,0.0000,1.0000,0.0000,0.2329,2604.7
32,1408,400,0.3296,0.5860,0.1706,0.1431,10.1013,-0.3871,0.0000,1.0000,0.0000,0.2325,2730.6
32,1728,420,-0.1113,-2.2399,0.0847,0.2703,9.0731,-0.0603,0.0000,1.0000,0.0000,0.2342,2861.9
32,2048,440,-0.6228,-1.8239,0.2972,0.4014,7.8618,-0.1422,-0.0000,1.0000,0.0000,0.2330,3001.7
32,2368,460,-0.5287,3.0252,0.1188,0.4163,11.7755,-0.4442,-0.0000,1.0000,0.0000,0.2325,3130.0
32,2688,480,-0.1164,-0.4348,0.1785,0.6549,9.7376,-0.2285,0.0000,1.0000,0.0000,0.2311,3246.2
32,3008,500,-0.0455,2.3083,0.2414,0.8640,9.0479,-0.3800,0.0000,1.0000,0.0000,0.2318,3378.6
32,3328,520,0.0656,4.1145,0.0903,0.5379,10.0620,-0.4590,0.0000,1.0000,0.0000,0.2317,3501.5
32,3648,540,0.6952,0.5439,0.2081,0.6683,10.8270,-0.3169,0.0000,1.0000,0.0000,0.2323,3624.1
32,3968,560,0.0687,-1.4236,0.4112,0.7062,6.9608,-0.0037,0.0000,1.0000,0.0000,0.2337,3751.5
32,4288,580,0.2838,-2.5604,0.1590,0.4019,11.2001,-0.3061,0.0000,1.0000,0.0000,0.2334,3865.2
32,4608,600,-1.0832,-3.6942,0.1352,0.3720,12.2790,-0.1898,-0.0000,1.0000,0.0000,0.2338,3982.1
32,4928,620,-0.0808,-0.3063,0.0788,0.3341,10.9566,-0.1762,-0.0000,1.0000,0.0000,0.2332,4098.5
33,256,640,-0.5301,-1.1518,0.2585,0.1508,10.3686,-0.5621,0.0000,1.0000,0.0000,0.2357,4240.0
33,576,660,0.6645,-0.6400,0.1655,0.1329,8.1212,-0.2083,-0.0000,1.0000,0.0000,0.2345,4359.6
33,896,680,-1.5630,-4.8192,0.1533,0.1118,12.7529,-0.1580,-0.0000,1.0000,0.0000,0.2349,4486.3
33,1216,700,0.2465,4.1263,0.0663,0.1886,9.6634,-0.4350,0.0000,1.0000,0.0000,0.2350,4612.7
33,1536,720,0.8103,0.6661,0.1318,0.3357,8.2824,-0.3071,-0.0000,1.0000,0.0000,0.2345,4733.3
33,1856,740,-0.0011,-1.3628,0.2361,0.3583,8.5556,-0.0311,0.0000,1.0000,0.0000,0.2346,4865.6
33,2176,760,0.4331,2.3385,0.0519,0.2594,9.5817,-0.4171,-0.0000,1.0000,0.0000,0.2343,4988.9
33,2496,780,0.0768,-1.4249,0.2105,0.1207,9.4593,-0.2299,-0.0000,1.0000,0.0000,0.2343,5103.8
33,2816,800,-0.2647,1.0799,0.0625,0.1008,10.7121,-0.3982,-0.0000,1.0000,0.0000,0.2342,5224.8
33,3136,820,-0.1004,-0.8912,0.1881,0.0729,9.2958,-0.2850,0.0000,1.0000,0.0000,0.2334,5341.1
33,3456,840,-1.0611,-1.2563,0.0928,0.0811,12.8988,-0.3026,-0.0000,1.0000,0.0000,0.2343,5478.1
33,3776,860,-0.2145,1.4031,0.1082,0.1468,9.6118,-0.2390,-0.0000,1.0000,0.0000,0.2353,5599.5
33,4096,880,0.2549,-0.9832,0.3388,0.1228,10.3811,-0.3066,-0.0000,1.0000,0.0000,0.2352,5720.4
33,4416,900,-0.1592,1.1964,0.1560,0.2354,7.4368,-0.3864,-0.0000,1.0000,0.0000,0.2350,5835.3
33,4736,920,-0.3449,3.1208,0.0526,0.5781,12.3955,-0.4664,0.0000,1.0000,0.0000,0.2349,5956.0
34,64,940,-2.1883,-0.4505,0.2050,0.1685,8.2119,-0.1066,-0.0000,1.0000,0.0000,0.2365,6091.7
34,384,960,1.4294,-0.2643,0.1423,0.2429,9.4010,-0.2642,-0.0000,1.0000,0.0000,0.2365,6214.6
34,704,980,0.2620,-3.3425,0.0487,0.3603,13.1235,-0.1856,0.0000,1.0000,0.0000,0.2359,6341.5
34,1024,1000,-0.2381,0.0514,0.1469,0.2510,11.5829,-0.2796,-0.0000,1.0000,0.0000,0.2357,6455.9
34,1344,1020,-0.5298,-1.5236,0.3145,0.4872,9.1359,-0.1032,-0.0000,1.0000,0.0000,0.2357,6583.8
34,1664,1040,0.1268,0.7310,0.2266,0.1352,9.9442,-0.1708,0.0000,1.0000,0.0000,0.2357,6702.6
34,1984,1060,-0.2196,1.6086,0.1141,0.4383,11.7714,-0.3581,-0.0000,1.0000,0.0000,0.2358,6826.2
34,2304,1080,0.8571,-0.8250,0.0895,0.1870,12.2772,-0.1038,-0.0000,1.0000,0.0000,0.2361,6944.2
34,2624,1100,0.1644,-1.6463,0.1987,0.2618,11.8963,-0.1645,0.0000,1.0000,0.0000,0.2356,7069.6
34,2944,1120,0.6329,0.5834,0.0529,0.1881,9.9113,-0.3105,-0.0000,1.0000,0.0000,0.2357,7192.6
34,3264,1140,0.0822,-0.6879,0.1592,0.2268,10.4169,-0.1902,0.0000,1.0000,0.0000,0.2359,7322.5
34,3584,1160,0.2276,-1.9773,0.2865,0.1611,8.8190,-0.1788,0.0000,1.0000,0.0000,0.2358,7437.1
34,3904,1180,0.2540,0.0119,0.2878,0.3654,6.8185,-0.0752,-0.0000,1.0000,0.0000,0.2361,7560.3
34,4224,1200,0.2260,-0.4054,0.2156,0.4061,8.1079,-0.1833,0.0000,1.0000,0.0000,0.2363,7684.7
34,4544,1220,1.0542,1.5705,0.3456,0.1774,10.9732,-0.4947,0.0000,1.0000,0.0000,0.2358,7801.2
34,4864,1240,-0.2896,1.7856,0.0790,0.5104,11.1433,-0.4842,-0.0000,1.0000,0.0000,0.2353,7922.2
35,192,1260,-0.7554,3.3132,0.3081,0.3164,9.2879,-0.4051,-0.0000,1.0000,0.0000,0.2353,8062.9
35,512,1280,0.3264,-1.3241,0.1126,0.9465,10.9930,-0.3617,-0.0000,1.0000,0.0000,0.2351,8191.5
35,832,1300,0.2280,1.8330,0.2167,0.6978,11.6759,-0.3050,0.0000,1.0000,0.0000,0.2345,8309.0
35,1152,1320,0.2768,2.3505,0.0484,0.5427,9.8799,-0.4206,0.0000,1.0000,0.0000,0.2345,8434.2
35,1472,1340,0.4880,0.9010,0.1702,0.9311,9.1107,-0.3361,-0.0000,1.0000,0.0000,0.2344,8562.4
35,1792,1360,0.4396,0.7616,0.2062,0.8051,8.4945,-0.1723,0.0000,1.0000,0.0000,0.2347,8695.7
35,2112,1380,-0.2569,1.5223,0.1094,0.3579,7.7624,-0.3835,-0.0000,1.0000,0.0000,0.2346,8824.4
35,2432,1400,0.4830,-2.9348,0.0952,0.1193,14.0526,-0.3657,0.0000,1.0000,0.0000,0.2342,8945.9
35,2752,1420,-1.0488,1.0990,0.2384,0.3832,7.1962,-0.2376,-0.0000,1.0000,0.0000,0.2344,9068.7
35,3072,1440,0.4916,-3.1551,0.1709,0.1861,8.3493,-0.0807,-0.0000,1.0000,0.0000,0.2340,9186.4
35,3392,1460,0.1517,0.1003,0.1544,0.3938,6.1170,-0.1667,0.0000,1.0000,0.0000,0.2341,9308.9
35,3712,1480,0.4147,2.5188,0.2461,0.2728,8.6234,-0.3239,0.0000,1.0000,0.0000,0.2344,9444.5
35,4032,1500,0.3517,0.9762,0.1905,1.2856,6.5409,-0.2588,0.0000,1.0000,0.0000,0.2346,9570.3
35,4352,1520,-0.1205,2.7955,0.0724,0.7693,12.1686,-0.4134,0.0000,1.0000,0.0000,0.2351,9700.9
35,4672,1540,0.4766,1.3793,0.2495,0.8096,4.4988,-0.2087,0.0000,1.0000,0.0000,0.2347,9822.5
35,4992,1560,-0.8324,-0.1656,0.0448,0.7583,10.2741,-0.3718,-0.0000,1.0000,0.0000,0.2344,9951.5
36,320,1580,-0.0223,0.8745,0.2493,2.0160,10.1433,-0.2112,0.0000,1.0000,0.0000,0.2350,10092.0
36,640,1600,-0.1916,-0.6672,0.1640,0.8461,9.6127,-0.0545,0.0000,1.0000,0.0000,0.2346,10218.9
36,960,1620,1.4451,0.7804,0.1293,0.5061,10.1592,-0.3111,0.0000,1.0000,0.0000,0.2341,10324.5
36,1280,1640,-0.2283,-1.2619,0.0580,0.1564,11.0385,-0.3571,-0.0000,1.0000,0.0000,0.2340,10450.9
36,1600,1660,-0.7099,2.4574,0.1678,0.1686,8.8533,-0.4105,-0.0000,1.0000,0.0000,0.2338,10559.6
36,1920,1680,-0.4534,-5.0523,0.2511,0.4093,7.4871,0.1083,-0.0000,1.0000,0.0000,0.2340,10691.9
36,2240,1700,-0.4927,-0.2939,0.1588,0.3572,9.4204,-0.1504,-0.0000,1.0000,0.0000,0.2340,10811.7
36,2560,1720,0.6176,-2.5256,0.1571,0.0716,13.6893,-0.1929,-0.0000,1.0000,0.0000,0.2341,10937.8
36,2880,1740,0.6301,2.5246,0.1645,0.4581,9.1989,-0.4845,-0.0000,1.0000,0.0000,0.2340,11062.6
36,3200,1760,0.2469,0.1496,0.1917,0.2394,9.3801,-0.3453,-0.0000,1.0000,0.0000,0.2340,11182.6
36,3520,1780,0.0076,-0.3376,0.1251,0.0717,5.6154,-0.2432,0.0000,1.0000,0.0000,0.2341,11317.1
36,3840,1800,0.5234,1.7000,0.2600,0.5384,9.0877,-0.4528,0.0000,1.0000,0.0000,0.2343,11453.2
36,4160,1820,0.5617,-1.2099,0.2108,1.1601,9.0443,-0.1533,0.0000,1.0000,0.0000,0.2342,11576.8
36,4480,1840,0.2690,-2.2830,0.3404,0.4737,6.4477,-0.0208,-0.0000,1.0000,0.0000,0.2338,11685.9
36,4800,1860,0.6674,-1.2330,0.0886,0.3632,11.9620,-0.3339,0.0000,1.0000,0.0000,0.2334,11804.6
37,128,1880,-1.0506,-1.8510,0.1360,0.4585,10.1393,-0.2772,0.0000,1.0000,0.0000,0.2337,11945.2
37,448,1900,0.0363,1.3488,0.2069,0.7051,8.4734,-0.3552,-0.0000,1.0000,0.0000,0.2333,12072.9
37,768,1920,0.3786,-1.2718,0.2181,0.4386,10.4911,-0.2449,0.0000,1.0000,0.0000,0.2333,12200.0
37,1088,1940,0.0991,-0.3835,0.1592,0.5601,7.3303,-0.3069,-0.0000,1.0000,0.0000,0.2331,12321.3
37,1408,1960,-1.0913,-1.5541,0.1566,0.5820,12.9053,-0.2688,0.0000,1.0000,0.0000,0.2334,12458.3
37,1728,1980,-0.0400,-0.2197,0.1202,0.3075,12.1418,-0.1446,0.0000,1.0000,0.0000,0.2335,12577.9
37,2048,2000,-0.0494,-0.3475,0.0778,1.1005,6.9067,-0.1858,0.0000,1.0000,0.0000,0.2336,12707.0
37,2368,2020,-0.0357,1.7975,0.1931,0.4380,11.0976,-0.3478,0.0000,1.0000,0.0000,0.2339,12831.2
37,2688,2040,1.5073,0.6292,0.0374,0.3828,10.1995,-0.3711,0.0000,1.0000,0.0000,0.2335,12947.1
37,3008,2060,-0.6414,0.3650,0.1480,0.3460,8.8482,-0.2209,0.0000,1.0000,0.0000,0.2337,13081.6
37,3328,2080,1.0466,-1.4720,0.1023,0.1845,9.2884,-0.3089,0.0000,1.0000,0.0000,0.2337,13211.8
37,3648,2100,0.2521,-1.0785,0.1966,0.1666,10.8183,-0.3302,0.0000,1.0000,0.0000,0.2334,13340.4
37,3968,2120,-0.3053,0.4879,0.2174,0.3483,7.9890,-0.2599,-0.0000,1.0000,0.0000,0.2333,13459.2
37,4288,2140,-0.2872,1.6888,0.0591,0.1211,11.8255,-0.4696,0.0000,1.0000,0.0000,0.2329,13583.0
37,4608,2160,-0.3751,-0.7004,0.1490,0.3836,13.6324,-0.4648,-0.0000,1.0000,0.0000,0.2330,13716.5
37,4928,2180,-0.1418,3.3431,0.1433,0.5782,12.1111,-0.4238,-0.0000,1.0000,0.0000,0.2329,13847.0
38,256,2200,-0.3518,-1.6858,0.0350,0.1366,11.8093,-0.3542,-0.0000,1.0000,0.0000,0.2333,13998.2
38,576,2220,0.8923,-2.8489,0.1078,0.1605,9.2235,-0.1828,0.0000,1.0000,0.0000,0.2333,14134.3
38,896,2240,0.1919,1.9500,0.0481,0.1657,12.4791,-0.4366,-0.0000,1.0000,0.0000,0.2328,14262.2
38,1216,2260,-0.1132,2.2140,0.0318,0.4124,11.2518,-0.3842,0.0000,1.0000,0.0000,0.2326,14393.0
38,1536,2280,-0.3244,1.2339,0.0981,0.2484,10.8982,-0.2943,0.0000,1.0000,0.0000,0.2329,14525.3
38,1856,2300,0.1573,0.9409,0.2317,0.1309,11.7818,-0.3051,-0.0000,1.0000,0.0000,0.2329,14660.1
38,2176,2320,-0.3010,-3.1427,0.0457,0.1798,12.3382,-0.2594,0.0000,1.0000,0.0000,0.2328,14796.1
38,2496,2340,0.4818,-1.5877,0.1645,0.3652,9.8856,-0.1846,0.0000,1.0000,0.0000,0.2328,14937.6
38,2816,2360,0.6262,-0.4088,0.1367,0.2823,10.1832,-0.3432,0.0000,1.0000,0.0000,0.2326,15083.9
38,3136,2380,-0.5522,-0.9889,0.2287,0.2177,9.2748,-0.3452,-0.0000,1.0000,0.0000,0.2325,15211.7
38,3456,2400,0.1806,-0.4823,0.0733,0.1648,14.4531,-0.3625,0.0000,1.0000,0.0000,0.2326,15350.8
38,3776,2420,-0.5534,-2.8185,0.1405,0.1111,10.5875,-0.1881,0.0000,1.0000,0.0000,0.2328,15485.3
38,4096,2440,0.1512,-1.6895,0.1308,0.1528,10.4005,-0.1867,0.0000,1.0000,0.0000,0.2328,15614.4
38,4416,2460,0.3008,-0.9558,0.2415,0.3989,7.6117,-0.1982,-0.0000,1.0000,0.0000,0.2328,15740.1
38,4736,2480,0.2934,2.2695,0.1497,0.1033,9.6766,-0.3946,-0.0000,1.0000,0.0000,0.2330,15875.3
39,64,2500,-0.2152,-1.4950,0.2475,0.1754,7.8810,-0.1465,0.0000,1.0000,0.0000,0.2332,16027.2
39,384,2520,0.3063,1.2439,0.1639,0.1446,9.5840,-0.3454,-0.0000,1.0000,0.0000,0.2329,16170.4
39,704,2540,0.0302,-0.7513,0.1407,0.1903,12.3485,-0.2119,-0.0000,1.0000,0.0000,0.2327,16310.7
39,1024,2560,-0.7957,1.9742,0.2384,0.3739,11.2949,-0.3382,0.0000,1.0000,0.0000,0.2324,16432.3
39,1344,2580,-0.2533,0.9082,0.2701,0.3647,7.8288,-0.3015,0.0000,1.0000,0.0000,0.2322,16574.0
39,1664,2600,0.5392,-0.1060,0.2376,0.7312,9.5462,-0.2040,0.0000,1.0000,0.0000,0.2321,16697.8
39,1984,2620,0.1582,-2.3943,0.2131,0.3074,10.6511,-0.1417,0.0000,1.0000,0.0000,0.2321,16836.2
39,2304,2640,0.6280,-5.5428,0.2302,0.2286,12.0341,-0.0396,0.0000,1.0000,0.0000,0.2320,16962.4
39,2624,2660,0.2888,0.6855,0.2368,0.4751,10.9014,-0.1605,0.0000,1.0000,0.0000,0.2320,17090.4
39,2944,2680,-0.0315,4.1378,0.0463,0.4639,13.1159,-0.5000,0.0000,1.0000,0.0000,0.2320,17229.9
39,3264,2700,0.1411,-2.5022,0.1019,0.3985,10.7703,-0.1997,-0.0000,1.0000,0.0000,0.2322,17370.4
39,3584,2720,0.3615,-1.1353,0.1918,1.0029,10.1967,-0.1244,0.0000,1.0000,0.0000,0.2324,17506.2
39,3904,2740,-0.0123,-0.8542,0.3100,0.8832,8.2675,-0.0156,0.0000,1.0000,0.0000,0.2323,17637.8
39,4224,2760,-0.7160,-1.4527,0.2402,0.8644,9.3910,-0.1122,0.0000,1.0000,0.0000,0.2324,17769.8
39,4544,2780,0.5201,-0.0413,0.2035,0.3719,8.8681,-0.2323,0.0000,1.0000,0.0000,0.2323,17893.2
39,4864,2800,0.7740,-1.9902,0.0949,0.3291,9.9145,-0.3080,0.0000,1.0000,0.0000,0.2322,18029.0
40,192,2820,-0.8459,2.5515,0.2285,0.1935,8.6252,-0.4690,0.0000,1.0000,0.0000,0.2325,18181.1
40,512,2840,-0.2225,3.4925,0.0566,0.2847,8.1088,-0.4283,0.0000,1.0000,0.0000,0.2325,18328.5
40,832,2860,-1.1429,-3.8613,0.1936,0.4081,12.0797,-0.0203,0.0000,1.0000,0.0000,0.2327,18472.6
40,1152,2880,0.9512,-0.9198,0.0872,0.1612,10.4764,-0.2490,0.0000,1.0000,0.0000,0.2327,18601.0
40,1472,2900,0.2821,-1.0332,0.1596,0.2291,8.0815,-0.2556,0.0000,1.0000,0.0000,0.2327,18748.1
40,1792,2920,0.8779,-0.8380,0.2195,0.2401,8.2123,-0.0883,-0.0000,1.0000,0.0000,0.2328,18884.5
40,2112,2940,0.0306,1.6589,0.1569,0.3879,5.8001,-0.5042,0.0000,1.0000,0.0000,0.2325,19024.7
40,2432,2960,-0.1802,0.6359,0.0762,0.2247,10.7588,-0.4143,0.0000,1.0000,0.0000,0.2325,19156.6
40,2752,2980,-0.2876,1.8244,0.3857,0.3909,7.4033,-0.2962,0.0000,1.0000,0.0000,0.2325,19295.0
40,3072,3000,0.0383,3.1554,0.2058,0.1984,7.9260,-0.3114,0.0000,1.0000,0.0000,0.2325,19450.1
40,3392,3020,-0.2465,0.1897,0.1336,0.1359,6.6719,-0.2398,-0.0000,1.0000,0.0000,0.2326,19591.4
40,3712,3040,0.3583,-0.7236,0.2295,0.3492,10.3715,-0.1867,0.0000,1.0000,0.0000,0.2325,19730.0
40,4032,3060,0.5431,1.1139,0.2010,0.2286,6.7580,-0.3446,0.0000,1.0000,0.0000,0.2324,19873.7
40,4352,3080,-0.4768,0.5198,0.0588,0.2477,12.5168,-0.4096,0.0000,1.0000,0.0000,0.2323,20009.9
40,4672,3100,-0.1673,-0.2697,0.3676,0.4948,5.9184,-0.2394,0.0000,1.0000,0.0000,0.2322,20151.7
40,4992,3120,-0.7596,0.8923,0.1132,0.2432,9.5860,-0.4164,-0.0000,1.0000,0.0000,0.2322,20289.9
41,320,3140,-0.3273,-0.2530,0.1566,0.7128,8.5703,-0.1013,0.0000,1.0000,0.0000,0.2324,20443.2
41,640,3160,0.0468,-0.8101,0.2000,0.6272,9.0341,-0.1851,0.0000,1.0000,0.0000,0.2323,20584.3
41,960,3180,-1.0893,-1.9388,0.1071,0.1518,8.7730,-0.1561,-0.0000,1.0000,0.0000,0.2324,20731.6
41,1280,3200,0.5877,-1.2326,0.2414,0.1258,9.5375,-0.4410,-0.0000,1.0000,0.0000,0.2322,20872.5
41,1600,3220,0.5855,1.7776,0.1319,0.2264,7.3071,-0.4082,-0.0000,1.0000,0.0000,0.2321,21014.3
41,1920,3240,-0.2911,-3.0143,0.5658,0.1512,7.2774,-0.2091,-0.0000,1.0000,0.0000,0.2323,21160.2
41,2240,3260,0.0126,-0.1744,0.3119,0.2675,8.0457,-0.1756,0.0000,1.0000,0.0000,0.2323,21299.1
41,2560,3280,-0.5260,-3.2800,0.1151,0.2674,14.6492,-0.2733,0.0000,1.0000,0.0000,0.2321,21449.9
41,2880,3300,-1.2113,-1.2187,0.2013,0.2803,10.4980,-0.3108,-0.0000,1.0000,0.0000,0.2322,21586.1
41,3200,3320,-0.2403,-0.0364,0.0876,0.3517,9.9211,-0.2070,0.0000,1.0000,0.0000,0.2322,21720.4
41,3520,3340,0.6134,0.6016,0.1891,0.3834,6.1252,-0.3318,0.0000,1.0000,0.0000,0.2321,21848.8
41,3840,3360,-0.1801,1.9577,0.1086,0.3265,10.1555,-0.2863,0.0000,1.0000,0.0000,0.2323,21985.8
41,4160,3380,-0.2179,-0.9154,0.2320,0.3120,9.5522,-0.2589,0.0000,1.0000,0.0000,0.2324,22121.7
41,4480,3400,0.2903,1.9630,0.2749,0.4165,6.8567,-0.2591,0.0000,1.0000,0.0000,0.2324,22259.3
41,4800,3420,0.1274,-2.9882,0.0688,0.2345,11.4793,-0.2908,0.0000,1.0000,0.0000,0.2324,22398.2
42,128,3440,-0.2674,1.6790,0.1698,0.1883,9.7818,-0.4046,-0.0000,1.0000,0.0000,0.2327,22560.8
42,448,3460,0.0565,-0.8836,0.2730,0.4021,8.6262,-0.2077,0.0000,1.0000,0.0000,0.2327,22716.3
42,768,3480,0.3792,-0.4165,0.1668,0.3789,11.2682,-0.2976,-0.0000,1.0000,0.0000,0.2324,22859.1
42,1088,3500,0.6640,0.1574,0.2550,0.3909,6.5836,-0.1845,0.0000,1.0000,0.0000,0.2323,23001.4
42,1408,3520,-0.0012,1.2993,0.1141,0.2712,10.9971,-0.3931,-0.0000,1.0000,0.0000,0.2324,23156.3
42,1728,3540,-0.2568,-2.5461,0.1496,0.5216,11.0830,-0.1988,-0.0000,1.0000,0.0000,0.2322,23283.0
42,2048,3560,-0.0529,-0.8777,0.1765,0.3467,7.5724,-0.1531,-0.0000,1.0000,0.0000,0.2323,23432.0
42,2368,3580,0.7426,0.5882,0.2491,0.2271,10.1144,-0.2139,0.0000,1.0000,0.0000,0.2323,23579.4
42,2688,3600,0.7291,-1.0181,0.1138,0.3791,8.0686,-0.2850,0.0000,1.0000,0.0000,0.2322,23716.3
42,3008,3620,-0.6504,2.6316,0.2007,0.5267,8.6194,-0.3563,-0.0000,1.0000,0.0000,0.2322,23858.2
42,3328,3640,-0.6407,-3.2846,0.0772,0.4773,11.4208,-0.2732,0.0000,1.0000,0.0000,0.2323,24013.0
42,3648,3660,0.8407,1.2217,0.1528,0.2494,10.8673,-0.4095,0.0000,1.0000,0.0000,0.2323,24175.2
42,3968,3680,0.3137,-0.7926,0.3135,0.4868,6.7494,-0.0394,0.0000,1.0000,0.0000,0.2325,24325.6
42,4288,3700,0.0469,-1.9443,0.0385,0.2288,11.6138,-0.3356,-0.0000,1.0000,0.0000,0.2326,24474.7
42,4608,3720,0.4022,1.2460,0.0790,0.2899,11.8475,-0.4070,0.0000,1.0000,0.0000,0.2326,24630.0
42,4928,3740,0.0516,-0.7611,0.1835,0.3611,10.5753,-0.2548,0.0000,1.0000,0.0000,0.2324,24770.7
43,256,3760,-0.4992,3.2838,0.0842,0.2178,10.8260,-0.5000,-0.0000,1.0000,0.0000,0.2327,24947.9
43,576,3780,1.2815,1.2560,0.1212,0.1902,8.9751,-0.3553,0.0000,1.0000,0.0000,0.2327,25108.6
43,896,3800,-1.4496,-3.5641,0.2945,0.1017,12.1845,-0.4224,0.0000,1.0000,0.0000,0.2325,25263.9
43,1216,3820,0.1564,5.5132,0.0877,0.1999,10.3153,-0.4375,0.0000,1.0000,0.0000,0.2324,25417.1
43,1536,3840,-0.1016,-0.0344,0.2563,0.1205,9.6149,-0.1972,-0.0000,1.0000,0.0000,0.2326,25575.0
43,1856,3860,0.9657,-1.2431,0.1307,0.1117,11.3909,-0.1113,-0.0000,1.0000,0.0000,0.2327,25730.8
43,2176,3880,-0.2945,-3.5716,0.1777,0.1267,11.8081,-0.3003,0.0000,1.0000,0.0000,0.2327,25880.8
43,2496,3900,-0.1977,1.3603,0.1613,0.3327,10.9785,-0.3148,0.0000,1.0000,0.0000,0.2327,26035.4
43,2816,3920,-0.1497,-0.4247,0.0650,0.2711,11.1018,-0.3201,-0.0000,1.0000,0.0000,0.2326,26197.3
43,3136,3940,0.3058,0.3516,0.1730,0.3212,8.9198,-0.2224,0.0000,1.0000,0.0000,0.2328,26352.7
43,3456,3960,-0.6712,-0.8149,0.2317,0.3143,15.2067,-0.4385,0.0000,1.0000,0.0000,0.2327,26513.4
43,3776,3980,0.2258,2.0283,0.4970,0.2823,10.0725,-0.4305,0.0000,1.0000,0.0000,0.2327,26655.7
43,4096,4000,0.7945,0.6071,0.2142,0.2105,9.7363,-0.2557,0.0000,1.0000,0.0000,0.2325,26806.7
43,4416,4020,-0.3540,-0.5825,0.1455,0.1547,5.9567,-0.2340,-0.0000,1.0000,0.0000,0.2324,26950.7
43,4736,4040,0.3581,0.2479,0.1190,0.2369,9.7854,-0.4289,0.0000,1.0000,0.0000,0.2324,27093.4
44,64,4060,0.0354,-1.7457,0.5059,0.3482,6.3040,0.1309,-0.0000,1.0000,0.0000,0.2326,27265.2
44,384,4080,0.0501,-1.3641,0.1646,0.4090,6.8144,-0.1703,-0.0000,1.0000,0.0000,0.2326,27421.6
44,704,4100,0.0108,-1.6401,0.0938,0.4603,10.6649,-0.2200,0.0000,1.0000,0.0000,0.2326,27575.9
44,1024,4120,-0.3167,-0.5693,0.0876,0.3734,10.5226,-0.2676,0.0000,1.0000,0.0000,0.2326,27729.5
44,1344,4140,-0.0745,-0.1499,0.2147,0.3244,7.6162,-0.1946,-0.0000,1.0000,0.0000,0.2326,27885.4
44,1664,4160,-0.2920,0.1708,0.1774,0.5956,9.3608,-0.1872,0.0000,1.0000,0.0000,0.2326,28039.3
44,1984,4180,0.4594,-1.5538,0.0740,0.6556,9.1509,-0.2314,0.0000,1.0000,0.0000,0.2326,28199.4
44,2304,4200,-0.4420,-5.4888,0.1369,0.1832,11.2856,-0.0229,0.0000,1.0000,0.0000,0.2327,28347.8
44,2624,4220,-0.1052,-0.3857,0.2321,0.4690,10.4830,-0.0707,0.0000,1.0000,0.0000,0.2326,28493.8
44,2944,4240,-0.4529,-2.2367,0.0951,0.2285,11.2312,-0.2716,0.0000,1.0000,0.0000,0.2328,28649.9
44,3264,4260,0.1706,1.3182,0.2081,0.3662,8.8726,-0.3792,-0.0000,1.0000,0.0000,0.2327,28799.4
44,3584,4280,0.3231,-0.5426,0.1728,0.4847,9.4470,-0.2120,0.0000,1.0000,0.0000,0.2328,28959.6
44,3904,4300,-0.3231,-0.0748,0.2044,0.3131,6.8237,-0.0385,0.0000,1.0000,0.0000,0.2328,29113.1
44,4224,4320,0.2995,-0.7968,0.1551,0.4854,7.1454,-0.1159,-0.0000,1.0000,0.0000,0.2328,29248.3
44,4544,4340,0.6285,2.3199,0.1830,0.2346,11.2265,-0.2486,0.0000,1.0000,0.0000,0.2329,29385.5
44,4864,4360,-0.5516,2.7153,0.0911,0.9196,12.3450,-0.4497,-0.0000,1.0000,0.0000,0.2329,29521.2
45,192,4380,-0.9631,4.7012,0.1707,0.1682,9.1734,-0.4178,-0.0000,1.0000,0.0000,0.2330,29677.3
45,512,4400,0.6357,2.0684,0.0795,0.2529,7.0637,-0.4696,0.0000,1.0000,0.0000,0.2329,29828.1
45,832,4420,0.2753,-5.0370,0.1674,0.0942,9.8708,-0.0097,0.0000,1.0000,0.0000,0.2328,29961.4
45,1152,4440,-0.1018,-0.8827,0.0998,0.1243,10.0467,-0.2860,0.0000,1.0000,0.0000,0.2329,30100.2
45,1472,4460,0.3095,-0.7548,0.2354,0.2941,10.2668,-0.1557,0.0000,1.0000,0.0000,0.2331,30247.1
45,1792,4480,-0.1217,1.9586,0.1377,0.1410,8.4539,-0.1719,0.0000,1.0000,0.0000,0.2334,30407.1
45,2112,4500,0.5224,-2.2651,0.1814,0.4317,9.4166,-0.1656,0.0000,1.0000,0.0000,0.2332,30546.2
45,2432,4520,0.6324,1.1169,0.0875,0.1888,14.4811,-0.4019,0.0000,1.0000,0.0000,0.2331,30686.7
45,2752,4540,0.1488,2.4622,0.2593,0.3729,7.5804,-0.2481,0.0000,1.0000,0.0000,0.2331,30817.6
45,3072,4560,0.3198,1.2929,0.1372,0.1877,8.1402,-0.3329,-0.0000,1.0000,0.0000,0.2331,30961.2
45,3392,4580,0.2835,2.1271,0.1168,0.1653,6.1301,-0.3457,-0.0000,1.0000,0.0000,0.2332,31104.7
45,3712,4600,-0.3644,0.3280,0.1876,0.0720,10.3739,-0.3388,-0.0000,1.0000,0.0000,0.2332,31257.3
45,4032,4620,-0.2951,0.1079,0.1863,0.1140,6.7023,-0.2586,0.0000,1.0000,0.0000,0.2330,31398.5
45,4352,4640,-0.2954,5.9306,0.1281,0.0746,12.5542,-0.4869,-0.0000,1.0000,0.0000,0.2331,31548.9
45,4672,4660,0.4064,2.8871,0.4595,0.2021,6.1070,-0.4304,0.0000,1.0000,0.0000,0.2330,31690.5
45,4992,4680,-0.7212,-1.0078,0.1882,0.2895,10.7565,-0.3117,0.0000,1.0000,0.0000,0.2329,31825.5
46,320,4700,0.3651,-2.6356,0.2371,0.3354,9.3191,0.1140,0.0000,1.0000,0.0000,0.2330,31975.7
46,640,4720,-0.3039,0.7810,0.1885,0.3189,9.5500,-0.3141,-0.0000,1.0000,0.0000,0.2329,32124.8
46,960,4740,-0.0238,-0.9338,0.0923,0.2131,11.0304,-0.2558,0.0000,1.0000,0.0000,0.2328,32264.8
46,1280,4760,0.8491,1.3857,0.1059,0.1002,9.9256,-0.3351,0.0000,1.0000,0.0000,0.2328,32407.0
46,1600,4780,0.5789,0.9172,0.1085,0.2625,8.0527,-0.4246,-0.0000,1.0000,0.0000,0.2327,32545.9
46,1920,4800,-0.0733,0.5434,0.1997,0.1855,6.1053,-0.2071,-0.0000,1.0000,0.0000,0.2329,32718.9
46,2240,4820,0.4563,0.8004,0.1510,0.3661,7.8554,-0.2205,-0.0000,1.0000,0.0000,0.2328,32880.5
46,2560,4840,-0.5848,-2.9689,0.0735,0.1108,13.1374,-0.3165,-0.0000,1.0000,0.0000,0.2327,33017.6
46,2880,4860,-0.0538,1.5120,0.0920,0.1813,8.8555,-0.3049,-0.0000,1.0000,0.0000,0.2329,33169.7
46,3200,4880,-0.2325,0.5609,0.0863,0.1148,9.6898,-0.4038,0.0000,1.0000,0.0000,0.2328,33318.3
46,3520,4900,0.1545,-1.3919,0.2502,0.2674,6.3992,-0.1143,-0.0000,1.0000,0.0000,0.2329,35959.4
46,3840,4920,-0.1070,2.5460,0.0729,0.4906,10.1043,-0.3933,0.0000,1.0000,0.0000,0.2328,36052.5
46,4160,4940,-0.0934,1.3059,0.1505,0.3302,9.2303,-0.3118,0.0000,1.0000,0.0000,0.2329,36152.6
46,4480,4960,-0.0706,-0.1339,0.1784,0.5310,6.0060,-0.1789,0.0000,1.0000,0.0000,0.2330,36251.2
46,4800,4980,0.8825,-1.7324,0.0850,0.2852,12.1449,-0.3899,-0.0000,1.0000,0.0000,0.2327,36348.1
47,128,5000,-1.9761,-2.1430,0.1842,0.3197,11.1524,-0.2361,0.0000,1.0000,0.0000,0.2329,36463.8
47,448,5020,-0.3649,0.1416,0.2594,0.2485,7.5969,-0.2145,0.0000,1.0000,0.0000,0.2329,36577.8
47,768,5040,0.0751,0.1570,0.1367,0.1911,9.8319,-0.4194,0.0000,1.0000,0.0000,0.2329,36683.5
47,1088,5060,0.3140,-0.3826,0.1292,0.2785,7.0587,-0.2385,0.0000,1.0000,0.0000,0.2328,36783.5
47,1408,5080,-0.4199,0.5469,0.0781,0.2295,11.0917,-0.4393,0.0000,1.0000,0.0000,0.2327,36891.7
47,1728,5100,0.2918,-0.6958,0.1882,0.2954,9.3893,-0.1849,-0.0000,1.0000,0.0000,0.2328,37000.7
47,2048,5120,0.5518,-0.1012,0.1572,0.2221,4.1082,-0.4683,-0.0000,1.0000,0.0000,0.2327,37109.0
47,2368,5140,0.5553,1.3597,0.1157,0.2931,8.4052,-0.2339,0.0000,1.0000,0.0000,0.2326,37217.6
47,2688,5160,-0.0969,-1.4611,0.2001,0.2849,8.5193,-0.1613,-0.0000,1.0000,0.0000,0.2325,37316.2
47,3008,5180,-0.2053,2.7291,0.2842,0.1765,8.3522,-0.3805,0.0000,1.0000,0.0000,0.2325,37418.3
47,3328,5200,-0.5567,-1.5535,0.0584,0.2658,11.2458,-0.3210,-0.0000,1.0000,0.0000,0.2325,37517.9
47,3648,5220,0.2181,1.4496,0.1310,0.1129,11.0440,-0.3513,-0.0000,1.0000,0.0000,0.2326,37622.4
47,3968,5240,0.2469,-0.5365,0.3238,0.2105,7.2957,-0.0328,0.0000,1.0000,0.0000,0.2326,37726.9
47,4288,5260,0.4269,-1.3958,0.0822,0.3121,12.1617,-0.3985,-0.0000,1.0000,0.0000,0.2325,37820.1
47,4608,5280,-0.7479,-0.4107,0.0905,0.1998,13.1132,-0.3439,-0.0000,1.0000,0.0000,0.2327,37927.7
47,4928,5300,0.9645,-1.0041,0.2209,0.5319,11.0916,-0.1626,-0.0000,1.0000,0.0000,0.2326,38024.6
48,256,5320,-0.0511,1.2897,0.0293,0.1753,13.0032,-0.3901,0.0000,1.0000,0.0000,0.2328,38139.4
48,576,5340,1.2058,1.5421,0.1118,0.1221,9.2007,-0.3374,-0.0000,1.0000,0.0000,0.2327,38240.7
48,896,5360,-0.4613,-0.0554,0.1689,0.1170,12.0258,-0.2638,0.0000,1.0000,0.0000,0.2327,38349.0
48,1216,5380,-0.6664,0.3559,0.0461,0.2831,10.6796,-0.3648,-0.0000,1.0000,0.0000,0.2326,38448.8
48,1536,5400,-0.6138,1.5683,0.1296,0.2231,9.4899,-0.3022,-0.0000,1.0000,0.0000,0.2327,38552.2
48,1856,5420,0.9212,-1.9658,0.2154,0.2167,10.3383,-0.0528,0.0000,1.0000,0.0000,0.2326,38663.4
48,2176,5440,-0.5795,-3.1777,0.5144,0.1946,10.9995,-0.3917,0.0000,1.0000,0.0000,0.2327,38794.2
48,2496,5460,0.5220,0.5395,0.0984,0.3300,9.9922,-0.3841,-0.0000,1.0000,0.0000,0.2325,38891.5
48,2816,5480,0.8683,-2.5384,0.0854,0.1692,10.1754,-0.2590,0.0000,1.0000,0.0000,0.2324,39003.9
48,3136,5500,-0.1894,-3.4217,0.2056,0.4586,9.0561,-0.1520,-0.0000,1.0000,0.0000,0.2324,39111.8
48,3456,5520,-0.0797,-3.5231,0.1221,0.2414,12.7919,-0.3012,-0.0000,1.0000,0.0000,0.2324,39220.6
48,3776,5540,0.0172,-1.9030,0.1674,0.8711,10.2562,-0.2542,0.0000,1.0000,0.0000,0.2325,39330.5
48,4096,5560,0.4817,0.3455,0.2502,0.2285,10.3347,-0.3402,0.0000,1.0000,0.0000,0.2323,39430.5
48,4416,5580,-0.8888,1.0591,0.2069,0.2972,7.1142,-0.3103,0.0000,1.0000,0.0000,0.2323,39541.1
48,4736,5600,0.3373,-0.1387,0.0668,0.4643,11.6041,-0.4064,0.0000,1.0000,0.0000,0.2322,39650.4
49,64,5620,-1.2833,-2.1209,0.2666,0.2323,7.7160,-0.1240,-0.0000,1.0000,0.0000,0.2324,39767.0
49,384,5640,1.3900,1.6419,0.1218,0.2543,7.8661,-0.3248,0.0000,1.0000,0.0000,0.2322,39882.7
49,704,5660,0.3473,-1.2348,0.1299,0.3300,9.2022,-0.1426,0.0000,1.0000,0.0000,0.2321,40050.4
49,1024,5680,0.1469,-1.0265,0.1673,0.4303,9.1637,-0.1780,0.0000,1.0000,0.0000,0.2321,40196.4
49,1344,5700,0.1814,-0.8935,0.1731,0.2580,7.3307,-0.1101,-0.0000,1.0000,0.0000,0.2320,40305.1
49,1664,5720,-0.1254,0.0314,0.1886,0.6468,9.1846,-0.1680,-0.0000,1.0000,0.0000,0.2320,40417.0
49,1984,5740,-0.2300,-2.2648,0.1657,0.4103,9.8284,-0.1650,0.0000,1.0000,0.0000,0.2320,40533.0
49,2304,5760,0.0597,6.3006,0.1439,0.1683,11.7353,-0.5234,-0.0000,1.0000,0.0000,0.2319,40639.4
49,2624,5780,0.4540,2.3280,0.2060,0.2054,9.8630,-0.3480,0.0000,1.0000,0.0000,0.2318,40759.3
49,2944,5800,-0.3493,-0.9408,0.0445,0.1302,11.2025,-0.2854,0.0000,1.0000,0.0000,0.2318,40867.3
49,3264,5820,-0.5550,0.4213,0.0551,0.4487,11.0099,-0.3742,0.0000,1.0000,0.0000,0.2319,40983.1
49,3584,5840,0.3748,-1.7767,0.2149,0.6438,8.2747,-0.1055,0.0000,1.0000,0.0000,0.2320,41099.5
49,3904,5860,0.1477,-3.1882,0.3605,0.5957,7.0929,0.1394,0.0000,1.0000,0.0000,0.2320,41227.5
49,4224,5880,-0.1250,-0.7022,0.1655,0.1909,8.3169,-0.1428,0.0000,1.0000,0.0000,0.2319,41346.6
49,4544,5900,0.4916,0.6036,0.1262,0.1862,8.4226,-0.2397,0.0000,1.0000,0.0000,0.2319,41512.0
49,4864,5920,1.2579,0.7291,0.1447,0.3604,9.3579,-0.4687,-0.0000,1.0000,0.0000,0.2317,41625.6
50,192,5940,-1.2848,1.6460,0.1820,0.2308,8.4792,-0.3232,0.0000,1.0000,0.0000,0.2319,41764.4
50,512,5960,-0.2733,0.7172,0.0708,0.3887,9.5703,-0.4117,0.0000,1.0000,0.0000,0.2319,41891.0
50,832,5980,0.8764,-0.3282,0.1160,0.3362,11.1793,-0.2120,0.0000,1.0000,0.0000,0.2318,42022.1
50,1152,6000,0.6159,1.4404,0.0534,0.4144,9.6217,-0.4105,-0.0000,1.0000,0.0000,0.2317,42148.1
50,1472,6020,-0.0781,0.2775,0.2080,0.3668,9.2100,-0.2559,0.0000,1.0000,0.0000,0.2318,42304.1
50,1792,6040,0.3700,2.9893,0.1543,0.2141,8.4725,-0.3711,0.0000,1.0000,0.0000,0.2318,42429.5
50,2112,6060,-0.2203,-1.1229,0.2638,0.4440,7.9319,-0.1051,0.0000,1.0000,0.0000,0.2318,42541.8
50,2432,6080,0.4459,1.2173,0.0824,0.3363,14.5314,-0.4102,0.0000,1.0000,0.0000,0.2318,42658.8
50,2752,6100,-1.1834,1.8811,0.2302,0.9906,8.8711,-0.1951,0.0000,1.0000,0.0000,0.2317,42767.4
50,3072,6120,-0.3394,2.9129,0.1940,0.2390,8.7287,-0.2466,0.0000,1.0000,0.0000,0.2317,42886.7
50,3392,6140,0.9064,-0.7151,0.1818,0.3741,6.9780,-0.1559,0.0000,1.0000,0.0000,0.2318,42998.6
50,3712,6160,-1.2324,-0.4509,0.2526,0.5509,11.4543,-0.1680,0.0000,1.0000,0.0000,0.2319,43113.1
50,4032,6180,0.6991,2.6685,0.1559,0.2241,7.7196,-0.3076,-0.0000,1.0000,0.0000,0.2320,43210.5
50,4352,6200,1.2250,6.4997,0.0872,0.2835,12.9622,-0.4732,0.0000,1.0000,0.0000,0.2320,43319.3
50,4672,6220,0.4329,-0.9198,0.1859,1.0596,5.6316,-0.0353,0.0000,1.0000,0.0000,0.2321,43428.8
50,4992,6240,-0.4789,0.8165,0.0941,0.3107,11.2460,-0.3978,0.0000,1.0000,0.0000,0.2320,43531.7
51,320,20,-0.4653,0.1410,0.2801,0.2064,8.1094,-0.0394,-0.0000,1.0000,0.0000,0.2812,116.9
51,640,40,0.3775,-1.1550,0.2434,0.0743,8.7594,-0.2156,0.0000,1.0000,0.0000,0.2375,227.9
51,960,60,-0.7002,-2.7458,0.1303,0.0836,11.4413,-0.2071,0.0000,1.0000,0.0000,0.2313,384.2
51,1280,80,0.3863,-0.5702,0.0854,0.0689,11.4228,-0.3306,0.0000,1.0000,0.0000,0.2281,526.3
51,1600,100,-0.8877,0.2877,0.3219,0.1761,8.5540,-0.1668,0.0000,1.0000,0.0000,0.2338,638.3
51,1920,120,0.6329,-0.1752,0.3334,0.1068,7.7151,-0.1933,-0.0000,1.0000,0.0000,0.2365,768.8
51,2240,140,-0.9260,-2.6132,0.1608,0.0870,9.8694,-0.1722,0.0000,1.0000,0.0000,0.2330,880.6
51,2560,160,-0.3111,-2.5131,0.0677,0.0567,14.7355,-0.2979,0.0000,1.0000,0.0000,0.2313,1012.1
51,2880,180,-0.1305,-3.7813,0.1458,0.3067,11.2395,-0.1409,0.0000,1.0000,0.0000,0.2326,1153.7
51,3200,200,-0.6476,4.9056,0.0327,0.4142,12.8722,-0.4228,-0.0000,1.0000,0.0000,0.2344,1260.5
51,3520,220,0.4227,-1.0035,0.1563,0.4206,7.2120,-0.1416,0.0000,1.0000,0.0000,0.2375,1382.1
51,3840,240,-0.0092,-1.4531,0.0759,0.5376,11.9330,-0.2593,0.0000,1.0000,0.0000,0.2372,1499.2
51,4160,260,0.2916,1.1553,0.1854,0.3988,9.5071,-0.2783,-0.0000,1.0000,0.0000,0.2353,1610.6
51,4480,280,0.3429,0.6646,0.2644,0.2011,7.2726,-0.1639,0.0000,1.0000,0.0000,0.2371,1726.5
51,4800,300,1.4609,0.5494,0.1186,0.1966,11.4305,-0.3644,0.0000,1.0000,0.0000,0.2346,1845.2
52,128,320,-1.5899,-1.6466,0.2087,0.1108,10.9725,-0.1910,-0.0000,1.0000,0.0000,0.2371,1977.5
52,448,340,-0.0383,2.1716,0.2635,0.2004,8.9142,-0.3048,-0.0000,1.0000,0.0000,0.2373,2104.3
52,768,360,0.5097,-0.4061,0.0735,0.1211,12.1823,-0.2678,0.0000,1.0000,0.0000,0.2370,2221.9
52,1088,380,0.5044,1.9083,0.2388,0.1125,8.5294,-0.3093,0.0000,1.0000,0.0000,0.2346,2330.5
52,1408,400,0.0931,1.8483,0.1377,0.0498,13.5398,-0.5847,0.0000,1.0000,0.0000,0.2333,2455.3
52,1728,420,0.1383,1.0998,0.1432,0.0418,11.7840,-0.2246,-0.0000,1.0000,0.0000,0.2323,2566.3
52,2048,440,-1.0653,-2.3288,0.0767,0.0271,9.7367,-0.1284,0.0000,1.0000,0.0000,0.2335,5290.3
52,2368,460,1.0262,2.2520,0.2726,0.0956,11.8662,-0.3149,-0.0000,1.0000,0.0000,0.2330,17657.4
52,2688,480,-0.6602,-4.8200,0.1379,0.0888,10.4976,-0.1594,0.0000,1.0000,0.0000,0.2326,17746.0
52,3008,500,-0.2556,-1.1676,0.1729,0.3454,8.2856,-0.1175,-0.0000,1.0000,0.0000,0.2329,17846.5
52,3328,520,0.7686,1.2967,0.1246,0.1779,11.3718,-0.4529,0.0000,1.0000,0.0000,0.2321,17938.2
52,3648,540,-0.2737,0.6947,0.2424,0.1701,11.1780,-0.2755,-0.0000,1.0000,0.0000,0.2321,18038.6
52,3968,560,-0.2171,-2.2115,0.3044,0.1163,8.7520,0.0471,0.0000,1.0000,0.0000,0.2328,18144.4
52,4288,580,0.0686,0.0471,0.0758,0.0638,12.8958,-0.4813,0.0000,1.0000,0.0000,0.2325,18250.7
52,4608,600,0.1523,-3.4175,0.1172,0.1445,14.2846,-0.3128,-0.0000,1.0000,0.0000,0.2319,18359.4
52,4928,620,-0.4683,-3.0477,0.0621,0.3907,13.3304,-0.2528,0.0000,1.0000,0.0000,0.2311,18462.9
53,256,640,-1.2351,2.3621,0.0272,0.2726,14.1400,-0.4042,0.0000,1.0000,0.0000,0.2314,18587.5
53,576,660,0.1832,-2.1528,0.1450,0.3033,11.1356,-0.2262,-0.0000,1.0000,0.0000,0.2315,18704.6
53,896,680,0.4856,1.5684,0.1232,0.1465,12.7152,-0.3104,-0.0000,1.0000,0.0000,0.2310,18817.7
53,1216,700,0.8760,3.7710,0.1350,0.3672,11.1275,-0.4236,0.0000,1.0000,0.0000,0.2303,18945.0
53,1536,720,-1.0380,-0.7084,0.0893,0.2489,11.5625,-0.2790,-0.0000,1.0000,0.0000,0.2310,19071.8
53,1856,740,0.5083,0.0833,0.2037,0.1802,12.1271,-0.1441,0.0000,1.0000,0.0000,0.2316,19205.1
53,2176,760,-0.8095,-0.0840,0.2133,0.1536,13.5377,-0.4415,0.0000,1.0000,0.0000,0.2322,19340.8
53,2496,780,0.2648,6.2457,0.0836,0.2310,11.6409,-0.5276,0.0000,1.0000,0.0000,0.2317,19463.9
53,2816,800,-0.0721,-0.9257,0.0376,0.2277,12.3130,-0.3196,0.0000,1.0000,0.0000,0.2314,19600.3
53,3136,820,-0.7250,-0.8334,0.1199,0.2792,10.4912,-0.2004,-0.0000,1.0000,0.0000,0.2326,19728.0
53,3456,840,0.2495,-1.9370,0.0822,0.1571,15.2023,-0.3408,-0.0000,1.0000,0.0000,0.2331,19860.2
53,3776,860,0.1013,0.1542,0.1726,0.2211,10.3602,-0.3150,-0.0000,1.0000,0.0000,0.2335,19987.2
53,4096,880,0.3935,-0.0973,0.0788,0.1622,10.3756,-0.2494,0.0000,1.0000,0.0000,0.2333,20103.1
53,4416,900,0.7260,-0.1590,0.1763,0.2901,6.4535,-0.2524,0.0000,1.0000,0.0000,0.2331,20216.8
53,4736,920,-0.3210,-1.4332,0.1377,0.2554,11.8673,-0.3461,0.0000,1.0000,0.0000,0.2327,20337.1
54,64,940,-2.4668,-0.6168,0.2120,0.2124,10.0651,-0.1869,0.0000,1.0000,0.0000,0.2339,20487.7
54,384,960,1.4625,1.7334,0.2574,0.1142,10.1676,-0.3421,-0.0000,1.0000,0.0000,0.2339,20618.7
54,704,980,1.0117,-0.8145,0.1474,0.1594,11.0773,-0.2720,-0.0000,1.0000,0.0000,0.2337,20749.7
54,1024,1000,-0.0508,0.6929,0.1133,0.1656,10.4569,-0.3037,-0.0000,1.0000,0.0000,0.2338,20880.7
54,1344,1020,0.5532,0.8066,0.2766,0.1576,7.2883,-0.2044,0.0000,1.0000,0.0000,0.2336,21014.3
54,1664,1040,-0.7161,0.6314,0.1086,0.2069,9.2467,-0.1181,-0.0000,1.0000,0.0000,0.2340,21136.3
54,1984,1060,0.9734,1.8610,0.0730,0.2300,10.0548,-0.3245,-0.0000,1.0000,0.0000,0.2335,21267.6
54,2304,1080,-0.7519,-6.1748,0.1946,0.1867,12.1245,-0.0311,-0.0000,1.0000,0.0000,0.2337,21390.3
54,2624,1100,-0.8594,-0.9557,0.1200,0.1360,11.3070,-0.1314,-0.0000,1.0000,0.0000,0.2333,21527.6
54,2944,1120,0.8100,2.6488,0.1729,0.1399,12.2253,-0.4714,-0.0000,1.0000,0.0000,0.2341,21664.3
54,3264,1140,1.0888,-0.7844,0.0634,0.2321,10.2590,-0.2920,-0.0000,1.0000,0.0000,0.2336,21794.8
54,3584,1160,-0.8074,-3.6475,0.1360,0.1044,10.4628,-0.1769,-0.0000,1.0000,0.0000,0.2340,21919.7
54,3904,1180,-0.7167,1.7336,0.2806,0.2525,8.1867,-0.2912,0.0000,1.0000,0.0000,0.2340,22043.1
54,4224,1200,-0.8545,-2.5701,0.4137,0.1149,9.6368,-0.1491,-0.0000,1.0000,0.0000,0.2337,22162.1
54,4544,1220,-0.0326,-1.5327,0.2414,0.1727,12.0206,-0.3532,0.0000,1.0000,0.0000,0.2333,22285.8
54,4864,1240,-0.0820,-0.8905,0.0742,0.1769,11.1418,-0.3707,-0.0000,1.0000,0.0000,0.2329,22406.5
55,192,1260,0.2399,5.5625,0.2432,0.1966,8.6908,-0.4427,0.0000,1.0000,0.0000,0.2335,22563.4
55,512,1280,-0.5719,-2.9818,0.1034,0.3208,11.5863,-0.3363,0.0000,1.0000,0.0000,0.2333,22708.4
55,832,1300,0.5256,-0.3373,0.1315,0.2058,11.8880,-0.1388,-0.0000,1.0000,0.0000,0.2328,22844.4
55,1152,1320,0.8652,-0.9278,0.0960,0.2119,11.1587,-0.2880,0.0000,1.0000,0.0000,0.2326,22980.4
55,1472,1340,-1.3527,0.5374,0.1707,0.0731,11.3632,-0.2491,0.0000,1.0000,0.0000,0.2323,23129.1
55,1792,1360,-0.5874,-2.5691,0.0653,0.3347,11.5306,-0.0868,-0.0000,1.0000,0.0000,0.2328,23295.2
55,2112,1380,0.2749,-2.5331,0.1835,0.4609,11.1018,-0.1828,0.0000,1.0000,0.0000,0.2327,23445.4
55,2432,1400,-0.0587,-1.1286,0.0752,0.1503,15.4461,-0.4015,0.0000,1.0000,0.0000,0.2327,23587.3
55,2752,1420,1.0294,1.6322,0.2789,0.2798,8.4178,-0.2455,0.0000,1.0000,0.0000,0.2327,23732.0
55,3072,1440,-0.9000,-0.7046,0.1554,0.3169,10.6118,-0.2473,-0.0000,1.0000,0.0000,0.2327,23877.6
55,3392,1460,-0.1073,0.4082,0.1363,0.2590,8.0511,-0.1971,-0.0000,1.0000,0.0000,0.2330,24020.0
55,3712,1480,0.4835,3.1024,0.2093,0.3107,12.3231,-0.3050,0.0000,1.0000,0.0000,0.2331,24173.7
55,4032,1500,0.5500,3.3050,0.1170,0.3548,8.2705,-0.3243,0.0000,1.0000,0.0000,0.2333,24365.0
55,4352,1520,0.4612,1.7645,0.0375,0.2366,14.1168,-0.3245,-0.0000,1.0000,0.0000,0.2339,24545.1
55,4672,1540,0.1196,1.0043,0.2208,0.6847,6.6838,-0.0926,0.0000,1.0000,0.0000,0.2338,24688.7
55,4992,1560,-1.9529,-3.5833,0.1109,0.2727,11.2690,-0.2367,0.0000,1.0000,0.0000,0.2339,24828.3
56,320,1580,0.4317,0.0102,0.2841,0.8593,9.9578,-0.0419,0.0000,1.0000,0.0000,0.2343,25001.0
56,640,1600,0.6126,-1.5139,0.2527,0.5132,8.8597,0.0845,-0.0000,1.0000,0.0000,0.2345,25180.5
56,960,1620,0.2719,-3.2962,0.1699,0.2264,11.2901,-0.1933,-0.0000,1.0000,0.0000,0.2343,25391.0
56,1280,1640,0.4208,1.9099,0.0818,0.1014,11.9782,-0.3825,0.0000,1.0000,0.0000,0.2342,25608.3
56,1600,1660,0.3936,2.4250,0.1213,0.2987,9.8301,-0.4061,0.0000,1.0000,0.0000,0.2338,25822.7
56,1920,1680,-0.6232,-2.1568,0.1488,0.4305,9.2114,-0.0921,0.0000,1.0000,0.0000,0.2343,26078.6
56,2240,1700,-0.9460,3.4112,0.2117,0.4151,10.7255,-0.4021,-0.0000,1.0000,0.0000,0.2343,26304.4
56,2560,1720,0.0374,-2.8278,0.1184,0.1382,14.6557,-0.2851,0.0000,1.0000,0.0000,0.2339,26532.8
56,2880,1740,-0.3220,-0.2649,0.3442,0.3809,10.9396,-0.4608,-0.0000,1.0000,0.0000,0.2339,26768.0
56,3200,1760,-0.0985,0.0830,0.0823,0.1008,12.1434,-0.3512,-0.0000,1.0000,0.0000,0.2339,27014.2
56,3520,1780,0.8973,0.2324,0.2445,0.3819,6.1518,-0.2692,0.0000,1.0000,0.0000,0.2338,27357.2
56,3840,1800,0.1824,2.4171,0.0744,0.4257,12.2754,-0.4592,0.0000,1.0000,0.0000,0.2336,27859.8
56,4160,1820,-0.9575,0.1430,0.1610,0.2093,10.3530,-0.2833,-0.0000,1.0000,0.0000,0.2336,28275.1
56,4480,1840,0.7416,-1.1980,0.2608,0.4024,7.1331,0.0012,-0.0000,1.0000,0.0000,0.2337,28624.1
56,4800,1860,1.0314,3.0235,0.0858,0.1373,12.3230,-0.4411,0.0000,1.0000,0.0000,0.2334,28996.6
57,128,1880,-0.2549,-1.5519,0.1694,0.1383,11.6848,-0.2353,-0.0000,1.0000,0.0000,0.2337,29405.9
57,448,1900,-0.4249,0.6871,0.1907,0.1172,9.3736,-0.2445,-0.0000,1.0000,0.0000,0.2340,29952.6
57,768,1920,0.9526,0.1231,0.2102,0.2501,12.6245,-0.2428,-0.0000,1.0000,0.0000,0.2339,30228.0
57,1088,1940,-0.3988,2.2102,0.2316,0.4615,9.7549,-0.3234,0.0000,1.0000,0.0000,0.2341,30640.3
57,1408,1960,-0.4130,3.1689,0.0624,0.1346,13.5934,-0.4623,0.0000,1.0000,0.0000,0.2341,30991.2
57,1728,1980,0.1685,1.3072,0.1751,0.3464,12.5220,-0.3184,0.0000,1.0000,0.0000,0.2341,31230.3
57,2048,2000,-1.1738,-1.5707,0.1807,0.5151,9.9808,-0.1348,-0.0000,1.0000,0.0000,0.2343,31487.1
57,2368,2020,-0.1009,3.0273,0.2075,0.2836,12.1016,-0.3752,-0.0000,1.0000,0.0000,0.2345,31715.1
57,2688,2040,-0.0926,-1.1055,0.1422,0.1692,10.0963,-0.2376,-0.0000,1.0000,0.0000,0.2343,31955.7
57,3008,2060,-0.4288,0.9535,0.1232,0.1291,10.5246,-0.2505,-0.0000,1.0000,0.0000,0.2344,32422.8
57,3328,2080,0.8745,2.8935,0.0559,0.1719,13.2954,-0.4451,0.0000,1.0000,0.0000,0.2346,32731.7
57,3648,2100,-1.4221,-4.2590,0.1572,0.3535,13.7160,-0.2445,0.0000,1.0000,0.0000,0.2348,32984.2
57,3968,2120,0.6429,0.3396,0.2879,0.2054,9.4297,-0.2663,0.0000,1.0000,0.0000,0.2348,33162.2
57,4288,2140,-0.6123,-3.4219,0.0911,0.1047,13.3418,-0.3248,0.0000,1.0000,0.0000,0.2349,33317.3
57,4608,2160,-0.6221,-1.6702,0.3350,0.1327,14.3635,-0.5407,-0.0000,1.0000,0.0000,0.2351,33491.8
57,4928,2180,0.3388,-1.0749,0.1074,0.3590,12.0063,-0.1294,-0.0000,1.0000,0.0000,0.2350,33607.9
58,256,2200,-0.2378,4.8470,0.0327,0.1831,15.0301,-0.4235,-0.0000,1.0000,0.0000,0.2355,33733.1
58,576,2220,0.7454,2.3241,0.1361,0.2614,10.9192,-0.3477,0.0000,1.0000,0.0000,0.2356,33851.2
58,896,2240,0.0303,-4.5364,0.1038,0.1328,12.9986,-0.1718,0.0000,1.0000,0.0000,0.2355,33968.9
58,1216,2260,1.0218,1.9542,0.1347,0.2323,10.5148,-0.2674,0.0000,1.0000,0.0000,0.2356,34106.8
58,1536,2280,0.9731,1.5261,0.1152,0.1454,10.9745,-0.1772,0.0000,1.0000,0.0000,0.2358,34258.3
58,1856,2300,0.7317,-2.5538,0.2190,0.2063,12.6491,-0.1500,0.0000,1.0000,0.0000,0.2357,34388.5
58,2176,2320,-0.4803,-2.8398,0.0834,0.0826,12.9450,-0.2624,0.0000,1.0000,0.0000,0.2356,34505.8
58,2496,2340,0.4262,-2.8846,0.1916,0.0875,10.8911,-0.1517,-0.0000,1.0000,0.0000,0.2356,34625.5
58,2816,2360,-0.7053,1.0409,0.0936,0.1382,12.1934,-0.2535,0.0000,1.0000,0.0000,0.2356,34732.6
58,3136,2380,0.0389,-3.2982,0.3051,0.1785,11.2530,-0.2174,-0.0000,1.0000,0.0000,0.2357,34846.1
58,3456,2400,0.2575,0.0327,0.0529,0.1829,15.5252,-0.3958,-0.0000,1.0000,0.0000,0.2358,34969.4
58,3776,2420,0.0977,-0.0817,0.2164,0.4253,11.9495,-0.3142,0.0000,1.0000,0.0000,0.2359,35094.0
58,4096,2440,-0.9467,-0.4564,0.2435,0.2358,11.6298,-0.2644,-0.0000,1.0000,0.0000,0.2361,35214.1
58,4416,2460,0.0499,-0.5902,0.1822,0.7205,9.0022,-0.2529,0.0000,1.0000,0.0000,0.2360,35334.0
58,4736,2480,0.3009,2.0742,0.1044,0.2848,12.2721,-0.3909,0.0000,1.0000,0.0000,0.2361,35452.2
59,64,2500,-0.1218,0.6402,0.2417,0.0879,8.7463,-0.2328,0.0000,1.0000,0.0000,0.2362,35581.5
59,384,2520,-0.4221,-0.0082,0.1211,0.1883,10.5351,-0.2193,-0.0000,1.0000,0.0000,0.2362,35702.1
59,704,2540,1.4504,-1.0136,0.0941,0.4268,11.3753,-0.2063,0.0000,1.0000,0.0000,0.2358,35817.9
59,1024,2560,-1.0367,1.3862,0.0943,0.3411,11.0194,-0.2569,0.0000,1.0000,0.0000,0.2357,35936.3
59,1344,2580,-0.4530,-0.2922,0.1855,0.1948,8.7140,-0.0430,0.0000,1.0000,0.0000,0.2358,36060.9
59,1664,2600,-0.9070,-0.8212,0.1893,0.2991,10.9084,-0.1626,0.0000,1.0000,0.0000,0.2360,36181.6
59,1984,2620,-0.0177,0.6532,0.0824,0.2498,12.9221,-0.2448,-0.0000,1.0000,0.0000,0.2359,36305.1
59,2304,2640,1.1889,1.0398,0.1117,0.1803,12.3159,-0.1416,-0.0000,1.0000,0.0000,0.2359,36420.0
59,2624,2660,1.0893,-3.8193,0.2024,0.1073,11.5407,-0.1072,0.0000,1.0000,0.0000,0.2355,36535.2
59,2944,2680,-0.6574,1.2282,0.1004,0.1301,12.1783,-0.4118,0.0000,1.0000,0.0000,0.2357,36669.2
59,3264,2700,-0.1972,2.0861,0.0980,0.0949,11.6152,-0.4304,-0.0000,1.0000,0.0000,0.2358,36785.0
59,3584,2720,0.1517,-1.8478,0.1679,0.1906,10.7039,-0.1052,0.0000,1.0000,0.0000,0.2359,36907.1
59,3904,2740,-0.4209,-2.5703,0.1929,0.2426,8.9137,0.0823,-0.0000,1.0000,0.0000,0.2362,37035.3
59,4224,2760,0.1334,-2.3989,0.1445,0.2890,9.9369,-0.0219,-0.0000,1.0000,0.0000,0.2362,37150.9
59,4544,2780,-0.8311,-1.7028,0.3944,0.1938,12.4488,-0.3796,-0.0000,1.0000,0.0000,0.2360,37259.3
59,4864,2800,0.3998,-4.9971,0.1879,0.1923,11.1053,-0.1185,0.0000,1.0000,0.0000,0.2360,37372.0
60,192,2820,-0.7852,2.5977,0.2419,0.1667,9.8681,-0.3574,-0.0000,1.0000,0.0000,0.2365,37502.2
60,512,2840,0.2362,0.4742,0.1479,0.1646,10.0325,-0.4573,-0.0000,1.0000,0.0000,0.2366,37622.2
60,832,2860,0.9730,2.0711,0.1592,0.2922,11.9782,-0.3012,-0.0000,1.0000,0.0000,0.2365,37743.9
60,1152,2880,0.4926,3.7905,0.1151,0.1553,11.6995,-0.5450,-0.0000,1.0000,0.0000,0.2362,37848.7
60,1472,2900,0.0416,3.0785,0.1682,0.1656,10.4044,-0.3057,-0.0000,1.0000,0.0000,0.2361,37967.9
60,1792,2920,-0.5811,-2.1161,0.2040,0.1704,10.6357,-0.1216,0.0000,1.0000,0.0000,0.2361,38087.8
60,2112,2940,-0.4407,-2.9264,0.2772,0.2463,11.0185,-0.2748,0.0000,1.0000,0.0000,0.2360,38203.7
60,2432,2960,0.4616,6.2629,0.0276,0.1638,15.8478,-0.5128,0.0000,1.0000,0.0000,0.2359,38320.9
60,2752,2980,-0.6813,-0.7158,0.2184,0.4014,9.0093,-0.0320,0.0000,1.0000,0.0000,0.2359,38433.6
60,3072,3000,-0.6477,2.5120,0.1591,0.1920,10.4708,-0.3047,-0.0000,1.0000,0.0000,0.2359,38559.3
60,3392,3020,0.4891,0.0800,0.1664,0.5021,9.0702,-0.2920,0.0000,1.0000,0.0000,0.2360,38686.9
60,3712,3040,-0.4982,-1.1122,0.1530,0.4401,12.9007,-0.2109,0.0000,1.0000,0.0000,0.2362,38825.0
60,4032,3060,0.6166,-1.7375,0.1403,0.5063,10.4387,-0.1700,-0.0000,1.0000,0.0000,0.2361,38941.3
60,4352,3080,0.7489,7.5298,0.1685,0.3520,14.7897,-0.5248,0.0000,1.0000,0.0000,0.2359,39655.9
60,4672,3100,1.3270,1.4459,0.3372,0.2560,6.7485,-0.2609,0.0000,1.0000,0.0000,0.2358,41025.1
60,4992,3120,-1.0249,-3.8280,0.1363,0.2090,12.2174,-0.2537,0.0000,1.0000,0.0000,0.2356,41164.0
61,320,3140,-0.3021,-0.7036,0.1815,0.2083,9.4129,-0.0510,-0.0000,1.0000,0.0000,0.2359,41319.1
61,640,3160,0.7438,1.0267,0.2281,0.2740,8.3880,-0.3074,0.0000,1.0000,0.0000,0.2357,41465.5
61,960,3180,-0.5043,-0.4202,0.1412,0.1548,10.8293,-0.3157,-0.0000,1.0000,0.0000,0.2358,41601.6
61,1280,3200,0.4409,2.7983,0.1062,0.2296,12.2761,-0.3863,0.0000,1.0000,0.0000,0.2357,41748.2
61,1600,3220,0.6238,-1.4216,0.1397,0.5307,10.5922,-0.2930,0.0000,1.0000,0.0000,0.2356,41882.8
61,1920,3240,-0.7912,-0.0498,0.2162,0.2133,9.3310,-0.0892,0.0000,1.0000,0.0000,0.2358,42035.2
61,2240,3260,0.4395,5.3928,0.3247,0.2927,9.0651,-0.5000,-0.0000,1.0000,0.0000,0.2357,42188.7
61,2560,3280,-0.1560,-3.5882,0.1245,0.1288,14.7707,-0.2992,0.0000,1.0000,0.0000,0.2356,42346.5
61,2880,3300,-0.6149,-1.4171,0.1213,0.3326,11.2240,-0.2390,0.0000,1.0000,0.0000,0.2356,42497.2
61,3200,3320,0.3216,-0.0991,0.1167,0.3182,13.0448,-0.3443,0.0000,1.0000,0.0000,0.2357,42642.6
61,3520,3340,0.4986,0.1765,0.2613,1.0473,6.4606,-0.3028,0.0000,1.0000,0.0000,0.2358,42799.8
61,3840,3360,-0.1436,-1.7391,0.1981,0.3153,10.2714,-0.2434,-0.0000,1.0000,0.0000,0.2358,42948.1
61,4160,3380,1.2170,0.4998,0.2340,0.5935,9.0584,-0.2097,0.0000,1.0000,0.0000,0.2357,43091.9
61,4480,3400,-0.1706,-0.5039,0.2363,0.3018,6.8386,-0.1645,-0.0000,1.0000,0.0000,0.2359,43242.8
61,4800,3420,0.9113,-1.6054,0.0611,0.3206,11.2913,-0.3543,0.0000,1.0000,0.0000,0.2359,43405.4
62,128,3440,-0.9283,-3.9701,0.2703,0.2830,11.6666,-0.1414,-0.0000,1.0000,0.0000,0.2360,43562.8
62,448,3460,0.3858,-1.7758,0.0715,0.1729,9.6831,-0.1362,-0.0000,1.0000,0.0000,0.2359,43726.1
62,768,3480,-0.3849,2.1691,0.0895,0.2181,13.4214,-0.4057,-0.0000,1.0000,0.0000,0.2357,43880.0
62,1088,3500,-0.0540,-1.0993,0.2634,0.3156,9.1752,-0.1809,0.0000,1.0000,0.0000,0.2355,44028.1
62,1408,3520,-0.5111,0.0095,0.0405,0.1998,14.0606,-0.3780,0.0000,1.0000,0.0000,0.2355,44189.3
62,1728,3540,1.1764,3.8979,0.1594,0.1739,12.2963,-0.3484,-0.0000,1.0000,0.0000,0.2354,44336.7
62,2048,3560,-1.0663,-2.1132,0.2073,0.2316,9.6732,-0.1019,0.0000,1.0000,0.0000,0.2356,44507.2
62,2368,3580,-1.3673,-0.5895,0.1654,0.2707,12.3192,-0.2451,0.0000,1.0000,0.0000,0.2358,44662.4
62,2688,3600,0.3776,-2.6062,0.0477,0.1690,10.3429,-0.1659,-0.0000,1.0000,0.0000,0.2358,44818.7
62,3008,3620,1.1423,4.5028,0.1732,0.6055,8.2664,-0.4215,0.0000,1.0000,0.0000,0.2358,44963.5
62,3328,3640,0.1369,-0.6467,0.0414,0.1499,11.3505,-0.3327,0.0000,1.0000,0.0000,0.2358,45117.8
62,3648,3660,0.2036,-2.1925,0.1692,0.1528,11.5422,-0.2270,-0.0000,1.0000,0.0000,0.2358,45276.5
62,3968,3680,0.0698,2.8058,0.3293,0.1800,8.7737,-0.2885,0.0000,1.0000,0.0000,0.2359,45428.4
62,4288,3700,0.3054,0.3090,0.0237,0.1079,13.6800,-0.4648,-0.0000,1.0000,0.0000,0.2357,45573.5
62,4608,3720,-0.5848,-2.4977,0.1204,0.2521,14.7800,-0.3843,0.0000,1.0000,0.0000,0.2355,46274.7
62,4928,3740,-0.3754,-1.3196,0.2430,0.1410,12.6148,-0.1437,0.0000,1.0000,0.0000,0.2355,46415.3
63,256,3760,-0.1607,-0.4835,0.0619,0.1271,14.5168,-0.3408,0.0000,1.0000,0.0000,0.2358,46567.6
63,576,3780,0.4970,-0.8889,0.1276,0.1721,10.0837,-0.2177,0.0000,1.0000,0.0000,0.2358,46717.9
63,896,3800,0.1184,-1.3519,0.0985,0.1026,13.1432,-0.2710,0.0000,1.0000,0.0000,0.2356,46852.3
63,1216,3820,-0.4410,1.5959,0.1393,0.3220,10.9512,-0.4250,0.0000,1.0000,0.0000,0.2356,46999.3
63,1536,3840,0.2898,-0.6438,0.1716,0.4996,10.5019,-0.3107,-0.0000,1.0000,0.0000,0.2358,47151.7
63,1856,3860,0.0346,2.1800,0.1944,0.1999,12.3235,-0.2907,-0.0000,1.0000,0.0000,0.2358,47297.3
63,2176,3880,-1.0807,-4.1599,0.0834,0.2626,11.8314,-0.2578,0.0000,1.0000,0.0000,0.2359,47457.2
63,2496,3900,0.3763,-2.3765,0.2192,0.3333,10.3214,-0.2939,0.0000,1.0000,0.0000,0.2359,47602.6
63,2816,3920,0.5654,-0.5014,0.2409,0.1589,10.4190,-0.2786,-0.0000,1.0000,0.0000,0.2357,47743.8
63,3136,3940,-0.3311,-0.3151,0.1211,0.1732,9.3252,-0.2732,0.0000,1.0000,0.0000,0.2357,47890.7
63,3456,3960,1.0796,2.4254,0.3670,0.2047,14.4145,-0.5381,0.0000,1.0000,0.0000,0.2357,48042.5
63,3776,3980,-0.3704,-0.7123,0.2404,0.1354,9.6321,-0.2941,0.0000,1.0000,0.0000,0.2359,48206.0
63,4096,4000,0.2883,3.3399,0.0899,0.1256,10.6969,-0.2795,0.0000,1.0000,0.0000,0.2358,48360.7
63,4416,4020,-0.5131,-0.3271,0.1886,0.0802,7.9530,-0.3488,0.0000,1.0000,0.0000,0.2358,48507.4
63,4736,4040,0.0378,2.5756,0.0550,0.1357,11.5449,-0.4731,0.0000,1.0000,0.0000,0.2358,48667.0
64,64,4060,-0.8980,-0.8766,0.1653,0.2817,7.9388,-0.2055,0.0000,1.0000,0.0000,0.2359,48843.6
64,384,4080,1.1302,2.0075,0.1083,0.2000,9.3820,-0.3122,0.0000,1.0000,0.0000,0.2359,49000.0
64,704,4100,0.5964,-3.0036,0.1570,0.2254,10.4681,-0.1136,0.0000,1.0000,0.0000,0.2357,49151.3
64,1024,4120,-1.0650,1.9417,0.1027,0.1894,10.4251,-0.4056,-0.0000,1.0000,0.0000,0.2355,49303.0
64,1344,4140,-0.6383,-1.0495,0.2594,0.3096,7.5260,-0.0900,-0.0000,1.0000,0.0000,0.2355,49469.7
64,1664,4160,-0.2749,-1.5478,0.1225,0.5288,9.3865,-0.0781,0.0000,1.0000,0.0000,0.2355,49626.0
64,1984,4180,0.6881,-0.8761,0.0626,0.3658,10.1829,-0.2271,0.0000,1.0000,0.0000,0.2355,49802.3
64,2304,4200,0.7492,-1.1303,0.0769,0.1222,11.7378,-0.1645,-0.0000,1.0000,0.0000,0.2355,50882.8
64,2624,4220,-0.7652,-1.3876,0.2282,0.1366,11.5750,-0.1649,-0.0000,1.0000,0.0000,0.2353,51022.2
64,2944,4240,-0.4667,-1.2226,0.0276,0.1254,12.2027,-0.3168,0.0000,1.0000,0.0000,0.2354,51165.2
64,3264,4260,0.5791,-2.2973,0.0635,0.1045,12.0305,-0.2793,0.0000,1.0000,0.0000,0.2354,51315.1
64,3584,4280,0.4671,-1.9642,0.2041,0.1268,11.1415,-0.2233,0.0000,1.0000,0.0000,0.2354,51452.3
64,3904,4300,-0.5576,-0.2230,0.3259,0.3540,8.9249,-0.0012,-0.0000,1.0000,0.0000,0.2355,51603.5
64,4224,4320,-0.1969,-2.1059,0.1387,0.1840,10.5209,-0.0628,0.0000,1.0000,0.0000,0.2355,51741.4
64,4544,4340,-0.0597,2.3305,0.1873,0.1910,12.0494,-0.2576,0.0000,1.0000,0.0000,0.2356,51890.8
64,4864,4360,0.7009,4.8321,0.0886,0.2877,12.4509,-0.5125,0.0000,1.0000,0.0000,0.2356,52050.9
65,192,4380,0.2517,4.4156,0.1207,0.3788,10.2001,-0.4116,-0.0000,1.0000,0.0000,0.2356,52208.8
65,512,4400,0.3323,0.0668,0.1204,0.2143,10.0310,-0.3277,0.0000,1.0000,0.0000,0.2356,52362.3
65,832,4420,-0.2501,-0.6197,0.2778,0.1930,12.6441,-0.2406,0.0000,1.0000,0.0000,0.2354,52504.2
65,1152,4440,-0.4635,0.2043,0.1111,0.0884,11.3337,-0.3160,0.0000,1.0000,0.0000,0.2353,52660.7
65,1472,4460,-0.7957,1.4938,0.1711,0.1546,11.6698,-0.2376,0.0000,1.0000,0.0000,0.2355,52837.2
65,1792,4480,0.6185,3.6598,0.1387,0.1318,10.9583,-0.3121,-0.0000,1.0000,0.0000,0.2354,53003.3
65,2112,4500,-0.8908,-2.4669,0.1830,0.1597,10.7483,-0.1676,-0.0000,1.0000,0.0000,0.2354,53187.5
65,2432,4520,2.1808,5.7620,0.0539,0.1574,14.5872,-0.4768,0.0000,1.0000,0.0000,0.2352,53335.7
65,2752,4540,0.7716,1.8994,0.3040,0.2668,7.8273,-0.2760,0.0000,1.0000,0.0000,0.2354,53504.4
65,3072,4560,-0.7891,-0.3711,0.2873,0.2670,8.7526,-0.1702,-0.0000,1.0000,0.0000,0.2355,53670.0
65,3392,4580,0.7260,-0.0688,0.2068,0.2711,7.4073,-0.3063,0.0000,1.0000,0.0000,0.2355,53832.2
65,3712,4600,0.0069,-2.1415,0.1469,0.3701,10.6490,-0.1363,0.0000,1.0000,0.0000,0.2356,54010.8
65,4032,4620,0.2045,3.3471,0.1259,0.4436,8.4622,-0.4486,-0.0000,1.0000,0.0000,0.2355,54166.2
65,4352,4640,-0.2864,6.4787,0.1069,0.4861,13.8586,-0.4892,-0.0000,1.0000,0.0000,0.2355,54328.8
65,4672,4660,0.2227,0.6112,0.2120,0.6263,5.3423,-0.1819,-0.0000,1.0000,0.0000,0.2354,55558.7
65,4992,4680,-0.9125,-1.3337,0.3725,0.4341,10.9665,-0.3325,0.0000,1.0000,0.0000,0.2354,55700.1
66,320,4700,-0.4366,2.0202,0.1119,0.7371,10.4977,-0.1629,-0.0000,1.0000,0.0000,0.2355,55846.9
66,640,4720,0.7189,-2.3276,0.2565,0.1576,9.2109,0.0031,0.0000,1.0000,0.0000,0.2354,55990.2
66,960,4740,-0.7349,-3.0483,0.1679,0.3263,11.2190,-0.1081,-0.0000,1.0000,0.0000,0.2355,56135.9
66,1280,4760,-0.5522,0.5604,0.0744,0.1621,12.3956,-0.3671,0.0000,1.0000,0.0000,0.2356,56286.7
66,1600,4780,1.3330,2.4868,0.1474,0.5787,9.7062,-0.4172,0.0000,1.0000,0.0000,0.2354,56419.0
66,1920,4800,-1.0211,2.6181,0.3808,0.2974,8.7964,-0.3315,0.0000,1.0000,0.0000,0.2356,56560.2
66,2240,4820,-0.9366,-3.9280,0.0759,0.7195,10.3932,0.0066,-0.0000,1.0000,0.0000,0.2357,56722.3
66,2560,4840,-1.3348,-1.8989,0.0948,0.3610,15.7936,-0.3190,0.0000,1.0000,0.0000,0.2357,56884.1
66,2880,4860,0.3739,-0.3706,0.1262,0.3703,11.6380,-0.2625,0.0000,1.0000,0.0000,0.2356,57030.5
66,3200,4880,0.0535,2.0631,0.1420,0.2204,13.0559,-0.3359,0.0000,1.0000,0.0000,0.2357,57184.6
66,3520,4900,0.7170,-0.4584,0.3274,0.4788,7.2404,-0.1807,0.0000,1.0000,0.0000,0.2358,58931.9
66,3840,4920,-0.9053,-1.4074,0.1358,0.2353,11.2443,-0.2284,0.0000,1.0000,0.0000,0.2360,59024.2
66,4160,4940,-0.2142,1.4891,0.1987,0.1345,10.3175,-0.3394,-0.0000,1.0000,0.0000,0.2361,59109.4
66,4480,4960,1.3983,-1.5236,0.1590,0.1991,8.1255,-0.1131,-0.0000,1.0000,0.0000,0.2360,59188.9
66,4800,4980,-0.0445,-0.8887,0.0900,0.2494,13.0786,-0.3245,0.0000,1.0000,0.0000,0.2359,59277.3
67,128,5000,-0.6818,-0.4865,0.0869,0.2830,11.1448,-0.2690,-0.0000,1.0000,0.0000,0.2360,59369.6
67,448,5020,0.1789,1.1475,0.1506,0.6490,8.7037,-0.3505,0.0000,1.0000,0.0000,0.2360,59465.3
67,768,5040,0.9077,-1.0443,0.1432,0.3106,10.7704,-0.2681,0.0000,1.0000,0.0000,0.2360,59557.3
67,1088,5060,0.5895,-1.0114,0.1419,0.4482,6.9065,-0.1926,-0.0000,1.0000,0.0000,0.2359,59651.9
67,1408,5080,-0.2442,4.2664,0.1188,0.2182,12.1217,-0.5219,0.0000,1.0000,0.0000,0.2359,59749.1
67,1728,5100,-0.1119,-2.3399,0.1624,0.1438,12.0952,-0.0228,0.0000,1.0000,0.0000,0.2360,59848.8
67,2048,5120,0.3645,0.0334,0.1196,0.3114,8.7815,-0.1893,0.0000,1.0000,0.0000,0.2359,59953.1
67,2368,5140,-1.1169,2.6829,0.2269,0.1832,12.4065,-0.3856,0.0000,1.0000,0.0000,0.2360,60057.4
67,2688,5160,-0.6069,-3.4107,0.0936,0.1758,10.3211,-0.1304,0.0000,1.0000,0.0000,0.2359,60160.4
67,3008,5180,0.6501,-0.5375,0.2013,0.3188,9.1329,-0.1841,-0.0000,1.0000,0.0000,0.2360,60274.9
67,3328,5200,-0.7322,-0.5241,0.0925,0.2464,11.4997,-0.3610,-0.0000,1.0000,0.0000,0.2361,60396.0
67,3648,5220,-0.2603,-2.9760,0.0725,0.2441,12.6075,-0.2714,-0.0000,1.0000,0.0000,0.2362,60509.1
67,3968,5240,0.4925,-0.9163,0.2321,0.3768,7.6021,0.1027,0.0000,1.0000,0.0000,0.2363,60623.1
67,4288,5260,-0.4320,-3.4796,0.1226,0.2755,11.6950,-0.3043,-0.0000,1.0000,0.0000,0.2365,60732.0
67,4608,5280,1.0165,0.9730,0.0410,0.1844,13.7974,-0.3505,0.0000,1.0000,0.0000,0.2364,60838.3
67,4928,5300,-0.7909,-4.0879,0.2929,0.2619,12.8357,-0.0872,0.0000,1.0000,0.0000,0.2364,60958.3
68,256,5320,-0.4798,0.1079,0.0299,0.2794,14.5854,-0.3992,-0.0000,1.0000,0.0000,0.2365,61095.0
68,576,5340,1.1480,-2.6380,0.1123,0.1224,10.8515,-0.2039,0.0000,1.0000,0.0000,0.2364,61224.9
68,896,5360,-0.3944,-3.4915,0.0498,0.1032,13.3168,-0.2071,0.0000,1.0000,0.0000,0.2363,61350.7
68,1216,5380,0.3363,0.6706,0.1686,0.1614,12.6267,-0.2502,0.0000,1.0000,0.0000,0.2363,61487.5
68,1536,5400,0.2328,-0.7515,0.1026,0.3139,11.9508,-0.2785,-0.0000,1.0000,0.0000,0.2362,61628.6
68,1856,5420,-0.0284,2.3601,0.1827,0.1364,12.3473,-0.2175,0.0000,1.0000,0.0000,0.2363,61772.3
68,2176,5440,0.7706,2.1879,0.1642,0.1390,13.0623,-0.3966,-0.0000,1.0000,0.0000,0.2362,61920.3
68,2496,5460,-0.3676,1.2588,0.1968,0.0681,10.7785,-0.3298,0.0000,1.0000,0.0000,0.2362,62042.3
68,2816,5480,-0.2999,0.4178,0.0871,0.1385,11.3676,-0.3539,-0.0000,1.0000,0.0000,0.2362,62158.3
68,3136,5500,-0.5422,-1.9328,0.2130,0.1795,9.3393,-0.1313,0.0000,1.0000,0.0000,0.2362,62285.6
68,3456,5520,0.8509,1.1813,0.1511,0.1171,14.1090,-0.3722,0.0000,1.0000,0.0000,0.2362,62421.5
68,3776,5540,0.3241,-1.3683,0.1526,0.4808,9.5050,-0.3099,0.0000,1.0000,0.0000,0.2362,62611.3
68,4096,5560,-0.3457,2.0460,0.4352,0.3148,9.3452,-0.5253,-0.0000,1.0000,0.0000,0.2362,62756.4
68,4416,5580,0.1435,1.7626,0.1324,0.4080,7.5663,-0.3890,-0.0000,1.0000,0.0000,0.2362,62900.5
68,4736,5600,-0.1063,4.5405,0.0290,0.1645,12.0234,-0.5000,0.0000,1.0000,0.0000,0.2362,63081.7
69,64,5620,-1.0012,-1.5229,0.2611,0.3190,9.8242,-0.2518,-0.0000,1.0000,0.0000,0.2363,63246.1
69,384,5640,0.0495,0.5745,0.1379,0.2100,11.2568,-0.2265,-0.0000,1.0000,0.0000,0.2362,63373.5
69,704,5660,0.1692,-0.7023,0.1406,0.2811,13.3809,-0.2476,0.0000,1.0000,0.0000,0.2361,63495.3
69,1024,5680,-1.5947,4.6278,0.1889,0.1462,11.6073,-0.5096,0.0000,1.0000,0.0000,0.2361,63619.8
69,1344,5700,0.0227,-2.2807,0.2447,0.2065,10.2139,-0.0656,0.0000,1.0000,0.0000,0.2360,63734.3
69,1664,5720,0.1434,0.4047,0.2025,0.3153,10.8155,-0.1013,-0.0000,1.0000,0.0000,0.2360,63849.6
69,1984,5740,-0.8038,2.1290,0.0527,0.5110,14.6302,-0.3624,-0.0000,1.0000,0.0000,0.2360,63978.4
69,2304,5760,-0.1348,-2.2992,0.2454,0.1727,13.5531,-0.0846,-0.0000,1.0000,0.0000,0.2359,64083.0
69,2624,5780,0.6431,-0.9355,0.1620,0.1278,12.1432,-0.0569,-0.0000,1.0000,0.0000,0.2359,64209.4
69,2944,5800,0.6866,-1.0489,0.0502,0.1148,13.0201,-0.3064,-0.0000,1.0000,0.0000,0.2359,64346.0
69,3264,5820,-0.3326,4.1849,0.0751,0.1550,11.7346,-0.3878,0.0000,1.0000,0.0000,0.2360,64482.1
69,3584,5840,0.1863,-0.1720,0.0880,0.1071,10.3503,-0.1264,-0.0000,1.0000,0.0000,0.2361,64606.5
69,3904,5860,1.1957,-1.2056,0.3148,0.1411,7.7048,0.0455,-0.0000,1.0000,0.0000,0.2361,64731.2
69,4224,5880,-1.1971,-3.9195,0.2796,0.1558,10.0073,0.0299,-0.0000,1.0000,0.0000,0.2362,64880.8
69,4544,5900,-0.7811,-2.0439,0.1446,0.1875,11.9830,-0.2686,0.0000,1.0000,0.0000,0.2362,65007.0
69,4864,5920,-0.7630,-2.4910,0.0695,0.3969,13.3976,-0.3095,-0.0000,1.0000,0.0000,0.2362,65165.9
70,192,5940,0.0021,6.2046,0.2079,0.1742,10.4137,-0.4865,0.0000,1.0000,0.0000,0.2363,65296.5
70,512,5960,-0.2185,-1.2160,0.1624,0.1366,11.0206,-0.3132,0.0000,1.0000,0.0000,0.2363,65433.9
70,832,5980,1.0716,0.4669,0.2395,0.1459,12.1015,-0.2728,0.0000,1.0000,0.0000,0.2362,65564.4
70,1152,6000,-1.6460,-0.4658,0.0776,0.1397,11.7676,-0.3028,0.0000,1.0000,0.0000,0.2362,65755.6
70,1472,6020,0.2998,2.0802,0.2395,0.1017,11.1103,-0.3465,-0.0000,1.0000,0.0000,0.2362,65896.7
70,1792,6040,-0.1181,0.1339,0.1652,0.1222,11.2623,-0.2060,0.0000,1.0000,0.0000,0.2362,66050.2
70,2112,6060,-0.2248,1.6303,0.1824,0.3010,11.8787,-0.4036,-0.0000,1.0000,0.0000,0.2361,66177.8
70,2432,6080,-0.4866,4.2628,0.0422,0.2231,15.8893,-0.4657,0.0000,1.0000,0.0000,0.2361,66346.3
70,2752,6100,0.1129,1.4005,0.1395,0.1806,9.1839,-0.0815,-0.0000,1.0000,0.0000,0.2361,66470.8
70,3072,6120,-0.9363,-1.9195,0.1285,0.1345,10.4206,-0.0589,0.0000,1.0000,0.0000,0.2362,66586.9
70,3392,6140,0.3136,3.2912,0.1860,0.1493,7.5293,-0.3176,-0.0000,1.0000,0.0000,0.2364,66714.3
70,3712,6160,0.9885,-3.0730,0.1296,0.1411,11.5491,-0.1002,0.0000,1.0000,0.0000,0.2363,66838.5
70,4032,6180,-0.6067,-1.7551,0.2703,0.2000,8.6279,-0.1888,-0.0000,1.0000,0.0000,0.2364,66965.4
70,4352,6200,0.5365,6.2452,0.0661,0.1294,13.3915,-0.4013,0.0000,1.0000,0.0000,0.2364,67103.5
70,4672,6220,1.1475,-1.7033,0.3513,0.4411,6.1401,0.1122,0.0000,1.0000,0.0000,0.2364,67244.5
70,4992,6240,-0.6886,4.3829,0.0649,0.1382,11.8993,-0.4607,0.0000,1.0000,0.0000,0.2363,67386.5
71,320,20,-0.8399,-2.8331,0.1793,0.0405,10.7530,0.0915,0.0000,1.0000,0.0000,0.2844,254.4
71,640,40,-0.1781,-0.6608,0.3107,0.0402,10.2637,-0.1440,0.0000,1.0000,0.0000,0.2500,394.3
71,960,60,0.8704,-0.6915,0.1378,0.0880,12.9202,-0.3025,0.0000,1.0000,0.0000,0.2417,519.4
71,1280,80,0.7893,-0.0342,0.1430,0.1071,12.3929,-0.4299,-0.0000,1.0000,0.0000,0.2367,651.5
71,1600,100,0.1820,4.6014,0.1284,0.0517,9.5338,-0.3974,-0.0000,1.0000,0.0000,0.2387,800.0
71,1920,120,0.3868,-1.9299,0.2559,0.1271,8.8080,0.0381,0.0000,1.0000,0.0000,0.2437,954.1
71,2240,140,-1.3696,-4.9642,0.1808,0.1396,10.4548,0.0392,-0.0000,1.0000,0.0000,0.2437,1135.3
71,2560,160,-0.1447,-3.5639,0.0765,0.1002,15.2848,-0.2998,0.0000,1.0000,0.0000,0.2445,1475.6
71,2880,180,-1.1776,-2.0000,0.3624,0.2858,12.4043,-0.4892,0.0000,1.0000,0.0000,0.2472,1720.5
71,3200,200,0.1587,-1.2825,0.4513,0.5649,13.2715,-0.4895,0.0000,1.0000,0.0000,0.2456,1882.7
71,3520,220,0.7799,-0.2021,0.2707,0.2904,7.9291,-0.1670,-0.0000,1.0000,0.0000,0.2457,2098.1
71,3840,240,0.2026,0.2992,0.0658,0.4186,11.8645,-0.3689,-0.0000,1.0000,0.0000,0.2414,2415.7
71,4160,260,-0.7664,-1.3569,0.2360,0.4521,10.6188,-0.1646,-0.0000,1.0000,0.0000,0.2418,2726.5
71,4480,280,0.5290,1.8875,0.2289,0.3016,7.5910,-0.2488,-0.0000,1.0000,0.0000,0.2404,3007.4
71,4800,300,0.7511,2.3933,0.0463,0.0964,13.9146,-0.4321,0.0000,1.0000,0.0000,0.2387,3197.2
72,128,320,0.2102,-0.8452,0.1748,0.0856,12.0468,-0.2706,0.0000,1.0000,0.0000,0.2402,3341.6
72,448,340,0.1172,0.5086,0.1397,0.1305,9.7725,-0.1314,-0.0000,1.0000,0.0000,0.2397,3480.7
72,768,360,-0.5861,-0.0950,0.1654,0.0858,12.7211,-0.2982,0.0000,1.0000,0.0000,0.2373,3596.9
72,1088,380,0.4928,0.3279,0.2333,0.4945,8.5424,-0.2367,0.0000,1.0000,0.0000,0.2362,3707.5
72,1408,400,0.0981,1.9230,0.1024,0.1171,13.7948,-0.4387,0.0000,1.0000,0.0000,0.2372,3844.8
72,1728,420,1.8062,1.4344,0.1587,0.1430,12.0838,-0.3091,0.0000,1.0000,0.0000,0.2359,3961.1
72,2048,440,-1.0189,-1.1244,0.1798,0.3445,8.2376,-0.1437,0.0000,1.0000,0.0000,0.2361,4096.6
72,2368,460,-0.2900,0.5432,0.1732,0.4287,11.5809,-0.3741,0.0000,1.0000,0.0000,0.2370,4231.4
72,2688,480,-0.2028,-2.2257,0.0616,0.2238,11.6824,-0.2623,0.0000,1.0000,0.0000,0.2356,4356.7
72,3008,500,-1.0934,3.4140,0.1800,0.1664,11.1064,-0.3990,-0.0000,1.0000,0.0000,0.2359,4490.6
72,3328,520,0.2673,3.5002,0.0614,0.1502,12.9306,-0.5009,-0.0000,1.0000,0.0000,0.2361,4620.1
72,3648,540,0.8069,-1.0395,0.2926,0.1290,12.2042,-0.3854,-0.0000,1.0000,0.0000,0.2359,4738.4
72,3968,560,0.2952,-0.9319,0.3559,0.1846,8.7129,0.1317,0.0000,1.0000,0.0000,0.2365,4864.4
72,4288,580,0.4942,-2.3936,0.0473,0.0585,13.2670,-0.3816,-0.0000,1.0000,0.0000,0.2354,4992.9
72,4608,600,0.5670,3.5931,0.1000,0.0673,14.0681,-0.4020,-0.0000,1.0000,0.0000,0.2365,5134.3
72,4928,620,0.8280,-3.6756,0.2109,0.1683,12.5771,-0.1188,-0.0000,1.0000,0.0000,0.2359,5321.8
73,256,640,-0.9214,0.1956,0.0163,0.0999,14.5146,-0.3835,0.0000,1.0000,0.0000,0.2376,5548.0
73,576,660,1.5261,0.1147,0.2267,0.1637,12.4482,-0.2496,-0.0000,1.0000,0.0000,0.2371,5689.9
73,896,680,-1.5065,-0.3569,0.1762,0.2052,14.4086,-0.3428,0.0000,1.0000,0.0000,0.2373,5815.1
73,1216,700,1.1248,5.1770,0.0688,0.2778,13.4821,-0.3809,0.0000,1.0000,0.0000,0.2359,5941.3
73,1536,720,0.5045,4.3941,0.0446,0.3149,12.5260,-0.3860,-0.0000,1.0000,0.0000,0.2362,6078.4
73,1856,740,-0.7562,-0.8668,0.4130,0.1099,12.6679,-0.3138,0.0000,1.0000,0.0000,0.2367,6249.9
73,2176,760,0.2524,-1.4556,0.1006,0.1072,13.0795,-0.3157,-0.0000,1.0000,0.0000,0.2365,6390.9
73,2496,780,0.0833,-2.4277,0.2039,0.1039,11.2590,-0.1645,-0.0000,1.0000,0.0000,0.2365,6506.6
73,2816,800,-1.5517,-0.6860,0.1379,0.3819,12.6181,-0.2777,-0.0000,1.0000,0.0000,0.2366,6637.9
73,3136,820,-0.5737,-0.0572,0.1139,0.3563,10.2409,-0.2520,-0.0000,1.0000,0.0000,0.2371,6797.5
73,3456,840,0.3831,2.7526,0.1445,0.6217,14.0079,-0.4119,0.0000,1.0000,0.0000,0.2379,6969.7
73,3776,860,-0.7205,-1.2631,0.2306,0.4388,12.2625,-0.2709,-0.0000,1.0000,0.0000,0.2389,7117.2
73,4096,880,-0.5950,-1.6550,0.1074,0.5803,11.5199,-0.0474,-0.0000,1.0000,0.0000,0.2391,7254.6
73,4416,900,0.4836,0.0880,0.1527,0.0848,9.1938,-0.2167,0.0000,1.0000,0.0000,0.2392,7382.2
73,4736,920,-1.0107,3.3015,0.1136,0.1595,12.9207,-0.4422,0.0000,1.0000,0.0000,0.2393,7563.5
74,64,940,0.2620,-3.2122,0.2236,0.2496,10.2372,-0.1278,-0.0000,1.0000,0.0000,0.2395,7756.1
74,384,960,-0.1631,-1.0999,0.1356,0.2350,11.8700,-0.2727,-0.0000,1.0000,0.0000,0.2393,7963.4
74,704,980,1.2509,-0.5346,0.0590,0.3364,11.9551,-0.1557,-0.0000,1.0000,0.0000,0.2389,8596.2
74,1024,1000,0.3753,3.4054,0.3040,0.1586,10.9836,-0.4768,0.0000,1.0000,0.0000,0.2385,8834.1
74,1344,1020,0.5370,0.4357,0.1429,0.2338,8.3338,-0.1160,-0.0000,1.0000,0.0000,0.2384,9110.8
74,1664,1040,-0.5184,-0.9665,0.1874,0.3315,9.8091,-0.0602,-0.0000,1.0000,0.0000,0.2387,9271.5
74,1984,1060,0.3477,1.4836,0.1110,0.3274,10.9572,-0.3889,-0.0000,1.0000,0.0000,0.2386,9405.9
74,2304,1080,-0.4040,-1.3965,0.1847,0.1797,12.7491,-0.1955,0.0000,1.0000,0.0000,0.2391,9563.8
74,2624,1100,1.1325,-0.3440,0.2230,0.2333,11.9974,-0.1655,0.0000,1.0000,0.0000,0.2383,9697.0
74,2944,1120,-0.8531,0.0184,0.0529,0.1037,12.9223,-0.3343,0.0000,1.0000,0.0000,0.2391,9842.3
74,3264,1140,-1.2083,1.6946,0.0950,0.2034,13.2811,-0.3968,0.0000,1.0000,0.0000,0.2399,9980.5
74,3584,1160,-0.5296,-6.6152,0.0570,0.2081,11.4997,0.0414,0.0000,1.0000,0.0000,0.2410,10186.4
74,3904,1180,1.2190,-0.9449,0.2465,0.1066,8.8982,-0.0746,-0.0000,1.0000,0.0000,0.2407,10337.3
74,4224,1200,0.6681,0.1884,0.1875,0.1028,9.7768,-0.0973,0.0000,1.0000,0.0000,0.2409,10492.5
74,4544,1220,0.5285,0.5270,0.2200,0.1095,11.9772,-0.2131,-0.0000,1.0000,0.0000,0.2406,10700.1
74,4864,1240,0.3051,-0.4680,0.1550,0.0994,11.4145,-0.3565,0.0000,1.0000,0.0000,0.2407,11079.3
75,192,1260,-0.5621,5.6354,0.2274,0.3413,9.9222,-0.4910,0.0000,1.0000,0.0000,0.2411,11252.7
75,512,1280,-0.0600,-1.8403,0.1180,0.2079,11.0038,-0.3289,-0.0000,1.0000,0.0000,0.2414,11449.9
75,832,1300,0.9636,-0.0579,0.1104,0.3983,12.8106,-0.2572,-0.0000,1.0000,0.0000,0.2407,11586.7
75,1152,1320,-0.1187,4.2865,0.0714,0.1856,11.7383,-0.4305,-0.0000,1.0000,0.0000,0.2407,11730.5
75,1472,1340,0.6189,-2.0597,0.1378,0.1256,11.5666,-0.2482,-0.0000,1.0000,0.0000,0.2407,11944.1
75,1792,1360,-1.8013,-4.1203,0.2609,0.3037,11.2412,-0.1314,0.0000,1.0000,0.0000,0.2407,12242.3
75,2112,1380,-0.7766,2.0096,0.1836,0.2111,10.3488,-0.4117,-0.0000,1.0000,0.0000,0.2406,12356.1
75,2432,1400,-0.1533,-1.8937,0.0662,0.2975,15.9451,-0.3114,0.0000,1.0000,0.0000,0.2406,12459.2
75,2752,1420,1.2366,3.0686,0.1574,0.7675,9.2435,-0.2593,0.0000,1.0000,0.0000,0.2403,12554.1
75,3072,1440,-1.9471,0.5734,0.2287,0.1838,10.6924,-0.2378,0.0000,1.0000,0.0000,0.2402,12664.6
75,3392,1460,0.9379,0.7393,0.1784,0.2493,8.4751,-0.2195,-0.0000,1.0000,0.0000,0.2401,12769.0
75,3712,1480,0.1533,-0.6464,0.1453,0.2036,12.6415,-0.1527,0.0000,1.0000,0.0000,0.2404,12889.2
75,4032,1500,-0.9122,1.4320,0.1050,0.6207,8.8761,-0.3004,-0.0000,1.0000,0.0000,0.2406,12998.9
75,4352,1520,2.1126,6.4313,0.0767,0.3782,13.7730,-0.3874,0.0000,1.0000,0.0000,0.2407,13108.0
75,4672,1540,1.3390,0.1407,0.2734,0.4535,7.0489,-0.0678,-0.0000,1.0000,0.0000,0.2405,13215.1
75,4992,1560,-0.5167,0.3677,0.0606,0.3643,11.8881,-0.3112,0.0000,1.0000,0.0000,0.2401,13316.6
76,320,1580,-0.3466,1.1782,0.2375,0.4232,10.1304,-0.0949,-0.0000,1.0000,0.0000,0.2406,13434.2
76,640,1600,0.0959,-3.0721,0.3288,0.2437,9.9941,-0.1721,-0.0000,1.0000,0.0000,0.2404,13539.9
76,960,1620,-1.4947,-3.2206,0.1196,0.2283,11.5856,-0.2269,0.0000,1.0000,0.0000,0.2403,13644.7
76,1280,1640,-0.7766,-2.9099,0.0997,0.1667,12.8447,-0.2706,-0.0000,1.0000,0.0000,0.2401,13751.3
76,1600,1660,-0.4794,3.2966,0.1275,0.2894,11.0430,-0.4129,-0.0000,1.0000,0.0000,0.2400,13850.4
76,1920,1680,0.8042,-4.8066,0.0926,0.3134,10.2436,-0.0129,-0.0000,1.0000,0.0000,0.2401,13953.9
76,2240,1700,0.4947,3.8696,0.2333,0.3951,11.3198,-0.4039,0.0000,1.0000,0.0000,0.2397,14048.4
76,2560,1720,0.4931,-4.8804,0.1735,0.1068,15.5634,-0.1896,-0.0000,1.0000,0.0000,0.2393,14146.4
76,2880,1740,0.1012,-0.7609,0.1401,0.1311,11.9608,-0.3563,0.0000,1.0000,0.0000,0.2390,14235.6
76,3200,1760,-1.4408,3.8925,0.0949,0.1849,12.0300,-0.3857,0.0000,1.0000,0.0000,0.2391,14330.3
76,3520,1780,0.5509,-0.1317,0.0927,0.1436,8.2810,-0.3175,0.0000,1.0000,0.0000,0.2394,14430.7
76,3840,1800,0.0509,0.0421,0.1836,0.2249,12.5580,-0.2693,-0.0000,1.0000,0.0000,0.2395,14531.3
76,4160,1820,0.7335,-0.7238,0.2224,0.0988,10.7042,-0.1368,-0.0000,1.0000,0.0000,0.2397,14637.5
76,4480,1840,0.6030,-0.4602,0.2869,0.4775,8.8578,-0.2651,0.0000,1.0000,0.0000,0.2398,14741.0
76,4800,1860,-0.8099,-0.0880,0.0406,0.2642,14.7264,-0.4445,0.0000,1.0000,0.0000,0.2394,14836.7
77,128,1880,-0.8504,-2.0628,0.1396,0.0993,12.5652,-0.1836,-0.0000,1.0000,0.0000,0.2396,14951.9
77,448,1900,0.4890,1.9448,0.0904,0.1065,9.7835,-0.3290,-0.0000,1.0000,0.0000,0.2399,15095.9
77,768,1920,0.2631,3.5629,0.2574,0.2091,13.0941,-0.5362,-0.0000,1.0000,0.0000,0.2396,15210.1
77,1088,1940,-0.2486,-2.5269,0.1976,0.2093,9.2645,-0.0644,0.0000,1.0000,0.0000,0.2396,15326.0
77,1408,1960,-0.7580,1.4146,0.1128,0.1281,13.9882,-0.3816,-0.0000,1.0000,0.0000,0.2396,15458.1
77,1728,1980,0.1716,0.8767,0.1265,0.2016,12.4695,-0.2086,-0.0000,1.0000,0.0000,0.2395,15563.3
77,2048,2000,0.4748,-2.0048,0.0445,0.4302,8.5946,-0.0957,-0.0000,1.0000,0.0000,0.2395,15665.1
77,2368,2020,0.8271,-0.2120,0.2606,0.3956,11.5818,-0.2589,0.0000,1.0000,0.0000,0.2394,15770.9
77,2688,2040,0.2274,-2.4717,0.2232,0.4297,8.7925,-0.1856,-0.0000,1.0000,0.0000,0.2391,15865.9
77,3008,2060,-0.3235,2.2548,0.1633,0.3160,9.1522,-0.2622,0.0000,1.0000,0.0000,0.2390,15967.8
77,3328,2080,1.6285,0.8107,0.0874,0.3155,10.2736,-0.3730,0.0000,1.0000,0.0000,0.2389,16079.9
77,3648,2100,-0.1707,-0.2192,0.1350,0.2820,11.4948,-0.2898,-0.0000,1.0000,0.0000,0.2389,16191.0
77,3968,2120,-0.5010,-0.9445,0.2735,0.1956,8.1457,-0.1410,0.0000,1.0000,0.0000,0.2388,16295.0
77,4288,2140,-0.2132,1.5812,0.0869,0.2921,11.8659,-0.4475,-0.0000,1.0000,0.0000,0.2391,16389.9
77,4608,2160,1.2305,3.3275,0.1018,0.2498,14.0185,-0.4745,0.0000,1.0000,0.0000,0.2388,16480.5
77,4928,2180,0.2083,-2.1783,0.1492,0.2762,12.3719,-0.1907,0.0000,1.0000,0.0000,0.2387,16586.1
78,256,2200,-1.1535,-0.0024,0.0605,0.1345,14.8606,-0.3672,-0.0000,1.0000,0.0000,0.2392,16715.8
78,576,2220,0.9083,1.9249,0.1578,0.2617,10.8279,-0.3010,0.0000,1.0000,0.0000,0.2390,16827.8
78,896,2240,0.3176,-0.3568,0.1362,0.1697,12.6055,-0.3034,-0.0000,1.0000,0.0000,0.2388,16945.5
78,1216,2260,0.3988,1.6787,0.1337,0.3592,10.9160,-0.3015,0.0000,1.0000,0.0000,0.2387,17048.4
78,1536,2280,0.8459,1.2975,0.1531,0.1574,11.6249,-0.3382,0.0000,1.0000,0.0000,0.2386,17149.6
78,1856,2300,-0.0249,-2.5614,0.1277,0.1948,12.6841,-0.1030,0.0000,1.0000,0.0000,0.2387,17259.6
78,2176,2320,-1.1819,-3.5405,0.0940,0.1482,13.9612,-0.2763,-0.0000,1.0000,0.0000,0.2386,17368.9
78,2496,2340,-0.8032,-0.9958,0.1317,0.1638,11.5598,-0.2887,-0.0000,1.0000,0.0000,0.2388,17470.3
78,2816,2360,0.1064,2.3979,0.1086,0.2932,13.0552,-0.3709,0.0000,1.0000,0.0000,0.2389,17578.7
78,3136,2380,-0.4264,-1.5679,0.1159,0.1480,10.8824,-0.2303,0.0000,1.0000,0.0000,0.2390,17693.0
78,3456,2400,1.3674,1.4837,0.0656,0.3232,15.7408,-0.4016,0.0000,1.0000,0.0000,0.2390,17809.7
78,3776,2420,-0.8706,-1.0614,0.2853,0.2250,11.6819,-0.2332,-0.0000,1.0000,0.0000,0.2393,17931.1
78,4096,2440,-0.1874,-0.0625,0.1051,0.1793,11.1831,-0.1920,-0.0000,1.0000,0.0000,0.2395,18064.1
78,4416,2460,1.0105,-2.5361,0.2022,0.2485,8.3434,-0.1745,0.0000,1.0000,0.0000,0.2397,18179.8
78,4736,2480,0.2785,5.5518,0.0597,0.1807,12.4752,-0.4977,-0.0000,1.0000,0.0000,0.2397,18294.7
79,64,2500,-0.3529,-1.1065,0.3908,0.1319,9.0055,-0.0234,0.0000,1.0000,0.0000,0.2399,18420.8
79,384,2520,0.4596,-0.0842,0.1521,0.2803,10.3071,-0.3210,0.0000,1.0000,0.0000,0.2399,18539.2
79,704,2540,0.0762,-2.6239,0.1075,0.2823,11.7512,-0.1855,-0.0000,1.0000,0.0000,0.2396,18643.2
79,1024,2560,-0.2568,-2.5655,0.1155,0.2032,11.2781,-0.1418,0.0000,1.0000,0.0000,0.2394,18746.6
79,1344,2580,-0.1605,-0.0382,0.1403,0.2192,8.7776,-0.0081,-0.0000,1.0000,0.0000,0.2396,18865.3
79,1664,2600,0.1226,1.0917,0.1352,0.2164,9.9587,-0.0981,0.0000,1.0000,0.0000,0.2397,18980.9
79,1984,2620,-0.6491,-1.4109,0.0778,0.1070,12.6577,-0.2589,-0.0000,1.0000,0.0000,0.2398,19100.7
79,2304,2640,0.0680,3.0352,0.1850,0.1171,12.5967,-0.2901,-0.0000,1.0000,0.0000,0.2399,19221.2
79,2624,2660,1.5385,-0.7868,0.2433,0.1729,12.6009,-0.0847,0.0000,1.0000,0.0000,0.2396,19345.7
79,2944,2680,-1.4673,-1.6629,0.0553,0.0687,13.9588,-0.3388,-0.0000,1.0000,0.0000,0.2396,19460.1
79,3264,2700,-0.9416,2.0778,0.3508,0.1054,11.3965,-0.4296,0.0000,1.0000,0.0000,0.2398,19602.9
79,3584,2720,0.6552,-1.0131,0.1915,0.2582,10.9577,-0.1644,0.0000,1.0000,0.0000,0.2402,19727.4
79,3904,2740,0.1125,0.1682,0.2910,0.2124,9.2813,-0.0900,0.0000,1.0000,0.0000,0.2403,19848.0
79,4224,2760,-0.5729,-2.5094,0.1332,0.2704,10.7379,0.0041,0.0000,1.0000,0.0000,0.2404,19955.2
79,4544,2780,0.3243,-0.0092,0.2726,0.0713,12.7579,-0.3263,0.0000,1.0000,0.0000,0.2406,20082.8
79,4864,2800,0.7466,-0.3313,0.2269,0.1014,12.3430,-0.2156,0.0000,1.0000,0.0000,0.2406,20237.1
80,192,2820,-0.4624,6.1966,0.3057,0.2173,9.2030,-0.3498,-0.0000,1.0000,0.0000,0.2410,20402.9
80,512,2840,0.9234,-0.1395,0.1365,0.1355,9.0091,-0.3425,-0.0000,1.0000,0.0000,0.2409,20541.6
80,832,2860,-0.6012,-3.9196,0.2207,0.2383,12.3839,-0.1134,0.0000,1.0000,0.0000,0.2407,20670.5
80,1152,2880,0.4120,0.1736,0.0834,0.2862,10.8999,-0.3650,-0.0000,1.0000,0.0000,0.2408,20808.7
80,1472,2900,-0.6367,-1.2526,0.1884,0.0866,11.0996,-0.1717,0.0000,1.0000,0.0000,0.2408,20978.3
80,1792,2920,-0.1433,1.8609,0.1364,0.2469,9.9263,-0.2016,-0.0000,1.0000,0.0000,0.2409,21110.5
80,2112,2940,-0.3440,0.5610,0.1632,0.1242,10.0903,-0.4061,0.0000,1.0000,0.0000,0.2406,21250.3
80,2432,2960,0.1872,-0.7544,0.0573,0.1399,14.8845,-0.3826,-0.0000,1.0000,0.0000,0.2404,21410.4
80,320,20,0.3302,-1.4333,0.2140,0.1284,10.4767,-0.1908,0.0000,1.0000,0.0000,0.2344,242.6
80,640,40,-0.5026,0.4933,0.2585,0.0902,8.7881,-0.1967,-0.0000,1.0000,0.0000,0.2266,491.4
80,960,60,0.6382,-0.5250,0.1170,0.1619,11.1727,-0.3067,0.0000,1.0000,0.0000,0.2302,614.8
80,1280,80,-0.1357,-1.2217,0.2837,0.1088,12.4154,-0.5063,-0.0000,1.0000,0.0000,0.2313,744.4
80,1600,100,-0.3391,1.5292,0.2323,0.3361,9.5201,-0.3881,-0.0000,1.0000,0.0000,0.2344,936.8
80,1920,120,0.2428,-3.6013,0.1509,0.3854,9.9525,-0.0136,-0.0000,1.0000,0.0000,0.2365,1152.7
80,2240,140,-0.8060,-2.5660,0.1186,0.3314,10.7637,-0.1260,-0.0000,1.0000,0.0000,0.2344,1282.3
80,2560,160,0.2385,1.9390,0.0812,0.0436,14.4463,-0.3479,-0.0000,1.0000,0.0000,0.2328,1397.8
80,2880,180,0.8615,1.7498,0.0977,0.1083,11.3655,-0.3097,-0.0000,1.0000,0.0000,0.2368,1539.7
80,3200,200,-0.1349,-0.2449,0.1608,0.1454,13.1191,-0.3470,0.0000,1.0000,0.0000,0.2353,1673.7
80,3520,220,0.5736,-0.8568,0.2983,0.1176,6.7807,-0.1823,-0.0000,1.0000,0.0000,0.2352,1802.8
80,3840,240,-0.4774,0.8449,0.1715,0.1911,10.9178,-0.2842,0.0000,1.0000,0.0000,0.2380,1915.0
80,4160,260,0.6493,-0.3925,0.1223,0.2727,10.0961,-0.2852,-0.0000,1.0000,0.0000,0.2365,2009.1
80,4480,280,0.6554,2.8365,0.2889,0.2685,7.4996,-0.3751,-0.0000,1.0000,0.0000,0.2371,2116.3
80,4800,300,1.0152,3.1875,0.0513,0.0581,12.2620,-0.4495,0.0000,1.0000,0.0000,0.2333,2220.4
81,320,20,-0.9346,0.6156,0.1694,0.0357,9.9766,0.0062,0.0000,1.0000,0.0000,0.3187,218.9
81,640,40,1.0014,0.3763,0.2715,0.1357,9.0025,-0.1865,0.0000,1.0000,0.0000,0.2719,397.3
81,960,60,-0.9705,-4.5854,0.0911,0.2377,11.1274,-0.1531,-0.0000,1.0000,0.0000,0.2562,591.2
81,1280,80,0.2262,2.5123,0.1295,0.1539,10.0912,-0.3844,0.0000,1.0000,0.0000,0.2523,807.8
81,1600,100,0.4234,2.0272,0.1542,0.2245,8.3942,-0.4137,-0.0000,1.0000,0.0000,0.2531,1003.4
81,1920,120,0.5945,-4.1006,0.2490,0.2389,7.8624,0.0044,-0.0000,1.0000,0.0000,0.2500,1220.5
81,2240,140,-0.3157,-1.1183,0.2147,0.1642,9.4711,-0.0929,0.0000,1.0000,0.0000,0.2478,1446.0
81,2560,160,-0.2436,-4.0754,0.0937,0.0599,14.6163,-0.2592,0.0000,1.0000,0.0000,0.2469,1723.6
81,2880,180,-0.7665,-1.3208,0.1278,0.0728,11.1207,-0.1823,0.0000,1.0000,0.0000,0.2517,1916.3
81,3200,200,1.1988,-1.2810,0.1369,0.1202,12.5350,-0.3036,0.0000,1.0000,0.0000,0.2497,2092.7
81,3520,220,-0.3710,-0.6343,0.2061,0.1190,6.5274,-0.1689,0.0000,1.0000,0.0000,0.2520,2278.0
81,3840,240,0.0890,-3.3384,0.0658,0.0973,11.1958,-0.1778,-0.0000,1.0000,0.0000,0.2495,2467.5
81,4160,260,-0.0018,-1.0232,0.2997,0.0624,9.1557,-0.1970,0.0000,1.0000,0.0000,0.2483,2648.4
81,4480,280,-0.2107,0.0901,0.2610,0.1287,6.5974,-0.2309,-0.0000,1.0000,0.0000,0.2493,2834.9
81,4800,300,-0.0943,-2.4715,0.1394,0.0751,11.9426,-0.2741,-0.0000,1.0000,0.0000,0.2467,3019.0
82,128,320,-1.5673,0.8140,0.1353,0.1794,11.4737,-0.3939,0.0000,1.0000,0.0000,0.2490,3209.2
82,448,340,0.2772,1.0286,0.1062,0.2350,7.1765,-0.3647,0.0000,1.0000,0.0000,0.2485,3379.0
82,768,360,0.3182,-0.0087,0.1079,0.1970,10.3827,-0.3865,0.0000,1.0000,0.0000,0.2471,3556.8
82,1088,380,-0.3687,-0.9704,0.2137,0.1199,6.2610,-0.1786,-0.0000,1.0000,0.0000,0.2454,3724.0
82,1408,400,0.7367,-0.8863,0.1734,0.2356,11.5774,-0.3680,0.0000,1.0000,0.0000,0.2447,3921.9
82,1728,420,0.2082,1.5526,0.2554,0.3753,10.0572,-0.2100,-0.0000,1.0000,0.0000,0.2452,4103.2
82,2048,440,0.1521,-0.2312,0.1649,0.2089,6.1683,-0.2657,0.0000,1.0000,0.0000,0.2442,4270.3
82,2368,460,-1.4209,-1.2575,0.1623,0.1102,11.5864,-0.2852,-0.0000,1.0000,0.0000,0.2440,4437.0
82,2688,480,-0.5981,-2.6490,0.1418,0.1444,10.1058,-0.2013,0.0000,1.0000,0.0000,0.2440,4607.0
82,3008,500,-1.8246,0.3950,0.1448,0.6543,10.6604,-0.2572,-0.0000,1.0000,0.0000,0.2454,4782.0
82,3328,520,0.6552,3.8380,0.3213,0.1677,11.0038,-0.4984,0.0000,1.0000,0.0000,0.2460,4948.1
82,3648,540,0.6651,-3.8162,0.2141,0.1591,11.4554,-0.1845,-0.0000,1.0000,0.0000,0.2472,5113.1
82,3968,560,-0.6726,-1.1666,0.2596,0.5696,8.4372,-0.0200,0.0000,1.0000,0.0000,0.2465,5256.9
82,4288,580,0.7892,-0.6127,0.0640,0.1039,11.9241,-0.3946,-0.0000,1.0000,0.0000,0.2462,5410.3
82,4608,600,0.3541,1.1029,0.1229,0.0998,13.0084,-0.3876,-0.0000,1.0000,0.0000,0.2467,5562.9
82,4928,620,-1.1428,0.3636,0.2546,0.1940,11.6002,-0.2368,0.0000,1.0000,0.0000,0.2461,5702.6
83,256,640,0.5044,-2.4300,0.0953,0.1920,13.0523,-0.3161,-0.0000,1.0000,0.0000,0.2482,5874.5
83,576,660,0.5514,0.6628,0.1344,0.1432,9.7757,-0.3321,0.0000,1.0000,0.0000,0.2470,6015.3
83,896,680,-1.1663,-3.9786,0.1999,0.1445,12.2533,-0.1764,0.0000,1.0000,0.0000,0.2467,6167.9
83,1216,700,0.1179,1.9932,0.1480,0.1383,10.5284,-0.4270,-0.0000,1.0000,0.0000,0.2463,6344.1
83,1536,720,0.8829,3.5396,0.1178,0.0786,11.7363,-0.3668,0.0000,1.0000,0.0000,0.2475,6505.1
83,1856,740,-0.6969,-0.1077,0.1524,0.2519,12.2689,-0.1292,-0.0000,1.0000,0.0000,0.2482,6679.9
83,2176,760,0.0023,2.0958,0.1041,0.1565,12.1688,-0.3566,0.0000,1.0000,0.0000,0.2484,6852.3
83,2496,780,1.3722,-1.6549,0.3016,0.2971,8.4401,-0.1287,-0.0000,1.0000,0.0000,0.2492,7015.2
83,2816,800,-0.1166,-1.9695,0.2422,0.3933,10.2882,-0.2037,-0.0000,1.0000,0.0000,0.2495,7202.9
83,3136,820,-0.1245,1.0790,0.1580,0.5062,9.0760,-0.3005,0.0000,1.0000,0.0000,0.2495,7371.7
83,3456,840,0.6642,0.1211,0.0587,0.1446,14.8131,-0.3548,0.0000,1.0000,0.0000,0.2498,7546.2
83,3776,860,1.1508,-0.4717,0.2716,0.2555,11.0393,-0.2737,-0.0000,1.0000,0.0000,0.2498,7710.9
83,4096,880,-0.8050,1.4537,0.2541,0.1429,11.0269,-0.4094,0.0000,1.0000,0.0000,0.2503,7881.9
83,4416,900,0.1900,-0.9583,0.2276,0.3787,7.8216,-0.2060,0.0000,1.0000,0.0000,0.2504,8046.3
83,4736,920,-0.1060,0.4947,0.1190,0.0977,11.7123,-0.4250,0.0000,1.0000,0.0000,0.2500,8194.9
84,64,940,-0.9835,-1.7532,0.2638,0.0860,9.0517,-0.0850,0.0000,1.0000,0.0000,0.2507,8370.1
84,384,960,0.0314,-1.8769,0.1066,0.1818,10.6469,-0.3297,-0.0000,1.0000,0.0000,0.2499,8525.7
84,704,980,-1.4594,-0.7672,0.1129,0.2567,11.6943,-0.2254,0.0000,1.0000,0.0000,0.2494,8696.6
84,1024,1000,-0.2312,2.5105,0.2344,0.1231,10.8113,-0.3144,0.0000,1.0000,0.0000,0.2494,8859.8
84,1344,1020,0.6951,-0.5731,0.2628,0.1559,8.3804,-0.1950,0.0000,1.0000,0.0000,0.2496,9039.7
84,1664,1040,-1.4412,-1.6595,0.1387,0.3419,10.3726,-0.0079,0.0000,1.0000,0.0000,0.2498,9219.9
84,1984,1060,0.4021,-0.0915,0.1867,0.3971,11.8091,-0.2971,0.0000,1.0000,0.0000,0.2490,9398.7
84,2304,1080,-1.1405,-2.3175,0.1451,0.1401,12.6505,-0.1729,-0.0000,1.0000,0.0000,0.2495,9592.7
84,2624,1100,-0.9057,-4.9653,0.4086,0.3758,12.1111,0.0263,-0.0000,1.0000,0.0000,0.2493,9801.1
84,2944,1120,-0.6248,0.5267,0.1104,0.3784,13.6723,-0.3463,-0.0000,1.0000,0.0000,0.2492,9981.6
84,3264,1140,0.4159,-1.1502,0.0501,0.2455,11.6128,-0.2471,-0.0000,1.0000,0.0000,0.2493,10183.3
84,3584,1160,0.5250,-3.3117,0.1846,0.1395,10.5536,-0.0226,-0.0000,1.0000,0.0000,0.2502,10376.8
84,3904,1180,0.2517,-1.2872,0.3918,0.3086,8.1949,0.0589,-0.0000,1.0000,0.0000,0.2504,10568.1
84,4224,1200,0.9526,0.1121,0.1241,0.2270,9.8530,-0.0731,0.0000,1.0000,0.0000,0.2501,10736.5
84,4544,1220,0.7700,-1.9391,0.1403,0.1575,11.6060,-0.1960,0.0000,1.0000,0.0000,0.2498,11011.1
84,4864,1240,-0.2460,0.1072,0.0426,0.3131,11.3324,-0.3774,0.0000,1.0000,0.0000,0.2492,11489.1
85,192,1260,0.4056,8.0883,0.3278,0.0902,9.3411,-0.5210,-0.0000,1.0000,0.0000,0.2495,11779.2
85,512,1280,-0.2531,-0.2146,0.0888,0.2071,8.6297,-0.3352,0.0000,1.0000,0.0000,0.2493,11995.2
85,832,1300,0.4164,-1.5551,0.1234,0.1062,12.1987,-0.1267,-0.0000,1.0000,0.0000,0.2489,12174.9
85,1152,1320,-0.8706,-4.0794,0.0957,0.2324,11.3782,-0.2500,-0.0000,1.0000,0.0000,0.2489,12342.9
85,1472,1340,-0.8223,2.0821,0.2178,0.1259,10.1384,-0.3480,0.0000,1.0000,0.0000,0.2491,12552.4
85,1792,1360,0.5539,-1.0621,0.1930,0.1252,9.5480,-0.1036,-0.0000,1.0000,0.0000,0.2491,12667.8
85,2112,1380,-0.7547,-3.3482,0.2564,0.1735,9.2057,-0.0889,-0.0000,1.0000,0.0000,0.2485,12801.3
85,2432,1400,-0.5917,-2.6546,0.1355,0.1523,14.7756,-0.2582,-0.0000,1.0000,0.0000,0.2483,12916.7
85,2752,1420,-0.4414,0.5038,0.2910,0.2154,8.6728,-0.1735,0.0000,1.0000,0.0000,0.2482,13038.3
85,3072,1440,0.1416,-1.2468,0.1417,0.1028,9.1582,-0.0816,-0.0000,1.0000,0.0000,0.2483,13161.4
85,3392,1460,1.5814,-0.5971,0.2684,0.3471,7.3383,-0.0710,-0.0000,1.0000,0.0000,0.2482,13287.9
85,3712,1480,0.8002,4.1573,0.4674,0.2999,11.6276,-0.3942,0.0000,1.0000,0.0000,0.2480,13416.5
85,4032,1500,0.3170,3.8972,0.0874,0.3343,7.5232,-0.4411,0.0000,1.0000,0.0000,0.2478,13539.0
85,4352,1520,0.1446,5.3766,0.0757,0.2517,13.7425,-0.4493,0.0000,1.0000,0.0000,0.2479,13674.2
85,4672,1540,-0.0527,1.3361,0.2957,0.8865,6.4357,-0.1482,-0.0000,1.0000,0.0000,0.2480,13839.3
85,4992,1560,-1.5958,-2.0824,0.1662,0.2006,11.4836,-0.3561,-0.0000,1.0000,0.0000,0.2478,14013.9
86,320,1580,0.0711,-1.0343,0.2658,0.4485,10.5013,-0.1126,0.0000,1.0000,0.0000,0.2481,14168.3
86,640,1600,-0.0674,-0.7272,0.2107,0.3743,9.4104,-0.2030,-0.0000,1.0000,0.0000,0.2477,14306.1
86,960,1620,-0.0236,-1.0302,0.1190,0.2708,9.4469,-0.1523,0.0000,1.0000,0.0000,0.2477,14423.5
86,1280,1640,0.2366,1.7624,0.0816,0.2055,9.8667,-0.3769,-0.0000,1.0000,0.0000,0.2477,14548.1
86,1600,1660,0.2913,1.1424,0.0977,0.0921,8.0172,-0.4109,0.0000,1.0000,0.0000,0.2474,14680.6
86,1920,1680,-0.0639,-1.8441,0.2384,0.1531,7.9531,-0.0296,0.0000,1.0000,0.0000,0.2476,14821.4
86,2240,1700,-0.7768,-3.9540,0.1747,0.3723,9.3320,-0.0498,0.0000,1.0000,0.0000,0.2476,14956.0
86,2560,1720,0.0114,-4.1731,0.2118,0.2074,13.9128,-0.1871,-0.0000,1.0000,0.0000,0.2476,15086.9
86,2880,1740,-0.7693,-1.4217,0.1246,0.0573,11.0088,-0.2156,0.0000,1.0000,0.0000,0.2478,15212.6
86,3200,1760,0.2332,0.0916,0.1296,0.2336,12.2446,-0.3595,0.0000,1.0000,0.0000,0.2474,15429.9
86,3520,1780,1.2096,0.1211,0.2189,0.3144,5.6939,-0.1062,0.0000,1.0000,0.0000,0.2474,15552.8
86,3840,1800,-0.5919,-2.5380,0.1240,0.1916,10.2215,-0.2592,-0.0000,1.0000,0.0000,0.2474,15678.8
86,4160,1820,-0.3518,0.4053,0.1965,0.5100,9.6003,-0.1791,-0.0000,1.0000,0.0000,0.2473,15797.3
86,4480,1840,1.0661,2.1467,0.1345,0.2550,7.7772,-0.3053,-0.0000,1.0000,0.0000,0.2470,15914.3
86,4800,1860,-0.5712,1.5702,0.0688,0.0670,12.3258,-0.4734,-0.0000,1.0000,0.0000,0.2469,16034.1
87,128,1880,-1.1011,-3.3562,0.0957,0.3252,12.2253,-0.1961,0.0000,1.0000,0.0000,0.2470,16159.5
87,448,1900,1.5719,2.0564,0.1734,0.4726,9.7287,-0.4137,-0.0000,1.0000,0.0000,0.2467,16279.2
87,768,1920,-0.4160,-0.6320,0.1965,0.7297,13.3988,-0.3117,0.0000,1.0000,0.0000,0.2463,16393.2
87,1088,1940,0.0537,-0.4416,0.1565,0.5865,8.4929,-0.1180,0.0000,1.0000,0.0000,0.2462,16510.8
87,1408,1960,-0.0333,0.0862,0.0718,0.1900,12.1392,-0.4323,-0.0000,1.0000,0.0000,0.2463,16649.6
87,1728,1980,-0.1012,-3.4364,0.1297,0.1267,11.5269,-0.0628,0.0000,1.0000,0.0000,0.2465,16778.6
87,2048,2000,-0.6211,-0.7875,0.1872,0.1921,9.2653,-0.1662,0.0000,1.0000,0.0000,0.2468,16904.6
87,2368,2020,-1.1657,-2.0324,0.3152,0.3601,11.7248,-0.1375,-0.0000,1.0000,0.0000,0.2471,17017.9
87,2688,2040,1.2332,-1.2162,0.1599,0.1122,9.0985,-0.2060,0.0000,1.0000,0.0000,0.2468,17133.6
87,3008,2060,0.0957,1.6935,0.1165,0.1833,9.4207,-0.2551,0.0000,1.0000,0.0000,0.2467,17252.0
87,3328,2080,-1.0506,-1.1175,0.3938,0.1428,11.4611,-0.4406,0.0000,1.0000,0.0000,0.2469,17377.6
87,3648,2100,0.8601,-0.6148,0.2107,0.1859,11.7706,-0.3189,-0.0000,1.0000,0.0000,0.2470,17485.5
87,3968,2120,0.9273,-0.7548,0.3444,0.1977,6.7172,-0.0469,0.0000,1.0000,0.0000,0.2471,17605.6
87,4288,2140,-0.5236,-1.4206,0.0460,0.1622,11.2170,-0.3938,0.0000,1.0000,0.0000,0.2470,17721.0
87,4608,2160,0.8136,-0.8629,0.0882,0.2738,12.2822,-0.3266,0.0000,1.0000,0.0000,0.2469,17824.3
87,4928,2180,-1.0911,-2.0458,0.1705,0.2788,11.7451,-0.3168,0.0000,1.0000,0.0000,0.2469,17938.5
88,256,2200,-1.3970,1.5051,0.1032,0.4635,15.2370,-0.4656,0.0000,1.0000,0.0000,0.2471,18060.0
88,576,2220,-0.4579,2.3726,0.0982,0.1861,10.5913,-0.3654,0.0000,1.0000,0.0000,0.2470,18179.9
88,896,2240,1.6663,2.8365,0.1858,0.1213,12.2783,-0.4363,0.0000,1.0000,0.0000,0.2467,18288.9
88,1216,2260,-0.2366,-1.3424,0.0788,0.1248,10.1871,-0.2879,0.0000,1.0000,0.0000,0.2466,18400.9
88,1536,2280,0.3752,-0.5783,0.1973,0.1354,10.1066,-0.3291,0.0000,1.0000,0.0000,0.2467,18507.3
88,1856,2300,-0.2771,-3.2044,0.0957,0.1209,11.9705,-0.0428,0.0000,1.0000,0.0000,0.2469,18624.1
88,2176,2320,0.6024,5.2981,0.0644,0.1480,11.6156,-0.4333,0.0000,1.0000,0.0000,0.2469,18743.5
88,2496,2340,-0.0760,0.8085,0.2280,0.1536,9.2891,-0.4554,0.0000,1.0000,0.0000,0.2470,18853.8
88,2816,2360,0.1111,-0.1657,0.1804,0.0882,10.9497,-0.3073,0.0000,1.0000,0.0000,0.2467,18961.8
88,3136,2380,-1.3267,-0.2691,0.0912,0.0886,9.7183,-0.2840,0.0000,1.0000,0.0000,0.2469,19068.6
88,3456,2400,-0.0764,5.4207,0.0730,0.1084,14.5971,-0.5000,0.0000,1.0000,0.0000,0.2469,19182.4
88,3776,2420,0.2378,-2.9739,0.1083,0.1001,10.2392,-0.1987,0.0000,1.0000,0.0000,0.2468,19285.1
88,4096,2440,-1.0818,-3.3735,0.1480,0.1186,10.3079,-0.2281,0.0000,1.0000,0.0000,0.2470,19387.0
88,4416,2460,-1.2871,-0.6767,0.1559,0.3306,7.3210,-0.2084,0.0000,1.0000,0.0000,0.2472,19494.7
88,4736,2480,-0.0550,-1.6848,0.0982,0.3429,12.0228,-0.3143,-0.0000,1.0000,0.0000,0.2470,19596.6
89,64,2500,-0.1326,-1.8700,0.2077,0.2457,8.5175,-0.0381,-0.0000,1.0000,0.0000,0.2472,19710.0
89,384,2520,0.3224,-2.6776,0.1688,0.4385,9.5643,-0.1810,-0.0000,1.0000,0.0000,0.2470,19817.8
89,704,2540,0.0951,0.9780,0.0993,0.2672,12.5670,-0.2303,0.0000,1.0000,0.0000,0.2469,19929.1
89,1024,2560,1.1537,2.3758,0.2819,0.1498,10.7573,-0.3276,0.0000,1.0000,0.0000,0.2470,20037.2
89,1344,2580,0.2534,0.2725,0.2109,0.2588,7.0537,-0.2072,0.0000,1.0000,0.0000,0.2470,20156.7
89,1664,2600,0.1960,-0.3233,0.1677,0.1093,8.9477,-0.1017,-0.0000,1.0000,0.0000,0.2471,20264.3
89,1984,2620,-0.4379,-3.6278,0.0438,0.1233,11.3694,-0.1677,0.0000,1.0000,0.0000,0.2470,20367.2
89,2304,2640,0.8709,1.0016,0.1106,0.0794,12.3530,-0.1660,0.0000,1.0000,0.0000,0.2470,20473.2
89,2624,2660,0.1383,-1.7239,0.2256,0.0969,11.8466,-0.1285,-0.0000,1.0000,0.0000,0.2467,20582.8
89,2944,2680,-1.8301,2.0173,0.0996,0.1132,13.1602,-0.4336,-0.0000,1.0000,0.0000,0.2470,20691.6
89,3264,2700,0.8828,1.4660,0.0443,0.0733,10.1343,-0.3300,0.0000,1.0000,0.0000,0.2471,20790.0
89,3584,2720,0.8156,-2.8280,0.2325,0.0843,10.2510,-0.1333,0.0000,1.0000,0.0000,0.2470,20893.4
89,3904,2740,-0.9489,-2.8740,0.2925,0.1164,7.2269,0.1418,0.0000,1.0000,0.0000,0.2471,21000.6
89,4224,2760,-0.0977,-0.2045,0.1830,0.1311,9.3776,-0.0568,0.0000,1.0000,0.0000,0.2473,21111.7
89,4544,2780,0.5869,-1.5742,0.2091,0.3122,11.5126,-0.1261,-0.0000,1.0000,0.0000,0.2474,21223.7
89,4864,2800,-0.0493,-3.1071,0.0611,0.3948,11.9372,-0.3200,-0.0000,1.0000,0.0000,0.2472,21335.3
90,192,2820,-0.8210,7.4282,0.3573,0.1703,9.9440,-0.5000,-0.0000,1.0000,0.0000,0.2475,21457.6
90,512,2840,1.3417,1.5863,0.3709,0.1464,9.1724,-0.4158,0.0000,1.0000,0.0000,0.2476,21574.6
90,832,2860,0.1836,-1.5506,0.1549,0.2476,11.2975,-0.0771,0.0000,1.0000,0.0000,0.2476,21687.1
90,1152,2880,-0.1129,-2.1631,0.1134,0.1872,9.6892,-0.2503,0.0000,1.0000,0.0000,0.2476,21791.6
90,1472,2900,-0.7285,-2.5548,0.1380,0.1525,10.1735,-0.2009,-0.0000,1.0000,0.0000,0.2477,21903.9
90,1792,2920,0.6652,0.2283,0.1366,0.2742,9.4310,-0.1418,0.0000,1.0000,0.0000,0.2476,22003.3
90,2112,2940,0.6530,-3.2379,0.2670,0.2770,8.6556,-0.0570,0.0000,1.0000,0.0000,0.2475,22116.3
90,2432,2960,0.7545,2.1253,0.0895,0.3022,13.9612,-0.3967,-0.0000,1.0000,0.0000,0.2474,22229.1
90,2752,2980,0.7275,1.2153,0.1949,0.3337,7.0650,-0.2767,0.0000,1.0000,0.0000,0.2474,22333.3
90,3072,3000,-0.8999,-0.7884,0.2056,0.2396,8.4266,-0.1584,-0.0000,1.0000,0.0000,0.2473,22435.6
90,3392,3020,0.3197,1.6123,0.2050,0.2105,6.2632,-0.3990,-0.0000,1.0000,0.0000,0.2473,22545.6
90,3712,3040,0.1350,-0.2863,0.1344,0.3956,10.3937,-0.2023,0.0000,1.0000,0.0000,0.2473,22661.7
90,4032,3060,0.1705,0.2010,0.0943,0.5067,7.2411,-0.2662,0.0000,1.0000,0.0000,0.2471,22768.0
90,4352,3080,-0.5711,4.0248,0.0275,0.2369,12.8396,-0.3321,-0.0000,1.0000,0.0000,0.2472,22871.6
90,4672,3100,-0.1961,-0.6307,0.1789,0.6248,5.4449,-0.0054,-0.0000,1.0000,0.0000,0.2474,22972.8
90,4992,3120,0.5921,3.7357,0.1674,0.1697,9.3073,-0.4681,-0.0000,1.0000,0.0000,0.2472,23080.6
91,320,3140,0.2813,-0.4889,0.2242,0.4909,7.8678,-0.0368,0.0000,1.0000,0.0000,0.2475,23204.5
91,640,3160,-0.3217,0.9323,0.4318,0.6089,7.3469,-0.2594,0.0000,1.0000,0.0000,0.2476,23320.1
91,960,3180,0.2148,-4.2835,0.1482,0.2752,10.5763,-0.0384,0.0000,1.0000,0.0000,0.2474,23430.5
91,1280,3200,-0.5003,3.2388,0.0928,0.1554,10.7212,-0.4348,0.0000,1.0000,0.0000,0.2474,23548.7
91,1600,3220,-0.2216,3.3005,0.0997,0.1786,7.3715,-0.4382,0.0000,1.0000,0.0000,0.2473,23653.3
91,1920,3240,-0.8153,-0.1735,0.1896,0.1593,8.5123,-0.1514,-0.0000,1.0000,0.0000,0.2475,23763.8
91,2240,3260,-0.6762,1.9239,0.1416,0.2184,9.7680,-0.3172,0.0000,1.0000,0.0000,0.2472,23875.3
91,2560,3280,0.1957,-4.0820,0.1323,0.1092,14.7260,-0.2096,0.0000,1.0000,0.0000,0.2472,23985.9
91,2880,3300,-0.2994,-1.9001,0.1006,0.1563,11.6305,-0.2518,0.0000,1.0000,0.0000,0.2472,24086.8
91,3200,3320,-0.3555,0.4306,0.1643,0.1669,12.5298,-0.3350,-0.0000,1.0000,0.0000,0.2473,24198.1
91,3520,3340,1.1175,0.1494,0.1270,0.3071,7.0048,-0.2243,-0.0000,1.0000,0.0000,0.2473,24307.7
91,3840,3360,-0.3294,0.7641,0.1400,0.4278,11.1177,-0.2660,0.0000,1.0000,0.0000,0.2473,24420.5
91,4160,3380,0.4117,2.1095,0.2177,0.3095,9.6246,-0.3443,0.0000,1.0000,0.0000,0.2474,24527.2
91,4480,3400,0.4561,0.2216,0.1725,0.2495,7.7760,-0.2353,-0.0000,1.0000,0.0000,0.2474,24622.6
91,4800,3420,-0.1864,-0.6991,0.0949,0.1163,12.2781,-0.3245,0.0000,1.0000,0.0000,0.2473,24730.9
92,128,3440,-0.6001,0.5452,0.1545,0.1765,11.1075,-0.2801,-0.0000,1.0000,0.0000,0.2474,24839.2
92,448,3460,0.0335,-0.5157,0.3546,0.2601,9.2462,-0.1187,-0.0000,1.0000,0.0000,0.2475,24951.7
92,768,3480,-0.1040,-0.4694,0.0459,0.1969,11.7479,-0.2630,0.0000,1.0000,0.0000,0.2474,25055.1
92,1088,3500,0.5532,0.9884,0.1306,0.2369,7.5963,-0.1954,-0.0000,1.0000,0.0000,0.2475,25161.9
92,1408,3520,0.5583,5.5100,0.0382,0.3131,13.8044,-0.5010,0.0000,1.0000,0.0000,0.2473,25273.8
92,1728,3540,0.5924,1.9917,0.1266,0.2058,12.2087,-0.3562,-0.0000,1.0000,0.0000,0.2469,25368.7
92,2048,3560,-0.5687,0.8103,0.1839,0.7592,10.1062,-0.3105,0.0000,1.0000,0.0000,0.2469,25482.2
92,2368,3580,-0.3446,3.4821,0.1805,0.1066,11.5269,-0.3589,-0.0000,1.0000,0.0000,0.2470,25588.5
92,2688,3600,0.4034,-3.9608,0.3716,0.2257,8.9243,0.0109,-0.0000,1.0000,0.0000,0.2470,25698.2
92,3008,3620,-0.1098,2.4123,0.1255,0.2387,9.2654,-0.3615,0.0000,1.0000,0.0000,0.2468,25806.4
92,3328,3640,-1.1885,0.9352,0.0238,0.1268,10.9613,-0.3460,-0.0000,1.0000,0.0000,0.2469,25919.2
92,3648,3660,1.2955,2.5329,0.1498,0.2300,11.6213,-0.3395,0.0000,1.0000,0.0000,0.2470,26028.5
92,3968,3680,0.7923,-2.3814,0.4266,0.3058,6.7008,0.1313,0.0000,1.0000,0.0000,0.2469,26138.1
92,4288,3700,0.2159,3.3187,0.0170,0.0833,12.0351,-0.4702,-0.0000,1.0000,0.0000,0.2467,26242.2
92,4608,3720,-0.3490,1.4153,0.0909,0.1405,13.5726,-0.4383,-0.0000,1.0000,0.0000,0.2468,26353.0
92,4928,3740,-0.5474,-1.1540,0.1490,0.2431,12.3161,-0.1491,-0.0000,1.0000,0.0000,0.2468,26466.4
93,256,3760,-0.7464,4.0093,0.0234,0.1513,14.4701,-0.4231,0.0000,1.0000,0.0000,0.2470,26581.6
93,576,3780,1.5548,4.0676,0.1683,0.1830,10.4458,-0.4214,-0.0000,1.0000,0.0000,0.2469,26694.7
93,896,3800,-0.2273,-4.1186,0.6620,0.1654,12.5804,-0.4087,-0.0000,1.0000,0.0000,0.2469,26803.4
93,1216,3820,0.2734,1.4214,0.1157,0.2404,11.0326,-0.3265,0.0000,1.0000,0.0000,0.2467,26905.4
93,1536,3840,0.2469,0.9764,0.1248,0.2362,12.0024,-0.3026,-0.0000,1.0000,0.0000,0.2466,27017.9
93,1856,3860,-1.0320,-6.5926,0.0972,0.0912,12.5046,0.0136,0.0000,1.0000,0.0000,0.2467,27141.5
93,2176,3880,-0.8741,-0.5313,0.2047,0.2069,12.8826,-0.2236,0.0000,1.0000,0.0000,0.2468,27255.3
93,2496,3900,0.2189,2.5494,0.1199,0.1432,10.9590,-0.3361,0.0000,1.0000,0.0000,0.2468,27366.1
93,2816,3920,1.1380,-1.1937,0.1074,0.0746,11.2660,-0.2723,0.0000,1.0000,0.0000,0.2468,27473.8
93,3136,3940,0.4636,0.0767,0.1729,0.0759,9.4603,-0.2574,0.0000,1.0000,0.0000,0.2468,27589.7
93,3456,3960,-0.0289,1.3553,0.1322,0.1220,14.5158,-0.4475,0.0000,1.0000,0.0000,0.2467,27701.2
93,3776,3980,-0.5309,-3.5895,0.3140,0.1060,10.9596,-0.0816,0.0000,1.0000,0.0000,0.2468,27813.8
93,4096,4000,0.0490,0.3605,0.1681,0.1720,10.9703,-0.2644,0.0000,1.0000,0.0000,0.2468,27924.7
93,4416,4020,-0.0959,1.4715,0.1596,0.3121,7.8147,-0.3374,-0.0000,1.0000,0.0000,0.2467,28040.4
93,4736,4040,1.1604,6.3640,0.0783,0.1152,10.3231,-0.5000,-0.0000,1.0000,0.0000,0.2468,28155.0
94,64,4060,-0.2844,-3.3503,0.2971,0.0843,8.7531,-0.1242,0.0000,1.0000,0.0000,0.2470,28287.6
94,384,4080,-0.6488,-1.1192,0.1778,0.2313,8.9560,-0.2277,-0.0000,1.0000,0.0000,0.2469,28405.6
94,704,4100,0.4811,-0.1694,0.1741,0.4677,11.8731,-0.1939,-0.0000,1.0000,0.0000,0.2468,28526.9
94,1024,4120,0.3544,1.1298,0.1089,0.2544,10.8092,-0.2780,-0.0000,1.0000,0.0000,0.2467,28633.6
94,1344,4140,0.3634,-0.9534,0.2133,0.3984,7.6105,-0.0081,-0.0000,1.0000,0.0000,0.2465,28745.8
94,1664,4160,1.3219,-0.3037,0.1868,0.4388,9.4061,-0.1563,0.0000,1.0000,0.0000,0.2465,28856.9
94,1984,4180,0.6062,-0.7812,0.0971,0.2661,10.0125,-0.3414,0.0000,1.0000,0.0000,0.2463,28974.7
94,2304,4200,-0.3910,-1.4269,0.2121,0.0710,12.0450,-0.1449,0.0000,1.0000,0.0000,0.2463,29085.6
94,2624,4220,1.1729,-0.1705,0.2115,0.2048,11.3577,-0.1285,-0.0000,1.0000,0.0000,0.2461,29198.9
94,2944,4240,-1.2809,6.6196,0.1086,0.1449,11.8696,-0.5045,0.0000,1.0000,0.0000,0.2463,29311.7
94,3264,4260,0.1127,2.9817,0.0575,0.0703,10.2096,-0.3945,-0.0000,1.0000,0.0000,0.2464,29427.0
94,3584,4280,-0.1995,-3.5904,0.3326,0.1107,10.5592,-0.0306,-0.0000,1.0000,0.0000,0.2466,29548.8
94,3904,4300,-0.1693,1.7716,0.3852,0.3467,7.6955,-0.2063,0.0000,1.0000,0.0000,0.2466,29664.1
94,4224,4320,0.2417,0.6139,0.1379,0.3942,9.3551,-0.1618,0.0000,1.0000,0.0000,0.2465,29763.0
94,4544,4340,0.6618,-1.2171,0.3198,0.5727,10.4291,-0.2264,0.0000,1.0000,0.0000,0.2466,29877.7
94,4864,4360,0.8556,-1.1653,0.0982,0.2452,9.1012,-0.2914,0.0000,1.0000,0.0000,0.2465,29991.2
95,192,4380,0.5879,6.7157,0.1283,0.1076,9.3623,-0.5000,0.0000,1.0000,0.0000,0.2463,30109.6
95,512,4400,-0.1303,0.3103,0.0750,0.2440,8.1159,-0.3723,-0.0000,1.0000,0.0000,0.2463,30228.6
95,832,4420,0.0410,3.6335,0.2120,0.2329,11.7685,-0.1405,-0.0000,1.0000,0.0000,0.2462,30336.6
95,1152,4440,0.3030,-2.0294,0.1160,0.1118,10.6867,-0.2848,0.0000,1.0000,0.0000,0.2462,30454.5
95,1472,4460,-0.3427,-2.8731,0.0867,0.2274,10.4858,-0.1480,0.0000,1.0000,0.0000,0.2463,30574.0
95,1792,4480,0.1523,0.9695,0.1523,0.2030,9.5485,-0.2199,0.0000,1.0000,0.0000,0.2464,30692.3
95,2112,4500,0.6420,-0.5868,0.1200,0.3021,9.5600,-0.2809,0.0000,1.0000,0.0000,0.2463,30812.0
95,2432,4520,0.3750,-1.2500,0.0822,0.2843,15.1608,-0.3423,-0.0000,1.0000,0.0000,0.2463,30926.8
95,2752,4540,-1.0411,1.3089,0.5249,0.2464,8.2893,-0.4508,-0.0000,1.0000,0.0000,0.2463,31039.6
95,3072,4560,-0.0571,1.6824,0.2458,0.0800,8.2743,-0.2248,0.0000,1.0000,0.0000,0.2463,31149.3
95,3392,4580,0.4556,2.2435,0.1693,0.1056,6.6007,-0.3145,-0.0000,1.0000,0.0000,0.2463,31265.4
95,3712,4600,0.3611,-2.7336,0.2348,0.1687,11.2154,-0.0294,-0.0000,1.0000,0.0000,0.2463,31380.6
95,4032,4620,0.4450,-0.8271,0.1286,0.2823,7.1378,-0.1840,-0.0000,1.0000,0.0000,0.2462,31486.9
95,4352,4640,-2.1229,3.0986,0.0367,0.2832,12.9357,-0.3906,0.0000,1.0000,0.0000,0.2464,31606.5
95,4672,4660,0.6819,1.6310,0.4490,0.5122,4.8116,-0.3294,-0.0000,1.0000,0.0000,0.2463,31724.4
95,4992,4680,0.0739,-1.7499,0.1658,0.1630,10.1062,-0.3524,-0.0000,1.0000,0.0000,0.2462,31839.9
96,320,4700,-0.3178,-0.7087,0.1743,0.2892,9.2937,0.0807,0.0000,1.0000,0.0000,0.2463,31963.7
96,640,4720,0.0347,-0.7036,0.2034,0.1746,7.5080,-0.1672,0.0000,1.0000,0.0000,0.2463,32084.4
96,960,4740,-0.0850,-1.6336,0.1773,0.1731,10.1433,-0.2537,-0.0000,1.0000,0.0000,0.2462,32195.1
96,1280,4760,-0.1775,3.2450,0.1008,0.1568,10.6172,-0.3643,0.0000,1.0000,0.0000,0.2462,32310.4
96,1600,4780,0.6396,0.5814,0.3506,0.3431,7.8860,-0.3078,0.0000,1.0000,0.0000,0.2462,32430.0
96,1920,4800,-0.4397,-3.0784,0.2079,0.3049,7.2946,0.0204,-0.0000,1.0000,0.0000,0.2463,32554.1
96,2240,4820,0.5021,-1.2880,0.3186,0.1324,8.7850,-0.1286,-0.0000,1.0000,0.0000,0.2462,32660.6
96,2560,4840,-0.3509,-5.2066,0.1661,0.0750,14.1501,-0.1995,-0.0000,1.0000,0.0000,0.2462,32777.0
96,2880,4860,-1.1981,-0.7109,0.0935,0.1245,11.5038,-0.2920,-0.0000,1.0000,0.0000,0.2463,32884.0
96,3200,4880,0.1987,3.0480,0.0877,0.1067,11.5983,-0.3908,-0.0000,1.0000,0.0000,0.2464,32995.4
96,3520,4900,0.8282,-1.0489,0.3940,0.1692,5.3313,-0.0076,0.0000,1.0000,0.0000,0.2464,33108.8
96,3840,4920,-0.3579,2.9451,0.2164,0.2093,9.7440,-0.3619,0.0000,1.0000,0.0000,0.2465,33226.2
96,4160,4940,1.1606,2.2618,0.2330,0.2441,8.8220,-0.3596,0.0000,1.0000,0.0000,0.2465,33330.4
96,4480,4960,0.3357,0.8822,0.2517,0.4209,6.4743,-0.2885,0.0000,1.0000,0.0000,0.2465,33434.1
96,4800,4980,0.0416,0.3812,0.0913,0.1631,11.3878,-0.3968,0.0000,1.0000,0.0000,0.2464,33542.1
97,128,5000,-0.9266,0.2279,0.1120,0.2409,11.0572,-0.2680,0.0000,1.0000,0.0000,0.2464,33655.6
97,448,5020,0.2278,0.6868,0.2161,0.4763,9.2287,-0.3508,-0.0000,1.0000,0.0000,0.2464,33769.0
97,768,5040,0.9635,2.5476,0.0950,0.2185,11.0041,-0.4043,0.0000,1.0000,0.0000,0.2464,33882.0
97,1088,5060,0.4741,-0.0465,0.1432,0.3089,6.8670,-0.2158,-0.0000,1.0000,0.0000,0.2463,33981.2
97,1408,5080,-1.1378,-0.7042,0.1035,0.2323,12.5454,-0.4558,-0.0000,1.0000,0.0000,0.2463,34097.2
97,1728,5100,0.3505,-0.3609,0.0810,0.3726,12.7489,-0.1710,-0.0000,1.0000,0.0000,0.2462,34213.5
97,2048,5120,-0.7884,-0.8852,0.1340,0.2212,8.2357,-0.1633,-0.0000,1.0000,0.0000,0.2462,34335.9
97,2368,5140,-0.2166,1.8390,0.2880,0.1747,11.7134,-0.3269,0.0000,1.0000,0.0000,0.2463,34450.5
97,2688,5160,0.7141,-1.6007,0.2504,0.1859,9.1653,-0.2437,0.0000,1.0000,0.0000,0.2462,34571.7
97,3008,5180,-0.5053,-0.1800,0.1262,0.2285,8.8907,-0.1572,0.0000,1.0000,0.0000,0.2462,34693.8
97,3328,5200,0.1565,5.3908,0.0915,0.2164,11.5222,-0.5084,-0.0000,1.0000,0.0000,0.2463,34805.8
97,3648,5220,-0.0506,-0.4940,0.2283,0.0664,11.4450,-0.3263,-0.0000,1.0000,0.0000,0.2463,34929.8
97,3968,5240,-0.2124,-0.2200,0.3107,0.1338,8.2214,-0.0416,-0.0000,1.0000,0.0000,0.2463,35039.0
97,4288,5260,0.3593,4.3543,0.0188,0.0561,11.6043,-0.4798,-0.0000,1.0000,0.0000,0.2464,35151.6
97,4608,5280,-0.2771,-4.2009,0.1878,0.1296,13.5988,-0.2220,0.0000,1.0000,0.0000,0.2464,35263.0
97,4928,5300,-0.5840,1.8732,0.1109,0.2509,11.8387,-0.2163,0.0000,1.0000,0.0000,0.2464,35375.5
98,256,5320,0.6102,-0.9324,0.3116,0.1646,13.8824,-0.5841,0.0000,1.0000,0.0000,0.2464,35498.2
98,576,5340,-0.2724,-0.5924,0.0729,0.1904,9.9779,-0.2410,0.0000,1.0000,0.0000,0.2464,35610.4
98,896,5360,0.4991,-1.0774,0.1059,0.3409,13.1244,-0.3213,0.0000,1.0000,0.0000,0.2463,35728.2
98,1216,5380,-0.2523,4.7948,0.1151,0.3623,10.5911,-0.5227,0.0000,1.0000,0.0000,0.2462,35853.4
98,1536,5400,-0.3262,3.1700,0.0764,0.2789,11.1766,-0.4176,-0.0000,1.0000,0.0000,0.2462,35973.4
98,1856,5420,-0.3137,-4.6533,0.1873,0.2741,12.3484,-0.0578,-0.0000,1.0000,0.0000,0.2463,36103.1
98,2176,5440,0.0240,4.9659,0.1314,0.1245,12.8884,-0.5000,-0.0000,1.0000,0.0000,0.2462,36223.5
98,2496,5460,0.2651,1.8195,0.2994,0.3426,10.5842,-0.3356,-0.0000,1.0000,0.0000,0.2462,36340.4
98,2816,5480,1.4417,-0.0970,0.1362,0.1733,11.5747,-0.2668,0.0000,1.0000,0.0000,0.2461,36459.8
98,3136,5500,0.4135,0.0175,0.2194,0.3386,8.8127,-0.2320,-0.0000,1.0000,0.0000,0.2461,36561.9
98,3456,5520,0.2253,1.6896,0.0853,0.2753,13.5898,-0.3926,0.0000,1.0000,0.0000,0.2461,36689.7
98,3776,5540,0.8544,1.3049,0.2370,0.4962,9.6869,-0.3728,0.0000,1.0000,0.0000,0.2460,36808.1
98,4096,5560,-0.6342,-1.8737,0.1392,0.1854,9.8713,-0.2129,-0.0000,1.0000,0.0000,0.2461,36927.8
98,4416,5580,-0.3019,1.0094,0.2234,0.2493,6.0335,-0.3009,-0.0000,1.0000,0.0000,0.2462,37052.9
98,4736,5600,0.8152,0.1836,0.0932,0.2509,9.7775,-0.3552,-0.0000,1.0000,0.0000,0.2461,37158.5
99,64,5620,-0.5975,-0.8631,0.3603,0.2774,7.4960,-0.2071,0.0000,1.0000,0.0000,0.2463,37285.3
99,384,5640,0.5395,1.0739,0.1041,0.1518,8.9773,-0.3236,0.0000,1.0000,0.0000,0.2462,37394.7
99,704,5660,-0.9969,-4.1040,0.1521,0.2373,11.8908,-0.1184,0.0000,1.0000,0.0000,0.2462,37515.1
99,1024,5680,-0.7475,0.3852,0.2181,0.2292,10.9127,-0.1802,0.0000,1.0000,0.0000,0.2462,37626.5
99,1344,5700,1.7633,-0.9763,0.1466,0.1590,8.0226,0.0645,0.0000,1.0000,0.0000,0.2462,37742.5
99,1664,5720,-0.1610,-0.9622,0.1288,0.1987,9.7304,-0.1431,0.0000,1.0000,0.0000,0.2461,37854.6
99,1984,5740,0.6159,0.5016,0.1462,0.1064,10.4396,-0.2985,0.0000,1.0000,0.0000,0.2461,37975.2
99,2304,5760,0.0772,2.6694,0.1677,0.1131,12.3267,-0.2797,0.0000,1.0000,0.0000,0.2461,38091.3
99,2624,5780,0.6337,-4.2552,0.2577,0.1320,12.0625,-0.0640,0.0000,1.0000,0.0000,0.2459,38198.3
99,2944,5800,-1.3236,1.5798,0.0822,0.0887,12.4646,-0.3873,-0.0000,1.0000,0.0000,0.2460,38314.8
99,3264,5820,0.2135,2.4964,0.0633,0.1510,11.3653,-0.4074,0.0000,1.0000,0.0000,0.2460,38434.0
99,3584,5840,0.1047,-2.1737,0.2188,0.2472,10.9132,-0.0838,-0.0000,1.0000,0.0000,0.2461,38556.5
99,3904,5860,-0.7926,-0.1094,0.2703,0.3968,8.6475,-0.0072,-0.0000,1.0000,0.0000,0.2461,38671.3
99,4224,5880,0.1604,0.2603,0.0745,0.1578,10.4899,-0.0476,-0.0000,1.0000,0.0000,0.2461,38788.7
99,4544,5900,-0.2457,-0.1045,0.1594,0.2484,11.2368,-0.1358,0.0000,1.0000,0.0000,0.2462,38898.2
99,4864,5920,0.7526,-0.9385,0.1689,0.1595,11.3982,-0.3046,0.0000,1.0000,0.0000,0.2461,39004.5
100,192,5940,-0.5985,4.5313,0.1999,0.1115,10.2184,-0.4558,0.0000,1.0000,0.0000,0.2462,39133.9
100,512,5960,-0.8771,-4.1774,0.1085,1.7751,11.7205,-0.2205,0.0000,1.0000,0.0000,0.2461,39258.1
100,832,5980,0.6687,0.6793,0.2083,0.1658,12.6902,-0.1842,-0.0000,1.0000,0.0000,0.2460,39370.3
100,1152,6000,0.4889,-0.1965,0.1029,0.2844,11.7415,-0.2779,-0.0000,1.0000,0.0000,0.2460,39496.6
100,1472,6020,0.3680,-1.4957,0.3748,0.1473,10.5592,-0.0816,0.0000,1.0000,0.0000,0.2460,39625.0
100,1792,6040,-0.8461,-0.6410,0.1843,0.1820,10.7204,-0.1718,0.0000,1.0000,0.0000,0.2460,39758.1
100,2112,6060,0.7849,-0.9076,0.2778,0.2033,8.4946,-0.0969,0.0000,1.0000,0.0000,0.2461,39899.2
100,2432,6080,-0.6827,1.8844,0.0673,0.1051,15.1576,-0.4169,-0.0000,1.0000,0.0000,0.2461,40033.6
100,2752,6100,-0.9058,2.0273,0.1214,0.3774,8.5372,-0.1735,-0.0000,1.0000,0.0000,0.2462,40163.4
100,3072,6120,0.1784,-0.3062,0.1194,0.3351,9.6836,-0.1197,0.0000,1.0000,0.0000,0.2462,40290.1
100,3392,6140,0.9754,-0.6822,0.1557,0.2425,7.0507,-0.1970,0.0000,1.0000,0.0000,0.2461,40414.7
100,3712,6160,0.0934,3.2994,0.2847,0.1722,11.0024,-0.2973,-0.0000,1.0000,0.0000,0.2463,40560.1
100,4032,6180,0.2220,-2.2618,0.1459,0.2953,8.3147,-0.1371,0.0000,1.0000,0.0000,0.2462,40680.9
100,4352,6200,-0.6690,2.0092,0.0339,0.2393,13.7493,-0.3436,0.0000,1.0000,0.0000,0.2462,40801.5
100,4672,6220,-0.4534,1.0398,0.2930,0.3743,6.0867,-0.0608,0.0000,1.0000,0.0000,0.2462,40926.8
100,4992,6240,0.7198,6.5959,0.1375,0.1634,10.2117,-0.4919,-0.0000,1.0000,0.0000,0.2461,41047.2
101,320,6260,0.4471,-0.2909,0.2643,0.5036,9.8309,-0.0397,0.0000,1.0000,0.0000,0.2463,41185.9
101,640,6280,-0.9428,-0.9662,0.1215,0.2253,8.2099,-0.3605,-0.0000,1.0000,0.0000,0.2461,41309.0
101,960,6300,-0.5811,-0.8078,0.1318,0.1669,10.3573,-0.2891,0.0000,1.0000,0.0000,0.2460,41427.7
101,1280,6320,0.0194,-1.3898,0.1150,0.1006,11.1015,-0.2334,0.0000,1.0000,0.0000,0.2459,41565.7
101,1600,6340,0.4564,0.3925,0.1475,0.2471,8.6420,-0.3234,-0.0000,1.0000,0.0000,0.2459,41707.2
101,1920,6360,0.0176,-1.7873,0.1454,0.2381,7.3695,-0.0053,0.0000,1.0000,0.0000,0.2459,41834.4
101,2240,6380,0.4241,-2.1610,0.1652,0.1002,8.5930,-0.0870,-0.0000,1.0000,0.0000,0.2459,41977.1
101,2560,6400,-0.1809,-0.4335,0.0668,0.1002,14.9395,-0.3581,0.0000,1.0000,0.0000,0.2459,42114.4
101,2880,6420,-0.7993,0.6213,0.0469,0.2738,11.7946,-0.3824,0.0000,1.0000,0.0000,0.2459,42254.8
101,3200,6440,0.0004,0.4465,0.1807,0.1981,12.3107,-0.3225,0.0000,1.0000,0.0000,0.2459,42392.1
101,3520,6460,-0.3410,-1.7708,0.2690,0.3016,5.9565,-0.0851,0.0000,1.0000,0.0000,0.2460,42525.4
101,3840,6480,-0.9940,4.7368,0.0544,0.2680,10.5658,-0.4314,-0.0000,1.0000,0.0000,0.2461,42671.0
101,4160,6500,1.6387,1.1319,0.1688,0.1186,8.6291,-0.2626,-0.0000,1.0000,0.0000,0.2460,42790.2
101,4480,6520,1.2294,-0.3529,0.2737,0.1233,7.0536,-0.1817,0.0000,1.0000,0.0000,0.2460,42920.7
101,4800,6540,-0.6589,1.9086,0.0433,0.0692,11.8841,-0.4532,-0.0000,1.0000,0.0000,0.2459,43057.6
102,128,6560,-1.1930,-1.3903,0.0920,0.2678,11.1946,-0.2558,0.0000,1.0000,0.0000,0.2460,43192.6
102,448,6580,-1.5723,-3.2559,0.2344,0.5804,9.4347,-0.1074,0.0000,1.0000,0.0000,0.2461,44644.3
102,768,6600,0.8288,3.5223,0.1790,0.1067,10.9996,-0.3468,0.0000,1.0000,0.0000,0.2461,44743.4
102,1088,6620,0.8921,0.1015,0.1618,0.1415,5.6701,-0.2413,0.0000,1.0000,0.0000,0.2461,44863.3
102,1408,6640,-0.1087,0.4154,0.0810,0.2090,11.5017,-0.4341,0.0000,1.0000,0.0000,0.2460,44988.7
102,1728,6660,0.1784,0.8186,0.2976,0.0944,11.5380,-0.4074,0.0000,1.0000,0.0000,0.2460,45106.5
102,2048,6680,-0.3735,-0.9333,0.0934,0.3412,6.0347,-0.1003,0.0000,1.0000,0.0000,0.2459,45240.2
102,2368,6700,-0.2667,1.4733,0.1890,0.4986,9.7845,-0.2628,0.0000,1.0000,0.0000,0.2460,45377.8
102,2688,6720,-0.6934,-3.2334,0.1824,0.1835,9.2880,-0.1623,0.0000,1.0000,0.0000,0.2461,45536.1
102,3008,6740,0.0064,-0.6246,0.1323,0.1548,8.4293,-0.1346,0.0000,1.0000,0.0000,0.2460,45674.6
102,3328,6760,-0.0151,5.6810,0.0927,0.1722,11.7423,-0.4949,0.0000,1.0000,0.0000,0.2461,45796.7
102,3648,6780,0.2521,-2.5995,0.2288,0.1043,11.2685,-0.2558,-0.0000,1.0000,0.0000,0.2461,45913.3
102,3968,6800,0.2555,1.0373,0.2845,0.3490,6.6233,-0.3106,0.0000,1.0000,0.0000,0.2460,46047.3
102,4288,6820,0.2464,3.4444,0.0492,0.2628,11.3657,-0.4424,0.0000,1.0000,0.0000,0.2460,46195.6
102,4608,6840,0.4388,0.5938,0.0626,0.2388,12.9909,-0.3829,-0.0000,1.0000,0.0000,0.2458,46356.6
102,4928,6860,-1.4076,0.4452,0.0609,0.1744,11.5534,-0.2237,-0.0000,1.0000,0.0000,0.2459,46504.2
103,320,20,0.1363,2.4710,0.1789,0.0786,10.5014,-0.2242,-0.0000,1.0000,0.0000,0.2750,99.6
103,640,40,0.5324,-0.6100,0.3510,0.0965,7.7542,-0.1032,0.0000,1.0000,0.0000,0.2437,207.3
103,960,60,-0.4676,-2.2301,0.1464,0.2423,10.0127,-0.1929,0.0000,1.0000,0.0000,0.2354,310.3
103,1280,80,0.1784,0.9908,0.0976,0.2273,9.8093,-0.3460,0.0000,1.0000,0.0000,0.2336,426.4
103,1600,100,1.4530,4.7168,0.1040,0.2599,7.6392,-0.4639,0.0000,1.0000,0.0000,0.2319,537.8
103,1920,120,0.3687,-2.1536,0.2359,0.0809,7.1129,-0.0683,-0.0000,1.0000,0.0000,0.2344,663.2
103,2240,140,-1.0605,-2.3241,0.2511,0.0727,9.1981,0.0364,0.0000,1.0000,0.0000,0.2313,780.1
103,2560,160,-0.4127,-5.8290,0.1581,0.1758,14.9940,-0.1983,0.0000,1.0000,0.0000,0.2328,906.5
103,2880,180,0.1457,-1.6946,0.1561,0.1393,11.1137,-0.1794,0.0000,1.0000,0.0000,0.2375,1038.6
103,3200,200,0.7673,0.8198,0.0437,0.2908,12.3790,-0.3805,0.0000,1.0000,0.0000,0.2425,1169.7
103,3520,220,0.2096,-1.7181,0.2688,0.2880,6.7600,-0.0609,0.0000,1.0000,0.0000,0.2440,1305.1
103,3840,240,-0.2449,0.3543,0.1998,0.0793,10.5045,-0.3233,0.0000,1.0000,0.0000,0.2440,1440.1
103,4160,260,1.1661,0.1081,0.1758,0.1363,9.0697,-0.2007,0.0000,1.0000,0.0000,0.2450,1575.5
103,4480,280,-0.8137,1.0818,0.2968,0.4120,6.7392,-0.2056,-0.0000,1.0000,0.0000,0.2478,1711.2
103,4800,300,0.5320,2.1478,0.0663,0.1871,12.7239,-0.4321,0.0000,1.0000,0.0000,0.2477,1857.8
104,128,320,-1.2716,4.1484,0.2187,0.0508,11.2573,-0.4672,0.0000,1.0000,0.0000,0.2516,2022.6
104,448,340,1.8599,1.8654,0.2735,0.0657,7.7343,-0.2099,0.0000,1.0000,0.0000,0.2515,2190.3
104,768,360,-0.6435,-0.1478,0.0699,0.0678,11.9918,-0.2835,0.0000,1.0000,0.0000,0.2510,2349.5
104,1088,380,0.4233,-0.7099,0.1751,0.1274,7.2196,-0.1723,-0.0000,1.0000,0.0000,0.2503,2491.6
104,1408,400,0.1114,2.0589,0.0973,0.1283,12.7875,-0.4195,0.0000,1.0000,0.0000,0.2511,2654.0
104,1728,420,0.7030,0.0749,0.3120,0.0858,11.1358,-0.2483,0.0000,1.0000,0.0000,0.2503,2801.6
104,2048,440,-0.2344,-0.1556,0.2363,0.2117,5.3848,-0.2555,0.0000,1.0000,0.0000,0.2491,2952.1
104,2368,460,-0.3603,1.1081,0.2122,0.1556,11.0685,-0.3044,-0.0000,1.0000,0.0000,0.2489,3106.3
104,2688,480,0.2655,-0.2966,0.1588,0.1264,8.8814,-0.2501,-0.0000,1.0000,0.0000,0.2477,3249.2
104,3008,500,-0.4592,1.7130,0.1708,0.1039,8.6127,-0.2911,0.0000,1.0000,0.0000,0.2490,3404.7
104,3328,520,0.3292,-1.0194,0.1642,0.2549,12.0066,-0.3941,-0.0000,1.0000,0.0000,0.2480,3549.6
104,3648,540,0.3911,-0.4897,0.1859,0.2852,12.1367,-0.2464,0.0000,1.0000,0.0000,0.2471,3691.2
104,3968,560,-0.5938,-0.6232,0.2113,0.3962,8.2412,-0.0900,-0.0000,1.0000,0.0000,0.2481,3833.3
104,4288,580,0.4711,-2.6372,0.2237,0.2242,11.6178,-0.2839,0.0000,1.0000,0.0000,0.2477,3967.4
104,4608,600,0.0854,3.4600,0.0775,0.2882,13.1200,-0.3269,0.0000,1.0000,0.0000,0.2493,4104.9
104,4928,620,0.4403,1.5741,0.1586,0.3525,11.7809,-0.3626,0.0000,1.0000,0.0000,0.2487,4250.7
105,256,640,-0.7864,-1.9300,0.0547,0.1251,13.4468,-0.3692,0.0000,1.0000,0.0000,0.2503,4418.7
105,576,660,1.4171,1.2993,0.1263,0.2275,10.1078,-0.3257,-0.0000,1.0000,0.0000,0.2502,4571.5
105,896,680,-0.9057,-2.8695,0.0704,0.1746,12.1481,-0.2620,-0.0000,1.0000,0.0000,0.2506,4732.0
105,1216,700,0.4941,4.9097,0.1070,0.2325,10.4462,-0.4567,0.0000,1.0000,0.0000,0.2496,4880.7
105,1536,720,0.1503,-1.5305,0.1178,0.1961,11.5035,-0.1879,0.0000,1.0000,0.0000,0.2490,5025.2
105,1856,740,-0.2116,1.6300,0.1523,0.3436,12.7671,-0.2944,-0.0000,1.0000,0.0000,0.2493,5183.0
105,2176,760,0.1343,4.5098,0.2085,0.1926,12.7056,-0.5266,0.0000,1.0000,0.0000,0.2489,5329.3
105,2496,780,-0.4621,0.6879,0.2404,0.3449,11.0604,-0.2737,-0.0000,1.0000,0.0000,0.2489,5485.3
105,2816,800,-0.0420,-1.6002,0.2111,0.1835,11.2238,-0.4056,0.0000,1.0000,0.0000,0.2484,5631.2
105,3136,820,0.5089,0.5959,0.1242,0.1563,9.4574,-0.2393,0.0000,1.0000,0.0000,0.2486,5780.9
105,3456,840,0.5638,5.4876,0.0757,0.0615,14.0738,-0.5193,0.0000,1.0000,0.0000,0.2483,5929.7
105,3776,860,0.3232,-1.2218,0.2893,0.5518,10.4455,-0.1833,0.0000,1.0000,0.0000,0.2488,6077.3
105,4096,880,0.4433,1.9839,0.2078,0.3418,10.5889,-0.3221,-0.0000,1.0000,0.0000,0.2490,6233.9
105,4416,900,0.1886,0.6165,0.1572,0.6775,6.7090,-0.2765,0.0000,1.0000,0.0000,0.2485,6381.3
105,4736,920,-0.6352,0.3739,0.0749,0.2789,11.7127,-0.3478,0.0000,1.0000,0.0000,0.2487,6525.4
106,64,940,0.2535,-2.3502,0.1911,0.2469,9.1402,-0.1371,0.0000,1.0000,0.0000,0.2493,6686.2
106,384,960,-0.4145,-0.4996,0.1906,0.2823,9.8911,-0.1548,-0.0000,1.0000,0.0000,0.2494,6826.9
106,704,980,0.9631,-0.6645,0.1391,0.1521,11.1414,-0.2101,0.0000,1.0000,0.0000,0.2490,6967.1
106,1024,1000,-0.2005,-0.2093,0.1369,0.1233,10.6821,-0.1592,0.0000,1.0000,0.0000,0.2488,7098.9
106,1344,1020,0.1133,-0.5708,0.2136,0.3098,6.5678,-0.0986,-0.0000,1.0000,0.0000,0.2479,7228.6
106,1664,1040,-0.4016,1.4306,0.1859,0.1091,8.9467,-0.2941,-0.0000,1.0000,0.0000,0.2481,7355.8
106,1984,1060,0.3505,-0.4771,0.0707,0.1184,9.5026,-0.2895,0.0000,1.0000,0.0000,0.2478,7484.6
106,2304,1080,0.1764,-3.1060,0.0798,0.1090,11.6682,-0.1201,-0.0000,1.0000,0.0000,0.2479,7614.2
106,2624,1100,1.4453,-1.2870,0.2320,0.2499,10.7461,-0.0682,-0.0000,1.0000,0.0000,0.2473,7747.0
106,2944,1120,-0.7282,4.1590,0.0275,0.1830,12.3276,-0.3412,-0.0000,1.0000,0.0000,0.2479,7887.0
106,3264,1140,0.0356,0.7481,0.1232,0.1626,10.8835,-0.2967,-0.0000,1.0000,0.0000,0.2480,8024.8
106,3584,1160,0.0043,3.1315,0.2341,0.2783,9.7607,-0.3121,0.0000,1.0000,0.0000,0.2485,8156.3
106,3904,1180,-0.2775,-0.8698,0.2616,0.1930,7.0301,-0.0384,-0.0000,1.0000,0.0000,0.2481,8287.3
106,4224,1200,-0.4342,-0.6195,0.3324,0.2497,9.2324,-0.2519,-0.0000,1.0000,0.0000,0.2487,8416.8
106,4544,1220,0.0176,-0.9344,0.6746,0.2645,10.5386,-0.3758,-0.0000,1.0000,0.0000,0.2485,8539.4
106,4864,1240,1.7096,2.9179,0.0590,0.5733,8.3353,-0.5046,0.0000,1.0000,0.0000,0.2482,8665.1
107,192,1260,-0.6548,2.0109,0.3127,0.3210,8.3482,-0.2814,0.0000,1.0000,0.0000,0.2488,8812.8
107,512,1280,-0.3291,-1.8127,0.2032,0.1360,7.3401,-0.3401,-0.0000,1.0000,0.0000,0.2486,8948.4
107,832,1300,-0.3522,-2.7853,0.1734,0.2433,11.9701,-0.1929,0.0000,1.0000,0.0000,0.2476,9064.9
107,1152,1320,-0.2096,-1.4942,0.0763,0.1850,9.4857,-0.2719,0.0000,1.0000,0.0000,0.2476,9187.1
107,1472,1340,0.5178,2.2279,0.1287,0.1127,9.5073,-0.4173,0.0000,1.0000,0.0000,0.2474,9317.0
107,1792,1360,-0.9093,-1.7370,0.0829,0.0617,9.0527,-0.0526,0.0000,1.0000,0.0000,0.2478,9443.1
107,2112,1380,1.1247,-2.1678,0.2762,0.0558,7.7708,-0.2060,-0.0000,1.0000,0.0000,0.2472,9584.2
107,2432,1400,-0.6180,3.2859,0.0640,0.0415,14.6517,-0.4271,-0.0000,1.0000,0.0000,0.2471,9714.9
107,2752,1420,-0.4689,1.7675,0.2040,0.2231,8.4110,-0.2965,0.0000,1.0000,0.0000,0.2472,9859.4
107,3072,1440,-0.2463,-0.6442,0.1909,0.1280,8.9128,-0.1921,0.0000,1.0000,0.0000,0.2468,9988.4
107,3392,1460,-0.1891,1.5922,0.1302,0.1346,6.6487,-0.3284,0.0000,1.0000,0.0000,0.2468,10129.0
107,3712,1480,0.3644,4.3197,0.2762,0.1400,11.4086,-0.3505,0.0000,1.0000,0.0000,0.2468,10293.7
107,4032,1500,-0.2875,-1.2330,0.3075,0.2421,7.5742,-0.0935,0.0000,1.0000,0.0000,0.2469,10443.6
107,4352,1520,1.4895,6.6072,0.0753,0.1653,13.2340,-0.5044,0.0000,1.0000,0.0000,0.2468,10583.1
107,4672,1540,0.4331,-1.5345,0.1742,0.3483,4.2849,0.2448,0.0000,1.0000,0.0000,0.2467,10717.6
107,4992,1560,-1.4100,1.8928,0.1051,0.1658,10.3808,-0.3727,-0.0000,1.0000,0.0000,0.2466,10857.2
108,320,1580,0.5958,-2.1829,0.5791,0.1442,9.5021,-0.1090,-0.0000,1.0000,0.0000,0.2467,11012.7
108,640,1600,0.7049,-0.8208,0.2393,0.1087,8.1898,-0.1230,0.0000,1.0000,0.0000,0.2465,11164.5
108,960,1620,0.4064,0.3548,0.1200,0.0814,9.5866,-0.4017,0.0000,1.0000,0.0000,0.2462,11317.1
108,1280,1640,-0.5063,5.5968,0.1197,0.1293,10.2291,-0.4934,-0.0000,1.0000,0.0000,0.2465,11470.5
108,1600,1660,0.1833,1.7695,0.2026,0.1765,8.6077,-0.3724,-0.0000,1.0000,0.0000,0.2463,11618.7
108,1920,1680,-0.9801,-4.5585,0.1362,0.2167,7.7148,-0.0033,0.0000,1.0000,0.0000,0.2467,11779.6
108,2240,1700,-0.3406,0.6070,0.0390,0.0955,8.6895,-0.0814,-0.0000,1.0000,0.0000,0.2468,11927.0
108,2560,1720,-0.2766,-2.4028,0.0811,0.1218,14.0981,-0.2959,0.0000,1.0000,0.0000,0.2468,12078.3
108,2880,1740,-0.4643,2.4971,0.0981,0.2023,10.1592,-0.3352,-0.0000,1.0000,0.0000,0.2472,12232.4
108,3200,1760,-0.2613,-3.9823,0.1881,0.2739,11.7940,-0.2946,0.0000,1.0000,0.0000,0.2471,12380.9
108,3520,1780,-0.4737,-0.5908,0.1692,0.1823,6.0999,-0.1702,0.0000,1.0000,0.0000,0.2470,12521.2
108,3840,1800,0.4228,2.7420,0.1623,0.3171,10.3270,-0.3590,0.0000,1.0000,0.0000,0.2473,12686.6
108,4160,1820,1.2286,-2.2748,0.1555,0.1841,8.0654,-0.0764,0.0000,1.0000,0.0000,0.2472,12850.5
108,4480,1840,-1.0017,1.2040,0.1599,0.4498,5.5106,-0.2786,0.0000,1.0000,0.0000,0.2475,13008.9
108,4800,1860,0.8711,0.2542,0.0407,0.2773,12.4292,-0.4242,0.0000,1.0000,0.0000,0.2470,13153.8
109,128,1880,-0.6839,3.7710,0.1483,0.1096,11.0006,-0.3564,0.0000,1.0000,0.0000,0.2474,13341.1
109,448,1900,0.8686,1.2448,0.1828,0.1336,7.5289,-0.3417,-0.0000,1.0000,0.0000,0.2477,13510.6
109,768,1920,0.3009,0.2163,0.1267,0.1158,11.3166,-0.3322,0.0000,1.0000,0.0000,0.2475,13657.4
109,1088,1940,-0.9174,-1.6506,0.3245,0.3956,7.4198,0.0038,0.0000,1.0000,0.0000,0.2476,13810.6
109,1408,1960,-0.0379,0.5826,0.1013,0.2211,12.4584,-0.3835,-0.0000,1.0000,0.0000,0.2477,13956.6
109,1728,1980,0.9428,0.1611,0.3984,0.2007,12.0193,-0.4427,0.0000,1.0000,0.0000,0.2474,14096.8
109,2048,2000,0.1788,1.4006,0.2320,0.2790,6.5742,-0.3283,-0.0000,1.0000,0.0000,0.2472,14239.3
109,2368,2020,-0.3037,0.3969,0.2831,0.3001,10.5593,-0.2100,0.0000,1.0000,0.0000,0.2474,14388.3
109,2688,2040,0.2740,-0.4758,0.1418,0.2620,9.0139,-0.1332,-0.0000,1.0000,0.0000,0.2476,14550.5
109,3008,2060,0.2084,1.6426,0.2436,0.2376,9.0982,-0.2873,0.0000,1.0000,0.0000,0.2478,14705.9
109,3328,2080,0.1467,0.5547,0.1300,0.4813,12.5030,-0.3616,0.0000,1.0000,0.0000,0.2483,14867.2
109,3648,2100,0.8219,4.1698,0.1046,0.1754,12.0375,-0.4357,-0.0000,1.0000,0.0000,0.2483,15014.3
109,3968,2120,-0.4775,1.3873,0.3243,0.2187,8.1874,-0.1991,-0.0000,1.0000,0.0000,0.2484,15162.4
109,4288,2140,0.1554,-2.5052,0.0831,0.1850,11.6296,-0.3764,-0.0000,1.0000,0.0000,0.2482,15300.0
109,4608,2160,0.1671,6.0658,0.0268,0.2222,13.2677,-0.4487,0.0000,1.0000,0.0000,0.2481,15442.3
109,4928,2180,-0.2224,3.5751,0.1579,0.5897,11.4524,-0.2875,0.0000,1.0000,0.0000,0.2478,15588.4
110,256,2200,0.3077,1.1479,0.0458,0.1440,14.0439,-0.4042,0.0000,1.0000,0.0000,0.2482,15765.5
110,576,2220,0.4926,1.0983,0.2069,0.4801,8.9235,-0.2952,0.0000,1.0000,0.0000,0.2481,15920.3
110,896,2240,0.3192,1.8037,0.1341,0.3058,10.6380,-0.3339,-0.0000,1.0000,0.0000,0.2481,16073.0
110,1216,2260,-0.0387,4.7556,0.0599,0.2281,9.9131,-0.4398,-0.0000,1.0000,0.0000,0.2481,16219.5
110,1536,2280,-0.0741,1.6300,0.1582,0.2034,10.2279,-0.2919,0.0000,1.0000,0.0000,0.2481,16358.4
110,1856,2300,0.6953,-5.5667,0.1119,0.1908,11.8621,-0.0078,0.0000,1.0000,0.0000,0.2483,16513.1
110,2176,2320,-0.5428,0.1690,0.1052,0.2745,11.0920,-0.3333,-0.0000,1.0000,0.0000,0.2484,16663.9
110,2496,2340,-0.6619,-1.5412,0.1586,0.1116,10.5305,-0.3105,0.0000,1.0000,0.0000,0.2483,16806.2
110,2816,2360,-1.1187,-3.9224,0.0902,0.3257,11.7564,-0.2340,-0.0000,1.0000,0.0000,0.2482,16939.3
110,3136,2380,-0.2580,1.8615,0.2454,0.4493,10.7722,-0.4085,-0.0000,1.0000,0.0000,0.2483,17075.5
110,3456,2400,0.4492,-2.0408,0.2235,0.3487,15.8794,-0.4438,0.0000,1.0000,0.0000,0.2483,17216.6
110,3776,2420,0.0774,0.2571,0.1782,0.1905,11.2665,-0.2723,0.0000,1.0000,0.0000,0.2486,17363.5
110,4096,2440,1.0476,0.8274,0.1855,0.4302,10.4379,-0.2621,-0.0000,1.0000,0.0000,0.2485,17508.7
110,4416,2460,0.3188,0.1893,0.1957,0.4290,5.7612,-0.2505,-0.0000,1.0000,0.0000,0.2486,17649.4
110,4736,2480,-0.0062,-2.4075,0.1512,0.4370,10.9227,-0.2077,0.0000,1.0000,0.0000,0.2486,17782.1
111,64,2500,-1.2154,0.1681,0.2040,0.2634,8.8356,-0.2465,0.0000,1.0000,0.0000,0.2489,17929.8
111,384,2520,-0.0133,0.3816,0.1703,0.2008,10.2941,-0.2244,-0.0000,1.0000,0.0000,0.2488,18060.2
111,704,2540,0.9854,0.1711,0.0808,0.1893,11.6850,-0.2132,-0.0000,1.0000,0.0000,0.2487,18190.3
111,1024,2560,0.2426,0.9260,0.0868,0.1942,11.2155,-0.2683,0.0000,1.0000,0.0000,0.2487,18321.2
111,1344,2580,0.2117,0.6368,0.2894,0.1794,8.0394,-0.1858,0.0000,1.0000,0.0000,0.2487,18458.7
111,1664,2600,0.3029,-2.3842,0.0747,0.1804,9.7444,0.0762,-0.0000,1.0000,0.0000,0.2486,18588.5
111,1984,2620,-0.5911,-2.3496,0.1142,0.3287,11.7684,-0.1736,0.0000,1.0000,0.0000,0.2487,18731.6
111,2304,2640,0.8102,-0.9669,0.0838,0.1258,12.0690,-0.0920,0.0000,1.0000,0.0000,0.2487,18850.8
111,2624,2660,0.6534,-4.4529,0.2029,0.0876,10.8482,-0.0888,0.0000,1.0000,0.0000,0.2484,18991.5
111,2944,2680,-1.2320,-0.9707,0.0249,0.1266,12.0221,-0.3512,-0.0000,1.0000,0.0000,0.2483,19116.2
111,3264,2700,-1.0232,-3.3978,0.0740,0.1583,11.0538,-0.2751,-0.0000,1.0000,0.0000,0.2483,19251.3
111,3584,2720,-0.8257,0.4752,0.1658,0.0886,10.4259,-0.1709,0.0000,1.0000,0.0000,0.2487,19390.2
111,3904,2740,0.8735,0.5969,0.3478,0.0950,7.7399,-0.1989,0.0000,1.0000,0.0000,0.2487,19533.0
111,4224,2760,0.1586,-3.9675,0.2138,0.1084,9.4522,-0.1358,-0.0000,1.0000,0.0000,0.2483,19661.0
111,4544,2780,-1.6106,-3.8249,0.2367,0.1496,11.5922,-0.3363,0.0000,1.0000,0.0000,0.2481,19793.8
111,4864,2800,-0.0439,-1.4623,0.1809,0.1956,10.8882,-0.2028,0.0000,1.0000,0.0000,0.2482,19936.4
112,192,2820,0.4508,2.8391,0.1690,0.1552,9.1030,-0.2832,0.0000,1.0000,0.0000,0.2485,20087.4
112,512,2840,0.4673,-0.1823,0.0581,0.5899,7.9531,-0.3094,0.0000,1.0000,0.0000,0.2483,20222.0
112,832,2860,0.3166,-4.7792,0.2435,0.4061,12.0121,-0.0942,0.0000,1.0000,0.0000,0.2478,20341.0
112,1152,2880,0.5627,4.5901,0.0875,0.2976,10.4343,-0.5006,-0.0000,1.0000,0.0000,0.2477,20475.7
112,1472,2900,-0.4401,0.0903,0.1965,0.1239,9.3441,-0.1903,-0.0000,1.0000,0.0000,0.2477,20613.0
112,1792,2920,0.3702,0.2658,0.2198,0.1593,8.7864,-0.2172,-0.0000,1.0000,0.0000,0.2478,20752.4
112,2112,2940,0.3626,2.0655,0.0920,0.2075,7.7094,-0.3439,0.0000,1.0000,0.0000,0.2477,20894.7
112,2432,2960,-1.1911,0.6619,0.0694,0.4608,14.5662,-0.3840,-0.0000,1.0000,0.0000,0.2478,21030.2
112,2752,2980,0.3281,-0.6779,0.3045,1.3772,9.2146,-0.1031,0.0000,1.0000,0.0000,0.2476,21157.2
112,3072,3000,-1.6284,-2.0866,0.0889,0.7121,10.4736,-0.1934,0.0000,1.0000,0.0000,0.2477,21285.7
112,3392,3020,0.0834,-1.2294,0.0953,0.4384,7.5887,-0.1125,-0.0000,1.0000,0.0000,0.2478,21422.4
112,3712,3040,1.5729,2.7648,0.2212,0.3527,12.0306,-0.2811,0.0000,1.0000,0.0000,0.2478,21549.7
112,4032,3060,0.4175,-1.2537,0.2541,0.7501,9.0648,-0.0702,0.0000,1.0000,0.0000,0.2479,21680.3
112,4352,3080,-0.3006,7.7499,0.1552,0.2586,14.4515,-0.4872,0.0000,1.0000,0.0000,0.2480,21806.4
112,4672,3100,0.8018,0.6095,0.1619,0.2918,5.0638,0.1881,0.0000,1.0000,0.0000,0.2481,21931.9
112,4992,3120,-0.5945,-3.8166,0.3075,0.1726,11.3799,-0.3008,0.0000,1.0000,0.0000,0.2480,22069.8
113,320,3140,-0.4186,0.8025,0.1500,0.2371,9.8666,-0.0985,0.0000,1.0000,0.0000,0.2482,22213.0
113,640,3160,1.6174,0.7749,0.2077,0.3208,8.3617,-0.2492,-0.0000,1.0000,0.0000,0.2480,22343.8
113,960,3180,-0.6342,-0.4181,0.1277,0.1589,10.4835,-0.2627,-0.0000,1.0000,0.0000,0.2481,22467.0
113,1280,3200,0.0866,-1.9007,0.0787,0.2107,11.4107,-0.3236,0.0000,1.0000,0.0000,0.2480,22595.2
113,1600,3220,-0.3438,2.3987,0.1346,0.2124,8.5619,-0.4343,-0.0000,1.0000,0.0000,0.2478,22727.2
113,1920,3240,-0.8577,-4.3571,0.1929,0.1661,8.1067,0.0638,-0.0000,1.0000,0.0000,0.2480,22852.7
113,2240,3260,0.9153,2.4491,0.1998,0.0980,8.7070,-0.3139,0.0000,1.0000,0.0000,0.2479,22983.7
113,2560,3280,-0.0379,-5.6665,0.1298,0.0263,14.5109,-0.2117,-0.0000,1.0000,0.0000,0.2478,23110.7
113,2880,3300,-0.2037,-0.7013,0.1554,0.1288,11.4912,-0.1901,-0.0000,1.0000,0.0000,0.2480,23256.8
113,3200,3320,-0.2299,0.0451,0.4910,0.1200,12.5729,-0.4624,-0.0000,1.0000,0.0000,0.2479,23383.8
113,3520,3340,0.8241,0.2526,0.2210,0.1527,6.2081,-0.3286,-0.0000,1.0000,0.0000,0.2478,23507.9
113,3840,3360,-0.1961,2.5263,0.1090,0.1212,11.3294,-0.3962,-0.0000,1.0000,0.0000,0.2478,23646.4
113,4160,3380,-0.6196,0.7159,0.1570,0.2189,8.8745,-0.2375,-0.0000,1.0000,0.0000,0.2480,23770.7
113,4480,3400,0.7950,-0.5056,0.2877,0.2220,6.9466,-0.0848,-0.0000,1.0000,0.0000,0.2480,23882.6
113,4800,3420,0.0265,4.8212,0.0703,0.1074,11.7805,-0.4149,0.0000,1.0000,0.0000,0.2481,24022.3
114,128,3440,-0.1408,-2.6282,0.2370,0.1726,9.0995,-0.0266,-0.0000,1.0000,0.0000,0.2485,24161.9
114,448,3460,0.9688,1.4247,0.1658,0.3200,5.2446,-0.3482,-0.0000,1.0000,0.0000,0.2482,24297.1
114,768,3480,-0.2782,-1.7483,0.0806,0.6862,8.5395,-0.2932,0.0000,1.0000,0.0000,0.2479,24425.1
114,1088,3500,-0.2143,-0.7139,0.2376,0.5331,5.1132,-0.1080,-0.0000,1.0000,0.0000,0.2479,24549.2
114,1408,3520,0.3927,0.9938,0.3944,0.2323,11.7958,-0.5982,0.0000,1.0000,0.0000,0.2479,24689.2
114,1728,3540,-0.8318,-0.5175,0.1495,0.2073,11.5675,-0.1726,0.0000,1.0000,0.0000,0.2480,24808.9
114,2048,3560,1.1787,-0.3597,0.1763,0.2354,7.1705,-0.1353,0.0000,1.0000,0.0000,0.2478,24930.6
114,2368,3580,-0.5564,0.0389,0.2676,0.2245,11.1377,-0.3352,-0.0000,1.0000,0.0000,0.2477,25051.2
114,2688,3600,0.2110,-0.9698,0.0797,0.3805,9.3327,-0.2314,-0.0000,1.0000,0.0000,0.2476,25172.7
114,3008,3620,1.2492,2.7975,0.1441,0.1864,8.7098,-0.3134,0.0000,1.0000,0.0000,0.2474,25294.9
114,3328,3640,-0.6054,4.6661,0.0657,0.1127,9.9047,-0.5094,0.0000,1.0000,0.0000,0.2475,25434.6
114,3648,3660,-0.6923,-0.6831,0.1601,0.2814,11.8456,-0.2641,-0.0000,1.0000,0.0000,0.2476,25566.3
114,3968,3680,0.5682,-2.0240,0.3809,0.1319,7.5423,0.1012,0.0000,1.0000,0.0000,0.2476,25714.8
114,4288,3700,-0.0127,1.1020,0.0295,0.1745,11.1914,-0.4154,0.0000,1.0000,0.0000,0.2476,25867.9
114,4608,3720,1.3266,5.5796,0.0850,0.1070,12.7050,-0.4446,-0.0000,1.0000,0.0000,0.2476,26036.1
114,4928,3740,-0.2457,-2.9116,0.3314,0.2085,11.5953,-0.1615,-0.0000,1.0000,0.0000,0.2475,26182.6
115,256,3760,-1.0510,2.0140,0.0794,0.2890,14.6123,-0.5029,-0.0000,1.0000,0.0000,0.2478,26336.5
115,576,3780,0.7997,-0.3058,0.1834,0.1475,10.1791,-0.2381,0.0000,1.0000,0.0000,0.2478,26471.2
115,896,3800,0.0076,-1.5785,0.2573,0.2065,12.2405,-0.3036,0.0000,1.0000,0.0000,0.2478,26604.1
115,1216,3820,0.2399,-2.0958,0.1538,0.2665,9.6068,-0.3175,0.0000,1.0000,0.0000,0.2477,26737.3
115,1536,3840,-0.1724,2.2268,0.1596,0.3020,9.6621,-0.3829,0.0000,1.0000,0.0000,0.2477,26859.8
115,1856,3860,-0.2861,0.2333,0.1128,0.0998,12.3950,-0.1392,-0.0000,1.0000,0.0000,0.2478,26988.2
115,2176,3880,0.6033,2.6328,0.0434,0.0991,12.5004,-0.4297,-0.0000,1.0000,0.0000,0.2476,27120.5
115,2496,3900,-1.1198,-1.6971,0.3988,0.2442,10.8274,-0.1545,0.0000,1.0000,0.0000,0.2476,27242.1
115,2816,3920,0.9880,1.3703,0.0763,0.2195,11.9204,-0.3958,0.0000,1.0000,0.0000,0.2475,27371.3
115,3136,3940,0.5189,-0.5740,0.1679,0.1340,8.9777,-0.2016,-0.0000,1.0000,0.0000,0.2474,27499.9
115,3456,3960,0.5993,4.6301,0.1282,0.2032,13.1120,-0.4604,0.0000,1.0000,0.0000,0.2476,27648.9
115,3776,3980,0.0769,-1.8087,0.2289,0.2931,9.8791,-0.1536,0.0000,1.0000,0.0000,0.2478,27786.8
115,4096,4000,-0.3504,1.6454,0.2407,0.2968,10.2831,-0.2237,0.0000,1.0000,0.0000,0.2478,27921.6
115,4416,4020,-0.0082,-1.3278,0.2798,0.4580,7.0764,-0.0793,-0.0000,1.0000,0.0000,0.2479,28058.1
115,4736,4040,0.1801,1.9697,0.1411,0.3203,11.6694,-0.4048,0.0000,1.0000,0.0000,0.2480,28184.6
116,64,4060,0.1318,-0.9299,0.1790,0.3316,8.9098,-0.1303,0.0000,1.0000,0.0000,0.2481,28326.9
116,384,4080,0.7100,0.9404,0.1165,0.2554,9.2358,-0.2225,-0.0000,1.0000,0.0000,0.2481,28447.1
116,704,4100,-0.0357,-1.1407,0.2484,0.1065,10.7964,-0.2679,-0.0000,1.0000,0.0000,0.2480,28584.8
116,1024,4120,-0.5839,1.0820,0.1296,0.3739,11.1430,-0.2672,-0.0000,1.0000,0.0000,0.2480,28709.6
116,1344,4140,-0.5920,0.5759,0.2836,0.1871,8.2826,-0.1593,0.0000,1.0000,0.0000,0.2481,28843.4
116,1664,4160,0.2050,1.3302,0.2852,0.2163,9.7562,-0.2426,0.0000,1.0000,0.0000,0.2481,28968.2
116,1984,4180,-0.2299,-2.2897,0.0562,0.2678,10.7265,-0.2645,-0.0000,1.0000,0.0000,0.2481,29102.8
116,2304,4200,-0.0451,2.0571,0.1561,0.1222,12.2239,-0.3155,0.0000,1.0000,0.0000,0.2480,29249.0
116,2624,4220,-0.3383,-3.4426,0.2616,0.2477,11.1549,-0.0594,0.0000,1.0000,0.0000,0.2479,29395.2
116,2944,4240,0.2632,0.8896,0.0812,0.2042,11.8780,-0.3638,-0.0000,1.0000,0.0000,0.2480,29520.1
116,3264,4260,-0.5347,3.2359,0.0853,0.1364,10.0486,-0.3207,-0.0000,1.0000,0.0000,0.2482,29647.9
116,3584,4280,0.5643,1.1600,0.1328,0.2722,10.0623,-0.2026,-0.0000,1.0000,0.0000,0.2481,29774.6
116,3904,4300,-0.4531,-0.9322,0.3446,0.1599,7.4051,0.0323,0.0000,1.0000,0.0000,0.2481,29904.8
116,4224,4320,0.0444,-0.3360,0.1130,0.1619,9.6579,-0.1395,0.0000,1.0000,0.0000,0.2482,30029.8
116,4544,4340,0.7495,-1.2417,0.0862,0.1957,10.7556,-0.1625,-0.0000,1.0000,0.0000,0.2481,30148.7
116,4864,4360,-0.7122,0.7759,0.1749,0.1324,10.3214,-0.4209,-0.0000,1.0000,0.0000,0.2481,30274.0
117,192,4380,0.5796,6.2475,0.2271,0.1297,9.4628,-0.4533,0.0000,1.0000,0.0000,0.2482,30406.1
117,512,4400,0.6555,0.1953,0.2318,0.1860,8.3514,-0.2826,0.0000,1.0000,0.0000,0.2482,30528.9
117,832,4420,0.2873,-2.3400,0.1546,0.1668,12.1031,-0.1426,-0.0000,1.0000,0.0000,0.2480,30649.4
117,1152,4440,-0.2966,-1.2824,0.0990,0.2019,11.0348,-0.3080,0.0000,1.0000,0.0000,0.2478,30780.8
117,1472,4460,-0.7198,1.8290,0.1588,0.1311,9.3197,-0.3486,-0.0000,1.0000,0.0000,0.2479,30905.5
117,1792,4480,0.6380,-2.3207,0.1340,0.2342,9.4407,-0.1380,-0.0000,1.0000,0.0000,0.2478,31026.6
117,2112,4500,-0.3479,0.1319,0.2959,0.3381,8.3582,-0.1491,0.0000,1.0000,0.0000,0.2478,31155.1
117,2432,4520,0.8515,1.3427,0.0995,0.2342,14.3613,-0.3770,-0.0000,1.0000,0.0000,0.2478,31278.7
117,2752,4540,-0.3561,-2.0765,0.2427,0.3028,8.0438,-0.0363,-0.0000,1.0000,0.0000,0.2478,31403.7
117,3072,4560,-0.9390,-1.3151,0.1486,0.1058,9.0069,-0.1097,-0.0000,1.0000,0.0000,0.2479,31543.7
117,3392,4580,-0.7616,1.5334,0.1079,0.1876,7.4434,-0.3685,0.0000,1.0000,0.0000,0.2479,31669.1
117,3712,4600,0.9161,-1.8165,0.1532,0.2906,11.6766,-0.1076,-0.0000,1.0000,0.0000,0.2478,31805.2
117,4032,4620,-0.2300,0.5212,0.1948,0.4131,7.6901,-0.2589,0.0000,1.0000,0.0000,0.2477,31936.5
117,4352,4640,1.0518,6.1254,0.2077,0.2616,12.9001,-0.4708,-0.0000,1.0000,0.0000,0.2477,32047.4
117,4672,4660,0.2555,-0.2894,0.2515,0.4172,4.7276,0.0827,0.0000,1.0000,0.0000,0.2478,32151.0
117,4992,4680,-0.4000,0.3626,0.1058,0.2643,9.0086,-0.3003,-0.0000,1.0000,0.0000,0.2478,32274.5
118,320,4700,0.1009,-1.8755,0.1760,0.3578,9.2012,0.0599,-0.0000,1.0000,0.0000,0.2480,32412.4
118,640,4720,0.0135,-0.8649,0.2893,0.2500,8.1916,-0.1493,-0.0000,1.0000,0.0000,0.2479,32532.6
118,960,4740,-0.3952,4.1243,0.0571,0.3885,11.0666,-0.4590,-0.0000,1.0000,0.0000,0.2479,32661.7
118,1280,4760,0.0633,4.2463,0.0292,0.4259,11.8271,-0.4569,0.0000,1.0000,0.0000,0.2478,32774.2
118,1600,4780,-0.8944,5.5322,0.1056,0.1967,9.1189,-0.4528,0.0000,1.0000,0.0000,0.2478,32889.8
118,1920,4800,0.6131,-2.6347,0.1083,0.3148,8.5952,-0.0498,0.0000,1.0000,0.0000,0.2479,33015.9
118,2240,4820,0.2667,1.4401,0.0882,0.2184,9.0861,-0.1443,0.0000,1.0000,0.0000,0.2479,33149.3
118,2560,4840,0.5690,-0.0546,0.0769,0.1175,13.9236,-0.3468,-0.0000,1.0000,0.0000,0.2478,33280.6
118,2880,4860,0.3127,-2.4171,0.4675,0.0889,10.1729,-0.3385,0.0000,1.0000,0.0000,0.2479,33411.3
118,3200,4880,0.3231,3.6361,0.1146,0.1800,10.8332,-0.3620,0.0000,1.0000,0.0000,0.2479,33538.8
118,3520,4900,0.0254,1.2361,0.1723,0.1572,4.9729,-0.3619,0.0000,1.0000,0.0000,0.2481,33669.3
118,3840,4920,0.3456,-0.3806,0.1406,0.1902,10.2346,-0.3090,0.0000,1.0000,0.0000,0.2481,33798.8
118,4160,4940,-0.2111,-2.0559,0.1488,0.1744,8.8113,-0.1614,-0.0000,1.0000,0.0000,0.2481,33926.9
118,4480,4960,0.2735,0.3279,0.2384,0.1409,6.2741,-0.2241,-0.0000,1.0000,0.0000,0.2482,34065.7
118,4800,4980,-0.7056,-2.0628,0.0622,0.1544,11.4556,-0.3319,-0.0000,1.0000,0.0000,0.2481,34201.6
119,128,5000,-0.2874,1.7529,0.2232,0.1966,11.6550,-0.5104,-0.0000,1.0000,0.0000,0.2482,34352.7
119,448,5020,-0.8021,0.7172,0.2211,0.2470,7.4067,-0.3240,0.0000,1.0000,0.0000,0.2482,34500.8
119,768,5040,0.2396,-2.6002,0.0846,0.0926,11.0007,-0.1934,0.0000,1.0000,0.0000,0.2482,34632.6
119,1088,5060,-0.3692,-0.9969,0.1549,0.4058,6.6305,-0.0147,-0.0000,1.0000,0.0000,0.2483,34771.2
119,1408,5080,0.3052,1.8686,0.0910,0.3617,10.8094,-0.4326,0.0000,1.0000,0.0000,0.2483,34914.8
119,1728,5100,0.4306,2.6425,0.0945,0.7392,9.9300,-0.3704,0.0000,1.0000,0.0000,0.2481,35035.5
119,2048,5120,-0.5234,-0.5935,0.1544,0.2475,5.3998,-0.1846,-0.0000,1.0000,0.0000,0.2482,35180.0
119,2368,5140,-0.2786,0.9029,0.1416,0.0685,10.8467,-0.3468,0.0000,1.0000,0.0000,0.2483,35315.3
119,2688,5160,-0.1499,-2.6716,0.3961,0.1450,9.4818,-0.2443,-0.0000,1.0000,0.0000,0.2483,35462.3
119,3008,5180,-0.2698,0.5162,0.2210,0.1883,8.5805,-0.1967,0.0000,1.0000,0.0000,0.2483,35606.6
119,3328,5200,-0.3633,-0.8121,0.0531,0.1501,9.5135,-0.2719,-0.0000,1.0000,0.0000,0.2484,35747.5
119,3648,5220,-0.0757,-3.5434,0.1204,0.2552,11.0931,-0.1958,0.0000,1.0000,0.0000,0.2485,35885.1
119,3968,5240,0.0213,0.5143,0.2261,0.1831,8.2889,-0.1455,-0.0000,1.0000,0.0000,0.2484,36011.0
119,4288,5260,-0.6705,2.5343,0.0253,0.2026,12.3530,-0.4596,0.0000,1.0000,0.0000,0.2485,36142.9
119,4608,5280,0.9528,-1.1024,0.1147,0.1328,13.3221,-0.3261,-0.0000,1.0000,0.0000,0.2484,36258.4
119,4928,5300,0.9727,1.0341,0.0890,0.2684,10.6884,-0.1672,0.0000,1.0000,0.0000,0.2483,36383.5
120,256,5320,0.0735,3.5864,0.0659,0.1751,11.6353,-0.4883,0.0000,1.0000,0.0000,0.2486,36539.7
120,576,5340,0.5685,1.8425,0.1025,0.1954,9.8487,-0.3527,0.0000,1.0000,0.0000,0.2486,36674.7
120,896,5360,-0.1349,1.2263,0.0712,0.0675,13.1164,-0.3768,-0.0000,1.0000,0.0000,0.2485,36809.6
120,1216,5380,0.1798,4.8908,0.0541,0.3361,10.8729,-0.4581,0.0000,1.0000,0.0000,0.2484,36941.6
120,1536,5400,0.7117,-0.9123,0.1930,0.1942,10.8652,-0.3388,-0.0000,1.0000,0.0000,0.2484,37069.5
120,1856,5420,-0.0571,-1.1066,0.0552,0.3506,12.5081,-0.0600,-0.0000,1.0000,0.0000,0.2485,37201.1
120,2176,5440,-0.1533,-0.9754,0.1151,0.2073,12.9026,-0.3258,-0.0000,1.0000,0.0000,0.2485,37338.5
120,2496,5460,-1.0566,-0.4990,0.2232,0.1572,10.8751,-0.3165,-0.0000,1.0000,0.0000,0.2485,37477.2
120,2816,5480,-0.7676,-0.4896,0.1085,0.2662,11.9441,-0.3376,0.0000,1.0000,0.0000,0.2485,37611.4
120,3136,5500,-0.1061,-1.6830,0.2120,0.2800,9.6858,-0.1490,0.0000,1.0000,0.0000,0.2485,37737.6
120,3456,5520,0.6386,-1.6237,0.4633,0.1426,15.0158,-0.5573,0.0000,1.0000,0.0000,0.2485,37866.8
120,3776,5540,0.0146,2.6291,0.1826,0.0932,10.6087,-0.3879,0.0000,1.0000,0.0000,0.2486,37989.4
120,4096,5560,0.2592,-1.4982,0.1075,0.1819,10.2189,-0.0885,-0.0000,1.0000,0.0000,0.2486,38113.5
120,4416,5580,-0.2266,1.4785,0.1958,0.3520,7.0071,-0.2865,-0.0000,1.0000,0.0000,0.2487,38241.9
120,4736,5600,0.7756,1.4978,0.1187,0.1246,11.0488,-0.3868,0.0000,1.0000,0.0000,0.2487,38362.9
