Loading substrate from datasets/scenario_50nodes_train/substrate.json
Loading VNRs from datasets/scenario_50nodes_train/virtual_requests.json
  Using 5000 VNRs
  Trainable policy (il_mp_vne_v19) loaded from checkpoints/il_mp_vne_v19_50nodes_cf_cont3.pt
  rollout=direct → train: cand_head + encoder + value (ordering frozen) (19394 frozen, 36293 trainable)
  Frozen reference policy loaded (KL enabled, β_KL=0.1)
PPO fine-tune: 5000 VNRs, batch=16, lr=0.0003
  baseline=critic V(s), normalize_adv=True, β_H=0.01, value_coef=0.5, reward=cost_rel α=0.5 λ=1.0, fail_r=-0.5
  checkpoint: checkpoints/il_mp_vne_v19_50nodes_cf_cont4.pt
------------------------------------------------------------------------
  ep   320/5000 batch   20 loss=  -0.442 pol= -0.269 vL= 0.150 kl= 0.11 H=  4.95 adv=-0.000 r̄= 0.092 succ=38.8% >exp= 0.0% el=  37s eta= 9m02s
  ep   640/5000 batch   40 loss=   0.696 pol= -1.242 vL= 0.064 kl= 0.06 H=  6.57 adv=+0.000 r̄=-0.004 succ=36.9% >exp= 0.0% el= 1m11s eta= 8m07s
  ep   960/5000 batch   60 loss=   0.312 pol=  1.899 vL= 0.103 kl= 0.08 H=  8.98 adv=-0.000 r̄=-0.165 succ=35.3% >exp= 0.0% el= 1m47s eta= 7m33s
  ep  1280/5000 batch   80 loss=  -0.646 pol= -0.387 vL= 0.231 kl= 0.03 H=  5.89 adv=-0.000 r̄=-0.149 succ=35.7% >exp= 0.0% el= 2m23s eta= 6m56s
  ep  1600/5000 batch  100 loss=   0.143 pol=  1.343 vL= 0.246 kl= 0.18 H=  5.89 adv=+0.000 r̄=-0.117 succ=35.8% >exp= 0.0% el= 2m59s eta= 6m20s
  ep  1920/5000 batch  120 loss=  -0.727 pol=  0.003 vL= 0.196 kl= 0.05 H=  4.33 adv=-0.000 r̄= 0.153 succ=35.6% >exp= 0.0% el= 3m32s eta= 5m40s
  ep  2240/5000 batch  140 loss=   0.016 pol= -0.852 vL= 0.146 kl= 0.74 H=  4.91 adv=-0.000 r̄=-0.007 succ=35.4% >exp= 0.0% el= 4m05s eta= 5m01s
  ep  2560/5000 batch  160 loss=  -0.243 pol=  0.841 vL= 0.249 kl= 0.43 H=  4.24 adv=+0.000 r̄=-0.232 succ=35.6% >exp= 0.0% el= 4m41s eta= 4m28s
  ep  2880/5000 batch  180 loss=  -0.378 pol= -1.822 vL= 0.197 kl= 0.91 H=  7.59 adv=-0.000 r̄=-0.077 succ=35.8% >exp= 0.0% el= 5m18s eta= 3m54s
  ep  3200/5000 batch  200 loss=  -0.291 pol= -0.051 vL= 0.404 kl= 0.06 H=  5.89 adv=+0.000 r̄=-0.229 succ=35.7% >exp= 0.0% el= 5m53s eta= 3m19s
  ep  3520/5000 batch  220 loss=  -0.962 pol= -0.155 vL= 0.306 kl= 0.07 H=  5.10 adv=+0.000 r̄=-0.114 succ=36.1% >exp= 0.0% el= 6m31s eta= 2m44s
  ep  3840/5000 batch  240 loss=   1.023 pol=  0.733 vL= 0.106 kl= 0.09 H=  8.03 adv=-0.000 r̄=-0.212 succ=36.0% >exp= 0.0% el= 7m07s eta= 2m09s
  ep  4160/5000 batch  260 loss=  -0.095 pol= -1.588 vL= 0.207 kl= 0.19 H=  7.71 adv=-0.000 r̄= 0.003 succ=35.9% >exp= 0.0% el=31m09s eta= 6m17s
  ep  4480/5000 batch  280 loss=  -0.423 pol= -0.937 vL= 0.130 kl= 0.13 H=  3.93 adv=+0.000 r̄= 0.226 succ=36.0% >exp= 0.0% el=31m39s eta= 3m40s
  ep  4800/5000 batch  300 loss=   0.265 pol=  0.391 vL= 0.280 kl= 0.03 H=  4.35 adv=+0.000 r̄=-0.210 succ=36.1% >exp= 0.0% el=32m04s eta= 1m20s
  >>> Epoch 1/50 DONE: succ=36.2% (1811/5000) mean_loss=-0.0906 mean_reward=-0.128 mean_KL=0.156 mean_H=6.70 epoch_time=32m18s

=== Epoch 2/50 — resetting substrate ===
  ep   128/5000 batch  320 loss=  -0.264 pol= -2.896 vL= 0.085 kl= 0.19 H=  7.87 adv=+0.000 r̄=-0.058 succ=36.4% >exp= 0.0% el=32m29s eta=20h36m
  ep   448/5000 batch  340 loss=   1.158 pol=  0.607 vL= 0.258 kl= 0.53 H=  5.56 adv=-0.000 r̄= 0.044 succ=36.2% >exp= 0.0% el=32m53s eta=5h34m
  ep   768/5000 batch  360 loss=  -0.197 pol=  0.667 vL= 0.249 kl= 0.33 H=  4.00 adv=+0.000 r̄=-0.269 succ=36.0% >exp= 0.0% el=33m18s eta=3h03m
  ep  1088/5000 batch  380 loss=  -0.735 pol= -1.026 vL= 0.112 kl= 0.25 H=  5.41 adv=+0.000 r̄=-0.238 succ=36.0% >exp= 0.0% el=33m46s eta=2h01m
  ep  1408/5000 batch  400 loss=   0.306 pol=  2.092 vL= 0.178 kl= 0.06 H=  7.20 adv=-0.000 r̄=-0.205 succ=35.9% >exp= 0.0% el=34m15s eta=1h27m
  ep  1728/5000 batch  420 loss=  -0.210 pol=  2.066 vL= 0.195 kl= 0.08 H=  6.22 adv=+0.000 r̄=-0.130 succ=35.8% >exp= 0.0% el=34m51s eta=1h05m
  ep  2048/5000 batch  440 loss=  -0.262 pol=  0.296 vL= 0.115 kl= 0.11 H=  4.75 adv=+0.000 r̄=-0.117 succ=35.8% >exp= 0.0% el=35m24s eta=51m01s
  ep  2368/5000 batch  460 loss=   0.261 pol=  1.056 vL= 0.256 kl= 0.28 H=  5.29 adv=+0.000 r̄=-0.229 succ=35.7% >exp= 0.0% el=35m52s eta=39m52s
  ep  2688/5000 batch  480 loss=  -0.404 pol= -0.945 vL= 0.293 kl= 0.16 H=  4.71 adv=+0.000 r̄= 0.041 succ=35.8% >exp= 0.0% el=36m25s eta=31m19s
  ep  3008/5000 batch  500 loss=   0.027 pol=  0.429 vL= 0.117 kl= 0.20 H=  5.98 adv=-0.000 r̄=-0.019 succ=35.6% >exp= 0.0% el=36m53s eta=24m26s
  ep  3328/5000 batch  520 loss=  -0.086 pol=  0.792 vL= 0.242 kl= 0.24 H=  4.33 adv=+0.000 r̄=-0.109 succ=35.5% >exp= 0.0% el=37m22s eta=18m46s
  ep  3648/5000 batch  540 loss=  -0.508 pol= -0.580 vL= 0.228 kl= 0.14 H=  5.43 adv=+0.000 r̄=-0.190 succ=35.8% >exp= 0.0% el=37m53s eta=14m02s
  ep  3968/5000 batch  560 loss=   0.049 pol=  1.824 vL= 0.272 kl= 0.18 H=  7.36 adv=+0.000 r̄=-0.296 succ=35.8% >exp= 0.0% el=38m22s eta= 9m58s
  ep  4288/5000 batch  580 loss=   0.532 pol= -4.233 vL= 0.311 kl= 0.08 H=  7.60 adv=-0.000 r̄=-0.039 succ=35.8% >exp= 0.0% el=38m55s eta= 6m27s
  ep  4608/5000 batch  600 loss=  -1.353 pol=  0.187 vL= 0.172 kl= 0.22 H=  6.38 adv=+0.000 r̄= 0.186 succ=35.9% >exp= 0.0% el=39m24s eta= 3m21s
  ep  4928/5000 batch  620 loss=   0.797 pol=  1.741 vL= 0.176 kl= 0.45 H=  5.56 adv=+0.000 r̄=-0.175 succ=35.9% >exp= 0.0% el=39m52s eta=  35s
  >>> Epoch 2/50 DONE: succ=35.7% (1786/5000) mean_loss=-0.0891 mean_reward=-0.134 mean_KL=0.203 mean_H=6.29 epoch_time= 7m39s

=== Epoch 3/50 — resetting substrate ===
  ep   256/5000 batch  640 loss=   0.149 pol=  2.299 vL= 0.039 kl= 0.12 H=  7.75 adv=+0.000 r̄= 0.125 succ=35.9% >exp= 0.0% el=40m22s eta=12h28m
  ep   576/5000 batch  660 loss=   0.614 pol=  1.247 vL= 0.133 kl= 0.04 H=  7.56 adv=+0.000 r̄=-0.082 succ=35.9% >exp= 0.0% el=40m57s eta=5h14m
  ep   896/5000 batch  680 loss=  -0.953 pol= -3.758 vL= 0.106 kl= 0.31 H=  8.07 adv=+0.000 r̄= 0.004 succ=35.8% >exp= 0.0% el=41m27s eta=3h09m
  ep  1216/5000 batch  700 loss=  -0.732 pol= -1.728 vL= 0.183 kl= 0.34 H=  9.25 adv=+0.000 r̄=-0.081 succ=35.8% >exp= 0.0% el=41m58s eta=2h10m
  ep  1536/5000 batch  720 loss=   0.446 pol= -0.161 vL= 0.178 kl= 0.56 H=  6.14 adv=-0.000 r̄=-0.093 succ=35.7% >exp= 0.0% el=42m34s eta=1h36m
  ep  1856/5000 batch  740 loss=   0.193 pol= -2.059 vL= 0.215 kl= 0.11 H=  7.36 adv=-0.000 r̄=-0.180 succ=35.7% >exp= 0.0% el=43m02s eta=1h12m
  ep  2176/5000 batch  760 loss=   0.234 pol=  1.122 vL= 0.163 kl= 0.14 H=  5.50 adv=+0.000 r̄=-0.056 succ=35.7% >exp= 0.0% el=43m50s eta=56m53s
  ep  2496/5000 batch  780 loss=  -0.334 pol= -1.123 vL= 0.338 kl= 0.33 H=  7.05 adv=+0.000 r̄= 0.071 succ=35.6% >exp= 0.0% el=44m25s eta=44m33s
  ep  2816/5000 batch  800 loss=  -0.018 pol=  0.021 vL= 0.217 kl= 0.32 H=  5.11 adv=-0.000 r̄=-0.177 succ=35.6% >exp= 0.0% el=44m57s eta=34m52s
  ep  3136/5000 batch  820 loss=   0.552 pol= -0.506 vL= 0.201 kl= 0.41 H=  9.56 adv=-0.000 r̄=-0.170 succ=35.6% >exp= 0.0% el=45m47s eta=27m12s
  ep  3456/5000 batch  840 loss=  -0.527 pol= -0.368 vL= 0.369 kl= 1.15 H=  6.51 adv=-0.000 r̄= 0.026 succ=35.7% >exp= 0.0% el=46m19s eta=20m41s
  ep  3776/5000 batch  860 loss=   0.792 pol=  0.661 vL= 0.118 kl= 0.45 H=  4.84 adv=-0.000 r̄=-0.238 succ=35.6% >exp= 0.0% el=46m50s eta=15m10s
  ep  4096/5000 batch  880 loss=  -0.083 pol=  1.185 vL= 0.186 kl= 0.26 H=  5.16 adv=-0.000 r̄=-0.120 succ=35.6% >exp= 0.0% el=47m23s eta=10m27s
  ep  4416/5000 batch  900 loss=   0.107 pol=  0.137 vL= 0.155 kl= 0.54 H=  5.97 adv=+0.000 r̄=-0.281 succ=35.5% >exp= 0.0% el=47m58s eta= 6m20s
  ep  4736/5000 batch  920 loss=  -0.228 pol=  0.443 vL= 0.090 kl= 0.46 H=  4.63 adv=+0.000 r̄=-0.099 succ=35.6% >exp= 0.0% el=48m32s eta= 2m42s
  >>> Epoch 3/50 DONE: succ=34.9% (1743/5000) mean_loss= 0.0550 mean_reward=-0.141 mean_KL=0.308 mean_H=6.53 epoch_time= 9m04s

=== Epoch 4/50 — resetting substrate ===
  ep    64/5000 batch  940 loss=   0.353 pol= -1.676 vL= 0.105 kl= 0.14 H=  8.62 adv=+0.000 r̄=-0.201 succ=35.6% >exp= 0.0% el=49m14s eta=63h17m
  ep   384/5000 batch  960 loss=  -0.387 pol= -0.338 vL= 0.212 kl= 0.25 H=  4.58 adv=+0.000 r̄=-0.146 succ=35.5% >exp= 0.0% el=50m04s eta=10h01m
  ep   704/5000 batch  980 loss=  -0.071 pol=  1.999 vL= 0.254 kl= 0.54 H=  7.08 adv=-0.000 r̄=-0.274 succ=35.5% >exp= 0.0% el=50m55s eta=5h10m
  ep  1024/5000 batch 1000 loss=  -0.838 pol= -0.310 vL= 0.193 kl= 0.20 H=  6.01 adv=-0.000 r̄=-0.147 succ=35.5% >exp= 0.0% el=51m42s eta=3h20m
  ep  1344/5000 batch 1020 loss=   0.372 pol=  1.837 vL= 0.178 kl= 0.20 H=  4.76 adv=+0.000 r̄=-0.032 succ=35.4% >exp= 0.0% el=52m29s eta=2h22m
  ep  1664/5000 batch 1040 loss=   0.178 pol=  0.187 vL= 0.069 kl= 0.51 H=  4.69 adv=-0.000 r̄=-0.296 succ=35.4% >exp= 0.0% el=53m08s eta=1h46m
  ep  1984/5000 batch 1060 loss=  -0.073 pol= -0.736 vL= 0.162 kl= 0.80 H=  5.00 adv=-0.000 r̄=-0.064 succ=35.4% >exp= 0.0% el=53m53s eta=1h21m
  ep  2304/5000 batch 1080 loss=  -0.591 pol=  0.549 vL= 0.159 kl= 0.37 H=  8.31 adv=+0.000 r̄=-0.333 succ=35.4% >exp= 0.0% el=54m41s eta=1h04m
  ep  2624/5000 batch 1100 loss=  -0.646 pol= -0.692 vL= 0.245 kl= 0.22 H=  7.84 adv=-0.000 r̄=-0.335 succ=35.4% >exp= 0.0% el=55m17s eta=50m04s
  ep  2944/5000 batch 1120 loss=   0.285 pol= -2.399 vL= 0.055 kl= 0.08 H=  8.08 adv=+0.000 r̄=-0.142 succ=35.4% >exp= 0.0% el=56m06s eta=39m10s
  ep  3264/5000 batch 1140 loss=   0.276 pol= -0.242 vL= 0.095 kl= 0.14 H=  5.63 adv=-0.000 r̄=-0.280 succ=35.3% >exp= 0.0% el=56m50s eta=30m13s
  ep  3584/5000 batch 1160 loss=  -0.196 pol= -1.012 vL= 0.163 kl= 0.15 H=  6.50 adv=-0.000 r̄=-0.157 succ=35.4% >exp= 0.0% el=57m28s eta=22m42s
  ep  3904/5000 batch 1180 loss=   0.108 pol=  2.060 vL= 0.230 kl= 0.15 H=  6.12 adv=+0.000 r̄=-0.056 succ=35.4% >exp= 0.0% el=58m07s eta=16m19s
  ep  4224/5000 batch 1200 loss=   0.205 pol= -1.940 vL= 0.099 kl= 0.23 H=  8.85 adv=+0.000 r̄=-0.208 succ=35.4% >exp= 0.0% el=58m41s eta=10m46s
  ep  4544/5000 batch 1220 loss=   0.019 pol= -1.452 vL= 0.106 kl= 0.13 H=  5.95 adv=-0.000 r̄= 0.162 succ=35.4% >exp= 0.0% el=59m20s eta= 5m57s
  ep  4864/5000 batch 1240 loss=   0.103 pol=  1.066 vL= 0.142 kl= 0.29 H=  5.78 adv=+0.000 r̄=-0.338 succ=35.4% >exp= 0.0% el=59m56s eta= 1m40s
  >>> Epoch 4/50 DONE: succ=35.2% (1758/5000) mean_loss=-0.0763 mean_reward=-0.140 mean_KL=0.248 mean_H=6.44 epoch_time=11m07s

=== Epoch 5/50 — resetting substrate ===
  ep   192/5000 batch 1260 loss=   0.104 pol= -1.154 vL= 0.350 kl= 0.21 H=  5.80 adv=+0.000 r̄=-0.192 succ=35.5% >exp= 0.0% el=1h00m eta=25h15m
  ep   512/5000 batch 1280 loss=  -0.527 pol=  0.338 vL= 0.097 kl= 0.24 H=  7.24 adv=-0.000 r̄=-0.325 succ=35.5% >exp= 0.0% el=1h01m eta=8h55m
  ep   832/5000 batch 1300 loss=   0.142 pol= -0.825 vL= 0.116 kl= 0.22 H=  6.12 adv=+0.000 r̄= 0.023 succ=35.5% >exp= 0.0% el=1h01m eta=5h08m
  ep  1152/5000 batch 1320 loss=  -0.259 pol= -0.390 vL= 0.137 kl= 0.40 H=  4.68 adv=-0.000 r̄= 0.031 succ=35.5% >exp= 0.0% el=1h02m eta=3h30m
  ep  1472/5000 batch 1340 loss=  -0.076 pol=  2.457 vL= 0.254 kl= 0.21 H=  5.68 adv=-0.000 r̄=-0.420 succ=35.4% >exp= 0.0% el=1h03m eta=2h32m
  ep  1792/5000 batch 1360 loss=  -0.063 pol=  1.021 vL= 0.072 kl= 0.14 H=  7.87 adv=-0.000 r̄=-0.191 succ=35.4% >exp= 0.0% el=1h04m eta=1h55m
  ep  2112/5000 batch 1380 loss=  -0.334 pol= -0.474 vL= 0.107 kl= 0.30 H=  7.89 adv=+0.000 r̄=-0.020 succ=35.4% >exp= 0.0% el=1h05m eta=1h29m
  ep  2432/5000 batch 1400 loss=   0.840 pol=  1.222 vL= 0.198 kl= 0.13 H=  7.96 adv=+0.000 r̄=-0.375 succ=35.4% >exp= 0.0% el=1h05m eta=1h09m
  ep  2752/5000 batch 1420 loss=  -0.084 pol=  0.289 vL= 0.092 kl= 0.41 H=  5.60 adv=-0.000 r̄=-0.171 succ=35.4% >exp= 0.0% el=1h06m eta=54m12s
  ep  3072/5000 batch 1440 loss=   0.009 pol= -0.676 vL= 0.129 kl= 0.13 H=  7.96 adv=+0.000 r̄=-0.045 succ=35.3% >exp= 0.0% el=1h07m eta=42m18s
  ep  3392/5000 batch 1460 loss=  -0.065 pol=  2.854 vL= 0.144 kl= 0.19 H=  6.10 adv=-0.000 r̄=-0.306 succ=35.3% >exp= 0.0% el=1h08m eta=32m17s
  ep  3712/5000 batch 1480 loss=  -0.600 pol= -0.865 vL= 0.127 kl= 0.21 H=  7.33 adv=-0.000 r̄=-0.153 succ=35.4% >exp= 0.0% el=1h09m eta=23m57s
  ep  4032/5000 batch 1500 loss=   0.112 pol=  1.136 vL= 0.307 kl= 0.16 H=  5.91 adv=-0.000 r̄=-0.310 succ=35.3% >exp= 0.0% el=1h10m eta=16m51s
  ep  4352/5000 batch 1520 loss=  -0.250 pol= -0.759 vL= 0.373 kl= 0.25 H=  2.91 adv=+0.000 r̄= 0.056 succ=35.4% >exp= 0.0% el=1h11m eta=10m39s
  ep  4672/5000 batch 1540 loss=   0.160 pol= -2.391 vL= 0.166 kl= 0.25 H=  6.24 adv=+0.000 r̄=-0.040 succ=35.4% >exp= 0.0% el=1h12m eta= 5m05s
  ep  4992/5000 batch 1560 loss=   0.307 pol=  0.883 vL= 0.264 kl= 0.26 H=  4.02 adv=+0.000 r̄=-0.190 succ=35.4% >exp= 0.0% el=1h14m eta=   7s
  >>> Epoch 5/50 DONE: succ=35.0% (1748/5000) mean_loss=-0.0500 mean_reward=-0.148 mean_KL=0.249 mean_H=6.15 epoch_time=14m14s

=== Epoch 6/50 — resetting substrate ===
  ep   320/5000 batch 1580 loss=   0.044 pol=  0.321 vL= 0.323 kl= 0.21 H=  2.09 adv=-0.000 r̄=-0.060 succ=35.4% >exp= 0.0% el=1h15m eta=18h18m
  ep   640/5000 batch 1600 loss=  -0.259 pol= -1.966 vL= 0.347 kl= 0.09 H=  5.72 adv=-0.000 r̄=-0.060 succ=35.4% >exp= 0.0% el=1h15m eta=8h36m
  ep   960/5000 batch 1620 loss=  -0.179 pol=  0.951 vL= 0.055 kl= 0.12 H=  8.40 adv=+0.000 r̄=-0.123 succ=35.4% >exp= 0.0% el=1h16m eta=5h21m
  ep  1280/5000 batch 1640 loss=  -0.228 pol=  1.672 vL= 0.124 kl= 0.20 H=  3.94 adv=-0.000 r̄=-0.157 succ=35.3% >exp= 0.0% el=1h17m eta=3h44m
  ep  1600/5000 batch 1660 loss=   0.243 pol= -0.760 vL= 0.265 kl= 0.22 H=  5.14 adv=-0.000 r̄=-0.108 succ=35.3% >exp= 0.0% el=1h17m eta=2h45m
  ep  1920/5000 batch 1680 loss=  -0.685 pol= -1.687 vL= 0.333 kl= 0.46 H=  4.90 adv=+0.000 r̄= 0.066 succ=35.3% >exp= 0.0% el=1h18m eta=2h05m
  ep  2240/5000 batch 1700 loss=   0.143 pol=  1.220 vL= 0.097 kl= 0.15 H=  5.17 adv=+0.000 r̄=-0.273 succ=35.3% >exp= 0.0% el=1h18m eta=1h37m
  ep  2560/5000 batch 1720 loss=  -0.365 pol= -2.314 vL= 0.195 kl= 0.17 H=  5.08 adv=-0.000 r̄=-0.209 succ=35.3% >exp= 0.0% el=1h19m eta=1h15m
  ep  2880/5000 batch 1740 loss=  -0.686 pol=  1.098 vL= 0.058 kl= 0.15 H=  6.24 adv=+0.000 r̄=-0.127 succ=35.3% >exp= 0.0% el=1h20m eta=59m05s
  ep  3200/5000 batch 1760 loss=   0.435 pol= -1.551 vL= 0.182 kl= 0.29 H=  5.96 adv=+0.000 r̄= 0.053 succ=35.4% >exp= 0.0% el=1h20m eta=45m33s
  ep  3520/5000 batch 1780 loss=  -0.261 pol= -2.084 vL= 0.145 kl= 0.20 H=  5.92 adv=+0.000 r̄= 0.096 succ=35.4% >exp= 0.0% el=1h21m eta=34m24s
  ep  3840/5000 batch 1800 loss=  -0.182 pol=  0.857 vL= 0.211 kl= 0.11 H=  8.23 adv=+0.000 r̄=-0.371 succ=35.4% >exp= 0.0% el=1h23m eta=25m21s
  ep  4160/5000 batch 1820 loss=   0.769 pol=  0.410 vL= 0.177 kl= 0.16 H=  9.52 adv=+0.000 r̄=-0.050 succ=35.4% >exp= 0.0% el=1h25m eta=17m15s
  ep  4480/5000 batch 1840 loss=  -0.610 pol= -0.353 vL= 0.260 kl= 0.28 H=  4.35 adv=+0.000 r̄=-0.027 succ=35.5% >exp= 0.0% el=1h26m eta=10m05s
  ep  4800/5000 batch 1860 loss=  -0.354 pol=  0.309 vL= 0.279 kl= 0.28 H=  5.03 adv=-0.000 r̄= 0.054 succ=35.5% >exp= 0.0% el=1h28m eta= 3m42s
  >>> Epoch 6/50 DONE: succ=36.2% (1809/5000) mean_loss=-0.1457 mean_reward=-0.129 mean_KL=0.232 mean_H=6.49 epoch_time=15m02s

=== Epoch 7/50 — resetting substrate ===
  ep   128/5000 batch 1880 loss=  -0.017 pol=  1.238 vL= 0.028 kl= 0.22 H=  9.08 adv=+0.000 r̄=-0.163 succ=35.5% >exp= 0.0% el=1h29m eta=56h56m
  ep   448/5000 batch 1900 loss=   0.366 pol=  0.674 vL= 0.072 kl= 0.21 H=  6.98 adv=-0.000 r̄=-0.024 succ=35.6% >exp= 0.0% el=1h30m eta=15h21m
  ep   768/5000 batch 1920 loss=  -0.154 pol=  0.223 vL= 0.299 kl= 0.16 H=  5.36 adv=-0.000 r̄=-0.043 succ=35.5% >exp= 0.0% el=1h31m eta=8h23m
  ep  1088/5000 batch 1940 loss=  -0.263 pol= -0.933 vL= 0.079 kl= 0.12 H=  5.71 adv=+0.000 r̄=-0.124 succ=35.5% >exp= 0.0% el=1h34m eta=5h38m
  ep  1408/5000 batch 1960 loss=   0.363 pol=  1.282 vL= 0.249 kl= 0.11 H=  8.58 adv=-0.000 r̄=-0.076 succ=35.5% >exp= 0.0% el=1h36m eta=4h05m
  ep  1728/5000 batch 1980 loss=  -0.794 pol= -3.097 vL= 0.181 kl= 0.50 H=  7.17 adv=+0.000 r̄= 0.036 succ=35.5% >exp= 0.0% el=1h37m eta=3h04m
  ep  2048/5000 batch 2000 loss=   0.159 pol=  2.180 vL= 0.060 kl= 0.25 H=  7.20 adv=+0.000 r̄=-0.162 succ=35.5% >exp= 0.0% el=1h38m eta=2h21m
  ep  2368/5000 batch 2020 loss=   0.018 pol=  0.921 vL= 0.193 kl= 0.34 H=  6.76 adv=-0.000 r̄=-0.403 succ=35.5% >exp= 0.0% el=1h40m eta=1h51m
  ep  2688/5000 batch 2040 loss=   0.276 pol= -1.173 vL= 0.122 kl= 0.21 H=  6.25 adv=-0.000 r̄=-0.043 succ=35.5% >exp= 0.0% el=1h42m eta=1h27m
  ep  3008/5000 batch 2060 loss=  -0.866 pol= -0.699 vL= 0.073 kl= 0.19 H=  6.08 adv=+0.000 r̄=-0.029 succ=35.4% >exp= 0.0% el=1h42m eta=1h08m
  ep  3328/5000 batch 2080 loss=   0.263 pol= -0.079 vL= 0.207 kl= 0.13 H=  4.28 adv=+0.000 r̄=-0.108 succ=35.4% >exp= 0.0% el=1h43m eta=52m01s
  ep  3648/5000 batch 2100 loss=  -0.040 pol=  0.565 vL= 0.229 kl= 0.13 H=  4.58 adv=+0.000 r̄=-0.169 succ=35.5% >exp= 0.0% el=1h44m eta=38m33s
  ep  3968/5000 batch 2120 loss=   0.121 pol=  0.694 vL= 0.109 kl= 0.18 H=  6.31 adv=-0.000 r̄=-0.237 succ=35.5% >exp= 0.0% el=1h44m eta=27m10s
  ep  4288/5000 batch 2140 loss=   0.014 pol= -3.031 vL= 0.281 kl= 0.25 H=  7.01 adv=-0.000 r̄=-0.031 succ=35.5% >exp= 0.0% el=1h44m eta=17m25s
  ep  4608/5000 batch 2160 loss=  -0.988 pol= -1.624 vL= 0.383 kl= 0.32 H=  6.58 adv=-0.000 r̄= 0.203 succ=35.5% >exp= 0.0% el=1h45m eta= 8m58s
  ep  4928/5000 batch 2180 loss=   0.890 pol=  1.588 vL= 0.132 kl= 0.41 H=  6.06 adv=+0.000 r̄=-0.167 succ=35.5% >exp= 0.0% el=1h45m eta= 1m32s
  >>> Epoch 7/50 DONE: succ=35.6% (1779/5000) mean_loss=-0.0356 mean_reward=-0.143 mean_KL=0.228 mean_H=6.93 epoch_time=16m35s

=== Epoch 8/50 — resetting substrate ===
  ep   256/5000 batch 2200 loss=  -0.821 pol= -3.889 vL= 0.099 kl= 0.20 H=  8.31 adv=-0.000 r̄= 0.107 succ=35.5% >exp= 0.0% el=1h46m eta=32h52m
  ep   576/5000 batch 2220 loss=   0.245 pol= -0.317 vL= 0.166 kl= 0.30 H=  8.23 adv=+0.000 r̄= 0.020 succ=35.5% >exp= 0.0% el=1h46m eta=13h41m
  ep   896/5000 batch 2240 loss=   0.220 pol=  1.289 vL= 0.062 kl= 0.13 H=  7.64 adv=+0.000 r̄=-0.096 succ=35.5% >exp= 0.0% el=1h47m eta=8h11m
  ep  1216/5000 batch 2260 loss=   0.418 pol= -1.559 vL= 0.268 kl= 0.28 H=  8.27 adv=+0.000 r̄=-0.168 succ=35.5% >exp= 0.0% el=1h47m eta=5h35m
  ep  1536/5000 batch 2280 loss=  -0.508 pol=  2.960 vL= 0.250 kl= 0.26 H=  6.70 adv=-0.000 r̄=-0.318 succ=35.5% >exp= 0.0% el=1h48m eta=4h04m
  ep  1856/5000 batch 2300 loss=   0.313 pol= -1.249 vL= 0.157 kl= 0.20 H=  6.88 adv=-0.000 r̄=-0.166 succ=35.4% >exp= 0.0% el=1h48m eta=3h04m
  ep  2176/5000 batch 2320 loss=   0.140 pol= -2.875 vL= 0.485 kl= 0.37 H=  6.11 adv=+0.000 r̄= 0.176 succ=35.4% >exp= 0.0% el=1h49m eta=2h21m
  ep  2496/5000 batch 2340 loss=  -0.840 pol= -0.313 vL= 0.173 kl= 0.34 H=  7.64 adv=-0.000 r̄= 0.190 succ=35.4% >exp= 0.0% el=1h49m eta=1h50m
  ep  2816/5000 batch 2360 loss=   0.639 pol=  1.874 vL= 0.170 kl= 0.17 H=  6.00 adv=+0.000 r̄=-0.392 succ=35.4% >exp= 0.0% el=1h50m eta=1h25m
  ep  3136/5000 batch 2380 loss=  -0.083 pol= -1.525 vL= 0.104 kl= 0.21 H=  8.52 adv=+0.000 r̄=-0.055 succ=35.5% >exp= 0.0% el=1h50m eta=1h05m
  ep  3456/5000 batch 2400 loss=  -0.424 pol= -2.572 vL= 0.268 kl= 0.16 H=  6.95 adv=+0.000 r̄= 0.142 succ=35.5% >exp= 0.0% el=1h51m eta=49m36s
  ep  3776/5000 batch 2420 loss=  -0.045 pol= -0.243 vL= 0.131 kl= 0.21 H=  7.94 adv=+0.000 r̄=-0.260 succ=35.5% >exp= 0.0% el=1h51m eta=36m08s
  ep  4096/5000 batch 2440 loss=   0.132 pol=  0.175 vL= 0.069 kl= 0.95 H=  7.25 adv=-0.000 r̄=-0.067 succ=35.5% >exp= 0.0% el=1h52m eta=24m43s
  ep  4416/5000 batch 2460 loss=  -0.207 pol=  0.760 vL= 0.223 kl= 0.25 H=  6.86 adv=-0.000 r̄=-0.192 succ=35.5% >exp= 0.0% el=1h52m eta=14m53s
  ep  4736/5000 batch 2480 loss=   0.112 pol= -1.122 vL= 0.067 kl= 0.19 H=  4.91 adv=-0.000 r̄=-0.058 succ=35.5% >exp= 0.0% el=1h53m eta= 6m18s
  >>> Epoch 8/50 DONE: succ=35.3% (1765/5000) mean_loss=-0.0208 mean_reward=-0.139 mean_KL=0.271 mean_H=7.16 epoch_time= 7m20s

=== Epoch 9/50 — resetting substrate ===
  ep    64/5000 batch 2500 loss=   0.211 pol= -0.386 vL= 0.159 kl= 0.13 H=  8.02 adv=+0.000 r̄=-0.044 succ=35.5% >exp= 0.0% el=1h53m eta=145h53m
  ep   384/5000 batch 2520 loss=   0.051 pol=  0.214 vL= 0.067 kl= 0.23 H=  5.31 adv=+0.000 r̄=-0.265 succ=35.5% >exp= 0.0% el=1h53m eta=22h50m
  ep   704/5000 batch 2540 loss=  -0.296 pol= -0.880 vL= 0.324 kl= 0.25 H=  6.34 adv=+0.000 r̄=-0.050 succ=35.5% >exp= 0.0% el=1h54m eta=11h39m
  ep  1024/5000 batch 2560 loss=  -0.147 pol=  0.374 vL= 0.100 kl= 0.41 H=  5.03 adv=+0.000 r̄=-0.361 succ=35.5% >exp= 0.0% el=1h55m eta=7h26m
  ep  1344/5000 batch 2580 loss=  -0.829 pol= -1.004 vL= 0.144 kl= 0.28 H=  4.13 adv=+0.000 r̄= 0.056 succ=35.5% >exp= 0.0% el=1h55m eta=5h14m
  ep  1664/5000 batch 2600 loss=   0.354 pol=  0.265 vL= 0.166 kl= 0.51 H=  3.59 adv=+0.000 r̄=-0.378 succ=35.5% >exp= 0.0% el=1h55m eta=3h52m
  ep  1984/5000 batch 2620 loss=   0.099 pol= -1.720 vL= 0.179 kl= 0.16 H=  4.12 adv=+0.000 r̄= 0.126 succ=35.5% >exp= 0.0% el=1h56m eta=2h57m
  ep  2304/5000 batch 2640 loss=  -0.128 pol=  1.890 vL= 0.215 kl= 0.16 H=  7.62 adv=-0.000 r̄=-0.370 succ=35.5% >exp= 0.0% el=1h56m eta=2h16m
  ep  2624/5000 batch 2660 loss=  -0.334 pol= -1.946 vL= 0.082 kl= 0.07 H=  7.34 adv=+0.000 r̄=-0.160 succ=35.5% >exp= 0.0% el=1h57m eta=1h46m
  ep  2944/5000 batch 2680 loss=   0.100 pol= -1.014 vL= 0.056 kl= 0.10 H=  6.80 adv=-0.000 r̄=-0.173 succ=35.5% >exp= 0.0% el=1h57m eta=1h22m
  ep  3264/5000 batch 2700 loss=  -0.131 pol= -0.614 vL= 0.086 kl= 0.04 H=  6.22 adv=-0.000 r̄=-0.312 succ=35.5% >exp= 0.0% el=1h58m eta=1h02m
  ep  3584/5000 batch 2720 loss=   0.126 pol= -0.579 vL= 0.113 kl= 0.14 H=  6.55 adv=+0.000 r̄=-0.072 succ=35.5% >exp= 0.0% el=1h58m eta=46m56s
  ep  3904/5000 batch 2740 loss=  -0.127 pol=  0.863 vL= 0.100 kl= 0.48 H=  5.93 adv=+0.000 r̄=-0.322 succ=35.5% >exp= 0.0% el=1h59m eta=33m29s
  ep  4224/5000 batch 2760 loss=  -0.066 pol=  0.582 vL= 0.173 kl= 0.25 H=  9.19 adv=+0.000 r̄=-0.249 succ=35.5% >exp= 0.0% el=1h59m eta=21m59s
  ep  4544/5000 batch 2780 loss=   0.009 pol=  1.501 vL= 0.125 kl= 0.29 H=  6.48 adv=-0.000 r̄= 0.166 succ=35.6% >exp= 0.0% el=2h00m eta=12m03s
  ep  4864/5000 batch 2800 loss=  -0.012 pol= -1.849 vL= 0.301 kl= 0.07 H=  8.24 adv=+0.000 r̄=-0.187 succ=35.6% >exp= 0.0% el=2h00m eta= 3m22s
  >>> Epoch 9/50 DONE: succ=36.1% (1807/5000) mean_loss=-0.0871 mean_reward=-0.129 mean_KL=0.202 mean_H=6.25 epoch_time= 7m25s

=== Epoch 10/50 — resetting substrate ===
  ep   192/5000 batch 2820 loss=  -0.424 pol= -3.427 vL= 0.275 kl= 0.23 H=  6.08 adv=+0.000 r̄= 0.193 succ=35.6% >exp= 0.0% el=2h01m eta=50h33m
  ep   512/5000 batch 2840 loss=   0.422 pol= -1.382 vL= 0.148 kl= 0.06 H=  8.06 adv=+0.000 r̄=-0.257 succ=35.6% >exp= 0.0% el=2h01m eta=17h45m
  ep   832/5000 batch 2860 loss=  -0.491 pol=  1.003 vL= 0.107 kl= 0.12 H=  6.42 adv=+0.000 r̄=-0.026 succ=35.6% >exp= 0.0% el=2h02m eta=10h11m
  ep  1152/5000 batch 2880 loss=   0.217 pol= -0.717 vL= 0.245 kl= 0.34 H=  4.20 adv=+0.000 r̄= 0.117 succ=35.5% >exp= 0.0% el=2h02m eta=6h49m
  ep  1472/5000 batch 2900 loss=   0.559 pol= -2.203 vL= 0.106 kl= 0.15 H=  6.55 adv=+0.000 r̄= 0.001 succ=35.5% >exp= 0.0% el=2h02m eta=4h54m
  ep  1792/5000 batch 2920 loss=  -0.714 pol=  0.014 vL= 0.127 kl= 0.28 H=  7.89 adv=-0.000 r̄=-0.234 succ=35.5% >exp= 0.0% el=2h03m eta=3h40m
  ep  2112/5000 batch 2940 loss=  -0.234 pol= -3.479 vL= 0.250 kl= 0.20 H=  7.09 adv=+0.000 r̄= 0.088 succ=35.5% >exp= 0.0% el=2h03m eta=2h49m
  ep  2432/5000 batch 2960 loss=  -0.357 pol= -1.645 vL= 0.035 kl= 0.15 H=  9.12 adv=-0.000 r̄=-0.246 succ=35.5% >exp= 0.0% el=2h04m eta=2h11m
  ep  2752/5000 batch 2980 loss=   0.479 pol=  1.316 vL= 0.105 kl= 0.17 H=  5.65 adv=+0.000 r̄=-0.402 succ=35.5% >exp= 0.0% el=2h04m eta=1h41m
  ep  3072/5000 batch 3000 loss=   0.634 pol= -0.565 vL= 0.145 kl= 0.11 H=  8.05 adv=+0.000 r̄=-0.004 succ=35.5% >exp= 0.0% el=2h05m eta=1h18m
  ep  3392/5000 batch 3020 loss=   0.509 pol=  0.489 vL= 0.262 kl= 0.31 H=  5.62 adv=+0.000 r̄=-0.127 succ=35.5% >exp= 0.0% el=2h05m eta=59m36s
  ep  3712/5000 batch 3040 loss=  -0.318 pol= -0.829 vL= 0.067 kl= 0.63 H=  5.79 adv=+0.000 r̄=-0.007 succ=35.5% >exp= 0.0% el=2h06m eta=43m47s
  ep  4032/5000 batch 3060 loss=  -0.014 pol=  1.514 vL= 0.115 kl= 0.25 H=  5.08 adv=+0.000 r̄=-0.336 succ=35.5% >exp= 0.0% el=2h06m eta=30m24s
  ep  4352/5000 batch 3080 loss=  -1.043 pol=  0.043 vL= 0.171 kl= 0.35 H=  2.97 adv=+0.000 r̄=-0.183 succ=35.5% >exp= 0.0% el=2h07m eta=18m56s
  ep  4672/5000 batch 3100 loss=   0.327 pol=  2.483 vL= 0.058 kl= 0.27 H=  7.77 adv=-0.000 r̄= 0.000 succ=35.5% >exp= 0.0% el=2h07m eta= 8m57s
  ep  4992/5000 batch 3120 loss=   0.446 pol=  0.379 vL= 0.154 kl= 0.38 H=  4.52 adv=+0.000 r̄= 0.192 succ=35.6% >exp= 0.0% el=2h08m eta=  12s
  >>> Epoch 10/50 DONE: succ=35.7% (1785/5000) mean_loss=-0.0095 mean_reward=-0.133 mean_KL=0.216 mean_H=6.17 epoch_time= 7m15s

=== Epoch 11/50 — resetting substrate ===
  ep   320/5000 batch 3140 loss=   0.006 pol= -0.331 vL= 0.490 kl= 0.23 H=  4.90 adv=+0.000 r̄=-0.406 succ=35.6% >exp= 0.0% el=2h08m eta=31h19m
  ep   640/5000 batch 3160 loss=  -0.833 pol=  0.012 vL= 0.116 kl= 0.22 H=  6.92 adv=-0.000 r̄=-0.159 succ=35.6% >exp= 0.0% el=2h08m eta=14h38m
  ep   960/5000 batch 3180 loss=  -0.235 pol= -1.698 vL= 0.186 kl= 0.15 H=  8.74 adv=+0.000 r̄=-0.137 succ=35.6% >exp= 0.0% el=2h09m eta=9h04m
  ep  1280/5000 batch 3200 loss=   0.299 pol=  0.713 vL= 0.113 kl= 0.26 H=  4.24 adv=+0.000 r̄=-0.226 succ=35.5% >exp= 0.0% el=2h09m eta=6h17m
  ep  1600/5000 batch 3220 loss=   0.270 pol= -0.015 vL= 0.191 kl= 0.22 H=  4.51 adv=+0.000 r̄=-0.209 succ=35.5% >exp= 0.0% el=2h10m eta=4h36m
  ep  1920/5000 batch 3240 loss=  -0.312 pol= -0.445 vL= 0.265 kl= 0.11 H=  4.16 adv=+0.000 r̄= 0.075 succ=35.5% >exp= 0.0% el=2h10m eta=3h29m
  ep  2240/5000 batch 3260 loss=  -0.418 pol=  0.505 vL= 0.077 kl= 0.10 H=  5.41 adv=-0.000 r̄=-0.147 succ=35.5% >exp= 0.0% el=2h11m eta=2h41m
  ep  2560/5000 batch 3280 loss=  -0.474 pol= -0.650 vL= 0.221 kl= 0.15 H=  4.57 adv=+0.000 r̄= 0.009 succ=35.5% >exp= 0.0% el=2h11m eta=2h05m
  ep  2880/5000 batch 3300 loss=   0.908 pol=  0.921 vL= 0.058 kl= 0.27 H=  7.28 adv=+0.000 r̄=-0.300 succ=35.5% >exp= 0.0% el=2h12m eta=1h37m
  ep  3200/5000 batch 3320 loss=  -0.536 pol=  0.107 vL= 0.147 kl= 0.08 H=  5.88 adv=+0.000 r̄=-0.168 succ=35.5% >exp= 0.0% el=2h12m eta=1h14m
  ep  3520/5000 batch 3340 loss=  -0.387 pol= -1.146 vL= 0.079 kl= 0.09 H=  4.53 adv=-0.000 r̄= 0.112 succ=35.5% >exp= 0.0% el=2h13m eta=55m56s
  ep  3840/5000 batch 3360 loss=   0.546 pol=  0.107 vL= 0.236 kl= 0.11 H=  7.55 adv=-0.000 r̄=-0.278 succ=35.5% >exp= 0.0% el=2h13m eta=40m22s
  ep  4160/5000 batch 3380 loss=  -0.139 pol= -0.350 vL= 0.086 kl= 0.13 H=  7.46 adv=+0.000 r̄=-0.013 succ=35.5% >exp= 0.0% el=2h14m eta=27m05s
  ep  4480/5000 batch 3400 loss=  -0.216 pol= -0.550 vL= 0.087 kl= 0.14 H=  3.14 adv=+0.000 r̄= 0.151 succ=35.5% >exp= 0.0% el=2h14m eta=15m38s
  ep  4800/5000 batch 3420 loss=  -0.082 pol=  0.507 vL= 0.271 kl= 0.13 H=  4.30 adv=+0.000 r̄=-0.214 succ=35.5% >exp= 0.0% el=2h15m eta= 5m37s
  >>> Epoch 11/50 DONE: succ=34.5% (1726/5000) mean_loss=-0.1020 mean_reward=-0.153 mean_KL=0.177 mean_H=6.47 epoch_time= 7m24s

=== Epoch 12/50 — resetting substrate ===
  ep   128/5000 batch 3440 loss=  -0.149 pol=  1.182 vL= 0.228 kl= 0.11 H=  8.12 adv=+0.000 r̄=-0.190 succ=35.5% >exp= 0.0% el=2h15m eta=86h04m
  ep   448/5000 batch 3460 loss=   0.335 pol= -0.439 vL= 0.072 kl= 0.20 H=  6.68 adv=-0.000 r̄= 0.142 succ=35.5% >exp= 0.0% el=2h16m eta=23h03m
  ep   768/5000 batch 3480 loss=  -0.435 pol=  0.114 vL= 0.251 kl= 0.13 H=  4.19 adv=-0.000 r̄=-0.165 succ=35.5% >exp= 0.0% el=2h16m eta=12h32m
  ep  1088/5000 batch 3500 loss=  -0.390 pol=  1.501 vL= 0.160 kl= 0.16 H=  5.38 adv=+0.000 r̄=-0.329 succ=35.5% >exp= 0.0% el=2h17m eta=8h13m
  ep  1408/5000 batch 3520 loss=  -0.169 pol= -2.299 vL= 0.093 kl= 0.11 H=  7.97 adv=+0.000 r̄=-0.088 succ=35.5% >exp= 0.0% el=2h17m eta=5h51m
  ep  1728/5000 batch 3540 loss=   0.022 pol=  1.021 vL= 0.160 kl= 0.49 H=  6.81 adv=-0.000 r̄= 0.002 succ=35.5% >exp= 0.0% el=2h18m eta=4h21m
  ep  2048/5000 batch 3560 loss=   0.447 pol= -0.482 vL= 0.103 kl= 0.17 H=  4.71 adv=-0.000 r̄=-0.308 succ=35.5% >exp= 0.0% el=2h18m eta=3h19m
  ep  2368/5000 batch 3580 loss=  -0.490 pol=  0.540 vL= 0.131 kl= 0.23 H=  4.04 adv=+0.000 r̄=-0.352 succ=35.5% >exp= 0.0% el=2h19m eta=2h34m
  ep  2688/5000 batch 3600 loss=   0.388 pol= -1.431 vL= 0.168 kl= 0.26 H=  5.63 adv=-0.000 r̄= 0.067 succ=35.5% >exp= 0.0% el=2h19m eta=2h00m
  ep  3008/5000 batch 3620 loss=  -1.016 pol= -0.259 vL= 0.159 kl= 0.31 H=  7.36 adv=+0.000 r̄=-0.104 succ=35.4% >exp= 0.0% el=2h20m eta=1h32m
  ep  3328/5000 batch 3640 loss=   0.540 pol=  0.646 vL= 0.125 kl= 0.15 H=  5.21 adv=+0.000 r̄=-0.402 succ=35.4% >exp= 0.0% el=2h20m eta=1h10m
  ep  3648/5000 batch 3660 loss=  -0.739 pol= -0.503 vL= 0.153 kl= 0.28 H=  5.22 adv=+0.000 r̄=-0.156 succ=35.5% >exp= 0.0% el=2h20m eta=52m15s
  ep  3968/5000 batch 3680 loss=  -0.136 pol=  0.983 vL= 0.162 kl= 0.15 H=  7.30 adv=-0.000 r̄=-0.300 succ=35.5% >exp= 0.0% el=2h21m eta=36m47s
  ep  4288/5000 batch 3700 loss=   0.116 pol= -2.040 vL= 0.119 kl= 0.23 H=  7.27 adv=+0.000 r̄=-0.018 succ=35.5% >exp= 0.0% el=2h21m eta=23m34s
  ep  4608/5000 batch 3720 loss=  -0.232 pol= -1.851 vL= 0.214 kl= 0.23 H=  5.37 adv=-0.000 r̄= 0.296 succ=35.5% >exp= 0.0% el=2h22m eta=12m07s
  ep  4928/5000 batch 3740 loss=  -0.045 pol=  0.896 vL= 0.080 kl= 0.40 H=  3.81 adv=-0.000 r̄=-0.237 succ=35.5% >exp= 0.0% el=2h22m eta= 2m05s
  >>> Epoch 12/50 DONE: succ=35.8% (1789/5000) mean_loss=-0.1200 mean_reward=-0.132 mean_KL=0.225 mean_H=6.57 epoch_time= 7m29s

=== Epoch 13/50 — resetting substrate ===
  ep   256/5000 batch 3760 loss=  -0.564 pol= -1.677 vL= 0.036 kl= 0.30 H=  8.13 adv=+0.000 r̄= 0.097 succ=35.5% >exp= 0.0% el=2h23m eta=44h16m
  ep   576/5000 batch 3780 loss=   0.181 pol=  1.127 vL= 0.180 kl= 0.14 H=  8.02 adv=+0.000 r̄=-0.056 succ=35.5% >exp= 0.0% el=2h23m eta=18h24m
  ep   896/5000 batch 3800 loss=   0.023 pol= -0.162 vL= 0.145 kl= 0.20 H=  6.33 adv=-0.000 r̄=-0.123 succ=35.5% >exp= 0.0% el=2h24m eta=11h01m
  ep  1216/5000 batch 3820 loss=   0.158 pol=  0.832 vL= 0.079 kl= 0.21 H=  7.39 adv=+0.000 r̄=-0.334 succ=35.5% >exp= 0.0% el=2h24m eta=7h30m
  ep  1536/5000 batch 3840 loss=   0.144 pol= -0.893 vL= 0.089 kl= 0.39 H=  6.64 adv=+0.000 r̄=-0.029 succ=35.5% >exp= 0.0% el=2h25m eta=5h27m
  ep  1856/5000 batch 3860 loss=   0.020 pol= -0.034 vL= 0.158 kl= 0.14 H=  6.79 adv=+0.000 r̄=-0.219 succ=35.5% >exp= 0.0% el=2h25m eta=4h07m
  ep  2176/5000 batch 3880 loss=  -0.738 pol= -0.776 vL= 0.193 kl= 0.12 H=  5.57 adv=-0.000 r̄=-0.020 succ=35.5% >exp= 0.0% el=2h26m eta=3h09m
  ep  2496/5000 batch 3900 loss=  -0.950 pol= -2.601 vL= 0.163 kl= 0.15 H=  6.73 adv=+0.000 r̄= 0.076 succ=35.5% >exp= 0.0% el=2h26m eta=2h27m
  ep  2816/5000 batch 3920 loss=   0.443 pol=  0.125 vL= 0.155 kl= 0.08 H=  5.48 adv=+0.000 r̄=-0.113 succ=35.5% >exp= 0.0% el=2h27m eta=1h54m
  ep  3136/5000 batch 3940 loss=   0.068 pol= -1.341 vL= 0.275 kl= 0.15 H=  9.00 adv=-0.000 r̄=-0.278 succ=35.5% >exp= 0.0% el=2h27m eta=1h27m
  ep  3456/5000 batch 3960 loss=   0.923 pol=  2.566 vL= 0.261 kl= 0.13 H=  7.36 adv=-0.000 r̄= 0.028 succ=35.5% >exp= 0.0% el=2h28m eta=1h06m
  ep  3776/5000 batch 3980 loss=   0.418 pol=  2.942 vL= 0.183 kl= 0.58 H=  9.08 adv=+0.000 r̄=-0.317 succ=35.5% >exp= 0.0% el=2h29m eta=48m21s
  ep  4096/5000 batch 4000 loss=   0.066 pol= -1.238 vL= 0.265 kl= 0.23 H=  6.62 adv=+0.000 r̄= 0.031 succ=35.5% >exp= 0.0% el=2h29m eta=33m03s
  ep  4416/5000 batch 4020 loss=  -1.592 pol= -0.289 vL= 0.081 kl= 0.14 H=  5.94 adv=-0.000 r̄=-0.161 succ=35.5% >exp= 0.0% el=2h30m eta=19m52s
  ep  4736/5000 batch 4040 loss=   0.204 pol= -0.974 vL= 0.204 kl= 0.26 H=  5.96 adv=-0.000 r̄=-0.071 succ=35.5% >exp= 0.0% el=2h30m eta= 8m24s
  >>> Epoch 13/50 DONE: succ=35.5% (1775/5000) mean_loss=-0.0827 mean_reward=-0.136 mean_KL=0.202 mean_H=6.82 epoch_time= 8m15s

=== Epoch 14/50 — resetting substrate ===
  ep    64/5000 batch 4060 loss=  -0.040 pol= -1.089 vL= 0.119 kl= 0.20 H=  9.65 adv=+0.000 r̄=-0.218 succ=35.5% >exp= 0.0% el=2h31m eta=194h32m
  ep   384/5000 batch 4080 loss=   0.101 pol=  0.598 vL= 0.155 kl= 0.41 H=  4.30 adv=-0.000 r̄=-0.325 succ=35.5% >exp= 0.0% el=2h31m eta=30h25m
  ep   704/5000 batch 4100 loss=  -0.137 pol=  0.097 vL= 0.206 kl= 0.30 H=  6.63 adv=-0.000 r̄=-0.222 succ=35.5% >exp= 0.0% el=2h32m eta=15h29m
  ep  1024/5000 batch 4120 loss=  -0.105 pol=  2.803 vL= 0.145 kl= 0.07 H=  6.71 adv=-0.000 r̄=-0.403 succ=35.5% >exp= 0.0% el=2h33m eta=9h54m
  ep  1344/5000 batch 4140 loss=  -0.432 pol= -2.355 vL= 0.239 kl= 0.27 H=  5.42 adv=-0.000 r̄=-0.121 succ=35.5% >exp= 0.0% el=2h33m eta=6h58m
  ep  1664/5000 batch 4160 loss=  -0.675 pol= -0.764 vL= 0.194 kl= 0.49 H=  5.00 adv=+0.000 r̄=-0.291 succ=35.5% >exp= 0.0% el=2h34m eta=5h09m
  ep  1984/5000 batch 4180 loss=   1.020 pol= -0.003 vL= 0.137 kl= 0.15 H=  5.29 adv=+0.000 r̄= 0.047 succ=35.5% >exp= 0.0% el=2h34m eta=3h55m
  ep  2304/5000 batch 4200 loss=   0.378 pol=  0.705 vL= 0.096 kl= 0.09 H=  7.92 adv=+0.000 r̄=-0.253 succ=35.5% >exp= 0.0% el=2h35m eta=3h01m
  ep  2624/5000 batch 4220 loss=  -0.634 pol=  1.730 vL= 0.103 kl= 0.10 H=  8.32 adv=+0.000 r̄=-0.303 succ=35.5% >exp= 0.0% el=2h35m eta=2h21m
  ep  2944/5000 batch 4240 loss=   0.857 pol=  1.219 vL= 0.190 kl= 0.34 H=  7.56 adv=+0.000 r̄=-0.316 succ=35.5% >exp= 0.0% el=2h36m eta=1h49m
  ep  3264/5000 batch 4260 loss=  -0.039 pol=  0.527 vL= 0.128 kl= 0.07 H=  7.12 adv=+0.000 r̄=-0.237 succ=35.5% >exp= 0.0% el=2h37m eta=1h23m
  ep  3584/5000 batch 4280 loss=  -0.206 pol=  0.234 vL= 0.069 kl= 0.18 H=  7.17 adv=-0.000 r̄=-0.216 succ=35.5% >exp= 0.0% el=2h37m eta=1h02m
  ep  3904/5000 batch 4300 loss=  -0.117 pol= -0.801 vL= 0.336 kl= 0.26 H=  5.94 adv=+0.000 r̄=-0.097 succ=35.5% >exp= 0.0% el=2h38m eta=44m25s
  ep  4224/5000 batch 4320 loss=  -0.533 pol= -0.778 vL= 0.067 kl= 0.23 H=  9.34 adv=-0.000 r̄=-0.328 succ=35.5% >exp= 0.0% el=2h38m eta=29m10s
  ep  4544/5000 batch 4340 loss=   0.265 pol= -0.644 vL= 0.139 kl= 0.42 H=  6.92 adv=-0.000 r̄= 0.189 succ=35.5% >exp= 0.0% el=2h39m eta=16m00s
  ep  4864/5000 batch 4360 loss=  -0.501 pol=  0.645 vL= 0.067 kl= 0.12 H=  7.22 adv=+0.000 r̄=-0.284 succ=35.5% >exp= 0.0% el=2h40m eta= 4m29s
  >>> Epoch 14/50 DONE: succ=35.3% (1765/5000) mean_loss=-0.0463 mean_reward=-0.144 mean_KL=0.230 mean_H=6.82 epoch_time= 9m26s

=== Epoch 15/50 — resetting substrate ===
  ep   192/5000 batch 4380 loss=  -0.168 pol= -1.756 vL= 0.217 kl= 0.34 H=  6.60 adv=-0.000 r̄= 0.069 succ=35.5% >exp= 0.0% el=2h41m eta=67h12m
  ep   512/5000 batch 4400 loss=  -0.124 pol= -0.358 vL= 0.084 kl= 0.15 H=  8.41 adv=+0.000 r̄=-0.274 succ=35.5% >exp= 0.0% el=2h41m eta=23h36m
  ep   832/5000 batch 4420 loss=  -0.101 pol= -1.531 vL= 0.164 kl= 0.11 H=  6.65 adv=-0.000 r̄= 0.008 succ=35.5% >exp= 0.0% el=2h42m eta=13h32m
  ep  1152/5000 batch 4440 loss=  -0.472 pol= -2.916 vL= 0.546 kl= 0.15 H=  4.58 adv=-0.000 r̄= 0.206 succ=35.5% >exp= 0.0% el=2h42m eta=9h04m
  ep  1472/5000 batch 4460 loss=   0.249 pol=  0.136 vL= 0.119 kl= 0.18 H=  7.02 adv=+0.000 r̄=-0.166 succ=35.5% >exp= 0.0% el=2h43m eta=6h31m
  ep  1792/5000 batch 4480 loss=  -0.278 pol= -0.092 vL= 0.185 kl= 0.20 H=  7.87 adv=+0.000 r̄=-0.265 succ=35.5% >exp= 0.0% el=2h44m eta=4h53m
  ep  2112/5000 batch 4500 loss=   0.131 pol= -1.874 vL= 0.200 kl= 0.45 H=  8.23 adv=+0.000 r̄= 0.007 succ=35.5% >exp= 0.0% el=2h44m eta=3h45m
  ep  2432/5000 batch 4520 loss=  -0.385 pol= -0.934 vL= 0.128 kl= 0.18 H=  9.11 adv=+0.000 r̄=-0.286 succ=35.5% >exp= 0.0% el=2h45m eta=2h54m
  ep  2752/5000 batch 4540 loss=  -0.740 pol= -0.626 vL= 0.078 kl= 0.23 H=  6.22 adv=-0.000 r̄=-0.170 succ=35.5% >exp= 0.0% el=2h46m eta=2h15m
  ep  3072/5000 batch 4560 loss=   0.233 pol= -2.953 vL= 0.311 kl= 0.22 H=  8.53 adv=+0.000 r̄= 0.014 succ=35.5% >exp= 0.0% el=2h47m eta=1h45m
  ep  3392/5000 batch 4580 loss=  -0.766 pol= -0.870 vL= 0.068 kl= 0.23 H=  7.25 adv=+0.000 r̄= 0.125 succ=35.5% >exp= 0.0% el=2h49m eta=1h20m
  ep  3712/5000 batch 4600 loss=   0.538 pol= -0.942 vL= 0.089 kl= 0.13 H=  7.58 adv=+0.000 r̄=-0.079 succ=35.5% >exp= 0.0% el=2h49m eta=58m56s
  ep  4032/5000 batch 4620 loss=   0.656 pol=  0.346 vL= 0.138 kl= 0.16 H=  6.19 adv=+0.000 r̄=-0.213 succ=35.5% >exp= 0.0% el=2h50m eta=40m59s
  ep  4352/5000 batch 4640 loss=  -0.297 pol= -0.718 vL= 0.347 kl= 0.14 H=  4.03 adv=-0.000 r̄= 0.112 succ=35.5% >exp= 0.0% el=2h51m eta=25m33s
  ep  4672/5000 batch 4660 loss=  -0.877 pol= -0.739 vL= 0.115 kl= 0.31 H=  9.08 adv=-0.000 r̄=-0.168 succ=35.5% >exp= 0.0% el=2h52m eta=12m06s
  ep  4992/5000 batch 4680 loss=   0.937 pol=  0.979 vL= 0.230 kl= 0.37 H=  4.84 adv=+0.000 r̄=-0.115 succ=35.6% >exp= 0.0% el=2h52m eta=  17s
  >>> Epoch 15/50 DONE: succ=36.5% (1823/5000) mean_loss=-0.0988 mean_reward=-0.133 mean_KL=0.208 mean_H=6.98 epoch_time=12m19s

=== Epoch 16/50 — resetting substrate ===
  ep   320/5000 batch 4700 loss=  -0.317 pol=  0.793 vL= 0.397 kl= 0.66 H=  5.46 adv=-0.000 r̄=-0.068 succ=35.6% >exp= 0.0% el=2h53m eta=42h18m
  ep   640/5000 batch 4720 loss=   0.443 pol= -0.116 vL= 0.137 kl= 0.20 H=  6.96 adv=+0.000 r̄=-0.005 succ=35.6% >exp= 0.0% el=2h54m eta=19h46m
  ep   960/5000 batch 4740 loss=  -0.437 pol=  0.584 vL= 0.095 kl= 0.57 H=  9.11 adv=+0.000 r̄=-0.218 succ=35.5% >exp= 0.0% el=2h54m eta=12h14m
  ep  1280/5000 batch 4760 loss=  -0.611 pol= -0.609 vL= 0.141 kl= 0.55 H=  5.51 adv=+0.000 r̄=-0.190 succ=35.5% >exp= 0.0% el=2h55m eta=8h29m
  ep  1600/5000 batch 4780 loss=   0.370 pol= -1.831 vL= 0.178 kl= 0.32 H=  5.46 adv=-0.000 r̄= 0.075 succ=35.5% >exp= 0.0% el=2h55m eta=6h13m
  ep  1920/5000 batch 4800 loss=   0.031 pol=  0.262 vL= 0.248 kl= 0.27 H=  3.96 adv=-0.000 r̄= 0.142 succ=35.5% >exp= 0.0% el=2h56m eta=4h42m
  ep  2240/5000 batch 4820 loss=  -0.169 pol=  1.422 vL= 0.156 kl= 0.16 H=  5.56 adv=-0.000 r̄=-0.124 succ=35.5% >exp= 0.0% el=2h56m eta=3h37m
  ep  2560/5000 batch 4840 loss=  -0.107 pol=  0.792 vL= 0.290 kl= 0.12 H=  4.23 adv=-0.000 r̄=-0.310 succ=35.5% >exp= 0.0% el=2h57m eta=2h49m
  ep  2880/5000 batch 4860 loss=   0.280 pol=  1.756 vL= 0.158 kl= 0.06 H=  5.94 adv=-0.000 r̄=-0.309 succ=35.5% >exp= 0.0% el=2h58m eta=2h11m
  ep  3200/5000 batch 4880 loss=  -0.265 pol=  0.535 vL= 0.081 kl= 0.15 H=  5.73 adv=+0.000 r̄= 0.002 succ=35.6% >exp= 0.0% el=2h58m eta=1h40m
  ep  3520/5000 batch 4900 loss=   0.213 pol= -0.526 vL= 0.146 kl= 0.09 H=  4.85 adv=-0.000 r̄=-0.075 succ=35.5% >exp= 0.0% el=2h59m eta=1h15m
  ep  3840/5000 batch 4920 loss=   0.043 pol=  0.931 vL= 0.243 kl= 0.26 H=  6.31 adv=-0.000 r̄=-0.259 succ=35.5% >exp= 0.0% el=2h59m eta=54m20s
  ep  4160/5000 batch 4940 loss=   0.065 pol=  0.801 vL= 0.133 kl= 0.15 H=  6.93 adv=+0.000 r̄=-0.091 succ=35.5% >exp= 0.0% el=3h00m eta=36m27s
  ep  4480/5000 batch 4960 loss=  -0.753 pol= -0.030 vL= 0.353 kl= 0.23 H=  3.00 adv=+0.000 r̄=-0.050 succ=35.5% >exp= 0.0% el=3h01m eta=21m01s
  ep  4800/5000 batch 4980 loss=   0.396 pol=  0.373 vL= 0.344 kl= 0.24 H=  4.00 adv=-0.000 r̄=-0.144 succ=35.5% >exp= 0.0% el=3h01m eta= 7m34s
  >>> Epoch 16/50 DONE: succ=35.6% (1781/5000) mean_loss=-0.0464 mean_reward=-0.142 mean_KL=0.279 mean_H=6.22 epoch_time= 8m59s

=== Epoch 17/50 — resetting substrate ===
  ep   128/5000 batch 5000 loss=   0.061 pol=  1.096 vL= 0.095 kl= 0.24 H=  8.28 adv=-0.000 r̄=-0.157 succ=35.6% >exp= 0.0% el=3h02m eta=115h35m
  ep   448/5000 batch 5020 loss=  -0.567 pol= -0.387 vL= 0.215 kl= 0.42 H=  5.82 adv=-0.000 r̄= 0.040 succ=35.6% >exp= 0.0% el=3h02m eta=30h56m
  ep   768/5000 batch 5040 loss=  -0.003 pol= -0.180 vL= 0.216 kl= 0.24 H=  4.43 adv=-0.000 r̄=-0.239 succ=35.6% >exp= 0.0% el=3h03m eta=16h49m
  ep  1088/5000 batch 5060 loss=  -0.369 pol= -0.657 vL= 0.173 kl= 0.55 H=  4.91 adv=-0.000 r̄=-0.132 succ=35.6% >exp= 0.0% el=3h03m eta=11h00m
  ep  1408/5000 batch 5080 loss=   0.195 pol= -0.111 vL= 0.319 kl= 0.11 H=  6.05 adv=-0.000 r̄=-0.402 succ=35.5% >exp= 0.0% el=3h04m eta=7h50m
  ep  1728/5000 batch 5100 loss=  -0.073 pol=  0.745 vL= 0.111 kl= 0.20 H=  6.24 adv=+0.000 r̄= 0.111 succ=35.5% >exp= 0.0% el=3h04m eta=5h49m
  ep  2048/5000 batch 5120 loss=  -0.078 pol= -0.452 vL= 0.151 kl= 0.40 H=  5.12 adv=-0.000 r̄=-0.162 succ=35.5% >exp= 0.0% el=3h05m eta=4h27m
  ep  2368/5000 batch 5140 loss=  -0.386 pol= -0.761 vL= 0.224 kl= 0.93 H=  5.31 adv=-0.000 r̄=-0.062 succ=35.6% >exp= 0.0% el=3h05m eta=3h26m
  ep  2688/5000 batch 5160 loss=  -0.360 pol= -0.939 vL= 0.230 kl= 0.42 H=  6.01 adv=+0.000 r̄= 0.205 succ=35.6% >exp= 0.0% el=3h06m eta=2h40m
  ep  3008/5000 batch 5180 loss=  -0.671 pol=  0.108 vL= 0.048 kl= 0.48 H=  6.21 adv=+0.000 r̄= 0.105 succ=35.5% >exp= 0.0% el=3h07m eta=2h03m
  ep  3328/5000 batch 5200 loss=   0.455 pol= -0.766 vL= 0.079 kl= 0.26 H=  4.76 adv=-0.000 r̄=-0.054 succ=35.6% >exp= 0.0% el=3h07m eta=1h34m
  ep  3648/5000 batch 5220 loss=  -0.712 pol=  0.818 vL= 0.261 kl= 0.51 H=  5.03 adv=+0.000 r̄=-0.199 succ=35.6% >exp= 0.0% el=3h08m eta=1h09m
  ep  3968/5000 batch 5240 loss=   0.751 pol=  1.055 vL= 0.216 kl= 0.25 H=  6.02 adv=+0.000 r̄=-0.162 succ=35.6% >exp= 0.0% el=3h09m eta=49m10s
  ep  4288/5000 batch 5260 loss=   0.740 pol=  1.169 vL= 0.186 kl= 0.51 H=  6.27 adv=+0.000 r̄=-0.072 succ=35.6% >exp= 0.0% el=3h09m eta=31m30s
  ep  4608/5000 batch 5280 loss=  -0.143 pol= -1.143 vL= 0.206 kl= 0.46 H=  5.13 adv=-0.000 r̄= 0.376 succ=35.6% >exp= 0.0% el=3h10m eta=16m11s
  ep  4928/5000 batch 5300 loss=   0.276 pol= -0.544 vL= 0.170 kl= 0.66 H=  4.64 adv=-0.000 r̄=-0.124 succ=35.6% >exp= 0.0% el=3h10m eta= 2m47s
  >>> Epoch 17/50 DONE: succ=36.4% (1822/5000) mean_loss=-0.0648 mean_reward=-0.127 mean_KL=0.348 mean_H=6.06 epoch_time= 9m07s

=== Epoch 18/50 — resetting substrate ===
  ep   256/5000 batch 5320 loss=  -0.331 pol= -0.007 vL= 0.111 kl= 0.53 H=  7.10 adv=+0.000 r̄= 0.001 succ=35.6% >exp= 0.0% el=3h11m eta=59h11m
  ep   576/5000 batch 5340 loss=   0.734 pol=  1.438 vL= 0.231 kl= 0.35 H=  6.71 adv=+0.000 r̄=-0.307 succ=35.6% >exp= 0.0% el=3h12m eta=24h36m
  ep   896/5000 batch 5360 loss=  -1.061 pol= -1.156 vL= 0.055 kl= 0.35 H=  5.02 adv=-0.000 r̄=-0.058 succ=35.6% >exp= 0.0% el=3h12m eta=14h43m
  ep  1216/5000 batch 5380 loss=   0.288 pol=  0.245 vL= 0.257 kl= 0.33 H=  5.71 adv=+0.000 r̄=-0.245 succ=35.6% >exp= 0.0% el=3h13m eta=10h01m
  ep  1536/5000 batch 5400 loss=   0.099 pol= -0.178 vL= 0.148 kl= 0.89 H=  6.15 adv=-0.000 r̄=-0.283 succ=35.6% >exp= 0.0% el=3h13m eta=7h17m
  ep  1856/5000 batch 5420 loss=  -0.298 pol= -0.188 vL= 0.336 kl= 0.16 H=  6.81 adv=+0.000 r̄=-0.252 succ=35.6% >exp= 0.0% el=3h14m eta=5h29m
  ep  2176/5000 batch 5440 loss=  -0.301 pol=  0.327 vL= 0.295 kl= 0.32 H=  6.03 adv=+0.000 r̄= 0.003 succ=35.6% >exp= 0.0% el=3h15m eta=4h13m
  ep  2496/5000 batch 5460 loss=  -0.136 pol= -4.545 vL= 0.101 kl= 0.18 H=  7.39 adv=+0.000 r̄= 0.385 succ=35.6% >exp= 0.0% el=3h15m eta=3h16m
  ep  2816/5000 batch 5480 loss=  -0.708 pol= -0.171 vL= 0.138 kl= 0.35 H=  5.39 adv=+0.000 r̄=-0.152 succ=35.6% >exp= 0.0% el=3h16m eta=2h32m
  ep  3136/5000 batch 5500 loss=   0.291 pol=  0.264 vL= 0.345 kl= 0.15 H=  9.22 adv=-0.000 r̄=-0.365 succ=35.6% >exp= 0.0% el=3h16m eta=1h56m
  ep  3456/5000 batch 5520 loss=  -0.298 pol= -0.203 vL= 0.197 kl= 0.29 H=  7.22 adv=-0.000 r̄= 0.125 succ=35.6% >exp= 0.0% el=3h17m eta=1h28m
  ep  3776/5000 batch 5540 loss=   0.096 pol=  2.649 vL= 0.146 kl= 0.18 H=  6.64 adv=+0.000 r̄=-0.433 succ=35.6% >exp= 0.0% el=3h17m eta=1h04m
  ep  4096/5000 batch 5560 loss=   0.419 pol=  0.557 vL= 0.274 kl= 0.30 H=  6.67 adv=-0.000 r̄=-0.156 succ=35.6% >exp= 0.0% el=3h18m eta=43m46s
  ep  4416/5000 batch 5580 loss=  -0.972 pol=  0.182 vL= 0.234 kl= 0.34 H=  7.50 adv=+0.000 r̄=-0.082 succ=35.6% >exp= 0.0% el=3h18m eta=26m18s
  ep  4736/5000 batch 5600 loss=   0.262 pol= -0.878 vL= 0.072 kl= 0.18 H=  5.83 adv=+0.000 r̄=-0.118 succ=35.6% >exp= 0.0% el=3h19m eta=11m07s
  >>> Epoch 18/50 DONE: succ=35.6% (1779/5000) mean_loss=-0.0893 mean_reward=-0.136 mean_KL=0.280 mean_H=6.37 epoch_time= 8m44s

=== Epoch 19/50 — resetting substrate ===
  ep    64/5000 batch 5620 loss=   0.424 pol= -3.850 vL= 0.180 kl= 0.32 H=  9.62 adv=-0.000 r̄= 0.072 succ=35.6% >exp= 0.0% el=3h20m eta=257h06m
  ep   384/5000 batch 5640 loss=   0.188 pol=  0.250 vL= 0.485 kl= 0.40 H=  6.06 adv=+0.000 r̄=-0.337 succ=35.6% >exp= 0.0% el=3h20m eta=40h11m
  ep   704/5000 batch 5660 loss=  -0.350 pol= -0.869 vL= 0.203 kl= 0.42 H=  7.46 adv=+0.000 r̄=-0.121 succ=35.6% >exp= 0.0% el=3h21m eta=20h27m
  ep  1024/5000 batch 5680 loss=   0.564 pol=  0.221 vL= 0.339 kl= 0.30 H=  7.60 adv=-0.000 r̄=-0.121 succ=35.6% >exp= 0.0% el=3h21m eta=13h03m
  ep  1344/5000 batch 5700 loss=  -0.323 pol= -1.513 vL= 0.176 kl= 0.27 H=  4.67 adv=-0.000 r̄= 0.057 succ=35.6% >exp= 0.0% el=3h22m eta=9h10m
  ep  1664/5000 batch 5720 loss=  -0.019 pol= -0.252 vL= 0.223 kl= 0.42 H=  4.33 adv=+0.000 r̄=-0.249 succ=35.6% >exp= 0.0% el=3h22m eta=6h46m
  ep  1984/5000 batch 5740 loss=   0.078 pol=  0.503 vL= 0.306 kl= 0.14 H=  4.68 adv=-0.000 r̄=-0.211 succ=35.6% >exp= 0.0% el=3h23m eta=5h09m
  ep  2304/5000 batch 5760 loss=   0.092 pol= -0.824 vL= 0.212 kl= 0.31 H=  7.95 adv=+0.000 r̄=-0.139 succ=35.6% >exp= 0.0% el=3h24m eta=3h58m
  ep  2624/5000 batch 5780 loss=  -0.200 pol= -0.285 vL= 0.119 kl= 0.22 H=  7.61 adv=+0.000 r̄=-0.246 succ=35.6% >exp= 0.0% el=3h24m eta=3h05m
  ep  2944/5000 batch 5800 loss=  -0.363 pol=  0.439 vL= 0.129 kl= 0.15 H=  8.51 adv=+0.000 r̄=-0.283 succ=35.6% >exp= 0.0% el=3h25m eta=2h23m
  ep  3264/5000 batch 5820 loss=  -0.179 pol= -0.509 vL= 0.121 kl= 0.13 H=  7.13 adv=+0.000 r̄=-0.236 succ=35.6% >exp= 0.0% el=3h25m eta=1h49m
  ep  3584/5000 batch 5840 loss=  -0.469 pol= -0.699 vL= 0.114 kl= 0.24 H=  6.65 adv=+0.000 r̄=-0.192 succ=35.6% >exp= 0.0% el=3h26m eta=1h21m
  ep  3904/5000 batch 5860 loss=   0.287 pol= -2.069 vL= 0.249 kl= 0.79 H=  6.16 adv=-0.000 r̄= 0.058 succ=35.6% >exp= 0.0% el=3h26m eta=58m02s
  ep  4224/5000 batch 5880 loss=  -0.119 pol= -1.213 vL= 0.096 kl= 0.13 H=  7.47 adv=-0.000 r̄=-0.233 succ=35.6% >exp= 0.0% el=3h27m eta=38m06s
  ep  4544/5000 batch 5900 loss=  -0.541 pol= -0.005 vL= 0.162 kl= 0.18 H=  6.43 adv=+0.000 r̄= 0.139 succ=35.6% >exp= 0.0% el=3h27m eta=20m52s
  ep  4864/5000 batch 5920 loss=   1.009 pol=  1.069 vL= 0.090 kl= 0.08 H=  7.25 adv=-0.000 r̄=-0.210 succ=35.6% >exp= 0.0% el=3h28m eta= 5m49s
  >>> Epoch 19/50 DONE: succ=36.0% (1799/5000) mean_loss=-0.0021 mean_reward=-0.131 mean_KL=0.312 mean_H=6.91 epoch_time= 8m55s

=== Epoch 20/50 — resetting substrate ===
  ep   192/5000 batch 5940 loss=  -0.202 pol= -1.997 vL= 0.204 kl= 0.25 H=  5.92 adv=-0.000 r̄= 0.308 succ=35.6% >exp= 0.0% el=3h29m eta=87h17m
  ep   512/5000 batch 5960 loss=   0.415 pol= -3.496 vL= 0.121 kl= 0.20 H=  9.93 adv=+0.000 r̄=-0.151 succ=35.6% >exp= 0.0% el=3h29m eta=30h38m
  ep   832/5000 batch 5980 loss=  -0.257 pol= -2.179 vL= 0.282 kl= 0.52 H=  7.23 adv=+0.000 r̄=-0.083 succ=35.6% >exp= 0.0% el=3h30m eta=17h33m
  ep  1152/5000 batch 6000 loss=  -0.136 pol=  0.711 vL= 0.229 kl= 0.35 H=  4.66 adv=+0.000 r̄=-0.032 succ=35.6% >exp= 0.0% el=3h30m eta=11h44m
  ep  1472/5000 batch 6020 loss=   0.711 pol=  0.172 vL= 0.206 kl= 0.34 H=  6.43 adv=+0.000 r̄=-0.041 succ=35.6% >exp= 0.0% el=3h31m eta=8h26m
  ep  1792/5000 batch 6040 loss=  -0.648 pol=  0.662 vL= 0.161 kl= 0.28 H=  6.99 adv=-0.000 r̄=-0.118 succ=35.6% >exp= 0.0% el=3h31m eta=6h19m
  ep  2112/5000 batch 6060 loss=   0.225 pol= -1.328 vL= 0.105 kl= 0.20 H=  7.23 adv=-0.000 r̄= 0.002 succ=35.6% >exp= 0.0% el=3h32m eta=4h50m
  ep  2432/5000 batch 6080 loss=   0.217 pol= -2.008 vL= 0.188 kl= 0.11 H=  8.09 adv=+0.000 r̄=-0.267 succ=35.6% >exp= 0.0% el=3h33m eta=3h44m
  ep  2752/5000 batch 6100 loss=   0.121 pol= -0.463 vL= 0.083 kl= 0.19 H=  5.19 adv=-0.000 r̄=-0.229 succ=35.6% >exp= 0.0% el=3h33m eta=2h54m
  ep  3072/5000 batch 6120 loss=  -0.091 pol= -2.358 vL= 0.108 kl= 0.38 H=  8.30 adv=-0.000 r̄= 0.091 succ=35.6% >exp= 0.0% el=3h34m eta=2h14m
  ep  3392/5000 batch 6140 loss=  -0.060 pol= -0.527 vL= 0.149 kl= 0.37 H=  5.78 adv=-0.000 r̄= 0.045 succ=35.6% >exp= 0.0% el=3h34m eta=1h41m
  ep  3712/5000 batch 6160 loss=   0.263 pol=  0.433 vL= 0.137 kl= 0.29 H=  5.84 adv=-0.000 r̄=-0.148 succ=35.6% >exp= 0.0% el=3h35m eta=1h14m
  ep  4032/5000 batch 6180 loss=   0.139 pol=  1.710 vL= 0.146 kl= 0.13 H=  5.50 adv=+0.000 r̄=-0.428 succ=35.6% >exp= 0.0% el=3h36m eta=51m53s
  ep  4352/5000 batch 6200 loss=  -0.404 pol= -0.160 vL= 0.157 kl= 0.22 H=  3.62 adv=-0.000 r̄=-0.034 succ=35.6% >exp= 0.0% el=3h36m eta=32m16s
  ep  4672/5000 batch 6220 loss=  -0.057 pol= -2.358 vL= 0.065 kl= 0.16 H=  7.74 adv=-0.000 r̄=-0.005 succ=35.6% >exp= 0.0% el=3h37m eta=15m15s
  ep  4992/5000 batch 6240 loss=   0.017 pol=  2.073 vL= 0.293 kl= 0.16 H=  4.62 adv=-0.000 r̄=-0.067 succ=35.6% >exp= 0.0% el=3h38m eta=  21s
  >>> Epoch 20/50 DONE: succ=35.8% (1792/5000) mean_loss=-0.0079 mean_reward=-0.132 mean_KL=0.249 mean_H=6.20 epoch_time= 9m17s

=== Epoch 21/50 — resetting substrate ===
  ep   320/5000 batch 6260 loss=  -0.784 pol= -0.597 vL= 0.365 kl= 0.33 H=  4.11 adv=+0.000 r̄= 0.076 succ=35.6% >exp= 0.0% el=3h38m eta=53h18m
  ep   640/5000 batch 6280 loss=  -0.433 pol= -0.814 vL= 0.147 kl= 0.13 H=  6.42 adv=-0.000 r̄=-0.050 succ=35.6% >exp= 0.0% el=3h39m eta=24h54m
  ep   960/5000 batch 6300 loss=   0.018 pol=  1.622 vL= 0.034 kl= 0.10 H=  8.53 adv=+0.000 r̄=-0.174 succ=35.6% >exp= 0.0% el=3h40m eta=15h25m
  ep  1280/5000 batch 6320 loss=  -0.434 pol= -0.358 vL= 0.140 kl= 0.13 H=  5.13 adv=-0.000 r̄=-0.232 succ=35.6% >exp= 0.0% el=3h40m eta=10h41m
  ep  1600/5000 batch 6340 loss=  -0.525 pol= -3.706 vL= 0.378 kl= 0.28 H=  5.52 adv=+0.000 r̄=-0.140 succ=35.6% >exp= 0.0% el=3h41m eta=7h50m
  ep  1920/5000 batch 6360 loss=  -0.533 pol=  0.752 vL= 0.338 kl= 0.14 H=  4.89 adv=-0.000 r̄= 0.040 succ=35.6% >exp= 0.0% el=3h42m eta=5h56m
  ep  2240/5000 batch 6380 loss=  -0.138 pol=  0.613 vL= 0.109 kl= 0.23 H=  6.59 adv=+0.000 r̄=-0.066 succ=35.6% >exp= 0.0% el=3h42m eta=4h34m
  ep  2560/5000 batch 6400 loss=  -0.344 pol= -1.957 vL= 0.118 kl= 0.20 H=  5.26 adv=+0.000 r̄= 0.113 succ=35.6% >exp= 0.0% el=3h43m eta=3h32m
  ep  2880/5000 batch 6420 loss=  -0.032 pol= -0.157 vL= 0.122 kl= 0.16 H=  7.26 adv=-0.000 r̄=-0.113 succ=35.6% >exp= 0.0% el=3h43m eta=2h44m
  ep  3200/5000 batch 6440 loss=  -0.418 pol= -0.579 vL= 0.109 kl= 0.29 H=  6.45 adv=-0.000 r̄= 0.067 succ=35.6% >exp= 0.0% el=3h44m eta=2h06m
  ep  3520/5000 batch 6460 loss=  -0.011 pol= -1.073 vL= 0.265 kl= 0.34 H=  6.33 adv=-0.000 r̄= 0.022 succ=35.6% >exp= 0.0% el=3h45m eta=1h34m
  ep  3840/5000 batch 6480 loss=   0.945 pol=  1.373 vL= 0.220 kl= 0.11 H=  9.02 adv=+0.000 r̄=-0.300 succ=35.6% >exp= 0.0% el=3h46m eta=1h08m
  ep  4160/5000 batch 6500 loss=  -0.241 pol= -2.412 vL= 0.175 kl= 0.11 H=  7.71 adv=-0.000 r̄=-0.110 succ=35.6% >exp= 0.0% el=3h46m eta=45m50s
  ep  4480/5000 batch 6520 loss=  -0.715 pol= -0.528 vL= 0.350 kl= 0.15 H=  3.98 adv=-0.000 r̄=-0.024 succ=35.6% >exp= 0.0% el=3h47m eta=26m24s
  ep  4800/5000 batch 6540 loss=   0.539 pol=  1.563 vL= 0.428 kl= 0.15 H=  3.66 adv=-0.000 r̄=-0.292 succ=35.6% >exp= 0.0% el=3h48m eta= 9m30s
  >>> Epoch 21/50 DONE: succ=36.0% (1802/5000) mean_loss=-0.1867 mean_reward=-0.130 mean_KL=0.224 mean_H=6.81 epoch_time=10m34s

=== Epoch 22/50 — resetting substrate ===
  ep   128/5000 batch 6560 loss=   0.238 pol= -1.632 vL= 0.132 kl= 0.31 H=  6.77 adv=-0.000 r̄=-0.111 succ=35.7% >exp= 0.0% el=3h48m eta=145h12m
  ep   448/5000 batch 6580 loss=  -0.348 pol=  1.028 vL= 0.162 kl= 0.55 H=  5.17 adv=-0.000 r̄=-0.186 succ=35.7% >exp= 0.0% el=3h49m eta=38h51m
  ep   768/5000 batch 6600 loss=   0.048 pol= -0.923 vL= 0.325 kl= 0.17 H=  4.12 adv=-0.000 r̄=-0.105 succ=35.7% >exp= 0.0% el=3h50m eta=21h08m
  ep  1088/5000 batch 6620 loss=  -0.151 pol=  0.479 vL= 0.222 kl= 0.31 H=  4.61 adv=+0.000 r̄=-0.336 succ=35.7% >exp= 0.0% el=3h50m eta=13h49m
  ep  1408/5000 batch 6640 loss=  -0.110 pol= -1.881 vL= 0.105 kl= 0.25 H=  7.63 adv=+0.000 r̄=-0.051 succ=35.7% >exp= 0.0% el=3h51m eta=9h50m
  ep  1728/5000 batch 6660 loss=  -0.181 pol=  1.730 vL= 0.173 kl= 0.21 H=  6.91 adv=+0.000 r̄=-0.134 succ=35.7% >exp= 0.0% el=3h52m eta=7h19m
  ep  2048/5000 batch 6680 loss=   0.252 pol= -0.550 vL= 0.119 kl= 0.43 H=  6.33 adv=+0.000 r̄=-0.058 succ=35.7% >exp= 0.0% el=3h52m eta=5h35m
  ep  2368/5000 batch 6700 loss=  -0.104 pol= -1.238 vL= 0.053 kl= 0.33 H=  6.62 adv=+0.000 r̄=-0.082 succ=35.7% >exp= 0.0% el=3h53m eta=4h19m
  ep  2688/5000 batch 6720 loss=  -0.651 pol= -1.689 vL= 0.194 kl= 0.20 H=  7.15 adv=-0.000 r̄= 0.041 succ=35.7% >exp= 0.0% el=3h53m eta=3h21m
  ep  3008/5000 batch 6740 loss=   0.386 pol=  0.790 vL= 0.192 kl= 0.12 H=  7.20 adv=-0.000 r̄= 0.060 succ=35.7% >exp= 0.0% el=3h54m eta=2h35m
  ep  3328/5000 batch 6760 loss=   0.650 pol=  0.378 vL= 0.217 kl= 0.11 H=  5.00 adv=+0.000 r̄=-0.130 succ=35.7% >exp= 0.0% el=3h55m eta=1h58m
  ep  3648/5000 batch 6780 loss=  -0.371 pol=  1.513 vL= 0.234 kl= 0.10 H=  4.88 adv=+0.000 r̄=-0.181 succ=35.7% >exp= 0.0% el=3h55m eta=1h27m
  ep  3968/5000 batch 6800 loss=  -0.037 pol=  2.157 vL= 0.204 kl= 0.22 H=  7.46 adv=+0.000 r̄=-0.407 succ=35.7% >exp= 0.0% el=3h56m eta=1h01m
  ep  4288/5000 batch 6820 loss=  -0.167 pol= -1.648 vL= 0.182 kl= 0.30 H=  7.03 adv=+0.000 r̄=-0.007 succ=35.7% >exp= 0.0% el=3h57m eta=39m22s
  ep  4608/5000 batch 6840 loss=   0.196 pol=  0.382 vL= 0.224 kl= 0.34 H=  5.71 adv=-0.000 r̄= 0.223 succ=35.7% >exp= 0.0% el=3h57m eta=20m14s
  ep  4928/5000 batch 6860 loss=  -0.022 pol= -0.283 vL= 0.115 kl= 0.34 H=  4.44 adv=+0.000 r̄=-0.112 succ=35.7% >exp= 0.0% el=3h58m eta= 3m29s
  >>> Epoch 22/50 DONE: succ=36.5% (1826/5000) mean_loss=-0.0399 mean_reward=-0.133 mean_KL=0.262 mean_H=6.47 epoch_time=10m02s

=== Epoch 23/50 — resetting substrate ===
  ep   256/5000 batch 6880 loss=  -0.086 pol= -1.582 vL= 0.105 kl= 0.14 H=  7.86 adv=-0.000 r̄= 0.030 succ=35.7% >exp= 0.0% el=3h59m eta=73h54m
  ep   576/5000 batch 6900 loss=   0.246 pol=  0.731 vL= 0.133 kl= 0.16 H=  7.26 adv=+0.000 r̄=-0.260 succ=35.7% >exp= 0.0% el=3h59m eta=30h43m
  ep   896/5000 batch 6920 loss=  -0.429 pol= -1.740 vL= 0.166 kl= 0.21 H=  7.29 adv=-0.000 r̄= 0.089 succ=35.7% >exp= 0.0% el=4h00m eta=18h22m
  ep  1216/5000 batch 6940 loss=  -0.222 pol= -0.124 vL= 0.208 kl= 0.18 H=  8.53 adv=+0.000 r̄=-0.262 succ=35.7% >exp= 0.0% el=4h01m eta=12h31m
  ep  1536/5000 batch 6960 loss=  -0.020 pol= -0.210 vL= 0.206 kl= 0.42 H=  5.92 adv=+0.000 r̄=-0.138 succ=35.7% >exp= 0.0% el=4h02m eta=9h06m
  ep  1856/5000 batch 6980 loss=  -0.448 pol= -1.711 vL= 0.301 kl= 0.29 H=  6.59 adv=+0.000 r̄=-0.134 succ=35.7% >exp= 0.0% el=4h02m eta=6h51m
  ep  2176/5000 batch 7000 loss=  -0.215 pol=  0.377 vL= 0.349 kl= 0.27 H=  5.44 adv=-0.000 r̄=-0.225 succ=35.7% >exp= 0.0% el=4h03m eta=5h15m
  ep  2496/5000 batch 7020 loss=  -0.048 pol= -2.170 vL= 0.168 kl= 0.50 H=  7.02 adv=+0.000 r̄= 0.348 succ=35.7% >exp= 0.0% el=4h04m eta=4h04m
  ep  2816/5000 batch 7040 loss=   0.089 pol=  0.201 vL= 0.120 kl= 0.18 H=  4.89 adv=+0.000 r̄=-0.347 succ=35.7% >exp= 0.0% el=4h04m eta=3h09m
  ep  3136/5000 batch 7060 loss=   0.272 pol= -0.814 vL= 0.179 kl= 0.29 H=  7.98 adv=+0.000 r̄=-0.256 succ=35.7% >exp= 0.0% el=4h05m eta=2h25m
  ep  3456/5000 batch 7080 loss=  -0.410 pol= -0.461 vL= 0.205 kl= 0.42 H=  6.17 adv=+0.000 r̄= 0.100 succ=35.7% >exp= 0.0% el=4h06m eta=1h50m
  ep  3776/5000 batch 7100 loss=  -0.015 pol=  0.097 vL= 0.078 kl= 0.21 H=  6.40 adv=+0.000 r̄=-0.322 succ=35.7% >exp= 0.0% el=4h07m eta=1h20m
  ep  4096/5000 batch 7120 loss=   0.080 pol= -0.741 vL= 0.134 kl= 0.26 H=  6.48 adv=+0.000 r̄=-0.155 succ=35.7% >exp= 0.0% el=4h07m eta=54m41s
  ep  4416/5000 batch 7140 loss=  -0.260 pol= -0.473 vL= 0.385 kl= 0.15 H=  6.84 adv=-0.000 r̄=-0.074 succ=35.7% >exp= 0.0% el=4h08m eta=32m52s
  ep  4736/5000 batch 7160 loss=  -0.356 pol= -0.327 vL= 0.174 kl= 0.22 H=  5.65 adv=+0.000 r̄=-0.119 succ=35.7% >exp= 0.0% el=4h09m eta=13m53s
  >>> Epoch 23/50 DONE: succ=35.1% (1757/5000) mean_loss=-0.1056 mean_reward=-0.147 mean_KL=0.272 mean_H=6.55 epoch_time=11m09s

=== Epoch 24/50 — resetting substrate ===
  ep    64/5000 batch 7180 loss=  -0.052 pol= -1.076 vL= 0.177 kl= 0.17 H= 10.08 adv=+0.000 r̄= 0.026 succ=35.7% >exp= 0.0% el=4h09m eta=321h19m
  ep   384/5000 batch 7200 loss=   0.139 pol=  0.749 vL= 0.183 kl= 0.48 H=  6.08 adv=-0.000 r̄=-0.151 succ=35.7% >exp= 0.0% el=4h10m eta=50h11m
  ep   704/5000 batch 7220 loss=   0.214 pol=  2.816 vL= 0.308 kl= 0.31 H=  7.78 adv=+0.000 r̄=-0.337 succ=35.7% >exp= 0.0% el=4h11m eta=25h32m
  ep  1024/5000 batch 7240 loss=  -0.115 pol= -0.957 vL= 0.063 kl= 0.44 H=  7.08 adv=+0.000 r̄=-0.108 succ=35.7% >exp= 0.0% el=4h11m eta=16h17m
  ep  1344/5000 batch 7260 loss=   0.083 pol=  1.670 vL= 0.080 kl= 0.14 H=  5.25 adv=-0.000 r̄=-0.066 succ=35.7% >exp= 0.0% el=4h12m eta=11h26m
  ep  1664/5000 batch 7280 loss=  -0.141 pol= -0.801 vL= 0.297 kl= 0.28 H=  5.32 adv=-0.000 r̄=-0.036 succ=35.7% >exp= 0.0% el=4h12m eta=8h27m
  ep  1984/5000 batch 7300 loss=  -0.069 pol=  0.152 vL= 0.198 kl= 0.27 H=  4.81 adv=-0.000 r̄=-0.072 succ=35.7% >exp= 0.0% el=4h13m eta=6h25m
  ep  2304/5000 batch 7320 loss=   0.086 pol=  0.445 vL= 0.166 kl= 0.14 H=  7.80 adv=-0.000 r̄=-0.229 succ=35.6% >exp= 0.0% el=4h15m eta=4h58m
  ep  2624/5000 batch 7340 loss=  -0.140 pol=  1.160 vL= 0.149 kl= 0.20 H=  7.78 adv=-0.000 r̄=-0.307 succ=35.7% >exp= 0.0% el=4h16m eta=3h52m
  ep  2944/5000 batch 7360 loss=   0.392 pol=  0.515 vL= 0.054 kl= 0.10 H=  7.58 adv=-0.000 r̄=-0.105 succ=35.7% >exp= 0.0% el=4h17m eta=2h59m
  ep  3264/5000 batch 7380 loss=   0.439 pol= -0.518 vL= 0.179 kl= 0.10 H=  6.38 adv=-0.000 r̄=-0.214 succ=35.7% >exp= 0.0% el=4h18m eta=2h17m
  ep  3584/5000 batch 7400 loss=  -0.543 pol= -0.138 vL= 0.074 kl= 0.09 H=  6.19 adv=+0.000 r̄=-0.133 succ=35.6% >exp= 0.0% el=4h18m eta=1h42m
  ep  3904/5000 batch 7420 loss=  -0.096 pol= -0.887 vL= 0.174 kl= 0.15 H=  6.36 adv=+0.000 r̄= 0.172 succ=35.7% >exp= 0.0% el=4h19m eta=1h12m
  ep  4224/5000 batch 7440 loss=  -0.114 pol= -3.807 vL= 0.210 kl= 0.07 H= 10.11 adv=+0.000 r̄=-0.057 succ=35.7% >exp= 0.0% el=4h19m eta=47m45s
  ep  4544/5000 batch 7460 loss=   0.217 pol= -0.410 vL= 0.184 kl= 0.14 H=  6.54 adv=-0.000 r̄= 0.162 succ=35.7% >exp= 0.0% el=4h20m eta=26m08s
  ep  4864/5000 batch 7480 loss=  -0.515 pol= -0.762 vL= 0.218 kl= 0.26 H=  6.82 adv=+0.000 r̄=-0.145 succ=35.7% >exp= 0.0% el=4h21m eta= 7m17s
  >>> Epoch 24/50 DONE: succ=35.9% (1793/5000) mean_loss=-0.0040 mean_reward=-0.132 mean_KL=0.206 mean_H=6.95 epoch_time=11m23s

=== Epoch 25/50 — resetting substrate ===
  ep   192/5000 batch 7500 loss=   0.572 pol= -1.043 vL= 0.140 kl= 0.17 H=  5.70 adv=-0.000 r̄= 0.049 succ=35.7% >exp= 0.0% el=4h21m eta=109h10m
  ep   512/5000 batch 7520 loss=  -0.365 pol= -1.722 vL= 0.159 kl= 0.29 H=  7.51 adv=-0.000 r̄=-0.257 succ=35.7% >exp= 0.0% el=4h22m eta=38h17m
  ep   832/5000 batch 7540 loss=   0.106 pol= -0.731 vL= 0.180 kl= 0.16 H=  6.00 adv=-0.000 r̄=-0.110 succ=35.7% >exp= 0.0% el=4h22m eta=21h55m
  ep  1152/5000 batch 7560 loss=   0.142 pol= -0.789 vL= 0.280 kl= 0.15 H=  4.13 adv=-0.000 r̄= 0.069 succ=35.7% >exp= 0.0% el=4h23m eta=14h39m
  ep  1472/5000 batch 7580 loss=  -0.130 pol= -0.927 vL= 0.196 kl= 0.18 H=  5.97 adv=+0.000 r̄=-0.131 succ=35.7% >exp= 0.0% el=4h23m eta=10h32m
  ep  1792/5000 batch 7600 loss=  -0.102 pol= -1.262 vL= 0.102 kl= 0.23 H=  6.41 adv=+0.000 r̄=-0.144 succ=35.7% >exp= 0.0% el=4h24m eta=7h53m
  ep  2112/5000 batch 7620 loss=  -0.358 pol= -2.513 vL= 0.148 kl= 0.14 H=  6.59 adv=+0.000 r̄= 0.079 succ=35.7% >exp= 0.0% el=4h24m eta=6h02m
  ep  2432/5000 batch 7640 loss=  -0.086 pol=  0.253 vL= 0.110 kl= 0.14 H=  8.68 adv=-0.000 r̄=-0.352 succ=35.7% >exp= 0.0% el=4h25m eta=4h40m
  ep  2752/5000 batch 7660 loss=   0.049 pol=  1.247 vL= 0.104 kl= 0.15 H=  5.40 adv=-0.000 r̄=-0.369 succ=35.7% >exp= 0.0% el=4h26m eta=3h37m
  ep  3072/5000 batch 7680 loss=   0.255 pol= -1.574 vL= 0.226 kl= 0.53 H=  8.41 adv=+0.000 r̄=-0.110 succ=35.7% >exp= 0.0% el=4h26m eta=2h47m
  ep  3392/5000 batch 7700 loss=   0.216 pol= -0.962 vL= 0.175 kl= 0.20 H=  6.22 adv=-0.000 r̄=-0.257 succ=35.7% >exp= 0.0% el=4h27m eta=2h06m
  ep  3712/5000 batch 7720 loss=  -0.644 pol= -1.591 vL= 0.195 kl= 0.29 H=  5.86 adv=-0.000 r̄=-0.216 succ=35.7% >exp= 0.0% el=4h27m eta=1h32m
  ep  4032/5000 batch 7740 loss=   0.297 pol=  0.880 vL= 0.120 kl= 0.44 H=  5.56 adv=-0.000 r̄=-0.312 succ=35.7% >exp= 0.0% el=4h28m eta=1h04m
  ep  4352/5000 batch 7760 loss=  -0.758 pol= -0.643 vL= 0.175 kl= 0.24 H=  3.32 adv=+0.000 r̄=-0.073 succ=35.7% >exp= 0.0% el=4h28m eta=40m02s
  ep  4672/5000 batch 7780 loss=   0.190 pol=  0.215 vL= 0.041 kl= 0.38 H=  6.45 adv=-0.000 r̄=-0.091 succ=35.7% >exp= 0.0% el=4h29m eta=18m55s
  ep  4992/5000 batch 7800 loss=   0.561 pol=  0.332 vL= 0.201 kl= 0.42 H=  4.35 adv=-0.000 r̄=-0.072 succ=35.7% >exp= 0.0% el=4h30m eta=  26s
  >>> Epoch 25/50 DONE: succ=36.1% (1807/5000) mean_loss=-0.0205 mean_reward=-0.137 mean_KL=0.233 mean_H=5.87 epoch_time= 8m49s

=== Epoch 26/50 — resetting substrate ===
  ep   320/5000 batch 7820 loss=  -0.085 pol= -0.230 vL= 0.333 kl= 0.15 H=  2.60 adv=-0.000 r̄=-0.075 succ=35.7% >exp= 0.0% el=4h30m eta=65h57m
  ep   640/5000 batch 7840 loss=  -0.543 pol=  0.996 vL= 0.188 kl= 0.15 H=  5.11 adv=+0.000 r̄=-0.205 succ=35.7% >exp= 0.0% el=4h31m eta=30h46m
  ep   960/5000 batch 7860 loss=   0.414 pol=  1.341 vL= 0.093 kl= 0.18 H=  7.44 adv=+0.000 r̄=-0.184 succ=35.7% >exp= 0.0% el=4h31m eta=19h03m
  ep  1280/5000 batch 7880 loss=  -0.270 pol= -2.096 vL= 0.163 kl= 0.18 H=  5.46 adv=+0.000 r̄= 0.014 succ=35.7% >exp= 0.0% el=4h32m eta=13h11m
  ep  1600/5000 batch 7900 loss=  -0.189 pol=  1.486 vL= 0.129 kl= 0.19 H=  5.01 adv=+0.000 r̄=-0.172 succ=35.7% >exp= 0.0% el=4h32m eta=9h39m
  ep  1920/5000 batch 7920 loss=   0.005 pol=  1.407 vL= 0.288 kl= 0.48 H=  4.26 adv=+0.000 r̄=-0.182 succ=35.7% >exp= 0.0% el=4h33m eta=7h18m
  ep  2240/5000 batch 7940 loss=   0.321 pol= -0.573 vL= 0.095 kl= 0.24 H=  5.55 adv=+0.000 r̄=-0.231 succ=35.7% >exp= 0.0% el=4h33m eta=5h37m
  ep  2560/5000 batch 7960 loss=  -0.078 pol=  0.239 vL= 0.261 kl= 0.25 H=  5.24 adv=+0.000 r̄=-0.038 succ=35.7% >exp= 0.0% el=4h34m eta=4h21m
  ep  2880/5000 batch 7980 loss=  -0.263 pol= -1.499 vL= 0.158 kl= 0.53 H=  6.81 adv=+0.000 r̄=-0.130 succ=35.7% >exp= 0.0% el=4h34m eta=3h22m
  ep  3200/5000 batch 8000 loss=   0.397 pol=  1.402 vL= 0.332 kl= 0.19 H=  5.86 adv=+0.000 r̄=-0.228 succ=35.6% >exp= 0.0% el=4h35m eta=2h34m
  ep  3520/5000 batch 8020 loss=  -0.531 pol=  0.483 vL= 0.121 kl= 0.12 H=  5.58 adv=-0.000 r̄= 0.012 succ=35.6% >exp= 0.0% el=4h35m eta=1h56m
  ep  3840/5000 batch 8040 loss=  -0.145 pol= -0.887 vL= 0.131 kl= 0.15 H=  9.14 adv=-0.000 r̄=-0.274 succ=35.6% >exp= 0.0% el=4h36m eta=1h23m
  ep  4160/5000 batch 8060 loss=   0.024 pol= -1.706 vL= 0.353 kl= 0.21 H=  8.84 adv=-0.000 r̄=-0.273 succ=35.6% >exp= 0.0% el=4h37m eta=55m56s
  ep  4480/5000 batch 8080 loss=   0.159 pol= -1.005 vL= 0.107 kl= 0.28 H=  4.21 adv=-0.000 r̄= 0.192 succ=35.6% >exp= 0.0% el=4h37m eta=32m12s
  ep  4800/5000 batch 8100 loss=  -0.042 pol= -1.016 vL= 0.253 kl= 0.29 H=  4.26 adv=+0.000 r̄=-0.144 succ=35.6% >exp= 0.0% el=4h38m eta=11m35s
  >>> Epoch 26/50 DONE: succ=34.2% (1712/5000) mean_loss=-0.0697 mean_reward=-0.155 mean_KL=0.247 mean_H=6.28 epoch_time= 8m18s

=== Epoch 27/50 — resetting substrate ===
  ep   128/5000 batch 8120 loss=  -0.109 pol= -0.044 vL= 0.061 kl= 0.19 H=  7.98 adv=-0.000 r̄=-0.054 succ=35.7% >exp= 0.0% el=4h38m eta=176h43m
  ep   448/5000 batch 8140 loss=   0.064 pol= -0.913 vL= 0.220 kl= 0.11 H=  5.69 adv=-0.000 r̄= 0.066 succ=35.6% >exp= 0.0% el=4h39m eta=47h15m
  ep   768/5000 batch 8160 loss=  -0.423 pol= -0.208 vL= 0.149 kl= 0.18 H=  4.32 adv=+0.000 r̄=-0.085 succ=35.6% >exp= 0.0% el=4h39m eta=25h41m
  ep  1088/5000 batch 8180 loss=  -0.041 pol= -1.443 vL= 0.156 kl= 0.10 H=  5.14 adv=-0.000 r̄=-0.190 succ=35.6% >exp= 0.0% el=4h40m eta=16h47m
  ep  1408/5000 batch 8200 loss=   0.302 pol=  1.518 vL= 0.247 kl= 0.19 H=  8.22 adv=-0.000 r̄=-0.221 succ=35.6% >exp= 0.0% el=4h40m eta=11h56m
  ep  1728/5000 batch 8220 loss=   0.176 pol= -1.123 vL= 0.277 kl= 0.16 H=  6.50 adv=-0.000 r̄=-0.319 succ=35.6% >exp= 0.0% el=4h41m eta=8h52m
  ep  2048/5000 batch 8240 loss=   0.005 pol= -0.056 vL= 0.111 kl= 0.20 H=  5.38 adv=-0.000 r̄=-0.320 succ=35.6% >exp= 0.0% el=4h41m eta=6h46m
  ep  2368/5000 batch 8260 loss=  -0.114 pol=  2.669 vL= 0.126 kl= 0.13 H=  5.61 adv=+0.000 r̄=-0.204 succ=35.6% >exp= 0.0% el=4h42m eta=5h13m
  ep  2688/5000 batch 8280 loss=  -0.540 pol= -0.926 vL= 0.165 kl= 0.22 H=  6.35 adv=-0.000 r̄= 0.122 succ=35.6% >exp= 0.0% el=4h43m eta=4h03m
  ep  3008/5000 batch 8300 loss=   0.053 pol= -0.132 vL= 0.099 kl= 0.19 H=  5.55 adv=+0.000 r̄=-0.026 succ=35.6% >exp= 0.0% el=4h43m eta=3h07m
  ep  3328/5000 batch 8320 loss=  -0.597 pol= -1.004 vL= 0.179 kl= 0.21 H=  4.51 adv=+0.000 r̄=-0.162 succ=35.6% >exp= 0.0% el=4h44m eta=2h22m
  ep  3648/5000 batch 8340 loss=  -0.144 pol=  0.773 vL= 0.268 kl= 0.30 H=  4.52 adv=+0.000 r̄=-0.143 succ=35.7% >exp= 0.0% el=4h44m eta=1h45m
  ep  3968/5000 batch 8360 loss=   0.735 pol=  3.614 vL= 0.138 kl= 0.25 H=  6.73 adv=+0.000 r̄=-0.500 succ=35.6% >exp= 0.0% el=4h45m eta=1h14m
  ep  4288/5000 batch 8380 loss=  -0.350 pol= -0.254 vL= 0.236 kl= 0.38 H=  6.94 adv=-0.000 r̄=-0.075 succ=35.6% >exp= 0.0% el=4h45m eta=47m27s
  ep  4608/5000 batch 8400 loss=   0.271 pol=  2.112 vL= 0.128 kl= 0.63 H=  5.57 adv=-0.000 r̄= 0.326 succ=35.7% >exp= 0.0% el=4h46m eta=24m21s
  ep  4928/5000 batch 8420 loss=   0.021 pol= -0.608 vL= 0.188 kl= 0.80 H=  4.90 adv=-0.000 r̄=-0.055 succ=35.7% >exp= 0.0% el=4h46m eta= 4m11s
  >>> Epoch 27/50 DONE: succ=36.1% (1805/5000) mean_loss=-0.0154 mean_reward=-0.138 mean_KL=0.267 mean_H=6.35 epoch_time= 8m36s

=== Epoch 28/50 — resetting substrate ===
  ep   256/5000 batch 8440 loss=   0.016 pol= -0.531 vL= 0.154 kl= 0.34 H=  7.70 adv=+0.000 r̄=-0.093 succ=35.7% >exp= 0.0% el=4h47m eta=88h46m
  ep   576/5000 batch 8460 loss=   0.215 pol= -2.196 vL= 0.116 kl= 0.29 H=  8.07 adv=-0.000 r̄=-0.093 succ=35.7% >exp= 0.0% el=4h47m eta=36h51m
  ep   896/5000 batch 8480 loss=  -0.654 pol= -2.095 vL= 0.235 kl= 0.23 H=  7.37 adv=+0.000 r̄=-0.051 succ=35.7% >exp= 0.0% el=4h48m eta=22h01m
  ep  1216/5000 batch 8500 loss=  -0.793 pol= -1.175 vL= 0.063 kl= 0.15 H=  7.28 adv=-0.000 r̄=-0.254 succ=35.7% >exp= 0.0% el=4h49m eta=14h59m
  ep  1536/5000 batch 8520 loss=   0.138 pol= -2.544 vL= 0.236 kl= 0.26 H=  6.42 adv=+0.000 r̄=-0.052 succ=35.7% >exp= 0.0% el=4h49m eta=10h53m
  ep  1856/5000 batch 8540 loss=  -0.067 pol= -1.992 vL= 0.216 kl= 0.23 H=  6.80 adv=-0.000 r̄=-0.096 succ=35.7% >exp= 0.0% el=4h50m eta=8h11m
  ep  2176/5000 batch 8560 loss=   0.227 pol= -0.502 vL= 0.246 kl= 0.23 H=  5.38 adv=-0.000 r̄=-0.032 succ=35.7% >exp= 0.0% el=4h50m eta=6h17m
  ep  2496/5000 batch 8580 loss=  -0.685 pol= -2.659 vL= 0.342 kl= 0.43 H=  5.89 adv=+0.000 r̄= 0.264 succ=35.7% >exp= 0.0% el=4h51m eta=4h52m
  ep  2816/5000 batch 8600 loss=  -0.258 pol= -0.462 vL= 0.227 kl= 0.25 H=  5.47 adv=+0.000 r̄=-0.142 succ=35.7% >exp= 0.0% el=4h51m eta=3h46m
  ep  3136/5000 batch 8620 loss=  -0.028 pol=  0.301 vL= 0.204 kl= 0.19 H=  8.46 adv=+0.000 r̄=-0.235 succ=35.7% >exp= 0.0% el=4h52m eta=2h53m
  ep  3456/5000 batch 8640 loss=   0.098 pol= -1.091 vL= 0.180 kl= 0.25 H=  6.86 adv=+0.000 r̄= 0.195 succ=35.7% >exp= 0.0% el=4h53m eta=2h10m
  ep  3776/5000 batch 8660 loss=   0.307 pol=  1.152 vL= 0.129 kl= 0.34 H=  6.71 adv=+0.000 r̄=-0.317 succ=35.7% >exp= 0.0% el=4h53m eta=1h35m
  ep  4096/5000 batch 8680 loss=  -0.316 pol=  1.280 vL= 0.135 kl= 0.11 H=  6.02 adv=+0.000 r̄=-0.253 succ=35.7% >exp= 0.0% el=4h54m eta=1h04m
  ep  4416/5000 batch 8700 loss=  -0.913 pol=  0.045 vL= 0.091 kl= 0.13 H=  6.25 adv=-0.000 r̄=-0.167 succ=35.7% >exp= 0.0% el=4h54m eta=39m00s
  ep  4736/5000 batch 8720 loss=   0.019 pol= -0.760 vL= 0.092 kl= 0.43 H=  5.54 adv=-0.000 r̄=-0.062 succ=35.7% >exp= 0.0% el=4h55m eta=16m28s
  >>> Epoch 28/50 DONE: succ=37.0% (1849/5000) mean_loss=-0.1816 mean_reward=-0.121 mean_KL=0.245 mean_H=6.56 epoch_time= 9m01s

=== Epoch 29/50 — resetting substrate ===
  ep    64/5000 batch 8740 loss=   0.046 pol=  0.440 vL= 0.071 kl= 0.36 H=  9.52 adv=-0.000 r̄=-0.183 succ=35.7% >exp= 0.0% el=4h56m eta=380h38m
  ep   384/5000 batch 8760 loss=  -0.197 pol=  0.236 vL= 0.253 kl= 0.20 H=  4.53 adv=-0.000 r̄=-0.257 succ=35.7% >exp= 0.0% el=4h56m eta=59h26m
  ep   704/5000 batch 8780 loss=   0.242 pol= -1.969 vL= 0.176 kl= 0.19 H=  6.36 adv=+0.000 r̄=-0.048 succ=35.7% >exp= 0.0% el=4h57m eta=30h13m
  ep  1024/5000 batch 8800 loss=   0.100 pol= -0.431 vL= 0.193 kl= 0.27 H=  6.08 adv=+0.000 r̄=-0.044 succ=35.7% >exp= 0.0% el=4h57m eta=19h16m
  ep  1344/5000 batch 8820 loss=  -0.011 pol=  0.040 vL= 0.072 kl= 0.24 H=  4.53 adv=+0.000 r̄= 0.014 succ=35.7% >exp= 0.0% el=4h58m eta=13h31m
  ep  1664/5000 batch 8840 loss=   0.097 pol=  0.156 vL= 0.167 kl= 0.37 H=  3.13 adv=+0.000 r̄=-0.327 succ=35.7% >exp= 0.0% el=4h58m eta=9h59m
  ep  1984/5000 batch 8860 loss=  -0.050 pol=  0.056 vL= 0.288 kl= 0.24 H=  3.92 adv=-0.000 r̄=-0.088 succ=35.7% >exp= 0.0% el=4h59m eta=7h35m
  ep  2304/5000 batch 8880 loss=  -0.132 pol=  0.591 vL= 0.128 kl= 0.12 H=  6.78 adv=-0.000 r̄=-0.149 succ=35.7% >exp= 0.0% el=5h00m eta=5h51m
  ep  2624/5000 batch 8900 loss=  -0.340 pol=  1.390 vL= 0.164 kl= 0.19 H=  6.47 adv=+0.000 r̄=-0.247 succ=35.7% >exp= 0.0% el=5h00m eta=4h32m
  ep  2944/5000 batch 8920 loss=  -0.154 pol= -1.206 vL= 0.060 kl= 0.31 H=  7.54 adv=+0.000 r̄=-0.191 succ=35.7% >exp= 0.0% el=5h03m eta=3h32m
  ep  3264/5000 batch 8940 loss=   0.237 pol= -0.444 vL= 0.176 kl= 0.17 H=  6.31 adv=-0.000 r̄=-0.352 succ=35.7% >exp= 0.0% el=6h14m eta=3h19m
  ep  3584/5000 batch 8960 loss=  -0.667 pol= -2.115 vL= 0.211 kl= 0.19 H=  6.93 adv=+0.000 r̄=-0.088 succ=35.7% >exp= 0.0% el=8h03m eta=3h10m
  ep  3904/5000 batch 8980 loss=   0.143 pol= -1.946 vL= 0.485 kl= 0.47 H=  5.68 adv=-0.000 r̄=-0.248 succ=35.7% >exp= 0.0% el=8h28m eta=2h22m
  ep  4224/5000 batch 9000 loss=  -0.000 pol=  0.663 vL= 0.083 kl= 0.45 H=  9.60 adv=-0.000 r̄=-0.210 succ=35.7% >exp= 0.0% el=8h29m eta=1h33m
  ep  4544/5000 batch 9020 loss=  -0.858 pol= -2.000 vL= 0.179 kl= 0.26 H=  6.50 adv=-0.000 r̄= 0.230 succ=35.7% >exp= 0.0% el=8h29m eta=51m08s
  ep  4864/5000 batch 9040 loss=   0.282 pol= -0.098 vL= 0.126 kl= 0.06 H=  7.49 adv=-0.000 r̄=-0.205 succ=35.7% >exp= 0.0% el=8h30m eta=14m15s
  >>> Epoch 29/50 DONE: succ=36.4% (1821/5000) mean_loss=-0.0835 mean_reward=-0.133 mean_KL=0.291 mean_H=6.24 epoch_time=3h34m

=== Epoch 30/50 — resetting substrate ===
  ep   192/5000 batch 9060 loss=  -0.431 pol= -0.424 vL= 0.138 kl= 0.22 H=  5.40 adv=-0.000 r̄= 0.257 succ=35.7% >exp= 0.0% el=8h30m eta=213h03m
  ep   512/5000 batch 9080 loss=   0.439 pol=  0.019 vL= 0.077 kl= 0.20 H=  7.20 adv=+0.000 r̄=-0.361 succ=35.7% >exp= 0.0% el=8h30m eta=74h38m
  ep   832/5000 batch 9100 loss=  -0.548 pol= -1.432 vL= 0.160 kl= 0.47 H=  6.23 adv=+0.000 r̄= 0.001 succ=35.7% >exp= 0.0% el=8h31m eta=42h41m
  ep  1152/5000 batch 9120 loss=  -0.244 pol= -0.769 vL= 0.262 kl= 0.20 H=  3.92 adv=-0.000 r̄= 0.054 succ=35.7% >exp= 0.0% el=8h31m eta=28h29m
  ep  1472/5000 batch 9140 loss=   0.125 pol=  2.123 vL= 0.219 kl= 0.18 H=  5.70 adv=-0.000 r̄=-0.300 succ=35.7% >exp= 0.0% el=8h32m eta=20h27m
  ep  1792/5000 batch 9160 loss=  -0.176 pol=  1.195 vL= 0.144 kl= 0.25 H=  7.24 adv=-0.000 r̄=-0.312 succ=35.7% >exp= 0.0% el=8h32m eta=15h17m
  ep  2112/5000 batch 9180 loss=  -0.470 pol= -1.898 vL= 0.122 kl= 0.19 H=  7.35 adv=+0.000 r̄= 0.048 succ=35.7% >exp= 0.0% el=8h33m eta=11h41m
  ep  2432/5000 batch 9200 loss=  -0.041 pol= -1.465 vL= 0.105 kl= 0.09 H=  8.30 adv=+0.000 r̄=-0.324 succ=35.7% >exp= 0.0% el=8h33m eta=9h02m
  ep  2752/5000 batch 9220 loss=  -0.187 pol= -0.170 vL= 0.173 kl= 0.33 H=  5.58 adv=-0.000 r̄=-0.106 succ=35.7% >exp= 0.0% el=8h34m eta=6h59m
  ep  3072/5000 batch 9240 loss=   0.297 pol=  2.195 vL= 0.324 kl= 0.23 H=  8.29 adv=-0.000 r̄=-0.142 succ=35.7% >exp= 0.0% el=8h34m eta=5h22m
  ep  3392/5000 batch 9260 loss=  -0.104 pol=  1.291 vL= 0.248 kl= 0.15 H=  6.09 adv=-0.000 r̄=-0.137 succ=35.7% >exp= 0.0% el=8h35m eta=4h04m
  ep  3712/5000 batch 9280 loss=   0.706 pol= -0.273 vL= 0.213 kl= 0.15 H=  5.78 adv=-0.000 r̄=-0.129 succ=35.7% >exp= 0.0% el=8h35m eta=2h58m
  ep  4032/5000 batch 9300 loss=  -0.596 pol=  1.009 vL= 0.274 kl= 0.32 H=  5.76 adv=-0.000 r̄=-0.212 succ=35.7% >exp= 0.0% el=8h36m eta=2h03m
  ep  4352/5000 batch 9320 loss=  -0.684 pol= -0.284 vL= 0.116 kl= 0.22 H=  3.37 adv=+0.000 r̄=-0.179 succ=35.7% >exp= 0.0% el=8h36m eta=1h16m
  ep  4672/5000 batch 9340 loss=  -0.054 pol=  1.294 vL= 0.288 kl= 0.55 H=  7.16 adv=-0.000 r̄=-0.249 succ=35.7% >exp= 0.0% el=8h37m eta=36m18s
  ep  4992/5000 batch 9360 loss=   0.627 pol= -0.159 vL= 0.286 kl= 0.15 H=  4.24 adv=+0.000 r̄= 0.052 succ=35.7% >exp= 0.0% el=8h37m eta=  50s
  >>> Epoch 30/50 DONE: succ=35.8% (1791/5000) mean_loss=-0.0864 mean_reward=-0.133 mean_KL=0.206 mean_H=6.05 epoch_time= 7m20s

=== Epoch 31/50 — resetting substrate ===
  ep   320/5000 batch 9380 loss=   0.081 pol= -1.015 vL= 0.172 kl= 0.16 H=  3.65 adv=-0.000 r̄= 0.184 succ=35.7% >exp= 0.0% el=8h38m eta=126h17m
  ep   640/5000 batch 9400 loss=   0.207 pol= -0.113 vL= 0.202 kl= 0.09 H=  6.60 adv=+0.000 r̄=-0.081 succ=35.7% >exp= 0.0% el=8h38m eta=58h53m
  ep   960/5000 batch 9420 loss=  -0.694 pol=  4.007 vL= 0.030 kl= 0.27 H=  8.95 adv=+0.000 r̄=-0.139 succ=35.7% >exp= 0.0% el=8h39m eta=36h24m
  ep  1280/5000 batch 9440 loss=   0.012 pol=  0.560 vL= 0.174 kl= 0.67 H=  6.86 adv=-0.000 r̄=-0.165 succ=35.7% >exp= 0.0% el=8h39m eta=25h10m
  ep  1600/5000 batch 9460 loss=  -0.138 pol= -0.295 vL= 0.278 kl= 0.13 H=  5.03 adv=-0.000 r̄=-0.105 succ=35.7% >exp= 0.0% el=8h40m eta=18h25m
  ep  1920/5000 batch 9480 loss=   0.611 pol= -1.373 vL= 0.213 kl= 0.46 H=  4.48 adv=-0.000 r̄= 0.280 succ=35.7% >exp= 0.0% el=8h40m eta=13h55m
  ep  2240/5000 batch 9500 loss=  -0.308 pol=  0.010 vL= 0.162 kl= 0.23 H=  5.20 adv=-0.000 r̄=-0.227 succ=35.7% >exp= 0.0% el=8h41m eta=10h42m
  ep  2560/5000 batch 9520 loss=  -0.056 pol=  0.930 vL= 0.263 kl= 0.20 H=  3.52 adv=+0.000 r̄=-0.346 succ=35.7% >exp= 0.0% el=8h41m eta=8h17m
  ep  2880/5000 batch 9540 loss=  -0.188 pol= -0.124 vL= 0.180 kl= 0.24 H=  6.80 adv=+0.000 r̄=-0.183 succ=35.7% >exp= 0.0% el=8h42m eta=6h24m
  ep  3200/5000 batch 9560 loss=  -0.351 pol= -0.436 vL= 0.140 kl= 0.53 H=  6.55 adv=+0.000 r̄=-0.085 succ=35.7% >exp= 0.0% el=8h42m eta=4h54m
  ep  3520/5000 batch 9580 loss=   0.002 pol= -0.446 vL= 0.117 kl= 0.53 H=  5.01 adv=+0.000 r̄=-0.024 succ=35.7% >exp= 0.0% el=8h43m eta=3h40m
  ep  3840/5000 batch 9600 loss=   0.281 pol= -1.180 vL= 0.194 kl= 0.17 H=  8.22 adv=+0.000 r̄=-0.265 succ=35.7% >exp= 0.0% el=8h43m eta=2h38m
  ep  4160/5000 batch 9620 loss=   0.050 pol= -2.213 vL= 0.138 kl= 0.18 H=  8.38 adv=+0.000 r̄=-0.162 succ=35.7% >exp= 0.0% el=8h44m eta=1h45m
  ep  4480/5000 batch 9640 loss=  -0.889 pol= -0.090 vL= 0.194 kl= 0.14 H=  3.98 adv=+0.000 r̄= 0.012 succ=35.7% >exp= 0.0% el=8h45m eta=1h00m
  ep  4800/5000 batch 9660 loss=   0.347 pol=  0.168 vL= 0.258 kl= 0.10 H=  4.15 adv=-0.000 r̄=-0.028 succ=35.7% >exp= 0.0% el=8h45m eta=21m54s
  >>> Epoch 31/50 DONE: succ=35.4% (1770/5000) mean_loss=-0.0424 mean_reward=-0.136 mean_KL=0.211 mean_H=6.49 epoch_time= 8m26s

=== Epoch 32/50 — resetting substrate ===
  ep   128/5000 batch 9680 loss=   0.063 pol= -0.251 vL= 0.080 kl= 0.10 H=  8.19 adv=-0.000 r̄=-0.072 succ=35.7% >exp= 0.0% el=8h46m eta=333h50m
  ep   448/5000 batch 9700 loss=   0.829 pol=  1.138 vL= 0.258 kl= 0.18 H=  6.10 adv=+0.000 r̄=-0.065 succ=35.7% >exp= 0.0% el=8h46m eta=89h12m
  ep   768/5000 batch 9720 loss=  -0.880 pol= -1.979 vL= 0.292 kl= 0.15 H=  4.52 adv=+0.000 r̄=-0.060 succ=35.7% >exp= 0.0% el=8h47m eta=48h26m
  ep  1088/5000 batch 9740 loss=  -0.774 pol= -0.382 vL= 0.208 kl= 0.13 H=  5.70 adv=+0.000 r̄=-0.082 succ=35.7% >exp= 0.0% el=8h47m eta=31h38m
  ep  1408/5000 batch 9760 loss=  -0.112 pol=  0.063 vL= 0.252 kl= 0.08 H=  8.45 adv=+0.000 r̄=-0.030 succ=35.7% >exp= 0.0% el=8h48m eta=22h28m
  ep  1728/5000 batch 9780 loss=  -0.048 pol=  0.407 vL= 0.185 kl= 0.14 H=  5.90 adv=-0.000 r̄= 0.024 succ=35.7% >exp= 0.0% el=8h49m eta=16h41m
  ep  2048/5000 batch 9800 loss=   0.245 pol=  1.148 vL= 0.168 kl= 0.40 H=  4.01 adv=+0.000 r̄=-0.404 succ=35.7% >exp= 0.0% el=8h49m eta=12h43m
  ep  2368/5000 batch 9820 loss=  -0.326 pol= -0.700 vL= 0.108 kl= 0.23 H=  5.96 adv=+0.000 r̄=-0.130 succ=35.7% >exp= 0.0% el=8h50m eta=9h49m
  ep  2688/5000 batch 9840 loss=  -0.477 pol= -1.547 vL= 0.221 kl= 0.27 H=  6.32 adv=-0.000 r̄=-0.006 succ=35.7% >exp= 0.0% el=8h50m eta=7h36m
  ep  3008/5000 batch 9860 loss=  -0.247 pol=  0.046 vL= 0.055 kl= 0.17 H=  6.19 adv=-0.000 r̄= 0.096 succ=35.7% >exp= 0.0% el=8h51m eta=5h52m
  ep  3328/5000 batch 9880 loss=   0.492 pol= -0.407 vL= 0.138 kl= 0.14 H=  4.59 adv=+0.000 r̄= 0.130 succ=35.7% >exp= 0.0% el=8h52m eta=4h27m
  ep  3648/5000 batch 9900 loss=  -0.211 pol=  0.349 vL= 0.158 kl= 0.30 H=  5.14 adv=-0.000 r̄=-0.154 succ=35.7% >exp= 0.0% el=8h52m eta=3h17m
  ep  3968/5000 batch 9920 loss=  -0.062 pol=  1.112 vL= 0.114 kl= 0.10 H=  5.93 adv=+0.000 r̄=-0.212 succ=35.7% >exp= 0.0% el=8h53m eta=2h18m
  ep  4288/5000 batch 9940 loss=   0.267 pol= -1.482 vL= 0.294 kl= 0.81 H=  6.87 adv=+0.000 r̄=-0.134 succ=35.7% >exp= 0.0% el=8h54m eta=1h28m
  ep  4608/5000 batch 9960 loss=  -0.396 pol= -0.643 vL= 0.156 kl= 0.29 H=  6.20 adv=+0.000 r̄= 0.315 succ=35.7% >exp= 0.0% el=8h54m eta=45m28s
  ep  4928/5000 batch 9980 loss=  -0.134 pol=  0.080 vL= 0.184 kl= 1.17 H=  5.64 adv=+0.000 r̄=-0.076 succ=35.7% >exp= 0.0% el=8h55m eta= 7m49s
  >>> Epoch 32/50 DONE: succ=36.2% (1812/5000) mean_loss=-0.1244 mean_reward=-0.128 mean_KL=0.244 mean_H=6.42 epoch_time= 9m19s

=== Epoch 33/50 — resetting substrate ===
  ep   256/5000 batch 10000 loss=  -0.199 pol= -2.446 vL= 0.140 kl= 1.05 H=  8.52 adv=+0.000 r̄=-0.064 succ=35.7% >exp= 0.0% el=8h55m eta=165h29m
  ep   576/5000 batch 10020 loss=  -0.479 pol= -1.946 vL= 0.128 kl= 0.28 H=  8.33 adv=+0.000 r̄=-0.067 succ=35.7% >exp= 0.0% el=8h56m eta=68h39m
  ep   896/5000 batch 10040 loss=   0.584 pol=  0.235 vL= 0.115 kl= 0.27 H=  6.58 adv=-0.000 r̄=-0.112 succ=35.7% >exp= 0.0% el=8h56m eta=40h59m
  ep  1216/5000 batch 10060 loss=   0.373 pol= -1.313 vL= 0.152 kl= 0.14 H=  7.31 adv=-0.000 r̄=-0.285 succ=35.7% >exp= 0.0% el=8h57m eta=27h52m
  ep  1536/5000 batch 10080 loss=  -0.683 pol=  0.290 vL= 0.107 kl= 0.14 H=  6.00 adv=+0.000 r̄=-0.314 succ=35.7% >exp= 0.0% el=8h58m eta=20h13m
  ep  1856/5000 batch 10100 loss=   0.033 pol=  0.601 vL= 0.193 kl= 0.12 H=  6.26 adv=-0.000 r̄=-0.315 succ=35.7% >exp= 0.0% el=8h58m eta=15h12m
  ep  2176/5000 batch 10120 loss=  -0.054 pol= -0.852 vL= 0.154 kl= 0.19 H=  5.26 adv=-0.000 r̄=-0.105 succ=35.7% >exp= 0.0% el=8h59m eta=11h40m
  ep  2496/5000 batch 10140 loss=  -0.499 pol= -2.967 vL= 0.200 kl= 0.37 H=  6.54 adv=+0.000 r̄= 0.266 succ=35.7% >exp= 0.0% el=9h00m eta=9h01m
  ep  2816/5000 batch 10160 loss=  -0.378 pol= -0.106 vL= 0.185 kl= 0.16 H=  5.60 adv=+0.000 r̄=-0.053 succ=35.7% >exp= 0.0% el=9h00m eta=6h59m
  ep  3136/5000 batch 10180 loss=   0.366 pol=  2.864 vL= 0.240 kl= 0.39 H=  9.63 adv=+0.000 r̄=-0.329 succ=35.7% >exp= 0.0% el=9h01m eta=5h21m
  ep  3456/5000 batch 10200 loss=  -0.111 pol= -2.985 vL= 0.289 kl= 0.29 H=  5.71 adv=-0.000 r̄= 0.231 succ=35.7% >exp= 0.0% el=9h01m eta=4h02m
  ep  3776/5000 batch 10220 loss=  -0.541 pol=  0.407 vL= 0.196 kl= 0.60 H=  7.05 adv=+0.000 r̄=-0.240 succ=35.7% >exp= 0.0% el=9h02m eta=2h55m
  ep  4096/5000 batch 10240 loss=   0.388 pol=  0.355 vL= 0.272 kl= 0.23 H=  6.96 adv=+0.000 r̄=-0.164 succ=35.7% >exp= 0.0% el=9h03m eta=1h59m
  ep  4416/5000 batch 10260 loss=  -0.870 pol=  0.674 vL= 0.084 kl= 0.07 H=  6.31 adv=+0.000 r̄=-0.018 succ=35.7% >exp= 0.0% el=9h03m eta=1h11m
  ep  4736/5000 batch 10280 loss=   0.172 pol=  0.799 vL= 0.045 kl= 0.26 H=  4.99 adv=-0.000 r̄=-0.048 succ=35.7% >exp= 0.0% el=9h04m eta=30m21s
  >>> Epoch 33/50 DONE: succ=35.6% (1781/5000) mean_loss=-0.1209 mean_reward=-0.142 mean_KL=0.277 mean_H=6.77 epoch_time= 9m46s

=== Epoch 34/50 — resetting substrate ===
  ep    64/5000 batch 10300 loss=   0.176 pol= -0.088 vL= 0.198 kl= 0.14 H=  8.32 adv=-0.000 r̄=-0.171 succ=35.7% >exp= 0.0% el=9h05m eta=700h53m
  ep   384/5000 batch 10320 loss=   0.206 pol=  1.794 vL= 0.269 kl= 0.43 H=  4.39 adv=+0.000 r̄=-0.369 succ=35.7% >exp= 0.0% el=9h06m eta=109h23m
  ep   704/5000 batch 10340 loss=   0.113 pol= -0.689 vL= 0.420 kl= 0.38 H=  6.44 adv=+0.000 r̄= 0.002 succ=35.7% >exp= 0.0% el=9h06m eta=55h36m
  ep  1024/5000 batch 10360 loss=  -0.024 pol= -0.338 vL= 0.140 kl= 0.43 H=  5.84 adv=+0.000 r̄=-0.047 succ=35.7% >exp= 0.0% el=9h07m eta=35h25m
  ep  1344/5000 batch 10380 loss=  -0.096 pol= -0.619 vL= 0.130 kl= 0.24 H=  4.08 adv=-0.000 r̄=-0.080 succ=35.7% >exp= 0.0% el=9h08m eta=24h51m
  ep  1664/5000 batch 10400 loss=   0.040 pol= -0.670 vL= 0.104 kl= 0.19 H=  3.60 adv=+0.000 r̄=-0.291 succ=35.7% >exp= 0.0% el=9h08m eta=18h20m
  ep  1984/5000 batch 10420 loss=  -0.225 pol= -1.061 vL= 0.188 kl= 0.14 H=  4.30 adv=-0.000 r̄=-0.092 succ=35.7% >exp= 0.0% el=9h09m eta=13h55m
  ep  2304/5000 batch 10440 loss=   0.246 pol=  0.336 vL= 0.260 kl= 0.08 H=  7.99 adv=+0.000 r̄=-0.108 succ=35.7% >exp= 0.0% el=9h10m eta=10h43m
  ep  2624/5000 batch 10460 loss=  -0.029 pol=  0.736 vL= 0.151 kl= 0.06 H=  7.26 adv=+0.000 r̄=-0.338 succ=35.7% >exp= 0.0% el=9h10m eta=8h18m
  ep  2944/5000 batch 10480 loss=  -0.003 pol=  0.205 vL= 0.108 kl= 0.16 H=  7.30 adv=+0.000 r̄=-0.146 succ=35.7% >exp= 0.0% el=9h11m eta=6h25m
  ep  3264/5000 batch 10500 loss=   0.289 pol=  1.421 vL= 0.065 kl= 0.14 H=  7.10 adv=+0.000 r̄=-0.373 succ=35.7% >exp= 0.0% el=9h12m eta=4h53m
  ep  3584/5000 batch 10520 loss=   0.239 pol= -1.310 vL= 0.080 kl= 0.10 H=  5.95 adv=-0.000 r̄=-0.132 succ=35.7% >exp= 0.0% el=9h13m eta=3h38m
  ep  3904/5000 batch 10540 loss=  -0.202 pol= -1.876 vL= 0.225 kl= 0.16 H=  5.10 adv=+0.000 r̄=-0.020 succ=35.8% >exp= 0.0% el=9h13m eta=2h35m
  ep  4224/5000 batch 10560 loss=   0.147 pol=  0.042 vL= 0.115 kl= 0.12 H=  8.94 adv=-0.000 r̄=-0.272 succ=35.7% >exp= 0.0% el=9h14m eta=1h41m
  ep  4544/5000 batch 10580 loss=  -0.664 pol= -0.994 vL= 0.258 kl= 0.14 H=  6.25 adv=+0.000 r̄= 0.025 succ=35.8% >exp= 0.0% el=9h15m eta=55m42s
  ep  4864/5000 batch 10600 loss=   0.773 pol=  1.728 vL= 0.254 kl= 0.14 H=  8.03 adv=-0.000 r̄=-0.290 succ=35.8% >exp= 0.0% el=9h15m eta=15m32s
  >>> Epoch 34/50 DONE: succ=36.7% (1835/5000) mean_loss= 0.0446 mean_reward=-0.125 mean_KL=0.266 mean_H=6.32 epoch_time=10m58s

=== Epoch 35/50 — resetting substrate ===
  ep   192/5000 batch 10620 loss=  -0.093 pol= -0.343 vL= 0.266 kl= 0.48 H=  6.30 adv=+0.000 r̄=-0.040 succ=35.8% >exp= 0.0% el=9h16m eta=232h15m
  ep   512/5000 batch 10640 loss=   0.144 pol=  1.822 vL= 0.147 kl= 0.14 H=  8.17 adv=+0.000 r̄=-0.456 succ=35.8% >exp= 0.0% el=9h17m eta=81h23m
  ep   832/5000 batch 10660 loss=   0.333 pol= -0.571 vL= 0.165 kl= 0.16 H=  6.31 adv=-0.000 r̄=-0.061 succ=35.8% >exp= 0.0% el=9h17m eta=46h33m
  ep  1152/5000 batch 10680 loss=  -0.806 pol= -1.019 vL= 0.227 kl= 0.20 H=  4.40 adv=+0.000 r̄= 0.069 succ=35.8% >exp= 0.0% el=9h18m eta=31h05m
  ep  1472/5000 batch 10700 loss=  -0.196 pol= -0.186 vL= 0.151 kl= 0.09 H=  6.93 adv=+0.000 r̄= 0.030 succ=35.8% >exp= 0.0% el=9h18m eta=22h19m
  ep  1792/5000 batch 10720 loss=  -0.330 pol=  1.153 vL= 0.189 kl= 0.18 H=  8.02 adv=+0.000 r̄=-0.266 succ=35.8% >exp= 0.0% el=9h19m eta=16h41m
  ep  2112/5000 batch 10740 loss=   0.127 pol= -0.349 vL= 0.083 kl= 0.20 H=  8.40 adv=+0.000 r̄= 0.028 succ=35.8% >exp= 0.0% el=9h20m eta=12h46m
  ep  2432/5000 batch 10760 loss=   0.176 pol= -1.308 vL= 0.163 kl= 0.16 H=  9.23 adv=+0.000 r̄=-0.289 succ=35.8% >exp= 0.0% el=9h20m eta=9h52m
  ep  2752/5000 batch 10780 loss=  -0.206 pol= -1.706 vL= 0.214 kl= 0.15 H=  6.51 adv=+0.000 r̄=-0.016 succ=35.8% >exp= 0.0% el=9h21m eta=7h38m
  ep  3072/5000 batch 10800 loss=  -0.425 pol= -0.977 vL= 0.104 kl= 0.24 H=  8.65 adv=+0.000 r̄= 0.009 succ=35.8% >exp= 0.0% el=9h22m eta=5h52m
  ep  3392/5000 batch 10820 loss=   0.271 pol=  0.598 vL= 0.148 kl= 0.30 H=  6.65 adv=+0.000 r̄=-0.090 succ=35.8% >exp= 0.0% el=9h22m eta=4h26m
  ep  3712/5000 batch 10840 loss=   0.164 pol=  0.185 vL= 0.112 kl= 0.26 H=  7.38 adv=-0.000 r̄=-0.130 succ=35.8% >exp= 0.0% el=9h23m eta=3h15m
  ep  4032/5000 batch 10860 loss=   0.141 pol=  1.036 vL= 0.142 kl= 0.25 H=  5.73 adv=-0.000 r̄=-0.186 succ=35.8% >exp= 0.0% el=9h24m eta=2h15m
  ep  4352/5000 batch 10880 loss=  -0.619 pol= -0.450 vL= 0.279 kl= 0.70 H=  3.99 adv=+0.000 r̄=-0.273 succ=35.8% >exp= 0.0% el=9h24m eta=1h24m
  ep  4672/5000 batch 10900 loss=   0.283 pol=  0.386 vL= 0.207 kl= 0.56 H=  8.18 adv=-0.000 r̄=-0.192 succ=35.8% >exp= 0.0% el=9h25m eta=39m41s
  ep  4992/5000 batch 10920 loss=   0.018 pol= -1.006 vL= 0.198 kl= 0.50 H=  4.75 adv=-0.000 r̄= 0.203 succ=35.8% >exp= 0.0% el=9h25m eta=  54s
  >>> Epoch 35/50 DONE: succ=36.7% (1835/5000) mean_loss=-0.0605 mean_reward=-0.130 mean_KL=0.253 mean_H=6.76 epoch_time= 9m51s

=== Epoch 36/50 — resetting substrate ===
  ep   320/5000 batch 10940 loss=   0.112 pol=  0.974 vL= 0.181 kl= 0.42 H=  3.86 adv=+0.000 r̄=-0.217 succ=35.8% >exp= 0.0% el=9h26m eta=138h06m
  ep   640/5000 batch 10960 loss=  -0.323 pol= -3.071 vL= 0.102 kl= 0.17 H=  6.52 adv=+0.000 r̄= 0.025 succ=35.8% >exp= 0.0% el=9h27m eta=64h24m
  ep   960/5000 batch 10980 loss=  -0.430 pol=  1.972 vL= 0.071 kl= 0.19 H=  9.06 adv=+0.000 r̄=-0.206 succ=35.8% >exp= 0.0% el=9h27m eta=39h49m
  ep  1280/5000 batch 11000 loss=  -0.034 pol=  0.075 vL= 0.210 kl= 0.17 H=  5.55 adv=+0.000 r̄=-0.153 succ=35.8% >exp= 0.0% el=9h28m eta=27h32m
  ep  1600/5000 batch 11020 loss=   0.233 pol=  0.578 vL= 0.191 kl= 0.12 H=  5.05 adv=+0.000 r̄=-0.284 succ=35.8% >exp= 0.0% el=9h29m eta=20h09m
  ep  1920/5000 batch 11040 loss=   0.203 pol=  1.523 vL= 0.249 kl= 0.18 H=  4.60 adv=-0.000 r̄=-0.082 succ=35.8% >exp= 0.0% el=9h29m eta=15h14m
  ep  2240/5000 batch 11060 loss=   0.088 pol=  0.197 vL= 0.236 kl= 0.27 H=  5.66 adv=-0.000 r̄=-0.293 succ=35.8% >exp= 0.0% el=9h30m eta=11h42m
  ep  2560/5000 batch 11080 loss=   0.179 pol= -0.130 vL= 0.219 kl= 0.43 H=  5.13 adv=-0.000 r̄=-0.075 succ=35.8% >exp= 0.0% el=9h31m eta=9h04m
  ep  2880/5000 batch 11100 loss=  -0.152 pol=  0.682 vL= 0.180 kl= 0.31 H=  6.88 adv=-0.000 r̄=-0.133 succ=35.8% >exp= 0.0% el=9h31m eta=7h00m
  ep  3200/5000 batch 11120 loss=  -0.005 pol=  0.795 vL= 0.183 kl= 0.23 H=  6.63 adv=+0.000 r̄=-0.097 succ=35.8% >exp= 0.0% el=9h32m eta=5h21m
  ep  3520/5000 batch 11140 loss=  -0.494 pol=  1.500 vL= 0.219 kl= 0.06 H=  5.11 adv=+0.000 r̄=-0.329 succ=35.8% >exp= 0.0% el=9h32m eta=4h00m
  ep  3840/5000 batch 11160 loss=  -0.264 pol= -1.441 vL= 0.317 kl= 0.12 H=  8.37 adv=+0.000 r̄=-0.264 succ=35.8% >exp= 0.0% el=9h33m eta=2h53m
  ep  4160/5000 batch 11180 loss=  -0.146 pol= -0.516 vL= 0.074 kl= 0.13 H=  7.44 adv=+0.000 r̄=-0.004 succ=35.8% >exp= 0.0% el=9h34m eta=1h55m
  ep  4480/5000 batch 11200 loss=  -0.454 pol= -0.478 vL= 0.143 kl= 0.12 H=  2.62 adv=+0.000 r̄= 0.110 succ=35.8% >exp= 0.0% el=9h34m eta=1h06m
  ep  4800/5000 batch 11220 loss=   0.148 pol= -0.619 vL= 0.132 kl= 0.19 H=  4.90 adv=-0.000 r̄=-0.006 succ=35.8% >exp= 0.0% el=9h35m eta=23m58s
  >>> Epoch 36/50 DONE: succ=35.6% (1781/5000) mean_loss=-0.0603 mean_reward=-0.142 mean_KL=0.191 mean_H=6.52 epoch_time= 9m58s

=== Epoch 37/50 — resetting substrate ===
  ep   128/5000 batch 11240 loss=   0.139 pol= -0.363 vL= 0.114 kl= 0.12 H=  8.03 adv=+0.000 r̄=-0.143 succ=35.8% >exp= 0.0% el=9h36m eta=365h31m
  ep   448/5000 batch 11260 loss=  -0.163 pol= -0.381 vL= 0.075 kl= 0.21 H=  6.21 adv=+0.000 r̄= 0.037 succ=35.8% >exp= 0.0% el=9h36m eta=97h40m
  ep   768/5000 batch 11280 loss=  -0.012 pol= -1.644 vL= 0.201 kl= 0.25 H=  4.75 adv=-0.000 r̄=-0.090 succ=35.8% >exp= 0.0% el=9h37m eta=53h02m
  ep  1088/5000 batch 11300 loss=  -0.230 pol=  1.358 vL= 0.218 kl= 0.45 H=  5.39 adv=-0.000 r̄=-0.163 succ=35.8% >exp= 0.0% el=9h38m eta=34h38m
  ep  1408/5000 batch 11320 loss=   0.739 pol= -0.845 vL= 0.176 kl= 0.31 H=  7.44 adv=+0.000 r̄=-0.267 succ=35.8% >exp= 0.0% el=9h38m eta=24h36m
  ep  1728/5000 batch 11340 loss=  -0.688 pol= -1.292 vL= 0.055 kl= 0.33 H=  6.88 adv=-0.000 r̄=-0.032 succ=35.8% >exp= 0.0% el=9h39m eta=18h17m
  ep  2048/5000 batch 11360 loss=   0.104 pol= -0.813 vL= 0.168 kl= 0.30 H=  5.58 adv=+0.000 r̄=-0.292 succ=35.8% >exp= 0.0% el=9h40m eta=13h56m
  ep  2368/5000 batch 11380 loss=   0.281 pol=  1.264 vL= 0.124 kl= 0.13 H=  5.09 adv=+0.000 r̄=-0.159 succ=35.8% >exp= 0.0% el=9h40m eta=10h45m
  ep  2688/5000 batch 11400 loss=  -0.152 pol= -0.202 vL= 0.271 kl= 0.32 H=  5.32 adv=+0.000 r̄= 0.230 succ=35.8% >exp= 0.0% el=9h41m eta=8h19m
  ep  3008/5000 batch 11420 loss=   0.541 pol=  1.928 vL= 0.143 kl= 0.27 H=  6.70 adv=+0.000 r̄=-0.175 succ=35.8% >exp= 0.0% el=9h41m eta=6h25m
  ep  3328/5000 batch 11440 loss=  -0.626 pol= -1.063 vL= 0.134 kl= 0.16 H=  5.14 adv=+0.000 r̄= 0.014 succ=35.8% >exp= 0.0% el=9h42m eta=4h52m
  ep  3648/5000 batch 11460 loss=  -0.088 pol= -0.151 vL= 0.337 kl= 0.28 H=  4.85 adv=+0.000 r̄=-0.129 succ=35.8% >exp= 0.0% el=9h43m eta=3h36m
  ep  3968/5000 batch 11480 loss=   0.180 pol= -0.117 vL= 0.346 kl= 0.14 H=  6.62 adv=+0.000 r̄=-0.381 succ=35.8% >exp= 0.0% el=9h43m eta=2h31m
  ep  4288/5000 batch 11500 loss=  -0.496 pol= -2.554 vL= 0.167 kl= 0.13 H=  6.65 adv=+0.000 r̄= 0.064 succ=35.8% >exp= 0.0% el=9h44m eta=1h37m
  ep  4608/5000 batch 11520 loss=  -0.395 pol= -0.776 vL= 0.266 kl= 0.18 H=  5.65 adv=+0.000 r̄= 0.254 succ=35.8% >exp= 0.0% el=9h45m eta=49m46s
  ep  4928/5000 batch 11540 loss=   0.495 pol= -1.950 vL= 0.099 kl= 0.36 H=  5.73 adv=+0.000 r̄= 0.095 succ=35.8% >exp= 0.0% el=9h45m eta= 8m33s
  >>> Epoch 37/50 DONE: succ=36.4% (1820/5000) mean_loss=-0.0494 mean_reward=-0.127 mean_KL=0.238 mean_H=6.53 epoch_time= 9m56s

=== Epoch 38/50 — resetting substrate ===
  ep   256/5000 batch 11560 loss=  -0.261 pol= -0.039 vL= 0.215 kl= 0.55 H=  9.31 adv=+0.000 r̄=-0.049 succ=35.8% >exp= 0.0% el=9h46m eta=181h07m
  ep   576/5000 batch 11580 loss=   0.090 pol=  0.608 vL= 0.148 kl= 0.13 H=  8.67 adv=+0.000 r̄=-0.019 succ=35.8% >exp= 0.0% el=9h47m eta=75h09m
  ep   896/5000 batch 11600 loss=  -0.255 pol= -0.246 vL= 0.043 kl= 0.09 H=  6.69 adv=+0.000 r̄= 0.058 succ=35.8% >exp= 0.0% el=9h47m eta=44h51m
  ep  1216/5000 batch 11620 loss=   0.163 pol=  0.631 vL= 0.090 kl= 0.20 H=  6.92 adv=-0.000 r̄=-0.284 succ=35.8% >exp= 0.0% el=9h48m eta=30h30m
  ep  1536/5000 batch 11640 loss=  -0.337 pol= -0.654 vL= 0.232 kl= 0.50 H=  6.11 adv=+0.000 r̄=-0.161 succ=35.8% >exp= 0.0% el=9h49m eta=22h08m
  ep  1856/5000 batch 11660 loss=  -0.024 pol= -0.402 vL= 0.242 kl= 0.36 H=  6.48 adv=+0.000 r̄=-0.216 succ=35.8% >exp= 0.0% el=9h49m eta=16h38m
  ep  2176/5000 batch 11680 loss=   0.176 pol= -1.799 vL= 0.302 kl= 0.23 H=  5.44 adv=+0.000 r̄= 0.145 succ=35.8% >exp= 0.0% el=9h50m eta=12h46m
  ep  2496/5000 batch 11700 loss=  -0.509 pol= -2.848 vL= 0.090 kl= 0.31 H=  6.89 adv=+0.000 r̄= 0.421 succ=35.8% >exp= 0.0% el=9h50m eta=9h52m
  ep  2816/5000 batch 11720 loss=  -0.004 pol=  0.259 vL= 0.108 kl= 0.05 H=  5.18 adv=+0.000 r̄=-0.067 succ=35.8% >exp= 0.0% el=9h51m eta=7h38m
  ep  3136/5000 batch 11740 loss=   0.188 pol=  1.773 vL= 0.241 kl= 0.16 H=  7.36 adv=+0.000 r̄=-0.274 succ=35.8% >exp= 0.0% el=9h52m eta=5h52m
  ep  3456/5000 batch 11760 loss=  -0.248 pol= -3.520 vL= 0.398 kl= 0.34 H=  6.00 adv=+0.000 r̄= 0.175 succ=35.8% >exp= 0.0% el=9h52m eta=4h24m
  ep  3776/5000 batch 11780 loss=  -0.409 pol=  0.783 vL= 0.207 kl= 0.20 H=  6.31 adv=+0.000 r̄=-0.207 succ=35.8% >exp= 0.0% el=9h53m eta=3h12m
  ep  4096/5000 batch 11800 loss=   0.852 pol=  1.045 vL= 0.319 kl= 0.20 H=  5.37 adv=+0.000 r̄=-0.222 succ=35.8% >exp= 0.0% el=9h54m eta=2h11m
  ep  4416/5000 batch 11820 loss=  -0.431 pol= -0.857 vL= 0.151 kl= 0.05 H=  5.72 adv=+0.000 r̄=-0.151 succ=35.8% >exp= 0.0% el=9h54m eta=1h18m
  ep  4736/5000 batch 11840 loss=  -0.723 pol= -1.556 vL= 0.141 kl= 0.14 H=  5.23 adv=+0.000 r̄=-0.095 succ=35.8% >exp= 0.0% el=9h55m eta=33m11s
  >>> Epoch 38/50 DONE: succ=34.9% (1745/5000) mean_loss=-0.0764 mean_reward=-0.142 mean_KL=0.218 mean_H=6.43 epoch_time=10m02s

=== Epoch 39/50 — resetting substrate ===
  ep    64/5000 batch 11860 loss=   0.742 pol=  0.151 vL= 0.238 kl= 0.16 H=  9.97 adv=+0.000 r̄=-0.206 succ=35.8% >exp= 0.0% el=9h56m eta=766h10m
  ep   384/5000 batch 11880 loss=  -0.850 pol= -2.007 vL= 0.104 kl= 0.31 H=  6.61 adv=-0.000 r̄=-0.141 succ=35.8% >exp= 0.0% el=9h56m eta=119h32m
  ep   704/5000 batch 11900 loss=  -0.896 pol= -2.639 vL= 0.278 kl= 0.41 H=  7.55 adv=-0.000 r̄=-0.126 succ=35.8% >exp= 0.0% el=9h57m eta=60h44m
  ep  1024/5000 batch 11920 loss=  -0.329 pol=  0.186 vL= 0.268 kl= 0.20 H=  7.12 adv=+0.000 r̄=-0.025 succ=35.8% >exp= 0.0% el=9h57m eta=38h41m
  ep  1344/5000 batch 11940 loss=   0.661 pol=  0.310 vL= 0.241 kl= 0.19 H=  4.81 adv=-0.000 r̄=-0.038 succ=35.8% >exp= 0.0% el=9h58m eta=27h08m
  ep  1664/5000 batch 11960 loss=  -0.932 pol= -0.481 vL= 0.149 kl= 0.36 H=  4.24 adv=+0.000 r̄=-0.270 succ=35.8% >exp= 0.0% el=9h59m eta=20h01m
  ep  1984/5000 batch 11980 loss=   0.341 pol=  1.560 vL= 0.185 kl= 0.22 H=  4.59 adv=+0.000 r̄=-0.018 succ=35.8% >exp= 0.0% el=9h59m eta=15h11m
  ep  2304/5000 batch 12000 loss=   0.743 pol=  0.166 vL= 0.217 kl= 0.28 H=  7.48 adv=+0.000 r̄=-0.279 succ=35.8% >exp= 0.0% el=10h00m eta=11h42m
  ep  2624/5000 batch 12020 loss=   0.046 pol=  1.133 vL= 0.114 kl= 0.32 H=  7.84 adv=+0.000 r̄=-0.192 succ=35.8% >exp= 0.0% el=10h01m eta=9h04m
  ep  2944/5000 batch 12040 loss=  -0.285 pol= -1.859 vL= 0.121 kl= 0.45 H=  6.88 adv=+0.000 r̄=-0.135 succ=35.8% >exp= 0.0% el=10h01m eta=7h00m
  ep  3264/5000 batch 12060 loss=  -0.216 pol= -2.610 vL= 0.367 kl= 0.17 H=  5.88 adv=+0.000 r̄=-0.409 succ=35.8% >exp= 0.0% el=10h02m eta=5h20m
  ep  3584/5000 batch 12080 loss=   0.097 pol= -0.914 vL= 0.134 kl= 0.37 H=  5.24 adv=+0.000 r̄=-0.235 succ=35.8% >exp= 0.0% el=10h03m eta=3h58m
  ep  3904/5000 batch 12100 loss=   0.181 pol= -1.765 vL= 0.186 kl= 0.36 H=  5.71 adv=-0.000 r̄= 0.111 succ=35.8% >exp= 0.0% el=10h04m eta=2h49m
  ep  4224/5000 batch 12120 loss=   0.009 pol= -0.001 vL= 0.113 kl= 0.09 H=  8.32 adv=+0.000 r̄=-0.328 succ=35.8% >exp= 0.0% el=10h04m eta=1h51m
  ep  4544/5000 batch 12140 loss=  -0.707 pol= -1.165 vL= 0.165 kl= 0.13 H=  6.88 adv=+0.000 r̄= 0.085 succ=35.8% >exp= 0.0% el=10h05m eta=1h00m
  ep  4864/5000 batch 12160 loss=  -0.234 pol= -1.016 vL= 0.188 kl= 0.14 H=  7.41 adv=-0.000 r̄=-0.228 succ=35.8% >exp= 0.0% el=10h05m eta=16m56s
  >>> Epoch 39/50 DONE: succ=36.0% (1802/5000) mean_loss=-0.1166 mean_reward=-0.138 mean_KL=0.270 mean_H=6.73 epoch_time=10m19s

=== Epoch 40/50 — resetting substrate ===
  ep   192/5000 batch 12180 loss=   0.397 pol= -0.667 vL= 0.126 kl= 0.19 H=  6.35 adv=-0.000 r̄= 0.136 succ=35.8% >exp= 0.0% el=10h06m eta=253h11m
  ep   512/5000 batch 12200 loss=   0.380 pol= -0.634 vL= 0.064 kl= 0.10 H=  9.37 adv=+0.000 r̄=-0.266 succ=35.8% >exp= 0.0% el=10h07m eta=88h42m
  ep   832/5000 batch 12220 loss=  -0.020 pol=  0.328 vL= 0.108 kl= 0.32 H=  7.16 adv=+0.000 r̄=-0.138 succ=35.8% >exp= 0.0% el=10h07m eta=50h45m
  ep  1152/5000 batch 12240 loss=  -0.875 pol= -1.443 vL= 0.198 kl= 0.25 H=  5.15 adv=-0.000 r̄= 0.141 succ=35.8% >exp= 0.0% el=10h08m eta=33h52m
  ep  1472/5000 batch 12260 loss=  -0.027 pol= -0.312 vL= 0.211 kl= 0.20 H=  6.16 adv=-0.000 r̄=-0.200 succ=35.8% >exp= 0.0% el=10h09m eta=24h19m
  ep  1792/5000 batch 12280 loss=   0.046 pol=  3.022 vL= 0.049 kl= 0.22 H=  6.58 adv=-0.000 r̄=-0.372 succ=35.8% >exp= 0.0% el=10h09m eta=18h11m
  ep  2112/5000 batch 12300 loss=   0.310 pol= -0.955 vL= 0.171 kl= 0.27 H=  6.52 adv=+0.000 r̄=-0.160 succ=35.8% >exp= 0.0% el=10h10m eta=13h54m
  ep  2432/5000 batch 12320 loss=  -0.211 pol= -1.365 vL= 0.090 kl= 0.13 H=  7.83 adv=-0.000 r̄=-0.285 succ=35.8% >exp= 0.0% el=10h10m eta=10h45m
  ep  2752/5000 batch 12340 loss=  -0.028 pol=  0.101 vL= 0.178 kl= 0.24 H=  5.04 adv=-0.000 r̄=-0.121 succ=35.8% >exp= 0.0% el=10h11m eta=8h19m
  ep  3072/5000 batch 12360 loss=   0.294 pol=  0.098 vL= 0.326 kl= 0.28 H=  8.21 adv=-0.000 r̄=-0.229 succ=35.8% >exp= 0.0% el=10h12m eta=6h24m
  ep  3392/5000 batch 12380 loss=  -1.105 pol=  0.094 vL= 0.129 kl= 0.19 H=  6.57 adv=+0.000 r̄=-0.176 succ=35.8% >exp= 0.0% el=10h12m eta=4h50m
  ep  3712/5000 batch 12400 loss=   0.669 pol=  1.239 vL= 0.029 kl= 0.14 H=  6.61 adv=+0.000 r̄=-0.077 succ=35.8% >exp= 0.0% el=10h13m eta=3h32m
  ep  4032/5000 batch 12420 loss=   0.324 pol=  1.825 vL= 0.236 kl= 0.24 H=  6.03 adv=-0.000 r̄=-0.340 succ=35.8% >exp= 0.0% el=10h14m eta=2h27m
  ep  4352/5000 batch 12440 loss=  -0.788 pol=  0.506 vL= 0.242 kl= 0.55 H=  4.92 adv=-0.000 r̄=-0.163 succ=35.8% >exp= 0.0% el=10h14m eta=1h31m
  ep  4672/5000 batch 12460 loss=   0.370 pol=  0.751 vL= 0.177 kl= 0.49 H=  8.92 adv=-0.000 r̄=-0.166 succ=35.8% >exp= 0.0% el=10h15m eta=43m11s
  ep  4992/5000 batch 12480 loss=   0.166 pol=  0.524 vL= 0.193 kl= 0.37 H=  4.14 adv=+0.000 r̄=-0.030 succ=35.8% >exp= 0.0% el=10h15m eta=  59s
  >>> Epoch 40/50 DONE: succ=35.4% (1769/5000) mean_loss=-0.0287 mean_reward=-0.137 mean_KL=0.226 mean_H=6.56 epoch_time= 9m36s

=== Epoch 41/50 — resetting substrate ===
  ep   320/5000 batch 12500 loss=  -0.320 pol= -0.164 vL= 0.255 kl= 0.17 H=  3.66 adv=-0.000 r̄=-0.099 succ=35.8% >exp= 0.0% el=10h16m eta=150h16m
  ep   640/5000 batch 12520 loss=   0.392 pol= -1.373 vL= 0.428 kl= 0.11 H=  6.23 adv=-0.000 r̄=-0.235 succ=35.8% >exp= 0.0% el=10h17m eta=70h03m
  ep   960/5000 batch 12540 loss=  -0.335 pol= -0.664 vL= 0.043 kl= 0.21 H=  7.33 adv=+0.000 r̄=-0.117 succ=35.8% >exp= 0.0% el=10h17m eta=43h19m
  ep  1280/5000 batch 12560 loss=  -0.008 pol=  2.035 vL= 0.132 kl= 0.21 H=  4.40 adv=+0.000 r̄=-0.407 succ=35.8% >exp= 0.0% el=10h18m eta=29h56m
  ep  1600/5000 batch 12580 loss=   0.032 pol=  0.718 vL= 0.226 kl= 0.21 H=  4.16 adv=-0.000 r̄=-0.082 succ=35.8% >exp= 0.0% el=10h18m eta=21h55m
  ep  1920/5000 batch 12600 loss=   0.104 pol=  0.426 vL= 0.174 kl= 0.49 H=  4.31 adv=+0.000 r̄= 0.157 succ=35.8% >exp= 0.0% el=10h19m eta=16h33m
  ep  2240/5000 batch 12620 loss=   0.334 pol=  0.913 vL= 0.207 kl= 0.15 H=  5.77 adv=-0.000 r̄=-0.341 succ=35.8% >exp= 0.0% el=10h20m eta=12h44m
  ep  2560/5000 batch 12640 loss=  -0.400 pol= -0.660 vL= 0.276 kl= 0.16 H=  4.34 adv=+0.000 r̄=-0.080 succ=35.8% >exp= 0.0% el=10h20m eta=9h51m
  ep  2880/5000 batch 12660 loss=   0.205 pol=  1.530 vL= 0.208 kl= 0.15 H=  6.59 adv=-0.000 r̄=-0.406 succ=35.8% >exp= 0.0% el=10h21m eta=7h37m
  ep  3200/5000 batch 12680 loss=  -0.360 pol= -0.362 vL= 0.144 kl= 0.29 H=  5.71 adv=+0.000 r̄= 0.054 succ=35.8% >exp= 0.0% el=10h21m eta=5h49m
  ep  3520/5000 batch 12700 loss=   0.003 pol= -0.352 vL= 0.155 kl= 0.43 H=  4.93 adv=+0.000 r̄=-0.055 succ=35.8% >exp= 0.0% el=10h22m eta=4h21m
  ep  3840/5000 batch 12720 loss=   0.039 pol= -1.607 vL= 0.323 kl= 0.25 H=  6.75 adv=-0.000 r̄=-0.177 succ=35.8% >exp= 0.0% el=10h23m eta=3h08m
  ep  4160/5000 batch 12740 loss=  -0.604 pol= -1.957 vL= 0.138 kl= 0.13 H=  7.62 adv=+0.000 r̄=-0.048 succ=35.8% >exp= 0.0% el=10h23m eta=2h05m
  ep  4480/5000 batch 12760 loss=   0.658 pol= -0.207 vL= 0.314 kl= 0.28 H=  3.57 adv=-0.000 r̄= 0.028 succ=35.8% >exp= 0.0% el=10h24m eta=1h12m
  ep  4800/5000 batch 12780 loss=  -0.003 pol=  0.912 vL= 0.232 kl= 0.20 H=  4.10 adv=+0.000 r̄=-0.067 succ=35.8% >exp= 0.0% el=10h25m eta=26m02s
  >>> Epoch 41/50 DONE: succ=35.7% (1787/5000) mean_loss=-0.0148 mean_reward=-0.141 mean_KL=0.242 mean_H=5.93 epoch_time= 9m40s

=== Epoch 42/50 — resetting substrate ===
  ep   128/5000 batch 12800 loss=  -0.510 pol= -4.033 vL= 0.110 kl= 0.53 H=  7.52 adv=-0.000 r̄= 0.092 succ=35.8% >exp= 0.0% el=10h25m eta=397h00m
  ep   448/5000 batch 12820 loss=   0.528 pol=  0.945 vL= 0.367 kl= 0.33 H=  5.93 adv=+0.000 r̄=-0.140 succ=35.8% >exp= 0.0% el=10h26m eta=106h04m
  ep   768/5000 batch 12840 loss=  -0.469 pol= -0.815 vL= 0.231 kl= 0.14 H=  4.87 adv=+0.000 r̄=-0.124 succ=35.8% >exp= 0.0% el=10h27m eta=57h35m
  ep  1088/5000 batch 12860 loss=  -0.682 pol= -0.700 vL= 0.210 kl= 0.30 H=  4.97 adv=+0.000 r̄=-0.046 succ=35.8% >exp= 0.0% el=10h27m eta=37h36m
  ep  1408/5000 batch 12880 loss=   0.505 pol=  0.976 vL= 0.095 kl= 0.26 H=  6.93 adv=-0.000 r̄=-0.326 succ=35.8% >exp= 0.0% el=10h28m eta=26h42m
  ep  1728/5000 batch 12900 loss=  -0.570 pol=  1.025 vL= 0.129 kl= 0.23 H=  6.48 adv=-0.000 r̄=-0.016 succ=35.8% >exp= 0.0% el=10h28m eta=19h50m
  ep  2048/5000 batch 12920 loss=  -0.204 pol=  2.859 vL= 0.050 kl= 0.36 H=  5.73 adv=-0.000 r̄=-0.500 succ=35.8% >exp= 0.0% el=10h29m eta=15h07m
  ep  2368/5000 batch 12940 loss=   0.020 pol= -1.047 vL= 0.091 kl= 0.13 H=  6.25 adv=-0.000 r̄= 0.050 succ=35.8% >exp= 0.0% el=10h30m eta=11h40m
  ep  2688/5000 batch 12960 loss=  -0.177 pol= -0.239 vL= 0.213 kl= 0.35 H=  6.39 adv=+0.000 r̄= 0.018 succ=35.8% >exp= 0.0% el=10h30m eta=9h02m
  ep  3008/5000 batch 12980 loss=   0.064 pol= -0.645 vL= 0.082 kl= 0.40 H=  6.82 adv=+0.000 r̄= 0.093 succ=35.8% >exp= 0.0% el=10h31m eta=6h58m
  ep  3328/5000 batch 13000 loss=  -0.173 pol= -0.264 vL= 0.140 kl= 0.27 H=  4.98 adv=-0.000 r̄=-0.113 succ=35.8% >exp= 0.0% el=10h32m eta=5h17m
  ep  3648/5000 batch 13020 loss=   0.125 pol=  1.658 vL= 0.218 kl= 0.25 H=  5.35 adv=+0.000 r̄=-0.215 succ=35.8% >exp= 0.0% el=10h32m eta=3h54m
  ep  3968/5000 batch 13040 loss=   0.123 pol=  0.454 vL= 0.119 kl= 0.51 H=  7.07 adv=-0.000 r̄=-0.294 succ=35.8% >exp= 0.0% el=10h33m eta=2h44m
  ep  4288/5000 batch 13060 loss=   0.154 pol= -2.116 vL= 0.223 kl= 0.19 H=  6.95 adv=+0.000 r̄=-0.067 succ=35.8% >exp= 0.0% el=10h33m eta=1h45m
  ep  4608/5000 batch 13080 loss=   0.087 pol= -2.392 vL= 0.432 kl= 0.38 H=  5.86 adv=-0.000 r̄= 0.265 succ=35.8% >exp= 0.0% el=10h34m eta=53m59s
  ep  4928/5000 batch 13100 loss=  -0.145 pol=  1.528 vL= 0.156 kl= 0.23 H=  4.78 adv=-0.000 r̄=-0.343 succ=35.8% >exp= 0.0% el=10h35m eta= 9m16s
  >>> Epoch 42/50 DONE: succ=36.1% (1807/5000) mean_loss=-0.0831 mean_reward=-0.129 mean_KL=0.316 mean_H=6.48 epoch_time= 9m51s

=== Epoch 43/50 — resetting substrate ===
  ep   256/5000 batch 13120 loss=   0.252 pol= -0.236 vL= 0.438 kl= 0.31 H=  8.20 adv=+0.000 r̄=-0.334 succ=35.8% >exp= 0.0% el=10h35m eta=196h24m
  ep   576/5000 batch 13140 loss=   0.110 pol=  2.139 vL= 0.100 kl= 0.06 H=  7.98 adv=+0.000 r̄=-0.245 succ=35.8% >exp= 0.0% el=10h36m eta=81h29m
  ep   896/5000 batch 13160 loss=  -0.392 pol= -2.174 vL= 0.100 kl= 0.23 H=  6.98 adv=+0.000 r̄= 0.019 succ=35.8% >exp= 0.0% el=10h37m eta=48h38m
  ep  1216/5000 batch 13180 loss=  -0.153 pol= -0.661 vL= 0.052 kl= 0.34 H=  6.79 adv=+0.000 r̄=-0.171 succ=35.8% >exp= 0.0% el=10h37m eta=33h04m
  ep  1536/5000 batch 13200 loss=   0.236 pol= -1.275 vL= 0.151 kl= 0.18 H=  6.61 adv=-0.000 r̄=-0.094 succ=35.8% >exp= 0.0% el=10h38m eta=24h00m
  ep  1856/5000 batch 13220 loss=  -0.100 pol= -0.986 vL= 0.244 kl= 0.33 H=  6.32 adv=-0.000 r̄=-0.145 succ=35.8% >exp= 0.0% el=10h39m eta=18h02m
  ep  2176/5000 batch 13240 loss=   0.160 pol= -1.928 vL= 0.200 kl= 0.17 H=  5.21 adv=+0.000 r̄= 0.136 succ=35.8% >exp= 0.0% el=10h39m eta=13h50m
  ep  2496/5000 batch 13260 loss=  -0.325 pol= -2.073 vL= 0.311 kl= 0.26 H=  6.26 adv=+0.000 r̄= 0.103 succ=35.8% >exp= 0.0% el=10h40m eta=10h42m
  ep  2816/5000 batch 13280 loss=   0.133 pol=  1.022 vL= 0.121 kl= 0.12 H=  5.14 adv=-0.000 r̄=-0.321 succ=35.8% >exp= 0.0% el=10h41m eta=8h17m
  ep  3136/5000 batch 13300 loss=  -0.145 pol= -0.295 vL= 0.149 kl= 0.11 H=  9.95 adv=-0.000 r̄=-0.133 succ=35.8% >exp= 0.0% el=10h41m eta=6h21m
  ep  3456/5000 batch 13320 loss=  -0.670 pol= -2.451 vL= 0.154 kl= 0.25 H=  7.86 adv=-0.000 r̄= 0.204 succ=35.8% >exp= 0.0% el=10h42m eta=4h46m
  ep  3776/5000 batch 13340 loss=  -0.088 pol=  1.513 vL= 0.255 kl= 0.23 H=  9.29 adv=-0.000 r̄=-0.191 succ=35.8% >exp= 0.0% el=10h43m eta=3h28m
  ep  4096/5000 batch 13360 loss=   0.473 pol= -0.795 vL= 0.118 kl= 0.20 H=  6.46 adv=+0.000 r̄=-0.182 succ=35.8% >exp= 0.0% el=10h43m eta=2h22m
  ep  4416/5000 batch 13380 loss=  -0.441 pol=  0.635 vL= 0.335 kl= 0.16 H=  5.78 adv=+0.000 r̄=-0.169 succ=35.8% >exp= 0.0% el=10h44m eta=1h25m
  ep  4736/5000 batch 13400 loss=   0.110 pol= -0.290 vL= 0.129 kl= 0.52 H=  5.10 adv=+0.000 r̄= 0.013 succ=35.8% >exp= 0.0% el=10h44m eta=35m56s
  >>> Epoch 43/50 DONE: succ=35.6% (1779/5000) mean_loss=-0.0261 mean_reward=-0.142 mean_KL=0.251 mean_H=6.67 epoch_time= 9m58s

=== Epoch 44/50 — resetting substrate ===
  ep    64/5000 batch 13420 loss=   0.437 pol= -3.335 vL= 0.191 kl= 0.15 H=  9.33 adv=+0.000 r̄=-0.176 succ=35.8% >exp= 0.0% el=10h45m eta=829h44m
  ep   384/5000 batch 13440 loss=   0.043 pol=  1.983 vL= 0.323 kl= 0.39 H=  5.29 adv=+0.000 r̄=-0.406 succ=35.8% >exp= 0.0% el=10h46m eta=129h27m
  ep   704/5000 batch 13460 loss=  -0.129 pol= -0.042 vL= 0.241 kl= 0.27 H=  6.57 adv=+0.000 r̄=-0.183 succ=35.8% >exp= 0.0% el=10h46m eta=65h46m
  ep  1024/5000 batch 13480 loss=   0.072 pol= -1.500 vL= 0.178 kl= 0.19 H=  6.15 adv=+0.000 r̄= 0.011 succ=35.8% >exp= 0.0% el=10h47m eta=41h53m
  ep  1344/5000 batch 13500 loss=  -0.342 pol=  0.615 vL= 0.188 kl= 0.81 H=  4.75 adv=+0.000 r̄=-0.130 succ=35.8% >exp= 0.0% el=10h47m eta=29h22m
  ep  1664/5000 batch 13520 loss=  -0.114 pol= -0.019 vL= 0.143 kl= 0.19 H=  4.00 adv=+0.000 r̄=-0.463 succ=35.8% >exp= 0.0% el=10h48m eta=21h40m
  ep  1984/5000 batch 13540 loss=  -0.636 pol=  0.404 vL= 0.247 kl= 0.15 H=  4.46 adv=-0.000 r̄=-0.204 succ=35.8% >exp= 0.0% el=10h49m eta=16h26m
  ep  2304/5000 batch 13560 loss=   0.353 pol= -0.041 vL= 0.196 kl= 0.14 H=  7.63 adv=-0.000 r̄=-0.262 succ=35.8% >exp= 0.0% el=10h49m eta=12h40m
  ep  2624/5000 batch 13580 loss=  -0.383 pol= -0.319 vL= 0.169 kl= 0.15 H=  7.61 adv=+0.000 r̄=-0.145 succ=35.8% >exp= 0.0% el=10h50m eta=9h48m
  ep  2944/5000 batch 13600 loss=  -0.514 pol= -0.946 vL= 0.065 kl= 0.22 H=  8.84 adv=-0.000 r̄=-0.202 succ=35.8% >exp= 0.0% el=10h51m eta=7h34m
  ep  3264/5000 batch 13620 loss=  -0.186 pol=  1.973 vL= 0.167 kl= 0.31 H=  7.34 adv=+0.000 r̄=-0.269 succ=35.8% >exp= 0.0% el=10h51m eta=5h46m
  ep  3584/5000 batch 13640 loss=   0.589 pol=  1.227 vL= 0.154 kl= 0.32 H=  6.26 adv=+0.000 r̄=-0.314 succ=35.8% >exp= 0.0% el=10h52m eta=4h17m
  ep  3904/5000 batch 13660 loss=   0.175 pol= -0.331 vL= 0.120 kl= 0.47 H=  5.89 adv=-0.000 r̄= 0.187 succ=35.8% >exp= 0.0% el=10h52m eta=3h03m
  ep  4224/5000 batch 13680 loss=  -0.221 pol=  0.976 vL= 0.072 kl= 0.22 H= 10.10 adv=-0.000 r̄=-0.314 succ=35.8% >exp= 0.0% el=10h53m eta=2h00m
  ep  4544/5000 batch 13700 loss=   0.117 pol=  0.713 vL= 0.120 kl= 0.20 H=  6.84 adv=-0.000 r̄= 0.202 succ=35.8% >exp= 0.0% el=10h54m eta=1h05m
  ep  4864/5000 batch 13720 loss=   0.628 pol=  0.601 vL= 0.067 kl= 0.11 H=  8.42 adv=-0.000 r̄=-0.257 succ=35.8% >exp= 0.0% el=10h54m eta=18m18s
  >>> Epoch 44/50 DONE: succ=36.5% (1824/5000) mean_loss=-0.0534 mean_reward=-0.133 mean_KL=0.279 mean_H=6.65 epoch_time= 9m33s

=== Epoch 45/50 — resetting substrate ===
  ep   192/5000 batch 13740 loss=  -0.052 pol= -0.328 vL= 0.082 kl= 0.22 H=  6.45 adv=-0.000 r̄= 0.126 succ=35.8% >exp= 0.0% el=10h55m eta=273h29m
  ep   512/5000 batch 13760 loss=  -0.021 pol= -1.524 vL= 0.112 kl= 0.15 H=  9.24 adv=+0.000 r̄=-0.260 succ=35.8% >exp= 0.0% el=10h55m eta=95h49m
  ep   832/5000 batch 13780 loss=  -0.001 pol= -0.009 vL= 0.157 kl= 0.20 H=  7.38 adv=+0.000 r̄= 0.088 succ=35.8% >exp= 0.0% el=10h56m eta=54h48m
  ep  1152/5000 batch 13800 loss=  -0.480 pol= -0.558 vL= 0.253 kl= 0.26 H=  5.56 adv=-0.000 r̄= 0.154 succ=35.8% >exp= 0.0% el=10h56m eta=36h34m
  ep  1472/5000 batch 13820 loss=   1.210 pol=  0.645 vL= 0.123 kl= 0.27 H=  7.17 adv=-0.000 r̄= 0.005 succ=35.8% >exp= 0.0% el=10h57m eta=26h15m
  ep  1792/5000 batch 13840 loss=  -0.550 pol=  2.801 vL= 0.097 kl= 0.10 H=  6.83 adv=+0.000 r̄=-0.271 succ=35.8% >exp= 0.0% el=10h58m eta=19h38m
  ep  2112/5000 batch 13860 loss=  -0.193 pol= -0.157 vL= 0.101 kl= 0.21 H=  7.71 adv=+0.000 r̄=-0.003 succ=35.8% >exp= 0.0% el=10h58m eta=15h00m
  ep  2432/5000 batch 13880 loss=   0.687 pol=  0.105 vL= 0.081 kl= 0.16 H=  9.67 adv=+0.000 r̄=-0.294 succ=35.8% >exp= 0.0% el=10h59m eta=11h36m
  ep  2752/5000 batch 13900 loss=  -0.814 pol= -0.579 vL= 0.291 kl= 0.27 H=  5.91 adv=+0.000 r̄=-0.211 succ=35.8% >exp= 0.0% el=10h59m eta=8h58m
  ep  3072/5000 batch 13920 loss=  -0.239 pol=  1.034 vL= 0.316 kl= 0.19 H=  8.65 adv=+0.000 r̄=-0.268 succ=35.8% >exp= 0.0% el=11h00m eta=6h54m
  ep  3392/5000 batch 13940 loss=   0.191 pol= -0.704 vL= 0.132 kl= 0.13 H=  5.93 adv=+0.000 r̄=-0.117 succ=35.8% >exp= 0.0% el=11h00m eta=5h13m
  ep  3712/5000 batch 13960 loss=   0.103 pol=  1.471 vL= 0.238 kl= 0.16 H=  6.89 adv=+0.000 r̄=-0.331 succ=35.8% >exp= 0.0% el=11h01m eta=3h49m
  ep  4032/5000 batch 13980 loss=   0.337 pol= -0.096 vL= 0.150 kl= 0.14 H=  6.24 adv=-0.000 r̄=-0.185 succ=35.8% >exp= 0.0% el=11h02m eta=2h38m
  ep  4352/5000 batch 14000 loss=  -0.366 pol= -0.495 vL= 0.171 kl= 0.54 H=  4.29 adv=-0.000 r̄=-0.106 succ=35.8% >exp= 0.0% el=11h02m eta=1h38m
  ep  4672/5000 batch 14020 loss=   0.174 pol= -1.143 vL= 0.159 kl= 0.13 H=  7.86 adv=+0.000 r̄=-0.042 succ=35.8% >exp= 0.0% el=11h03m eta=46m33s
  ep  4992/5000 batch 14040 loss=   0.248 pol= -0.400 vL= 0.154 kl= 0.52 H=  4.67 adv=+0.000 r̄= 0.209 succ=35.8% >exp= 0.0% el=11h03m eta= 1m03s
  >>> Epoch 45/50 DONE: succ=36.6% (1831/5000) mean_loss= 0.0298 mean_reward=-0.131 mean_KL=0.234 mean_H=6.79 epoch_time= 8m40s

=== Epoch 46/50 — resetting substrate ===
  ep   320/5000 batch 14060 loss=   0.122 pol= -0.163 vL= 0.351 kl= 0.26 H=  4.06 adv=+0.000 r̄=-0.030 succ=35.8% >exp= 0.0% el=11h04m eta=161h52m
  ep   640/5000 batch 14080 loss=  -0.846 pol= -1.056 vL= 0.069 kl= 0.20 H=  6.62 adv=+0.000 r̄=-0.133 succ=35.8% >exp= 0.0% el=11h04m eta=75h27m
  ep   960/5000 batch 14100 loss=   0.126 pol=  1.106 vL= 0.083 kl= 0.17 H=  7.76 adv=+0.000 r̄=-0.117 succ=35.8% >exp= 0.0% el=11h05m eta=46h39m
  ep  1280/5000 batch 14120 loss=  -0.065 pol=  3.098 vL= 0.365 kl= 0.20 H=  5.22 adv=+0.000 r̄=-0.435 succ=35.8% >exp= 0.0% el=11h05m eta=32h14m
  ep  1600/5000 batch 14140 loss=  -0.046 pol= -0.602 vL= 0.130 kl= 0.20 H=  5.73 adv=+0.000 r̄=-0.062 succ=35.8% >exp= 0.0% el=11h06m eta=23h35m
  ep  1920/5000 batch 14160 loss=  -0.121 pol= -0.073 vL= 0.304 kl= 0.25 H=  3.96 adv=-0.000 r̄= 0.172 succ=35.8% >exp= 0.0% el=11h06m eta=17h49m
  ep  2240/5000 batch 14180 loss=   0.121 pol=  0.466 vL= 0.082 kl= 0.24 H=  5.62 adv=+0.000 r̄=-0.076 succ=35.8% >exp= 0.0% el=11h07m eta=13h42m
  ep  2560/5000 batch 14200 loss=   0.499 pol=  0.245 vL= 0.325 kl= 0.47 H=  4.89 adv=-0.000 r̄=-0.308 succ=35.8% >exp= 0.0% el=11h07m eta=10h36m
  ep  2880/5000 batch 14220 loss=  -0.317 pol=  0.308 vL= 0.179 kl= 0.83 H=  6.38 adv=-0.000 r̄=-0.184 succ=35.8% >exp= 0.0% el=11h08m eta=8h11m
  ep  3200/5000 batch 14240 loss=  -0.027 pol= -0.652 vL= 0.170 kl= 1.43 H=  6.10 adv=+0.000 r̄=-0.087 succ=35.8% >exp= 0.0% el=11h08m eta=6h16m
  ep  3520/5000 batch 14260 loss=  -0.666 pol=  1.075 vL= 0.249 kl= 0.56 H=  5.69 adv=-0.000 r̄=-0.170 succ=35.8% >exp= 0.0% el=11h09m eta=4h41m
  ep  3840/5000 batch 14280 loss=   0.753 pol= -1.453 vL= 0.204 kl= 0.45 H=  8.79 adv=-0.000 r̄=-0.190 succ=35.8% >exp= 0.0% el=11h09m eta=3h22m
  ep  4160/5000 batch 14300 loss=  -0.010 pol= -0.016 vL= 0.140 kl= 0.53 H=  7.74 adv=+0.000 r̄=-0.055 succ=35.8% >exp= 0.0% el=11h10m eta=2h15m
  ep  4480/5000 batch 14320 loss=   0.123 pol= -0.114 vL= 0.203 kl= 0.47 H=  2.20 adv=+0.000 r̄=-0.008 succ=35.8% >exp= 0.0% el=11h10m eta=1h17m
  ep  4800/5000 batch 14340 loss=   0.127 pol= -0.192 vL= 0.154 kl= 0.93 H=  4.52 adv=-0.000 r̄=-0.135 succ=35.8% >exp= 0.0% el=11h11m eta=27m57s
  >>> Epoch 46/50 DONE: succ=36.0% (1800/5000) mean_loss=-0.0113 mean_reward=-0.138 mean_KL=0.381 mean_H=6.37 epoch_time= 7m52s

=== Epoch 47/50 — resetting substrate ===
  ep   128/5000 batch 14360 loss=  -0.330 pol= -2.698 vL= 0.253 kl= 0.54 H=  7.52 adv=+0.000 r̄= 0.018 succ=35.8% >exp= 0.0% el=11h11m eta=426h06m
  ep   448/5000 batch 14380 loss=   0.034 pol=  0.531 vL= 0.262 kl= 0.82 H=  5.65 adv=+0.000 r̄=-0.010 succ=35.8% >exp= 0.0% el=11h12m eta=113h49m
  ep   768/5000 batch 14400 loss=   0.415 pol= -0.177 vL= 0.246 kl= 0.21 H=  4.43 adv=+0.000 r̄=-0.162 succ=35.8% >exp= 0.0% el=11h12m eta=61h46m
  ep  1088/5000 batch 14420 loss=  -0.277 pol=  2.687 vL= 0.234 kl= 0.49 H=  5.06 adv=+0.000 r̄=-0.303 succ=35.8% >exp= 0.0% el=11h13m eta=40h20m
  ep  1408/5000 batch 14440 loss=   0.294 pol=  0.829 vL= 0.281 kl= 0.21 H=  8.16 adv=+0.000 r̄=-0.166 succ=35.8% >exp= 0.0% el=11h13m eta=28h38m
  ep  1728/5000 batch 14460 loss=  -0.832 pol=  1.602 vL= 0.342 kl= 0.61 H=  6.58 adv=+0.000 r̄=-0.069 succ=35.8% >exp= 0.0% el=11h14m eta=21h16m
  ep  2048/5000 batch 14480 loss=   0.677 pol=  0.866 vL= 0.129 kl= 0.42 H=  5.14 adv=+0.000 r̄=-0.303 succ=35.8% >exp= 0.0% el=11h14m eta=16h12m
  ep  2368/5000 batch 14500 loss=   0.273 pol=  1.380 vL= 0.128 kl= 0.55 H=  6.65 adv=-0.000 r̄=-0.156 succ=35.8% >exp= 0.0% el=11h14m eta=12h30m
  ep  2688/5000 batch 14520 loss=  -0.769 pol= -1.913 vL= 0.288 kl= 0.39 H=  6.36 adv=+0.000 r̄= 0.213 succ=35.8% >exp= 0.0% el=11h15m eta=9h40m
  ep  3008/5000 batch 14540 loss=   0.198 pol= -0.735 vL= 0.238 kl= 0.28 H=  7.46 adv=-0.000 r̄=-0.023 succ=35.8% >exp= 0.0% el=11h15m eta=7h27m
  ep  3328/5000 batch 14560 loss=  -0.283 pol= -1.341 vL= 0.161 kl= 0.25 H=  5.38 adv=-0.000 r̄= 0.019 succ=35.8% >exp= 0.0% el=11h16m eta=5h39m
  ep  3648/5000 batch 14580 loss=   0.173 pol=  2.360 vL= 0.273 kl= 0.30 H=  5.29 adv=-0.000 r̄=-0.044 succ=35.8% >exp= 0.0% el=11h16m eta=4h10m
  ep  3968/5000 batch 14600 loss=   0.593 pol= -0.265 vL= 0.163 kl= 0.16 H=  6.07 adv=-0.000 r̄=-0.245 succ=35.8% >exp= 0.0% el=11h17m eta=2h56m
  ep  4288/5000 batch 14620 loss=  -0.492 pol= -1.614 vL= 0.179 kl= 0.21 H=  6.16 adv=-0.000 r̄= 0.001 succ=35.8% >exp= 0.0% el=11h17m eta=1h52m
  ep  4608/5000 batch 14640 loss=  -0.505 pol= -1.926 vL= 0.226 kl= 0.13 H=  5.01 adv=+0.000 r̄= 0.316 succ=35.8% >exp= 0.0% el=11h18m eta=57m42s
  ep  4928/5000 batch 14660 loss=   0.172 pol= -0.953 vL= 0.179 kl= 0.19 H=  4.11 adv=+0.000 r̄=-0.060 succ=35.8% >exp= 0.0% el=11h18m eta= 9m55s
  >>> Epoch 47/50 DONE: succ=35.7% (1787/5000) mean_loss=-0.0417 mean_reward=-0.133 mean_KL=0.326 mean_H=6.63 epoch_time= 7m25s

=== Epoch 48/50 — resetting substrate ===
  ep   256/5000 batch 14680 loss=   0.127 pol= -1.811 vL= 0.066 kl= 0.14 H=  7.53 adv=-0.000 r̄= 0.100 succ=35.8% >exp= 0.0% el=11h19m eta=209h47m
  ep   576/5000 batch 14700 loss=   0.044 pol= -1.816 vL= 0.106 kl= 0.10 H=  7.96 adv=+0.000 r̄= 0.036 succ=35.8% >exp= 0.0% el=11h19m eta=87h00m
  ep   896/5000 batch 14720 loss=  -0.676 pol= -2.700 vL= 0.083 kl= 0.15 H=  7.03 adv=-0.000 r̄= 0.084 succ=35.8% >exp= 0.0% el=11h20m eta=51h55m
  ep  1216/5000 batch 14740 loss=  -0.513 pol=  1.084 vL= 0.081 kl= 0.11 H=  7.24 adv=-0.000 r̄=-0.273 succ=35.8% >exp= 0.0% el=11h20m eta=35h18m
  ep  1536/5000 batch 14760 loss=   0.400 pol=  0.724 vL= 0.068 kl= 0.15 H=  6.84 adv=+0.000 r̄=-0.042 succ=35.8% >exp= 0.0% el=11h21m eta=25h36m
  ep  1856/5000 batch 14780 loss=  -0.124 pol= -1.872 vL= 0.224 kl= 0.12 H=  6.87 adv=+0.000 r̄=-0.171 succ=35.8% >exp= 0.0% el=11h21m eta=19h14m
  ep  2176/5000 batch 14800 loss=   0.086 pol= -0.980 vL= 0.321 kl= 0.41 H=  5.59 adv=-0.000 r̄=-0.004 succ=35.8% >exp= 0.0% el=11h22m eta=14h45m
  ep  2496/5000 batch 14820 loss=  -0.455 pol= -3.058 vL= 0.183 kl= 0.51 H=  6.78 adv=-0.000 r̄= 0.294 succ=35.8% >exp= 0.0% el=11h22m eta=11h24m
  ep  2816/5000 batch 14840 loss=   0.162 pol=  0.907 vL= 0.116 kl= 0.23 H=  5.18 adv=-0.000 r̄=-0.304 succ=35.8% >exp= 0.0% el=11h22m eta=8h49m
  ep  3136/5000 batch 14860 loss=   0.443 pol= -1.029 vL= 0.183 kl= 0.14 H=  8.45 adv=-0.000 r̄=-0.157 succ=35.8% >exp= 0.0% el=11h23m eta=6h46m
  ep  3456/5000 batch 14880 loss=  -0.117 pol=  0.242 vL= 0.265 kl= 0.16 H=  6.45 adv=+0.000 r̄= 0.196 succ=35.8% >exp= 0.0% el=11h23m eta=5h05m
  ep  3776/5000 batch 14900 loss=  -0.067 pol=  0.791 vL= 0.085 kl= 0.09 H=  6.26 adv=-0.000 r̄=-0.055 succ=35.8% >exp= 0.0% el=11h24m eta=3h41m
  ep  4096/5000 batch 14920 loss=   0.195 pol=  0.951 vL= 0.128 kl= 0.12 H=  6.23 adv=+0.000 r̄=-0.096 succ=35.8% >exp= 0.0% el=11h24m eta=2h31m
  ep  4416/5000 batch 14940 loss=  -0.803 pol= -1.317 vL= 0.162 kl= 0.14 H=  5.94 adv=+0.000 r̄=-0.122 succ=35.8% >exp= 0.0% el=11h25m eta=1h30m
  ep  4736/5000 batch 14960 loss=  -0.514 pol=  1.090 vL= 0.141 kl= 0.16 H=  5.76 adv=+0.000 r̄=-0.132 succ=35.8% >exp= 0.0% el=11h25m eta=38m14s
  >>> Epoch 48/50 DONE: succ=37.0% (1849/5000) mean_loss=-0.1029 mean_reward=-0.121 mean_KL=0.215 mean_H=6.50 epoch_time= 7m27s

=== Epoch 49/50 — resetting substrate ===
  ep    64/5000 batch 14980 loss=   0.192 pol= -3.204 vL= 0.113 kl= 0.16 H= 10.08 adv=+0.000 r̄= 0.085 succ=35.8% >exp= 0.0% el=11h26m eta=882h24m
  ep   384/5000 batch 15000 loss=  -0.242 pol= -0.116 vL= 0.150 kl= 0.16 H=  4.65 adv=+0.000 r̄=-0.071 succ=35.8% >exp= 0.0% el=11h26m eta=137h37m
  ep   704/5000 batch 15020 loss=  -0.382 pol= -0.262 vL= 0.170 kl= 0.06 H=  6.82 adv=-0.000 r̄= 0.013 succ=35.8% >exp= 0.0% el=11h27m eta=69h55m
  ep  1024/5000 batch 15040 loss=   0.097 pol= -0.628 vL= 0.075 kl= 0.26 H=  7.27 adv=+0.000 r̄=-0.012 succ=35.8% >exp= 0.0% el=11h27m eta=44h31m
  ep  1344/5000 batch 15060 loss=  -0.647 pol=  0.519 vL= 0.086 kl= 0.18 H=  5.07 adv=-0.000 r̄=-0.155 succ=35.8% >exp= 0.0% el=11h28m eta=31h12m
  ep  1664/5000 batch 15080 loss=   0.415 pol= -0.533 vL= 0.140 kl= 0.10 H=  4.32 adv=+0.000 r̄=-0.226 succ=35.8% >exp= 0.0% el=11h28m eta=23h01m
  ep  1984/5000 batch 15100 loss=  -0.301 pol=  0.321 vL= 0.207 kl= 0.15 H=  3.78 adv=+0.000 r̄=-0.143 succ=35.8% >exp= 0.0% el=11h29m eta=17h28m
  ep  2304/5000 batch 15120 loss=   0.174 pol=  1.198 vL= 0.122 kl= 0.08 H=  6.89 adv=-0.000 r̄=-0.291 succ=35.8% >exp= 0.0% el=11h29m eta=13h27m
  ep  2624/5000 batch 15140 loss=  -0.244 pol= -1.935 vL= 0.212 kl= 0.17 H=  6.94 adv=+0.000 r̄=-0.289 succ=35.8% >exp= 0.0% el=11h30m eta=10h25m
  ep  2944/5000 batch 15160 loss=  -0.190 pol= -1.338 vL= 0.138 kl= 0.06 H=  6.84 adv=+0.000 r̄=-0.200 succ=35.8% >exp= 0.0% el=11h31m eta=8h02m
  ep  3264/5000 batch 15180 loss=   0.283 pol= -0.634 vL= 0.183 kl= 0.08 H=  6.49 adv=+0.000 r̄=-0.180 succ=35.8% >exp= 0.0% el=11h31m eta=6h07m
  ep  3584/5000 batch 15200 loss=   0.132 pol= -0.804 vL= 0.108 kl= 0.10 H=  6.17 adv=-0.000 r̄=-0.121 succ=35.8% >exp= 0.0% el=11h32m eta=4h33m
  ep  3904/5000 batch 15220 loss=   0.072 pol=  1.230 vL= 0.112 kl= 0.17 H=  5.08 adv=-0.000 r̄=-0.097 succ=35.8% >exp= 0.0% el=11h32m eta=3h14m
  ep  4224/5000 batch 15240 loss=   0.119 pol= -1.005 vL= 0.110 kl= 0.20 H=  8.45 adv=-0.000 r̄=-0.255 succ=35.8% >exp= 0.0% el=11h33m eta=2h07m
  ep  4544/5000 batch 15260 loss=  -0.294 pol= -0.902 vL= 0.097 kl= 0.13 H=  6.00 adv=-0.000 r̄= 0.176 succ=35.8% >exp= 0.0% el=11h33m eta=1h09m
  ep  4864/5000 batch 15280 loss=   0.509 pol=  1.072 vL= 0.251 kl= 0.10 H=  7.58 adv=+0.000 r̄=-0.258 succ=35.8% >exp= 0.0% el=11h34m eta=19m24s
  >>> Epoch 49/50 DONE: succ=36.1% (1807/5000) mean_loss=-0.0400 mean_reward=-0.130 mean_KL=0.138 mean_H=6.45 epoch_time= 7m58s

=== Epoch 50/50 — resetting substrate ===
  ep   192/5000 batch 15300 loss=  -0.237 pol= -0.033 vL= 0.204 kl= 0.41 H=  6.13 adv=-0.000 r̄= 0.140 succ=35.9% >exp= 0.0% el=11h34m eta=289h55m
  ep   512/5000 batch 15320 loss=   0.594 pol= -1.746 vL= 0.059 kl= 0.11 H=  9.15 adv=+0.000 r̄=-0.263 succ=35.8% >exp= 0.0% el=11h35m eta=101h33m
  ep   832/5000 batch 15340 loss=  -0.572 pol= -1.125 vL= 0.070 kl= 0.13 H=  7.18 adv=-0.000 r̄= 0.115 succ=35.8% >exp= 0.0% el=11h35m eta=58h05m
  ep  1152/5000 batch 15360 loss=  -0.542 pol= -0.582 vL= 0.240 kl= 0.23 H=  5.00 adv=-0.000 r̄= 0.079 succ=35.8% >exp= 0.0% el=11h36m eta=38h45m
  ep  1472/5000 batch 15380 loss=   0.629 pol=  1.964 vL= 0.281 kl= 0.11 H=  6.45 adv=+0.000 r̄=-0.201 succ=35.8% >exp= 0.0% el=11h36m eta=27h50m
  ep  1792/5000 batch 15400 loss=   0.822 pol=  2.010 vL= 0.178 kl= 0.11 H=  7.68 adv=-0.000 r̄=-0.309 succ=35.8% >exp= 0.0% el=11h37m eta=20h48m
  ep  2112/5000 batch 15420 loss=  -0.379 pol= -2.968 vL= 0.163 kl= 0.22 H=  7.86 adv=-0.000 r̄= 0.090 succ=35.8% >exp= 0.0% el=11h37m eta=15h54m
  ep  2432/5000 batch 15440 loss=  -0.039 pol= -0.858 vL= 0.054 kl= 0.09 H=  9.14 adv=-0.000 r̄=-0.265 succ=35.8% >exp= 0.0% el=11h38m eta=12h17m
  ep  2752/5000 batch 15460 loss=   0.165 pol= -0.547 vL= 0.088 kl= 0.20 H=  5.90 adv=+0.000 r̄=-0.260 succ=35.8% >exp= 0.0% el=11h38m eta=9h30m
  ep  3072/5000 batch 15480 loss=  -0.556 pol= -2.042 vL= 0.128 kl= 0.11 H=  8.53 adv=+0.000 r̄= 0.091 succ=35.8% >exp= 0.0% el=11h39m eta=7h18m
  ep  3392/5000 batch 15500 loss=  -0.183 pol=  1.538 vL= 0.081 kl= 0.23 H=  6.83 adv=-0.000 r̄= 0.006 succ=35.8% >exp= 0.0% el=11h39m eta=5h31m
  ep  3712/5000 batch 15520 loss=   0.697 pol=  1.513 vL= 0.039 kl= 0.32 H=  7.86 adv=+0.000 r̄=-0.228 succ=35.8% >exp= 0.0% el=11h40m eta=4h02m
  ep  4032/5000 batch 15540 loss=   0.252 pol=  0.614 vL= 0.212 kl= 0.10 H=  5.75 adv=+0.000 r̄=-0.170 succ=35.8% >exp= 0.0% el=11h40m eta=2h48m
  ep  4352/5000 batch 15560 loss=  -0.408 pol= -0.366 vL= 0.111 kl= 0.30 H=  3.75 adv=-0.000 r̄= 0.030 succ=35.8% >exp= 0.0% el=11h41m eta=1h44m
  ep  4672/5000 batch 15580 loss=  -0.230 pol= -0.798 vL= 0.090 kl= 0.37 H=  8.69 adv=-0.000 r̄=-0.102 succ=35.8% >exp= 0.0% el=11h41m eta=49m15s
  ep  4992/5000 batch 15600 loss=   0.426 pol= -0.878 vL= 0.119 kl= 0.16 H=  4.53 adv=+0.000 r̄= 0.102 succ=35.8% >exp= 0.0% el=11h42m eta= 1m07s
  >>> Epoch 50/50 DONE: succ=35.0% (1752/5000) mean_loss= 0.0312 mean_reward=-0.140 mean_KL=0.206 mean_H=6.78 epoch_time= 7m49s
------------------------------------------------------------------------
  total time:               11h42m
  success rate:             89578/250000 = 35.8%
  final success_cost_ema:   195.2416073119151
  final loss avg:           0.4260
  checkpoint saved to checkpoints/il_mp_vne_v19_50nodes_cf_cont4.pt
  epoch summary log: logs/ppo_v19_50nodes_cf_cont4_epoch_summary.csv
