Loading substrate from datasets/scenario_50nodes_train/substrate.json
Loading VNRs from datasets/scenario_50nodes_train/virtual_requests.json
  Using 5000 VNRs
  Trainable policy (il_mp_vne_v19) loaded from checkpoints/il_mp_vne_v19_50nodes_10ep_cont4.pt
  rollout=direct → train: cand_head + encoder + value (ordering frozen) (19394 frozen, 36293 trainable)
  Frozen reference policy loaded (KL enabled, β_KL=0.1)
PPO fine-tune: 5000 VNRs, batch=16, lr=0.0003
  baseline=critic V(s), normalize_adv=True, β_H=0.01, value_coef=0.5, reward=cost_rel α=1.0 λ=0.3, fail_r=-1.0
  checkpoint: checkpoints/il_mp_vne_v19_50nodes_10ep_cont5.pt
------------------------------------------------------------------------
  ep   320/5000 batch   20 loss=  -0.164 pol=  0.232 vL= 1.018 kl= 0.01 H=  2.71 adv=+0.000 r̄=-0.123 succ=35.9% >exp= 0.0% el=  28s eta= 6m43s
  ep   640/5000 batch   40 loss=   0.020 pol= -0.904 vL= 0.387 kl= 0.08 H=  3.71 adv=-0.000 r̄= 0.012 succ=34.5% >exp= 0.0% el=  51s eta= 5m50s
  ep   960/5000 batch   60 loss=   0.255 pol= -0.005 vL= 0.760 kl= 0.08 H=  5.90 adv=-0.000 r̄=-0.287 succ=34.2% >exp= 0.0% el= 1m15s eta= 5m18s
  ep  1280/5000 batch   80 loss=   0.195 pol=  1.462 vL= 0.339 kl= 0.02 H=  4.18 adv=+0.000 r̄=-0.773 succ=33.2% >exp= 0.0% el= 1m40s eta= 4m51s
  ep  1600/5000 batch  100 loss=  -0.227 pol= -1.194 vL= 0.309 kl= 0.16 H=  5.08 adv=-0.000 r̄=-0.198 succ=34.4% >exp= 0.0% el= 2m05s eta= 4m27s
  ep  1920/5000 batch  120 loss=   0.024 pol=  0.363 vL= 1.276 kl= 0.08 H=  3.55 adv=+0.000 r̄=-0.347 succ=34.7% >exp= 0.0% el= 2m29s eta= 4m00s
  ep  2240/5000 batch  140 loss=   0.012 pol= -0.072 vL= 0.318 kl= 0.18 H=  5.17 adv=-0.000 r̄=-0.265 succ=34.9% >exp= 0.0% el= 2m52s eta= 3m33s
  ep  2560/5000 batch  160 loss=  -0.013 pol=  0.856 vL= 0.817 kl= 0.20 H=  4.05 adv=-0.000 r̄=-0.380 succ=35.2% >exp= 0.0% el= 3m17s eta= 3m08s
  ep  2880/5000 batch  180 loss=   0.185 pol= -0.270 vL= 0.325 kl= 0.16 H=  4.57 adv=+0.000 r̄=-0.500 succ=34.5% >exp= 0.0% el= 3m40s eta= 2m42s
  ep  3200/5000 batch  200 loss=  -0.267 pol= -0.505 vL= 0.317 kl= 0.19 H=  4.59 adv=+0.000 r̄=-0.206 succ=34.4% >exp= 0.0% el= 4m03s eta= 2m17s
  ep  3520/5000 batch  220 loss=  -0.090 pol= -0.003 vL= 0.498 kl= 0.10 H=  3.42 adv=-0.000 r̄=-0.473 succ=34.2% >exp= 0.0% el= 4m28s eta= 1m52s
  ep  3840/5000 batch  240 loss=   0.172 pol= -0.078 vL= 0.655 kl= 0.05 H=  3.27 adv=+0.000 r̄=-0.287 succ=34.0% >exp= 0.0% el= 4m52s eta= 1m28s
  ep  4160/5000 batch  260 loss=   0.316 pol=  0.605 vL= 0.338 kl= 0.07 H=  4.42 adv=+0.000 r̄=-0.359 succ=33.8% >exp= 0.0% el= 5m17s eta= 1m04s
  ep  4480/5000 batch  280 loss=  -0.087 pol=  0.166 vL= 0.616 kl= 0.06 H=  3.11 adv=-0.000 r̄=-0.387 succ=33.8% >exp= 0.0% el= 5m41s eta=  40s
  ep  4800/5000 batch  300 loss=   0.152 pol=  0.047 vL= 0.612 kl= 0.21 H=  3.83 adv=+0.000 r̄=-0.105 succ=33.9% >exp= 0.0% el= 6m04s eta=  15s
  >>> Epoch 1/50 DONE: succ=34.3% (1715/5000) mean_loss= 0.0216 mean_reward=-0.311 mean_KL=0.096 mean_H=4.76 epoch_time= 6m19s

=== Epoch 2/50 — resetting substrate ===
  ep   128/5000 batch  320 loss=  -0.119 pol=  0.324 vL= 0.552 kl= 0.24 H=  6.11 adv=+0.000 r̄=-0.242 succ=34.4% >exp= 0.0% el= 6m29s eta=4h07m
  ep   448/5000 batch  340 loss=   0.078 pol=  0.190 vL= 0.684 kl= 0.15 H=  4.92 adv=-0.000 r̄=-0.003 succ=34.5% >exp= 0.0% el= 6m53s eta=1h09m
  ep   768/5000 batch  360 loss=   0.071 pol= -0.661 vL= 0.530 kl= 0.12 H=  3.64 adv=+0.000 r̄=-0.487 succ=34.2% >exp= 0.0% el= 7m15s eta=40m01s
  ep  1088/5000 batch  380 loss=   0.083 pol=  1.005 vL= 0.242 kl= 0.13 H=  4.39 adv=-0.000 r̄=-0.751 succ=34.2% >exp= 0.0% el= 7m39s eta=27m32s
  ep  1408/5000 batch  400 loss=   0.080 pol=  0.080 vL= 0.817 kl= 0.12 H=  4.03 adv=-0.000 r̄=-0.128 succ=34.1% >exp= 0.0% el= 8m02s eta=20m30s
  ep  1728/5000 batch  420 loss=   0.133 pol= -0.202 vL= 0.366 kl= 0.08 H=  3.98 adv=-0.000 r̄=-0.391 succ=34.0% >exp= 0.0% el= 8m25s eta=15m57s
  ep  2048/5000 batch  440 loss=  -0.030 pol=  0.247 vL= 0.469 kl= 0.17 H=  3.76 adv=+0.000 r̄=-0.240 succ=33.9% >exp= 0.0% el= 8m47s eta=12m40s
  ep  2368/5000 batch  460 loss=   0.324 pol= -1.084 vL= 0.664 kl= 0.32 H=  4.06 adv=+0.000 r̄=-0.469 succ=33.9% >exp= 0.0% el= 9m10s eta=10m11s
  ep  2688/5000 batch  480 loss=   0.012 pol= -1.879 vL= 0.467 kl= 0.13 H=  4.51 adv=+0.000 r̄= 0.054 succ=34.3% >exp= 0.0% el= 9m43s eta= 8m22s
  ep  3008/5000 batch  500 loss=  -0.059 pol=  0.465 vL= 0.546 kl= 0.09 H=  3.63 adv=+0.000 r̄=-0.242 succ=34.1% >exp= 0.0% el=10m08s eta= 6m43s
  ep  3328/5000 batch  520 loss=   0.265 pol=  1.003 vL= 0.497 kl= 0.11 H=  3.53 adv=-0.000 r̄= 0.015 succ=34.1% >exp= 0.0% el=10m33s eta= 5m18s
  ep  3648/5000 batch  540 loss=  -0.087 pol=  0.909 vL= 0.503 kl= 0.12 H=  2.84 adv=-0.000 r̄=-0.249 succ=34.2% >exp= 0.0% el=10m57s eta= 4m03s
  ep  3968/5000 batch  560 loss=   0.019 pol= -0.704 vL= 0.429 kl= 0.28 H=  6.13 adv=-0.000 r̄=-0.357 succ=34.2% >exp= 0.0% el=11m20s eta= 2m57s
  ep  4288/5000 batch  580 loss=  -0.198 pol=  1.085 vL= 0.448 kl= 0.18 H=  4.55 adv=-0.000 r̄=-0.263 succ=34.2% >exp= 0.0% el=11m43s eta= 1m56s
  ep  4608/5000 batch  600 loss=   0.101 pol= -0.718 vL= 0.333 kl= 0.29 H=  4.58 adv=+0.000 r̄= 0.510 succ=34.3% >exp= 0.0% el=12m08s eta= 1m01s
  ep  4928/5000 batch  620 loss=   0.048 pol= -0.526 vL= 0.321 kl= 0.39 H=  6.24 adv=+0.000 r̄=-0.339 succ=34.3% >exp= 0.0% el=12m32s eta=  11s
  >>> Epoch 2/50 DONE: succ=34.6% (1729/5000) mean_loss= 0.0512 mean_reward=-0.306 mean_KL=0.162 mean_H=4.67 epoch_time= 6m18s

=== Epoch 3/50 — resetting substrate ===
  ep   256/5000 batch  640 loss=  -0.048 pol=  0.955 vL= 0.301 kl= 0.20 H=  6.23 adv=+0.000 r̄=-0.505 succ=34.5% >exp= 0.0% el=12m56s eta=3h59m
  ep   576/5000 batch  660 loss=   0.078 pol= -0.644 vL= 0.529 kl= 0.14 H=  5.25 adv=+0.000 r̄=-0.207 succ=34.5% >exp= 0.0% el=13m18s eta=1h42m
  ep   896/5000 batch  680 loss=   0.112 pol= -1.161 vL= 0.385 kl= 0.25 H=  5.17 adv=-0.000 r̄= 0.016 succ=34.4% >exp= 0.0% el=13m43s eta=1h02m
  ep  1216/5000 batch  700 loss=  -0.081 pol= -0.307 vL= 0.294 kl= 0.20 H=  6.71 adv=+0.000 r̄=-0.366 succ=34.4% >exp= 0.0% el=14m07s eta=43m56s
  ep  1536/5000 batch  720 loss=   0.351 pol= -0.630 vL= 0.482 kl= 0.26 H=  5.54 adv=+0.000 r̄=-0.229 succ=34.2% >exp= 0.0% el=14m29s eta=32m41s
  ep  1856/5000 batch  740 loss=  -0.397 pol= -1.594 vL= 0.486 kl= 0.20 H=  6.69 adv=-0.000 r̄=-0.138 succ=34.2% >exp= 0.0% el=14m53s eta=25m14s
  ep  2176/5000 batch  760 loss=   0.419 pol= -2.108 vL= 0.962 kl= 0.22 H=  5.61 adv=+0.000 r̄=-0.475 succ=34.2% >exp= 0.0% el=15m16s eta=19m49s
  ep  2496/5000 batch  780 loss=  -0.323 pol= -2.934 vL= 0.451 kl= 0.26 H=  4.90 adv=+0.000 r̄= 0.023 succ=34.2% >exp= 0.0% el=15m41s eta=15m44s
  ep  2816/5000 batch  800 loss=  -0.124 pol=  0.567 vL= 0.590 kl= 0.11 H=  4.51 adv=+0.000 r̄=-0.664 succ=34.2% >exp= 0.0% el=16m05s eta=12m28s
  ep  3136/5000 batch  820 loss=   0.008 pol=  0.654 vL= 0.443 kl= 0.10 H=  6.23 adv=+0.000 r̄=-0.505 succ=34.1% >exp= 0.0% el=16m29s eta= 9m48s
  ep  3456/5000 batch  840 loss=   0.079 pol=  0.381 vL= 0.748 kl= 0.14 H=  5.17 adv=+0.000 r̄= 0.354 succ=34.1% >exp= 0.0% el=16m53s eta= 7m32s
  ep  3776/5000 batch  860 loss=   0.021 pol= -0.611 vL= 0.579 kl= 0.20 H=  5.36 adv=+0.000 r̄=-0.520 succ=34.1% >exp= 0.0% el=17m16s eta= 5m36s
  ep  4096/5000 batch  880 loss=   0.182 pol= -0.837 vL= 0.434 kl= 0.38 H=  3.45 adv=-0.000 r̄=-0.260 succ=34.0% >exp= 0.0% el=17m40s eta= 3m54s
  ep  4416/5000 batch  900 loss=   0.061 pol= -0.401 vL= 0.503 kl= 0.11 H=  4.38 adv=-0.000 r̄=-0.131 succ=34.1% >exp= 0.0% el=18m05s eta= 2m23s
  ep  4736/5000 batch  920 loss=   0.249 pol=  0.186 vL= 0.314 kl= 0.37 H=  3.43 adv=+0.000 r̄=-0.126 succ=34.1% >exp= 0.0% el=18m28s eta= 1m01s
  >>> Epoch 3/50 DONE: succ=33.8% (1691/5000) mean_loss= 0.0532 mean_reward=-0.321 mean_KL=0.207 mean_H=4.90 epoch_time= 6m10s

=== Epoch 4/50 — resetting substrate ===
  ep    64/5000 batch  940 loss=   0.337 pol=  0.798 vL= 0.589 kl= 0.71 H=  6.13 adv=+0.000 r̄=-0.462 succ=34.2% >exp= 0.0% el=18m52s eta=24h15m
  ep   384/5000 batch  960 loss=   0.041 pol= -0.284 vL= 0.574 kl= 0.15 H=  4.41 adv=-0.000 r̄=-0.235 succ=34.2% >exp= 0.0% el=19m19s eta=3h52m
  ep   704/5000 batch  980 loss=   0.142 pol=  0.743 vL= 0.374 kl= 0.09 H=  5.20 adv=-0.000 r̄=-0.725 succ=34.1% >exp= 0.0% el=19m44s eta=2h00m
  ep  1024/5000 batch 1000 loss=  -0.036 pol= -0.580 vL= 0.474 kl= 0.14 H=  3.69 adv=+0.000 r̄=-0.338 succ=34.2% >exp= 0.0% el=20m11s eta=1h18m
  ep  1344/5000 batch 1020 loss=   0.024 pol=  0.705 vL= 0.971 kl= 0.06 H=  2.95 adv=+0.000 r̄=-0.251 succ=34.2% >exp= 0.0% el=20m38s eta=56m08s
  ep  1664/5000 batch 1040 loss=  -0.027 pol= -0.177 vL= 0.576 kl= 0.05 H=  3.36 adv=+0.000 r̄=-0.530 succ=34.2% >exp= 0.0% el=21m04s eta=42m15s
  ep  1984/5000 batch 1060 loss=  -0.003 pol= -0.193 vL= 0.355 kl= 0.10 H=  3.95 adv=+0.000 r̄=-0.394 succ=34.3% >exp= 0.0% el=21m30s eta=32m41s
  ep  2304/5000 batch 1080 loss=  -0.088 pol= -0.586 vL= 0.625 kl= 0.12 H=  4.74 adv=+0.000 r̄=-0.356 succ=34.3% >exp= 0.0% el=21m55s eta=25m38s
  ep  2624/5000 batch 1100 loss=  -0.123 pol=  0.971 vL= 0.449 kl= 0.13 H=  5.15 adv=-0.000 r̄=-0.424 succ=34.3% >exp= 0.0% el=22m20s eta=20m13s
  ep  2944/5000 batch 1120 loss=   0.360 pol=  0.770 vL= 0.563 kl= 0.08 H=  5.71 adv=+0.000 r̄=-0.632 succ=34.2% >exp= 0.0% el=22m45s eta=15m53s
  ep  3264/5000 batch 1140 loss=   0.329 pol=  0.509 vL= 0.514 kl= 0.29 H=  6.22 adv=+0.000 r̄=-0.544 succ=34.2% >exp= 0.0% el=23m10s eta=12m19s
  ep  3584/5000 batch 1160 loss=  -0.409 pol=  0.597 vL= 0.380 kl= 0.10 H=  4.36 adv=+0.000 r̄=-0.149 succ=34.3% >exp= 0.0% el=23m36s eta= 9m19s
  ep  3904/5000 batch 1180 loss=   0.624 pol=  0.105 vL= 0.758 kl= 0.27 H=  4.54 adv=+0.000 r̄= 0.124 succ=34.3% >exp= 0.0% el=24m00s eta= 6m44s
  ep  4224/5000 batch 1200 loss=   0.425 pol=  0.209 vL= 0.405 kl= 0.26 H=  6.62 adv=-0.000 r̄=-0.617 succ=34.3% >exp= 0.0% el=24m24s eta= 4m28s
  ep  4544/5000 batch 1220 loss=  -0.306 pol=  0.450 vL= 0.351 kl= 0.10 H=  4.16 adv=-0.000 r̄= 0.178 succ=34.4% >exp= 0.0% el=24m50s eta= 2m29s
  ep  4864/5000 batch 1240 loss=   0.220 pol= -0.720 vL= 0.750 kl= 0.09 H=  4.91 adv=+0.000 r̄=-0.262 succ=34.4% >exp= 0.0% el=25m14s eta=  42s
  >>> Epoch 4/50 DONE: succ=34.9% (1747/5000) mean_loss= 0.0830 mean_reward=-0.299 mean_KL=0.207 mean_H=4.68 epoch_time= 6m36s

=== Epoch 5/50 — resetting substrate ===
  ep   192/5000 batch 1260 loss=   0.136 pol= -0.416 vL= 0.603 kl= 0.21 H=  4.75 adv=+0.000 r̄= 0.012 succ=34.4% >exp= 0.0% el=25m39s eta=10h42m
  ep   512/5000 batch 1280 loss=   0.314 pol=  0.448 vL= 0.446 kl= 0.09 H=  5.11 adv=-0.000 r̄=-0.613 succ=34.4% >exp= 0.0% el=26m05s eta=3h48m
  ep   832/5000 batch 1300 loss=  -0.130 pol= -0.347 vL= 0.903 kl= 0.12 H=  5.40 adv=+0.000 r̄=-0.167 succ=34.4% >exp= 0.0% el=26m31s eta=2h12m
  ep  1152/5000 batch 1320 loss=   0.000 pol=  0.279 vL= 0.709 kl= 0.08 H=  4.51 adv=-0.000 r̄=-0.355 succ=34.3% >exp= 0.0% el=26m55s eta=1h29m
  ep  1472/5000 batch 1340 loss=  -0.122 pol= -0.732 vL= 0.275 kl= 0.13 H=  4.24 adv=-0.000 r̄=-0.365 succ=34.2% >exp= 0.0% el=27m20s eta=1h05m
  ep  1792/5000 batch 1360 loss=  -0.250 pol=  0.026 vL= 0.379 kl= 0.21 H=  4.77 adv=+0.000 r̄=-0.136 succ=34.2% >exp= 0.0% el=27m45s eta=49m42s
  ep  2112/5000 batch 1380 loss=   0.281 pol=  0.254 vL= 0.399 kl= 0.05 H=  4.06 adv=+0.000 r̄= 0.007 succ=34.3% >exp= 0.0% el=28m08s eta=38m29s
  ep  2432/5000 batch 1400 loss=   0.320 pol= -0.444 vL= 0.286 kl= 0.25 H=  4.87 adv=+0.000 r̄=-0.734 succ=34.3% >exp= 0.0% el=28m33s eta=30m09s
  ep  2752/5000 batch 1420 loss=   0.300 pol=  0.120 vL= 0.313 kl= 0.14 H=  4.95 adv=+0.000 r̄=-0.867 succ=34.3% >exp= 0.0% el=28m59s eta=23m40s
  ep  3072/5000 batch 1440 loss=  -0.034 pol= -0.614 vL= 0.475 kl= 0.15 H=  4.71 adv=+0.000 r̄=-0.117 succ=34.3% >exp= 0.0% el=29m24s eta=18m27s
  ep  3392/5000 batch 1460 loss=  -0.107 pol=  0.292 vL= 0.479 kl= 0.28 H=  4.00 adv=-0.000 r̄=-0.124 succ=34.3% >exp= 0.0% el=29m49s eta=14m08s
  ep  3712/5000 batch 1480 loss=   0.064 pol= -1.219 vL= 0.190 kl= 0.61 H=  4.98 adv=-0.000 r̄=-0.252 succ=34.4% >exp= 0.0% el=30m18s eta=10m30s
  ep  4032/5000 batch 1500 loss=   0.080 pol=  0.124 vL= 0.300 kl= 0.32 H=  5.15 adv=+0.000 r̄=-0.503 succ=34.4% >exp= 0.0% el=30m43s eta= 7m22s
  ep  4352/5000 batch 1520 loss=   0.092 pol= -0.521 vL= 0.529 kl= 0.21 H=  3.48 adv=+0.000 r̄=-0.229 succ=34.4% >exp= 0.0% el=31m08s eta= 4m38s
  ep  4672/5000 batch 1540 loss=  -0.070 pol=  0.356 vL= 0.413 kl= 0.49 H=  5.74 adv=+0.000 r̄=-0.658 succ=34.4% >exp= 0.0% el=31m33s eta= 2m12s
  ep  4992/5000 batch 1560 loss=  -0.079 pol= -0.669 vL= 0.574 kl= 0.20 H=  3.74 adv=-0.000 r̄= 0.153 succ=34.5% >exp= 0.0% el=31m57s eta=   3s
  >>> Epoch 5/50 DONE: succ=34.7% (1736/5000) mean_loss= 0.0538 mean_reward=-0.303 mean_KL=0.177 mean_H=4.57 epoch_time= 6m33s

=== Epoch 6/50 — resetting substrate ===
  ep   320/5000 batch 1580 loss=  -0.051 pol=  0.059 vL= 0.717 kl= 0.05 H=  2.91 adv=-0.000 r̄=-0.391 succ=34.5% >exp= 0.0% el=32m23s eta=7h53m
  ep   640/5000 batch 1600 loss=   0.161 pol= -1.682 vL= 0.135 kl= 0.14 H=  4.04 adv=-0.000 r̄=-0.009 succ=34.4% >exp= 0.0% el=32m47s eta=3h43m
  ep   960/5000 batch 1620 loss=   0.053 pol=  0.319 vL= 0.585 kl= 0.07 H=  4.64 adv=-0.000 r̄=-0.499 succ=34.4% >exp= 0.0% el=33m12s eta=2h19m
  ep  1280/5000 batch 1640 loss=   0.205 pol=  1.021 vL= 0.259 kl= 0.19 H=  4.74 adv=-0.000 r̄=-0.755 succ=34.4% >exp= 0.0% el=33m36s eta=1h37m
  ep  1600/5000 batch 1660 loss=  -0.075 pol= -0.061 vL= 0.352 kl= 0.21 H=  3.11 adv=+0.000 r̄=-0.218 succ=34.4% >exp= 0.0% el=34m02s eta=1h12m
  ep  1920/5000 batch 1680 loss=   0.387 pol=  0.109 vL= 0.548 kl= 0.18 H=  3.37 adv=+0.000 r̄= 0.294 succ=34.4% >exp= 0.0% el=34m27s eta=55m16s
  ep  2240/5000 batch 1700 loss=  -0.160 pol= -0.429 vL= 0.473 kl= 0.44 H=  5.39 adv=-0.000 r̄=-0.383 succ=34.4% >exp= 0.0% el=34m50s eta=42m56s
  ep  2560/5000 batch 1720 loss=  -0.198 pol=  0.452 vL= 0.576 kl= 0.27 H=  3.24 adv=+0.000 r̄=-0.245 succ=34.5% >exp= 0.0% el=35m16s eta=33m36s
  ep  2880/5000 batch 1740 loss=   0.297 pol=  0.049 vL= 0.476 kl= 0.18 H=  5.50 adv=-0.000 r̄=-0.359 succ=34.5% >exp= 0.0% el=35m42s eta=26m17s
  ep  3200/5000 batch 1760 loss=   0.303 pol= -1.364 vL= 0.235 kl= 0.25 H=  5.13 adv=+0.000 r̄=-0.080 succ=34.5% >exp= 0.0% el=36m07s eta=20m19s
  ep  3520/5000 batch 1780 loss=  -0.019 pol=  0.687 vL= 0.691 kl= 0.63 H=  5.91 adv=-0.000 r̄=-0.758 succ=34.5% >exp= 0.0% el=36m33s eta=15m22s
  ep  3840/5000 batch 1800 loss=   0.130 pol=  0.524 vL= 0.695 kl= 0.43 H=  5.32 adv=+0.000 r̄=-0.486 succ=34.5% >exp= 0.0% el=36m59s eta=11m10s
  ep  4160/5000 batch 1820 loss=   0.367 pol=  0.129 vL= 0.580 kl= 0.29 H=  5.68 adv=+0.000 r̄=-0.248 succ=34.5% >exp= 0.0% el=37m24s eta= 7m33s
  ep  4480/5000 batch 1840 loss=   0.194 pol= -0.292 vL= 0.569 kl= 0.32 H=  3.07 adv=+0.000 r̄= 0.508 succ=34.6% >exp= 0.0% el=37m49s eta= 4m23s
  ep  4800/5000 batch 1860 loss=   0.400 pol=  0.069 vL= 0.561 kl= 0.36 H=  3.76 adv=-0.000 r̄=-0.233 succ=34.6% >exp= 0.0% el=38m13s eta= 1m35s
  >>> Epoch 6/50 DONE: succ=35.4% (1769/5000) mean_loss= 0.1256 mean_reward=-0.290 mean_KL=0.229 mean_H=4.73 epoch_time= 6m30s

=== Epoch 7/50 — resetting substrate ===
  ep   128/5000 batch 1880 loss=  -0.017 pol=  0.318 vL= 0.252 kl= 0.27 H=  6.03 adv=+0.000 r̄=-0.249 succ=34.6% >exp= 0.0% el=38m39s eta=24h31m
  ep   448/5000 batch 1900 loss=  -0.083 pol=  0.342 vL= 0.742 kl= 0.23 H=  4.68 adv=-0.000 r̄=-0.505 succ=34.6% >exp= 0.0% el=39m03s eta=6h36m
  ep   768/5000 batch 1920 loss=   0.441 pol= -0.858 vL= 0.692 kl= 0.40 H=  4.79 adv=+0.000 r̄=-0.494 succ=34.6% >exp= 0.0% el=39m28s eta=3h37m
  ep  1088/5000 batch 1940 loss=  -0.051 pol= -0.365 vL= 0.412 kl= 0.36 H=  5.68 adv=+0.000 r̄=-0.511 succ=34.5% >exp= 0.0% el=39m54s eta=2h23m
  ep  1408/5000 batch 1960 loss=   0.070 pol=  1.857 vL= 0.912 kl= 0.25 H=  6.59 adv=+0.000 r̄=-0.403 succ=34.5% >exp= 0.0% el=40m19s eta=1h42m
  ep  1728/5000 batch 1980 loss=   0.136 pol=  1.844 vL= 0.606 kl= 0.32 H=  4.92 adv=-0.000 r̄= 0.000 succ=34.6% >exp= 0.0% el=40m45s eta=1h17m
  ep  2048/5000 batch 2000 loss=   0.239 pol=  0.879 vL= 0.545 kl= 0.49 H=  4.88 adv=-0.000 r̄=-0.496 succ=34.5% >exp= 0.0% el=41m09s eta=59m19s
  ep  2368/5000 batch 2020 loss=   0.054 pol= -0.126 vL= 0.412 kl= 0.34 H=  4.78 adv=-0.000 r̄=-0.404 succ=34.5% >exp= 0.0% el=41m33s eta=46m11s
  ep  2688/5000 batch 2040 loss=   0.075 pol= -0.071 vL= 0.832 kl= 0.23 H=  4.84 adv=+0.000 r̄=-0.130 succ=34.5% >exp= 0.0% el=41m58s eta=36m06s
  ep  3008/5000 batch 2060 loss=   0.079 pol= -0.103 vL= 0.528 kl= 0.19 H=  4.39 adv=-0.000 r̄=-0.387 succ=34.5% >exp= 0.0% el=42m25s eta=28m05s
  ep  3328/5000 batch 2080 loss=  -0.253 pol=  0.361 vL= 0.647 kl= 0.88 H=  3.32 adv=-0.000 r̄=-0.863 succ=34.5% >exp= 0.0% el=42m52s eta=21m32s
  ep  3648/5000 batch 2100 loss=   0.108 pol=  0.948 vL= 0.457 kl= 0.47 H=  3.12 adv=-0.000 r̄=-0.375 succ=34.6% >exp= 0.0% el=43m17s eta=16m02s
  ep  3968/5000 batch 2120 loss=   0.037 pol= -1.352 vL= 0.492 kl= 0.32 H=  5.21 adv=+0.000 r̄=-0.382 succ=34.6% >exp= 0.0% el=43m44s eta=11m22s
  ep  4288/5000 batch 2140 loss=   0.145 pol= -0.543 vL= 0.355 kl= 0.17 H=  5.28 adv=+0.000 r̄=-0.337 succ=34.6% >exp= 0.0% el=44m09s eta= 7m19s
  ep  4608/5000 batch 2160 loss=   0.208 pol=  0.150 vL= 1.089 kl= 0.47 H=  3.82 adv=+0.000 r̄=-0.000 succ=34.6% >exp= 0.0% el=44m34s eta= 3m47s
  ep  4928/5000 batch 2180 loss=   0.236 pol= -0.428 vL= 0.292 kl= 0.64 H=  4.56 adv=+0.000 r̄=-0.464 succ=34.6% >exp= 0.0% el=44m58s eta=  39s
  >>> Epoch 7/50 DONE: succ=34.6% (1730/5000) mean_loss= 0.0936 mean_reward=-0.307 mean_KL=0.326 mean_H=4.82 epoch_time= 6m35s

=== Epoch 8/50 — resetting substrate ===
  ep   256/5000 batch 2200 loss=   0.183 pol= -1.060 vL= 0.302 kl= 0.81 H=  3.63 adv=+0.000 r̄=-0.321 succ=34.6% >exp= 0.0% el=45m23s eta=14h01m
  ep   576/5000 batch 2220 loss=   0.089 pol=  0.435 vL= 0.744 kl= 0.62 H=  4.97 adv=+0.000 r̄=-0.512 succ=34.6% >exp= 0.0% el=45m47s eta=5h51m
  ep   896/5000 batch 2240 loss=  -0.086 pol= -0.583 vL= 0.554 kl= 0.39 H=  4.37 adv=-0.000 r̄=-0.007 succ=34.6% >exp= 0.0% el=46m12s eta=3h31m
  ep  1216/5000 batch 2260 loss=   0.262 pol=  0.310 vL= 0.367 kl= 0.34 H=  4.94 adv=+0.000 r̄=-0.744 succ=34.6% >exp= 0.0% el=46m37s eta=2h25m
  ep  1536/5000 batch 2280 loss=  -0.004 pol= -0.250 vL= 0.491 kl= 0.25 H=  5.48 adv=+0.000 r̄=-0.489 succ=34.5% >exp= 0.0% el=47m02s eta=1h46m
  ep  1856/5000 batch 2300 loss=   0.113 pol=  0.265 vL= 0.723 kl= 0.17 H=  4.98 adv=-0.000 r̄=-0.390 succ=34.5% >exp= 0.0% el=47m27s eta=1h20m
  ep  2176/5000 batch 2320 loss=   0.007 pol= -0.234 vL= 0.621 kl= 0.12 H=  4.18 adv=+0.000 r̄=-0.206 succ=34.5% >exp= 0.0% el=47m53s eta=1h02m
  ep  2496/5000 batch 2340 loss=   0.280 pol= -0.166 vL= 0.664 kl= 0.28 H=  6.00 adv=+0.000 r̄=-0.340 succ=34.5% >exp= 0.0% el=48m17s eta=48m27s
  ep  2816/5000 batch 2360 loss=  -0.010 pol=  0.344 vL= 0.347 kl= 0.04 H=  3.39 adv=+0.000 r̄=-0.511 succ=34.5% >exp= 0.0% el=48m43s eta=37m47s
  ep  3136/5000 batch 2380 loss=   0.543 pol=  0.768 vL= 0.487 kl= 0.05 H=  4.82 adv=-0.000 r̄=-0.625 succ=34.5% >exp= 0.0% el=49m09s eta=29m12s
  ep  3456/5000 batch 2400 loss=   0.157 pol= -1.834 vL= 0.464 kl= 0.18 H=  4.71 adv=+0.000 r̄= 0.161 succ=34.5% >exp= 0.0% el=49m36s eta=22m09s
  ep  3776/5000 batch 2420 loss=   0.204 pol=  1.295 vL= 0.158 kl= 0.05 H=  4.44 adv=+0.000 r̄=-1.000 succ=34.4% >exp= 0.0% el=50m01s eta=16m12s
  ep  4096/5000 batch 2440 loss=  -0.000 pol= -2.032 vL= 0.636 kl= 0.19 H=  4.67 adv=-0.000 r̄= 0.115 succ=34.4% >exp= 0.0% el=50m26s eta=11m07s
  ep  4416/5000 batch 2460 loss=   0.192 pol= -0.148 vL= 0.856 kl= 0.16 H=  4.32 adv=+0.000 r̄=-0.484 succ=34.5% >exp= 0.0% el=50m53s eta= 6m43s
  ep  4736/5000 batch 2480 loss=  -0.055 pol= -0.017 vL= 0.894 kl= 0.12 H=  3.15 adv=+0.000 r̄=-0.148 succ=34.4% >exp= 0.0% el=51m19s eta= 2m51s
  >>> Epoch 8/50 DONE: succ=33.5% (1675/5000) mean_loss= 0.1223 mean_reward=-0.327 mean_KL=0.231 mean_H=4.33 epoch_time= 6m35s

=== Epoch 9/50 — resetting substrate ===
  ep    64/5000 batch 2500 loss=   0.087 pol=  0.633 vL= 0.517 kl= 0.13 H=  5.06 adv=+0.000 r̄=-0.736 succ=34.5% >exp= 0.0% el=51m44s eta=66h30m
  ep   384/5000 batch 2520 loss=   0.209 pol=  0.780 vL= 0.135 kl= 0.21 H=  3.77 adv=+0.000 r̄=-0.760 succ=34.5% >exp= 0.0% el=52m11s eta=10h27m
  ep   704/5000 batch 2540 loss=   0.187 pol=  1.056 vL= 0.641 kl= 0.23 H=  6.21 adv=+0.000 r̄=-0.628 succ=34.4% >exp= 0.0% el=52m35s eta=5h20m
  ep  1024/5000 batch 2560 loss=   0.661 pol=  0.264 vL= 0.366 kl= 0.42 H=  3.98 adv=-0.000 r̄=-0.743 succ=34.4% >exp= 0.0% el=53m01s eta=3h25m
  ep  1344/5000 batch 2580 loss=   0.185 pol=  0.631 vL= 0.792 kl= 0.34 H=  3.66 adv=-0.000 r̄=-0.110 succ=34.4% >exp= 0.0% el=53m26s eta=2h25m
  ep  1664/5000 batch 2600 loss=   0.269 pol= -0.695 vL= 0.845 kl= 0.71 H=  4.85 adv=+0.000 r̄=-0.143 succ=34.4% >exp= 0.0% el=53m51s eta=1h47m
  ep  1984/5000 batch 2620 loss=   0.045 pol=  0.187 vL= 0.859 kl= 0.60 H=  4.50 adv=+0.000 r̄=-0.025 succ=34.4% >exp= 0.0% el=54m14s eta=1h22m
  ep  2304/5000 batch 2640 loss=   0.319 pol= -1.111 vL= 0.296 kl= 0.36 H=  6.44 adv=+0.000 r̄=-0.606 succ=34.4% >exp= 0.0% el=54m39s eta=1h03m
  ep  2624/5000 batch 2660 loss=  -0.196 pol=  0.310 vL= 0.515 kl= 0.09 H=  4.73 adv=+0.000 r̄=-0.387 succ=34.4% >exp= 0.0% el=55m04s eta=49m52s
  ep  2944/5000 batch 2680 loss=  -0.050 pol= -0.195 vL= 0.378 kl= 0.15 H=  5.83 adv=+0.000 r̄=-0.493 succ=34.4% >exp= 0.0% el=55m32s eta=38m46s
  ep  3264/5000 batch 2700 loss=   0.219 pol= -0.712 vL= 0.379 kl= 0.16 H=  6.06 adv=-0.000 r̄=-0.615 succ=34.4% >exp= 0.0% el=55m56s eta=29m45s
  ep  3584/5000 batch 2720 loss=   0.229 pol= -0.777 vL= 0.454 kl= 0.14 H=  5.33 adv=-0.000 r̄=-0.519 succ=34.4% >exp= 0.0% el=56m22s eta=22m16s
  ep  3904/5000 batch 2740 loss=   0.272 pol=  0.570 vL= 0.397 kl= 0.33 H=  5.47 adv=-0.000 r̄=-0.364 succ=34.4% >exp= 0.0% el=56m47s eta=15m56s
  ep  4224/5000 batch 2760 loss=   0.107 pol=  0.815 vL= 0.257 kl= 0.21 H=  5.97 adv=-0.000 r̄=-0.734 succ=34.4% >exp= 0.0% el=57m12s eta=10m30s
  ep  4544/5000 batch 2780 loss=  -0.024 pol= -0.916 vL= 0.484 kl= 0.19 H=  4.45 adv=+0.000 r̄= 0.034 succ=34.4% >exp= 0.0% el=57m36s eta= 5m46s
  ep  4864/5000 batch 2800 loss=   0.210 pol=  0.904 vL= 0.515 kl= 0.08 H=  4.38 adv=+0.000 r̄=-0.756 succ=34.3% >exp= 0.0% el=58m00s eta= 1m37s
  >>> Epoch 9/50 DONE: succ=33.5% (1676/5000) mean_loss= 0.1836 mean_reward=-0.327 mean_KL=0.290 mean_H=5.14 epoch_time= 6m30s

=== Epoch 10/50 — resetting substrate ===
  ep   192/5000 batch 2820 loss=   0.109 pol= -0.596 vL= 0.413 kl= 0.19 H=  4.56 adv=-0.000 r̄= 0.256 succ=34.4% >exp= 0.0% el=58m25s eta=24h23m
  ep   512/5000 batch 2840 loss=  -0.341 pol= -1.220 vL= 0.537 kl= 0.23 H=  6.08 adv=+0.000 r̄=-0.510 succ=34.4% >exp= 0.0% el=58m48s eta=8h35m
  ep   832/5000 batch 2860 loss=  -0.047 pol= -0.730 vL= 0.332 kl= 0.42 H=  3.89 adv=+0.000 r̄=-0.350 succ=34.4% >exp= 0.0% el=59m11s eta=4h56m
  ep  1152/5000 batch 2880 loss=   0.065 pol= -0.838 vL= 0.309 kl= 0.15 H=  4.25 adv=+0.000 r̄=-0.079 succ=34.4% >exp= 0.0% el=59m38s eta=3h19m
  ep  1472/5000 batch 2900 loss=   0.193 pol= -0.672 vL= 0.460 kl= 0.30 H=  4.68 adv=+0.000 r̄=-0.243 succ=34.3% >exp= 0.0% el=1h00m eta=2h23m
  ep  1792/5000 batch 2920 loss=  -0.274 pol= -1.012 vL= 0.408 kl= 0.35 H=  7.67 adv=+0.000 r̄=-0.631 succ=34.3% >exp= 0.0% el=1h00m eta=1h48m
  ep  2112/5000 batch 2940 loss=   0.125 pol= -0.879 vL= 0.415 kl= 0.33 H=  4.81 adv=+0.000 r̄=-0.380 succ=34.4% >exp= 0.0% el=1h00m eta=1h23m
  ep  2432/5000 batch 2960 loss=   0.180 pol=  0.655 vL= 0.318 kl= 0.20 H=  6.07 adv=-0.000 r̄=-0.408 succ=34.4% >exp= 0.0% el=1h01m eta=1h04m
  ep  2752/5000 batch 2980 loss=  -0.301 pol= -0.750 vL= 0.206 kl= 0.15 H=  4.85 adv=+0.000 r̄=-0.630 succ=34.4% >exp= 0.0% el=1h01m eta=50m26s
  ep  3072/5000 batch 3000 loss=   0.072 pol=  0.106 vL= 0.408 kl= 0.19 H=  5.32 adv=+0.000 r̄=-0.258 succ=34.4% >exp= 0.0% el=1h02m eta=39m00s
  ep  3392/5000 batch 3020 loss=   0.199 pol= -0.101 vL= 0.504 kl= 0.06 H=  4.58 adv=-0.000 r̄=-0.251 succ=34.3% >exp= 0.0% el=1h02m eta=29m39s
  ep  3712/5000 batch 3040 loss=  -0.035 pol= -0.241 vL= 0.425 kl= 0.11 H=  5.70 adv=+0.000 r̄=-0.747 succ=34.4% >exp= 0.0% el=1h03m eta=21m51s
  ep  4032/5000 batch 3060 loss=   0.288 pol= -0.446 vL= 0.716 kl= 0.13 H=  4.75 adv=+0.000 r̄=-0.489 succ=34.3% >exp= 0.0% el=1h03m eta=15m13s
  ep  4352/5000 batch 3080 loss=  -0.208 pol= -0.171 vL= 0.441 kl= 0.21 H=  2.88 adv=+0.000 r̄=-0.372 succ=34.3% >exp= 0.0% el=1h03m eta= 9m30s
  ep  4672/5000 batch 3100 loss=   0.276 pol= -0.646 vL= 0.527 kl= 0.13 H=  4.53 adv=+0.000 r̄= 0.120 succ=34.4% >exp= 0.0% el=1h04m eta= 4m30s
  ep  4992/5000 batch 3120 loss=   0.119 pol= -0.269 vL= 0.555 kl= 0.21 H=  3.27 adv=+0.000 r̄= 0.119 succ=34.4% >exp= 0.0% el=1h04m eta=   6s
  >>> Epoch 10/50 DONE: succ=34.8% (1739/5000) mean_loss= 0.0165 mean_reward=-0.302 mean_KL=0.210 mean_H=4.74 epoch_time= 6m31s

=== Epoch 11/50 — resetting substrate ===
  ep   320/5000 batch 3140 loss=   0.006 pol= -0.197 vL= 0.591 kl= 0.18 H=  3.23 adv=-0.000 r̄=-0.122 succ=34.4% >exp= 0.0% el=1h05m eta=15h52m
  ep   640/5000 batch 3160 loss=   0.291 pol= -0.982 vL= 0.441 kl= 0.12 H=  3.92 adv=+0.000 r̄=-0.238 succ=34.4% >exp= 0.0% el=1h05m eta=7h26m
  ep   960/5000 batch 3180 loss=   0.115 pol= -0.069 vL= 0.242 kl= 0.23 H=  5.55 adv=+0.000 r̄=-0.244 succ=34.4% >exp= 0.0% el=1h05m eta=4h37m
  ep  1280/5000 batch 3200 loss=  -0.101 pol= -0.242 vL= 0.645 kl= 0.11 H=  4.58 adv=+0.000 r̄=-0.485 succ=34.4% >exp= 0.0% el=1h06m eta=3h12m
  ep  1600/5000 batch 3220 loss=  -0.165 pol=  1.201 vL= 0.740 kl= 0.11 H=  2.24 adv=-0.000 r̄=-0.378 succ=34.4% >exp= 0.0% el=1h06m eta=2h21m
  ep  1920/5000 batch 3240 loss=   0.266 pol= -0.125 vL= 0.572 kl= 0.19 H=  2.39 adv=+0.000 r̄=-0.501 succ=34.4% >exp= 0.0% el=1h07m eta=1h47m
  ep  2240/5000 batch 3260 loss=   0.106 pol=  0.051 vL= 0.447 kl= 0.43 H=  4.00 adv=-0.000 r̄=-0.031 succ=34.4% >exp= 0.0% el=1h07m eta=1h23m
  ep  2560/5000 batch 3280 loss=   0.106 pol=  0.592 vL= 0.645 kl= 0.32 H=  3.90 adv=+0.000 r̄=-0.760 succ=34.4% >exp= 0.0% el=1h08m eta=1h04m
  ep  2880/5000 batch 3300 loss=  -0.013 pol=  0.316 vL= 0.404 kl= 1.36 H=  4.91 adv=-0.000 r̄=-0.632 succ=34.4% >exp= 0.0% el=1h08m eta=50m23s
  ep  3200/5000 batch 3320 loss=   0.237 pol=  0.181 vL= 0.612 kl= 0.59 H=  4.87 adv=+0.000 r̄=-0.134 succ=34.4% >exp= 0.0% el=1h08m eta=38m44s
  ep  3520/5000 batch 3340 loss=   0.100 pol= -0.817 vL= 0.754 kl= 0.32 H=  4.85 adv=-0.000 r̄=-0.232 succ=34.4% >exp= 0.0% el=1h09m eta=29m07s
  ep  3840/5000 batch 3360 loss=   0.119 pol=  0.318 vL= 0.542 kl= 0.19 H=  5.22 adv=+0.000 r̄=-0.144 succ=34.4% >exp= 0.0% el=1h09m eta=21m03s
  ep  4160/5000 batch 3380 loss=   0.160 pol=  0.185 vL= 0.494 kl= 0.19 H=  5.59 adv=-0.000 r̄=-0.115 succ=34.4% >exp= 0.0% el=1h10m eta=14m09s
  ep  4480/5000 batch 3400 loss=  -0.105 pol=  0.758 vL= 0.919 kl= 0.15 H=  3.21 adv=+0.000 r̄=-0.154 succ=34.4% >exp= 0.0% el=1h10m eta= 8m11s
  ep  4800/5000 batch 3420 loss=   0.028 pol= -0.145 vL= 0.647 kl= 0.21 H=  3.92 adv=+0.000 r̄=-0.100 succ=34.4% >exp= 0.0% el=1h10m eta= 2m57s
  >>> Epoch 11/50 DONE: succ=34.8% (1738/5000) mean_loss= 0.0876 mean_reward=-0.303 mean_KL=0.260 mean_H=4.38 epoch_time= 6m29s

=== Epoch 12/50 — resetting substrate ===
  ep   128/5000 batch 3440 loss=   0.207 pol=  0.278 vL= 0.463 kl= 0.13 H=  6.11 adv=-0.000 r̄=-0.372 succ=34.5% >exp= 0.0% el=1h11m eta=45h15m
  ep   448/5000 batch 3460 loss=   0.179 pol= -0.506 vL= 0.449 kl= 0.17 H=  4.54 adv=+0.000 r̄=-0.135 succ=34.5% >exp= 0.0% el=1h11m eta=12h09m
  ep   768/5000 batch 3480 loss=  -0.066 pol= -2.107 vL= 0.807 kl= 0.22 H=  4.59 adv=-0.000 r̄=-0.198 succ=34.5% >exp= 0.0% el=1h12m eta=6h37m
  ep  1088/5000 batch 3500 loss=   0.040 pol= -0.456 vL= 0.666 kl= 0.20 H=  4.22 adv=+0.000 r̄=-0.618 succ=34.5% >exp= 0.0% el=1h12m eta=4h21m
  ep  1408/5000 batch 3520 loss=   0.089 pol= -0.112 vL= 0.634 kl= 0.14 H=  4.69 adv=+0.000 r̄=-0.539 succ=34.5% >exp= 0.0% el=1h13m eta=3h06m
  ep  1728/5000 batch 3540 loss=   0.419 pol= -0.699 vL= 0.415 kl= 0.33 H=  5.85 adv=+0.000 r̄=-0.148 succ=34.4% >exp= 0.0% el=1h13m eta=2h18m
  ep  2048/5000 batch 3560 loss=  -0.037 pol=  0.000 vL= 0.784 kl= 0.20 H=  5.33 adv=-0.000 r̄=-0.381 succ=34.4% >exp= 0.0% el=1h13m eta=1h46m
  ep  2368/5000 batch 3580 loss=   0.160 pol=  0.799 vL= 0.340 kl= 0.14 H=  3.26 adv=+0.000 r̄=-0.611 succ=34.4% >exp= 0.0% el=1h14m eta=1h22m
  ep  2688/5000 batch 3600 loss=   0.017 pol= -0.751 vL= 0.390 kl= 0.11 H=  4.96 adv=+0.000 r̄= 0.038 succ=34.4% >exp= 0.0% el=1h14m eta=1h04m
  ep  3008/5000 batch 3620 loss=   0.296 pol= -0.071 vL= 0.583 kl= 0.13 H=  4.59 adv=+0.000 r̄=-0.245 succ=34.4% >exp= 0.0% el=1h15m eta=49m43s
  ep  3328/5000 batch 3640 loss=  -0.094 pol=  0.418 vL= 0.688 kl= 0.15 H=  3.77 adv=+0.000 r̄=-0.740 succ=34.4% >exp= 0.0% el=1h15m eta=37m55s
  ep  3648/5000 batch 3660 loss=   0.027 pol=  0.661 vL= 0.707 kl= 0.18 H=  3.32 adv=+0.000 r̄= 0.188 succ=34.4% >exp= 0.0% el=1h15m eta=28m08s
  ep  3968/5000 batch 3680 loss=   0.002 pol= -0.648 vL= 0.419 kl= 0.31 H=  5.63 adv=-0.000 r̄=-0.356 succ=34.5% >exp= 0.0% el=1h16m eta=19m51s
  ep  4288/5000 batch 3700 loss=   0.197 pol= -0.629 vL= 0.599 kl= 0.14 H=  3.97 adv=-0.000 r̄=-0.101 succ=34.5% >exp= 0.0% el=1h16m eta=12m45s
  ep  4608/5000 batch 3720 loss=   0.371 pol= -0.143 vL= 0.702 kl= 0.09 H=  3.61 adv=+0.000 r̄= 0.357 succ=34.5% >exp= 0.0% el=1h17m eta= 6m34s
  ep  4928/5000 batch 3740 loss=   0.125 pol=  0.207 vL= 0.395 kl= 0.19 H=  4.95 adv=+0.000 r̄=-0.506 succ=34.5% >exp= 0.0% el=1h17m eta= 1m08s
  >>> Epoch 12/50 DONE: succ=35.1% (1757/5000) mean_loss= 0.1221 mean_reward=-0.295 mean_KL=0.160 mean_H=4.55 epoch_time= 6m32s

=== Epoch 13/50 — resetting substrate ===
  ep   256/5000 batch 3760 loss=   0.241 pol= -1.003 vL= 0.131 kl= 0.22 H=  5.31 adv=-0.000 r̄=-0.065 succ=34.5% >exp= 0.0% el=1h18m eta=24h06m
  ep   576/5000 batch 3780 loss=   0.329 pol= -0.522 vL= 0.501 kl= 0.19 H=  5.05 adv=+0.000 r̄=-0.017 succ=34.5% >exp= 0.0% el=1h18m eta=10h02m
  ep   896/5000 batch 3800 loss=   0.126 pol= -0.691 vL= 0.499 kl= 0.23 H=  5.36 adv=+0.000 r̄=-0.238 succ=34.5% >exp= 0.0% el=1h18m eta=6h01m
  ep  1216/5000 batch 3820 loss=   0.059 pol= -0.198 vL= 0.561 kl= 0.22 H=  5.10 adv=-0.000 r̄=-0.496 succ=34.5% >exp= 0.0% el=1h19m eta=4h06m
  ep  1536/5000 batch 3840 loss=  -0.083 pol=  0.389 vL= 0.574 kl= 0.20 H=  4.06 adv=-0.000 r̄=-0.101 succ=34.4% >exp= 0.0% el=1h19m eta=2h59m
  ep  1856/5000 batch 3860 loss=   0.234 pol= -0.296 vL= 0.683 kl= 0.25 H=  5.62 adv=+0.000 r̄=-0.390 succ=34.4% >exp= 0.0% el=1h20m eta=2h15m
  ep  2176/5000 batch 3880 loss=   0.039 pol= -0.912 vL= 0.207 kl= 0.23 H=  4.76 adv=+0.000 r̄= 0.304 succ=34.5% >exp= 0.0% el=1h20m eta=1h44m
  ep  2496/5000 batch 3900 loss=  -0.021 pol= -1.033 vL= 0.736 kl= 0.18 H=  5.77 adv=+0.000 r̄=-0.194 succ=34.5% >exp= 0.0% el=1h21m eta=1h21m
  ep  2816/5000 batch 3920 loss=   0.097 pol=  0.467 vL= 0.147 kl= 0.21 H=  4.92 adv=+0.000 r̄=-0.757 succ=34.5% >exp= 0.0% el=1h21m eta=1h03m
  ep  3136/5000 batch 3940 loss=   0.035 pol= -1.183 vL= 0.397 kl= 0.45 H=  7.20 adv=+0.000 r̄=-0.476 succ=34.5% >exp= 0.0% el=1h21m eta=48m40s
  ep  3456/5000 batch 3960 loss=   0.069 pol= -0.963 vL= 0.610 kl= 0.61 H=  6.72 adv=-0.000 r̄= 0.146 succ=34.5% >exp= 0.0% el=1h22m eta=36m46s
  ep  3776/5000 batch 3980 loss=  -0.099 pol=  1.031 vL= 0.476 kl= 0.67 H=  7.81 adv=-0.000 r̄=-0.520 succ=34.5% >exp= 0.0% el=1h22m eta=26m49s
  ep  4096/5000 batch 4000 loss=   0.306 pol=  0.658 vL= 0.497 kl= 0.30 H=  5.54 adv=+0.000 r̄=-0.261 succ=34.5% >exp= 0.0% el=1h23m eta=18m21s
  ep  4416/5000 batch 4020 loss=   0.175 pol= -0.319 vL= 0.674 kl= 0.18 H=  5.25 adv=+0.000 r̄=-0.485 succ=34.5% >exp= 0.0% el=1h23m eta=11m03s
  ep  4736/5000 batch 4040 loss=  -0.239 pol= -0.306 vL= 0.387 kl= 0.16 H=  4.26 adv=+0.000 r̄= 0.015 succ=34.5% >exp= 0.0% el=1h24m eta= 4m41s
  >>> Epoch 13/50 DONE: succ=34.5% (1725/5000) mean_loss= 0.0766 mean_reward=-0.309 mean_KL=0.305 mean_H=5.41 epoch_time= 6m38s

=== Epoch 14/50 — resetting substrate ===
  ep    64/5000 batch 4060 loss=   0.059 pol= -0.668 vL= 0.581 kl= 0.16 H=  5.93 adv=-0.000 r̄=-0.211 succ=34.5% >exp= 0.0% el=1h24m eta=108h33m
  ep   384/5000 batch 4080 loss=  -0.011 pol= -0.276 vL= 0.274 kl= 0.22 H=  4.19 adv=+0.000 r̄=-0.253 succ=34.5% >exp= 0.0% el=1h24m eta=17h00m
  ep   704/5000 batch 4100 loss=  -0.026 pol=  0.587 vL= 0.323 kl= 0.10 H=  5.02 adv=+0.000 r̄=-0.729 succ=34.5% >exp= 0.0% el=1h25m eta=8h40m
  ep  1024/5000 batch 4120 loss=   0.083 pol=  0.799 vL= 0.358 kl= 0.18 H=  4.51 adv=+0.000 r̄=-0.406 succ=34.5% >exp= 0.0% el=1h25m eta=5h32m
  ep  1344/5000 batch 4140 loss=  -0.206 pol=  0.010 vL= 0.976 kl= 0.10 H=  3.53 adv=+0.000 r̄=-0.230 succ=34.5% >exp= 0.0% el=1h26m eta=3h54m
  ep  1664/5000 batch 4160 loss=   0.158 pol= -0.368 vL= 0.654 kl= 0.13 H=  4.03 adv=+0.000 r̄=-0.388 succ=34.5% >exp= 0.0% el=1h26m eta=2h53m
  ep  1984/5000 batch 4180 loss=   0.225 pol= -0.196 vL= 0.398 kl= 0.13 H=  4.43 adv=+0.000 r̄=-0.258 succ=34.5% >exp= 0.0% el=1h26m eta=2h12m
  ep  2304/5000 batch 4200 loss=  -0.277 pol= -1.648 vL= 0.842 kl= 0.10 H=  6.09 adv=+0.000 r̄=-0.593 succ=34.5% >exp= 0.0% el=1h27m eta=1h42m
  ep  2624/5000 batch 4220 loss=  -0.488 pol= -0.338 vL= 0.516 kl= 0.10 H=  5.46 adv=+0.000 r̄=-0.502 succ=34.5% >exp= 0.0% el=1h27m eta=1h19m
  ep  2944/5000 batch 4240 loss=  -0.255 pol= -1.828 vL= 0.473 kl= 0.10 H=  5.59 adv=-0.000 r̄=-0.240 succ=34.5% >exp= 0.0% el=1h28m eta=1h01m
  ep  3264/5000 batch 4260 loss=  -0.075 pol=  0.530 vL= 1.041 kl= 0.07 H=  4.40 adv=+0.000 r̄=-0.771 succ=34.5% >exp= 0.0% el=1h28m eta=47m07s
  ep  3584/5000 batch 4280 loss=   0.184 pol= -0.130 vL= 0.514 kl= 0.14 H=  4.99 adv=+0.000 r̄=-0.481 succ=34.5% >exp= 0.0% el=1h29m eta=35m10s
  ep  3904/5000 batch 4300 loss=   0.425 pol=  1.185 vL= 0.609 kl= 0.12 H=  5.50 adv=+0.000 r̄=-0.101 succ=34.5% >exp= 0.0% el=1h29m eta=25m07s
  ep  4224/5000 batch 4320 loss=  -0.172 pol= -1.450 vL= 0.542 kl= 0.10 H=  5.66 adv=+0.000 r̄=-0.471 succ=34.5% >exp= 0.0% el=1h29m eta=16m31s
  ep  4544/5000 batch 4340 loss=  -0.245 pol= -0.766 vL= 0.428 kl= 0.17 H=  3.83 adv=-0.000 r̄= 0.178 succ=34.5% >exp= 0.0% el=1h30m eta= 9m04s
  ep  4864/5000 batch 4360 loss=   0.288 pol=  0.856 vL= 0.439 kl= 0.13 H=  4.30 adv=+0.000 r̄=-0.392 succ=34.5% >exp= 0.0% el=1h30m eta= 2m32s
  >>> Epoch 14/50 DONE: succ=34.7% (1734/5000) mean_loss=-0.0320 mean_reward=-0.304 mean_KL=0.144 mean_H=5.02 epoch_time= 6m36s

=== Epoch 15/50 — resetting substrate ===
  ep   192/5000 batch 4380 loss=  -0.030 pol= -1.681 vL= 0.245 kl= 0.46 H=  5.36 adv=+0.000 r̄= 0.183 succ=34.5% >exp= 0.0% el=1h31m eta=38h04m
  ep   512/5000 batch 4400 loss=   0.261 pol=  1.396 vL= 0.416 kl= 0.32 H=  6.14 adv=-0.000 r̄=-0.678 succ=34.5% >exp= 0.0% el=1h31m eta=13h23m
  ep   832/5000 batch 4420 loss=  -0.226 pol= -1.559 vL= 0.599 kl= 0.23 H=  6.07 adv=-0.000 r̄= 0.009 succ=34.5% >exp= 0.0% el=1h32m eta=7h41m
  ep  1152/5000 batch 4440 loss=   0.197 pol= -0.441 vL= 0.526 kl= 0.14 H=  3.77 adv=-0.000 r̄=-0.353 succ=34.5% >exp= 0.0% el=1h32m eta=5h09m
  ep  1472/5000 batch 4460 loss=   0.347 pol=  1.135 vL= 0.553 kl= 0.15 H=  4.55 adv=-0.000 r̄=-0.515 succ=34.5% >exp= 0.0% el=1h32m eta=3h42m
  ep  1792/5000 batch 4480 loss=   0.109 pol=  1.002 vL= 0.512 kl= 0.35 H=  6.23 adv=-0.000 r̄=-0.739 succ=34.5% >exp= 0.0% el=1h33m eta=2h47m
  ep  2112/5000 batch 4500 loss=   0.173 pol=  0.059 vL= 0.418 kl= 0.38 H=  3.86 adv=+0.000 r̄= 0.044 succ=34.5% >exp= 0.0% el=1h33m eta=2h08m
  ep  2432/5000 batch 4520 loss=  -0.041 pol= -0.047 vL= 0.432 kl= 0.23 H=  5.72 adv=+0.000 r̄=-0.648 succ=34.5% >exp= 0.0% el=1h34m eta=1h39m
  ep  2752/5000 batch 4540 loss=  -0.038 pol= -0.385 vL= 0.206 kl= 0.07 H=  4.01 adv=+0.000 r̄=-0.355 succ=34.5% >exp= 0.0% el=1h34m eta=1h17m
  ep  3072/5000 batch 4560 loss=  -0.125 pol= -0.247 vL= 0.595 kl= 0.51 H=  5.62 adv=+0.000 r̄=-0.239 succ=34.5% >exp= 0.0% el=1h35m eta=59m49s
  ep  3392/5000 batch 4580 loss=   0.176 pol=  1.680 vL= 0.554 kl= 0.25 H=  4.96 adv=+0.000 r̄=-0.494 succ=34.5% >exp= 0.0% el=1h35m eta=45m26s
  ep  3712/5000 batch 4600 loss=  -0.093 pol=  0.055 vL= 0.471 kl= 0.35 H=  4.76 adv=-0.000 r̄=-0.127 succ=34.5% >exp= 0.0% el=1h36m eta=33m25s
  ep  4032/5000 batch 4620 loss=   0.456 pol=  1.205 vL= 0.296 kl= 0.17 H=  5.81 adv=-0.000 r̄=-0.879 succ=34.5% >exp= 0.0% el=1h36m eta=23m13s
  ep  4352/5000 batch 4640 loss=  -0.370 pol= -0.326 vL= 1.026 kl= 0.46 H=  3.43 adv=+0.000 r̄=-0.125 succ=34.5% >exp= 0.0% el=1h37m eta=14m28s
  ep  4672/5000 batch 4660 loss=  -0.123 pol= -3.155 vL= 0.249 kl= 0.26 H=  6.03 adv=+0.000 r̄=-0.228 succ=34.5% >exp= 0.0% el=1h37m eta= 6m51s
  ep  4992/5000 batch 4680 loss=   0.321 pol=  0.305 vL= 0.727 kl= 0.08 H=  2.34 adv=-0.000 r̄=-0.507 succ=34.5% >exp= 0.0% el=1h37m eta=   9s
  >>> Epoch 15/50 DONE: succ=34.6% (1732/5000) mean_loss= 0.0669 mean_reward=-0.305 mean_KL=0.254 mean_H=4.83 epoch_time= 7m00s

=== Epoch 16/50 — resetting substrate ===
  ep   320/5000 batch 4700 loss=  -0.215 pol= -0.467 vL= 0.555 kl= 0.10 H=  2.74 adv=-0.000 r̄=-0.116 succ=34.5% >exp= 0.0% el=1h38m eta=23h59m
  ep   640/5000 batch 4720 loss=  -0.001 pol= -1.087 vL= 0.244 kl= 0.15 H=  5.27 adv=+0.000 r̄=-0.091 succ=34.5% >exp= 0.0% el=1h38m eta=11h13m
  ep   960/5000 batch 4740 loss=  -0.132 pol= -0.077 vL= 0.584 kl= 0.46 H=  5.88 adv=+0.000 r̄=-0.484 succ=34.5% >exp= 0.0% el=1h39m eta=6h57m
  ep  1280/5000 batch 4760 loss=   0.129 pol=  1.182 vL= 0.542 kl= 0.24 H=  4.21 adv=-0.000 r̄=-0.645 succ=34.5% >exp= 0.0% el=1h39m eta=4h49m
  ep  1600/5000 batch 4780 loss=  -0.100 pol=  0.061 vL= 0.837 kl= 0.26 H=  3.80 adv=-0.000 r̄=-0.349 succ=34.5% >exp= 0.0% el=1h40m eta=3h32m
  ep  1920/5000 batch 4800 loss=   0.283 pol=  1.168 vL= 0.956 kl= 0.27 H=  3.72 adv=+0.000 r̄=-0.236 succ=34.5% >exp= 0.0% el=1h40m eta=2h41m
  ep  2240/5000 batch 4820 loss=   0.256 pol= -0.850 vL= 0.495 kl= 0.40 H=  6.05 adv=+0.000 r̄=-0.372 succ=34.5% >exp= 0.0% el=1h40m eta=2h04m
  ep  2560/5000 batch 4840 loss=  -0.060 pol= -0.402 vL= 0.547 kl= 0.41 H=  3.91 adv=-0.000 r̄=-0.113 succ=34.5% >exp= 0.0% el=1h41m eta=1h36m
  ep  2880/5000 batch 4860 loss=   0.175 pol=  0.686 vL= 0.535 kl= 0.74 H=  7.63 adv=-0.000 r̄=-0.509 succ=34.5% >exp= 0.0% el=1h41m eta=1h14m
  ep  3200/5000 batch 4880 loss=  -0.011 pol=  0.103 vL= 0.274 kl= 0.90 H=  6.09 adv=+0.000 r̄=-0.232 succ=34.5% >exp= 0.0% el=1h42m eta=57m25s
  ep  3520/5000 batch 4900 loss=  -0.519 pol=  0.040 vL= 0.428 kl= 0.63 H=  4.78 adv=+0.000 r̄=-0.105 succ=34.5% >exp= 0.0% el=1h42m eta=43m06s
  ep  3840/5000 batch 4920 loss=  -0.070 pol= -0.040 vL= 0.485 kl= 0.24 H=  5.95 adv=-0.000 r̄=-0.393 succ=34.5% >exp= 0.0% el=1h42m eta=31m06s
  ep  4160/5000 batch 4940 loss=   0.137 pol=  0.332 vL= 0.262 kl= 0.14 H=  4.92 adv=+0.000 r̄=-0.510 succ=34.4% >exp= 0.0% el=1h43m eta=20m52s
  ep  4480/5000 batch 4960 loss=   0.025 pol=  0.542 vL= 0.442 kl= 0.35 H=  2.96 adv=+0.000 r̄= 0.107 succ=34.5% >exp= 0.0% el=1h43m eta=12m03s
  ep  4800/5000 batch 4980 loss=   0.558 pol=  0.360 vL= 0.769 kl= 0.24 H=  3.83 adv=+0.000 r̄= 0.253 succ=34.5% >exp= 0.0% el=1h44m eta= 4m20s
  >>> Epoch 16/50 DONE: succ=33.8% (1689/5000) mean_loss= 0.0337 mean_reward=-0.322 mean_KL=0.344 mean_H=5.24 epoch_time= 6m29s

=== Epoch 17/50 — resetting substrate ===
  ep   128/5000 batch 5000 loss=  -0.025 pol=  0.124 vL= 0.647 kl= 0.22 H=  6.61 adv=+0.000 r̄=-0.150 succ=34.5% >exp= 0.0% el=1h44m eta=66h23m
  ep   448/5000 batch 5020 loss=  -0.130 pol=  0.031 vL= 0.705 kl= 0.11 H=  4.32 adv=+0.000 r̄=-0.108 succ=34.5% >exp= 0.0% el=1h45m eta=17h47m
  ep   768/5000 batch 5040 loss=   0.110 pol=  0.404 vL= 0.513 kl= 0.13 H=  4.37 adv=+0.000 r̄=-0.631 succ=34.5% >exp= 0.0% el=1h45m eta=9h41m
  ep  1088/5000 batch 5060 loss=   0.120 pol= -1.223 vL= 0.832 kl= 0.23 H=  5.23 adv=+0.000 r̄=-0.597 succ=34.5% >exp= 0.0% el=1h45m eta=6h20m
  ep  1408/5000 batch 5080 loss=   0.321 pol=  0.191 vL= 0.604 kl= 0.25 H=  6.67 adv=-0.000 r̄=-0.486 succ=34.5% >exp= 0.0% el=1h46m eta=4h31m
  ep  1728/5000 batch 5100 loss=   0.001 pol=  1.236 vL= 0.571 kl= 0.10 H=  4.86 adv=+0.000 r̄=-0.410 succ=34.5% >exp= 0.0% el=1h46m eta=3h22m
  ep  2048/5000 batch 5120 loss=   0.382 pol= -1.196 vL= 0.554 kl= 0.28 H=  5.66 adv=-0.000 r̄=-0.251 succ=34.5% >exp= 0.0% el=1h47m eta=2h34m
  ep  2368/5000 batch 5140 loss=   0.063 pol= -0.401 vL= 0.559 kl= 0.34 H=  4.46 adv=+0.000 r̄=-0.235 succ=34.5% >exp= 0.0% el=1h47m eta=1h59m
  ep  2688/5000 batch 5160 loss=  -0.069 pol= -0.253 vL= 0.470 kl= 0.08 H=  4.16 adv=+0.000 r̄=-0.345 succ=34.4% >exp= 0.0% el=1h47m eta=1h32m
  ep  3008/5000 batch 5180 loss=  -0.355 pol= -0.397 vL= 0.367 kl= 0.15 H=  4.80 adv=+0.000 r̄=-0.162 succ=34.4% >exp= 0.0% el=1h48m eta=1h11m
  ep  3328/5000 batch 5200 loss=   0.340 pol=  0.411 vL= 0.368 kl= 0.14 H=  4.26 adv=+0.000 r̄=-0.463 succ=34.4% >exp= 0.0% el=1h48m eta=54m38s
  ep  3648/5000 batch 5220 loss=   0.072 pol= -0.080 vL= 0.587 kl= 0.21 H=  4.46 adv=+0.000 r̄=-0.409 succ=34.4% >exp= 0.0% el=1h49m eta=40m28s
  ep  3968/5000 batch 5240 loss=   0.227 pol=  0.688 vL= 0.875 kl= 0.09 H=  4.71 adv=-0.000 r̄=-0.520 succ=34.4% >exp= 0.0% el=1h49m eta=28m30s
  ep  4288/5000 batch 5260 loss=   0.119 pol= -1.126 vL= 0.599 kl= 0.15 H=  5.79 adv=-0.000 r̄=-0.215 succ=34.4% >exp= 0.0% el=1h50m eta=18m16s
  ep  4608/5000 batch 5280 loss=   0.040 pol= -0.705 vL= 0.588 kl= 0.20 H=  4.08 adv=+0.000 r̄= 0.278 succ=34.5% >exp= 0.0% el=1h50m eta= 9m24s
  ep  4928/5000 batch 5300 loss=   0.052 pol= -0.556 vL= 0.702 kl= 0.78 H=  4.44 adv=-0.000 r̄=-0.268 succ=34.5% >exp= 0.0% el=1h50m eta= 1m37s
  >>> Epoch 17/50 DONE: succ=34.3% (1714/5000) mean_loss= 0.0752 mean_reward=-0.312 mean_KL=0.212 mean_H=5.08 epoch_time= 6m31s

=== Epoch 18/50 — resetting substrate ===
  ep   256/5000 batch 5320 loss=   0.059 pol= -1.359 vL= 0.194 kl= 0.50 H=  5.86 adv=-0.000 r̄=-0.069 succ=34.5% >exp= 0.0% el=1h51m eta=34h23m
  ep   576/5000 batch 5340 loss=   0.118 pol= -0.142 vL= 0.302 kl= 0.57 H=  4.95 adv=+0.000 r̄=-0.016 succ=34.5% >exp= 0.0% el=1h51m eta=14h18m
  ep   896/5000 batch 5360 loss=  -0.078 pol=  0.372 vL= 0.309 kl= 0.17 H=  4.73 adv=+0.000 r̄= 0.026 succ=34.5% >exp= 0.0% el=1h52m eta=8h33m
  ep  1216/5000 batch 5380 loss=  -0.026 pol=  0.208 vL= 0.551 kl= 0.24 H=  5.77 adv=+0.000 r̄=-0.483 succ=34.5% >exp= 0.0% el=1h52m eta=5h50m
  ep  1536/5000 batch 5400 loss=   0.077 pol=  0.521 vL= 0.539 kl= 0.91 H=  4.69 adv=-0.000 r̄=-0.458 succ=34.5% >exp= 0.0% el=1h53m eta=4h15m
  ep  1856/5000 batch 5420 loss=   0.206 pol=  1.030 vL= 0.722 kl= 0.16 H=  3.80 adv=+0.000 r̄=-0.535 succ=34.5% >exp= 0.0% el=1h53m eta=3h12m
  ep  2176/5000 batch 5440 loss=   0.073 pol= -1.333 vL= 0.804 kl= 0.21 H=  4.56 adv=+0.000 r̄=-0.334 succ=34.5% >exp= 0.0% el=1h53m eta=2h27m
  ep  2496/5000 batch 5460 loss=  -0.113 pol= -0.894 vL= 0.530 kl= 0.15 H=  5.70 adv=+0.000 r̄=-0.349 succ=34.5% >exp= 0.0% el=1h54m eta=1h54m
  ep  2816/5000 batch 5480 loss=   0.220 pol=  0.242 vL= 0.509 kl= 0.06 H=  2.79 adv=-0.000 r̄=-0.627 succ=34.5% >exp= 0.0% el=1h54m eta=1h28m
  ep  3136/5000 batch 5500 loss=   0.151 pol=  0.270 vL= 0.559 kl= 0.18 H=  4.24 adv=+0.000 r̄=-0.262 succ=34.5% >exp= 0.0% el=1h55m eta=1h08m
  ep  3456/5000 batch 5520 loss=   0.185 pol= -0.896 vL= 0.664 kl= 0.19 H=  4.35 adv=-0.000 r̄= 0.164 succ=34.5% >exp= 0.0% el=1h55m eta=51m38s
  ep  3776/5000 batch 5540 loss=   0.155 pol=  0.392 vL= 0.472 kl= 0.11 H=  3.49 adv=-0.000 r̄=-0.609 succ=34.5% >exp= 0.0% el=1h56m eta=37m36s
  ep  4096/5000 batch 5560 loss=   0.303 pol= -0.676 vL= 0.699 kl= 0.40 H=  4.00 adv=+0.000 r̄=-0.108 succ=34.5% >exp= 0.0% el=1h56m eta=25m41s
  ep  4416/5000 batch 5580 loss=  -0.227 pol= -0.983 vL= 0.465 kl= 0.08 H=  3.85 adv=+0.000 r̄=-0.117 succ=34.5% >exp= 0.0% el=1h56m eta=15m27s
  ep  4736/5000 batch 5600 loss=  -0.000 pol= -0.184 vL= 0.431 kl= 0.22 H=  3.88 adv=-0.000 r̄= 0.009 succ=34.5% >exp= 0.0% el=1h57m eta= 6m32s
  >>> Epoch 18/50 DONE: succ=36.0% (1798/5000) mean_loss= 0.0825 mean_reward=-0.279 mean_KL=0.304 mean_H=4.33 epoch_time= 6m37s

=== Epoch 19/50 — resetting substrate ===
  ep    64/5000 batch 5620 loss=   0.152 pol=  0.199 vL= 0.153 kl= 0.64 H=  7.00 adv=+0.000 r̄=-0.513 succ=34.5% >exp= 0.0% el=1h57m eta=151h19m
  ep   384/5000 batch 5640 loss=  -0.023 pol=  0.357 vL= 0.647 kl= 0.43 H=  3.22 adv=-0.000 r̄=-0.509 succ=34.6% >exp= 0.0% el=1h58m eta=23h40m
  ep   704/5000 batch 5660 loss=  -0.096 pol= -1.651 vL= 0.394 kl= 0.31 H=  5.87 adv=-0.000 r̄=-0.584 succ=34.6% >exp= 0.0% el=1h58m eta=12h03m
  ep  1024/5000 batch 5680 loss=   0.095 pol= -0.214 vL= 0.487 kl= 0.13 H=  3.98 adv=+0.000 r̄=-0.347 succ=34.5% >exp= 0.0% el=1h58m eta=7h42m
  ep  1344/5000 batch 5700 loss=  -0.139 pol= -1.225 vL= 0.577 kl= 0.08 H=  2.29 adv=-0.000 r̄= 0.165 succ=34.5% >exp= 0.0% el=1h59m eta=5h24m
  ep  1664/5000 batch 5720 loss=   0.211 pol=  0.301 vL= 0.911 kl= 0.14 H=  3.98 adv=-0.000 r̄=-0.235 succ=34.5% >exp= 0.0% el=1h59m eta=4h00m
  ep  1984/5000 batch 5740 loss=   0.005 pol= -0.246 vL= 1.058 kl= 0.22 H=  3.47 adv=+0.000 r̄=-0.127 succ=34.5% >exp= 0.0% el=2h00m eta=3h02m
  ep  2304/5000 batch 5760 loss=   0.056 pol=  0.752 vL= 0.348 kl= 0.13 H=  4.46 adv=+0.000 r̄=-0.491 succ=34.5% >exp= 0.0% el=2h00m eta=2h21m
  ep  2624/5000 batch 5780 loss=  -0.011 pol=  0.678 vL= 0.450 kl= 0.15 H=  3.17 adv=+0.000 r̄=-0.270 succ=34.5% >exp= 0.0% el=2h01m eta=1h49m
  ep  2944/5000 batch 5800 loss=   0.221 pol= -1.244 vL= 0.436 kl= 0.35 H=  5.99 adv=-0.000 r̄=-0.610 succ=34.5% >exp= 0.0% el=2h01m eta=1h24m
  ep  3264/5000 batch 5820 loss=   0.213 pol=  1.279 vL= 0.571 kl= 0.15 H=  4.09 adv=-0.000 r̄=-0.518 succ=34.5% >exp= 0.0% el=2h01m eta=1h04m
  ep  3584/5000 batch 5840 loss=   0.042 pol=  0.424 vL= 0.480 kl= 0.13 H=  5.05 adv=+0.000 r̄=-0.621 succ=34.5% >exp= 0.0% el=2h02m eta=48m21s
  ep  3904/5000 batch 5860 loss=   0.088 pol=  0.353 vL= 0.670 kl= 0.18 H=  3.88 adv=+0.000 r̄= 0.253 succ=34.5% >exp= 0.0% el=2h02m eta=34m28s
  ep  4224/5000 batch 5880 loss=   0.330 pol= -0.314 vL= 0.311 kl= 0.41 H=  6.28 adv=+0.000 r̄=-0.395 succ=34.5% >exp= 0.0% el=2h03m eta=22m38s
  ep  4544/5000 batch 5900 loss=  -0.262 pol= -2.175 vL= 0.382 kl= 0.20 H=  4.85 adv=-0.000 r̄= 0.297 succ=34.5% >exp= 0.0% el=2h03m eta=12m24s
  ep  4864/5000 batch 5920 loss=  -0.155 pol= -0.662 vL= 0.398 kl= 0.14 H=  4.56 adv=+0.000 r̄=-0.363 succ=34.5% >exp= 0.0% el=2h04m eta= 3m28s
  >>> Epoch 19/50 DONE: succ=33.8% (1690/5000) mean_loss= 0.0466 mean_reward=-0.323 mean_KL=0.249 mean_H=4.74 epoch_time= 6m32s

=== Epoch 20/50 — resetting substrate ===
  ep   192/5000 batch 5940 loss=   0.324 pol= -0.017 vL= 0.587 kl= 0.46 H=  5.12 adv=+0.000 r̄= 0.048 succ=34.5% >exp= 0.0% el=2h04m eta=51h55m
  ep   512/5000 batch 5960 loss=  -0.046 pol= -0.403 vL= 0.327 kl= 0.16 H=  6.47 adv=-0.000 r̄=-0.613 succ=34.5% >exp= 0.0% el=2h04m eta=18h14m
  ep   832/5000 batch 5980 loss=  -0.318 pol= -1.034 vL= 0.745 kl= 0.24 H=  5.05 adv=-0.000 r̄=-0.216 succ=34.5% >exp= 0.0% el=2h05m eta=10h27m
  ep  1152/5000 batch 6000 loss=  -0.009 pol= -0.647 vL= 0.794 kl= 0.58 H=  4.06 adv=+0.000 r̄= 0.161 succ=34.5% >exp= 0.0% el=2h05m eta=6h59m
  ep  1472/5000 batch 6020 loss=  -0.617 pol= -1.635 vL= 0.386 kl= 0.38 H=  5.52 adv=-0.000 r̄=-0.236 succ=34.5% >exp= 0.0% el=2h06m eta=5h02m
  ep  1792/5000 batch 6040 loss=  -0.114 pol= -1.250 vL= 0.275 kl= 0.20 H=  5.43 adv=-0.000 r̄=-0.361 succ=34.5% >exp= 0.0% el=2h06m eta=3h46m
  ep  2112/5000 batch 6060 loss=   0.293 pol= -1.819 vL= 0.547 kl= 0.24 H=  4.95 adv=-0.000 r̄=-0.221 succ=34.5% >exp= 0.0% el=2h06m eta=2h53m
  ep  2432/5000 batch 6080 loss=   0.159 pol= -1.008 vL= 0.404 kl= 0.20 H=  6.55 adv=+0.000 r̄=-0.739 succ=34.5% >exp= 0.0% el=2h07m eta=2h14m
  ep  2752/5000 batch 6100 loss=   0.115 pol= -0.526 vL= 0.332 kl= 0.32 H=  5.00 adv=-0.000 r̄=-0.491 succ=34.5% >exp= 0.0% el=2h07m eta=1h44m
  ep  3072/5000 batch 6120 loss=  -0.019 pol=  0.247 vL= 0.450 kl= 0.25 H=  5.40 adv=-0.000 r̄=-0.126 succ=34.5% >exp= 0.0% el=2h08m eta=1h20m
  ep  3392/5000 batch 6140 loss=   0.268 pol= -1.657 vL= 0.407 kl= 0.16 H=  5.04 adv=+0.000 r̄= 0.051 succ=34.5% >exp= 0.0% el=2h08m eta=1h00m
  ep  3712/5000 batch 6160 loss=   0.375 pol=  1.442 vL= 0.581 kl= 0.20 H=  5.20 adv=+0.000 r̄=-0.376 succ=34.5% >exp= 0.0% el=2h09m eta=44m46s
  ep  4032/5000 batch 6180 loss=   0.250 pol= -0.231 vL= 0.250 kl= 0.12 H=  4.52 adv=+0.000 r̄=-0.501 succ=34.5% >exp= 0.0% el=2h09m eta=31m04s
  ep  4352/5000 batch 6200 loss=  -0.025 pol= -0.588 vL= 0.692 kl= 0.19 H=  3.59 adv=-0.000 r̄=-0.151 succ=34.5% >exp= 0.0% el=2h09m eta=19m20s
  ep  4672/5000 batch 6220 loss=  -0.011 pol= -0.544 vL= 0.451 kl= 0.17 H=  6.28 adv=+0.000 r̄=-0.171 succ=34.5% >exp= 0.0% el=2h10m eta= 9m08s
  ep  4992/5000 batch 6240 loss=   0.417 pol=  0.350 vL= 0.659 kl= 0.20 H=  3.00 adv=-0.000 r̄= 0.155 succ=34.5% >exp= 0.0% el=2h10m eta=  13s
  >>> Epoch 20/50 DONE: succ=34.9% (1747/5000) mean_loss= 0.0565 mean_reward=-0.299 mean_KL=0.229 mean_H=4.95 epoch_time= 6m30s

=== Epoch 21/50 — resetting substrate ===
  ep   320/5000 batch 6260 loss=   0.086 pol=  0.188 vL= 0.769 kl= 0.11 H=  3.87 adv=+0.000 r̄=-0.122 succ=34.5% >exp= 0.0% el=2h11m eta=31h57m
  ep   640/5000 batch 6280 loss=  -0.074 pol= -1.088 vL= 0.445 kl= 0.07 H=  5.14 adv=-0.000 r̄=-0.375 succ=34.5% >exp= 0.0% el=2h11m eta=14h56m
  ep   960/5000 batch 6300 loss=  -0.430 pol=  0.050 vL= 0.386 kl= 0.09 H=  6.44 adv=+0.000 r̄=-0.502 succ=34.5% >exp= 0.0% el=2h11m eta=9h15m
  ep  1280/5000 batch 6320 loss=  -0.279 pol= -1.140 vL= 0.472 kl= 0.13 H=  4.66 adv=-0.000 r̄=-0.493 succ=34.5% >exp= 0.0% el=2h12m eta=6h24m
  ep  1600/5000 batch 6340 loss=  -0.024 pol=  0.566 vL= 0.731 kl= 0.08 H=  2.48 adv=-0.000 r̄=-0.606 succ=34.5% >exp= 0.0% el=2h12m eta=4h42m
  ep  1920/5000 batch 6360 loss=   0.338 pol= -0.386 vL= 0.610 kl= 0.10 H=  3.14 adv=+0.000 r̄= 0.150 succ=34.5% >exp= 0.0% el=2h13m eta=3h33m
  ep  2240/5000 batch 6380 loss=  -0.139 pol= -0.019 vL= 0.605 kl= 0.07 H=  4.55 adv=-0.000 r̄=-0.093 succ=34.5% >exp= 0.0% el=2h13m eta=2h44m
  ep  2560/5000 batch 6400 loss=   0.211 pol= -0.002 vL= 0.405 kl= 0.09 H=  3.86 adv=-0.000 r̄=-0.734 succ=34.5% >exp= 0.0% el=2h13m eta=2h07m
  ep  2880/5000 batch 6420 loss=   0.076 pol=  2.038 vL= 0.698 kl= 0.12 H=  5.02 adv=-0.000 r̄=-1.000 succ=34.5% >exp= 0.0% el=2h14m eta=1h38m
  ep  3200/5000 batch 6440 loss=   0.005 pol= -0.147 vL= 0.355 kl= 0.16 H=  2.97 adv=+0.000 r̄=-0.468 succ=34.5% >exp= 0.0% el=2h14m eta=1h15m
  ep  3520/5000 batch 6460 loss=   0.158 pol= -0.305 vL= 0.294 kl= 0.62 H=  4.35 adv=-0.000 r̄=-0.613 succ=34.5% >exp= 0.0% el=2h15m eta=56m53s
  ep  3840/5000 batch 6480 loss=   0.170 pol=  0.382 vL= 0.747 kl= 0.17 H=  3.79 adv=+0.000 r̄=-0.406 succ=34.5% >exp= 0.0% el=2h15m eta=40m59s
  ep  4160/5000 batch 6500 loss=   0.131 pol= -1.282 vL= 0.423 kl= 1.31 H=  5.42 adv=-0.000 r̄=-0.346 succ=34.5% >exp= 0.0% el=2h16m eta=27m28s
  ep  4480/5000 batch 6520 loss=   0.292 pol= -0.004 vL= 0.397 kl= 1.17 H=  3.29 adv=-0.000 r̄=-0.105 succ=34.5% >exp= 0.0% el=2h16m eta=15m50s
  ep  4800/5000 batch 6540 loss=   0.180 pol= -0.165 vL= 0.761 kl= 0.77 H=  3.42 adv=-0.000 r̄=-0.012 succ=34.5% >exp= 0.0% el=2h18m eta= 5m47s
  >>> Epoch 21/50 DONE: succ=34.7% (1733/5000) mean_loss= 0.0585 mean_reward=-0.305 mean_KL=0.273 mean_H=4.20 epoch_time= 8m24s

=== Epoch 22/50 — resetting substrate ===
  ep   128/5000 batch 6560 loss=   0.322 pol= -1.091 vL= 0.398 kl= 0.31 H=  5.74 adv=-0.000 r̄=-0.117 succ=34.5% >exp= 0.0% el=2h19m eta=88h22m
  ep   448/5000 batch 6580 loss=  -0.027 pol=  0.439 vL= 0.501 kl= 0.13 H=  4.34 adv=-0.000 r̄= 0.005 succ=34.5% >exp= 0.0% el=2h19m eta=23h39m
  ep   768/5000 batch 6600 loss=   0.074 pol=  0.184 vL= 0.634 kl= 0.14 H=  3.21 adv=+0.000 r̄=-0.463 succ=34.5% >exp= 0.0% el=2h20m eta=12h52m
  ep  1088/5000 batch 6620 loss=   0.164 pol=  0.206 vL= 0.521 kl= 0.12 H=  3.50 adv=+0.000 r̄=-0.492 succ=34.5% >exp= 0.0% el=2h20m eta=8h25m
  ep  1408/5000 batch 6640 loss=   0.015 pol=  0.214 vL= 0.528 kl= 0.15 H=  4.24 adv=+0.000 r̄=-0.368 succ=34.5% >exp= 0.0% el=2h21m eta=5h59m
  ep  1728/5000 batch 6660 loss=   0.125 pol=  1.280 vL= 0.601 kl= 0.11 H=  4.60 adv=-0.000 r̄=-0.368 succ=34.5% >exp= 0.0% el=2h21m eta=4h27m
  ep  2048/5000 batch 6680 loss=   0.338 pol=  0.061 vL= 0.421 kl= 0.29 H=  5.04 adv=+0.000 r̄=-0.383 succ=34.5% >exp= 0.0% el=2h21m eta=3h24m
  ep  2368/5000 batch 6700 loss=   0.042 pol= -0.949 vL= 0.236 kl= 0.47 H=  5.48 adv=-0.000 r̄=-0.477 succ=34.5% >exp= 0.0% el=2h22m eta=2h38m
  ep  2688/5000 batch 6720 loss=  -0.410 pol= -0.981 vL= 0.726 kl= 0.07 H=  3.95 adv=+0.000 r̄=-0.076 succ=34.5% >exp= 0.0% el=2h22m eta=2h02m
  ep  3008/5000 batch 6740 loss=   0.470 pol= -0.207 vL= 0.886 kl= 0.17 H=  4.74 adv=+0.000 r̄=-0.150 succ=34.5% >exp= 0.0% el=2h23m eta=1h34m
  ep  3328/5000 batch 6760 loss=   0.083 pol= -0.136 vL= 0.148 kl= 0.14 H=  2.94 adv=-0.000 r̄=-0.595 succ=34.5% >exp= 0.0% el=2h23m eta=1h12m
  ep  3648/5000 batch 6780 loss=   0.150 pol=  0.055 vL= 0.608 kl= 0.25 H=  4.48 adv=+0.000 r̄=-0.131 succ=34.5% >exp= 0.0% el=2h23m eta=53m21s
  ep  3968/5000 batch 6800 loss=   0.053 pol= -0.409 vL= 0.294 kl= 0.23 H=  4.22 adv=+0.000 r̄=-0.245 succ=34.5% >exp= 0.0% el=2h24m eta=37m33s
  ep  4288/5000 batch 6820 loss=   0.189 pol= -0.096 vL= 0.234 kl= 0.13 H=  3.55 adv=+0.000 r̄=-0.488 succ=34.5% >exp= 0.0% el=2h24m eta=24m02s
  ep  4608/5000 batch 6840 loss=  -0.123 pol= -1.367 vL= 0.243 kl= 0.41 H=  3.77 adv=+0.000 r̄= 0.404 succ=34.5% >exp= 0.0% el=2h25m eta=12m21s
  ep  4928/5000 batch 6860 loss=   0.103 pol= -0.043 vL= 0.330 kl= 0.15 H=  4.12 adv=+0.000 r̄=-0.152 succ=34.5% >exp= 0.0% el=2h25m eta= 2m07s
  >>> Epoch 22/50 DONE: succ=34.2% (1708/5000) mean_loss= 0.0872 mean_reward=-0.315 mean_KL=0.174 mean_H=4.41 epoch_time= 6m38s

=== Epoch 23/50 — resetting substrate ===
  ep   256/5000 batch 6880 loss=   0.347 pol= -0.988 vL= 0.588 kl= 0.20 H=  4.17 adv=+0.000 r̄= 0.023 succ=34.5% >exp= 0.0% el=2h26m eta=45h06m
  ep   576/5000 batch 6900 loss=  -0.003 pol=  0.248 vL= 0.197 kl= 0.24 H=  4.45 adv=+0.000 r̄=-0.010 succ=34.5% >exp= 0.0% el=2h26m eta=18h44m
  ep   896/5000 batch 6920 loss=  -0.078 pol=  0.283 vL= 0.644 kl= 0.11 H=  3.99 adv=+0.000 r̄=-0.357 succ=34.5% >exp= 0.0% el=2h26m eta=11h12m
  ep  1216/5000 batch 6940 loss=   0.009 pol= -0.405 vL= 0.566 kl= 0.15 H=  5.66 adv=+0.000 r̄=-0.494 succ=34.5% >exp= 0.0% el=2h27m eta=7h38m
  ep  1536/5000 batch 6960 loss=   0.268 pol=  0.309 vL= 0.609 kl= 0.10 H=  4.52 adv=+0.000 r̄=-0.240 succ=34.5% >exp= 0.0% el=2h27m eta=5h33m
  ep  1856/5000 batch 6980 loss=   0.129 pol= -0.803 vL= 1.265 kl= 0.12 H=  5.76 adv=-0.000 r̄=-0.019 succ=34.5% >exp= 0.0% el=2h28m eta=4h10m
  ep  2176/5000 batch 7000 loss=   0.092 pol= -1.109 vL= 0.608 kl= 0.16 H=  4.00 adv=+0.000 r̄= 0.161 succ=34.5% >exp= 0.0% el=2h28m eta=3h12m
  ep  2496/5000 batch 7020 loss=   0.197 pol= -0.605 vL= 0.619 kl= 0.17 H=  5.50 adv=-0.000 r̄= 0.264 succ=34.5% >exp= 0.0% el=2h28m eta=2h29m
  ep  2816/5000 batch 7040 loss=   0.452 pol= -0.983 vL= 0.524 kl= 0.10 H=  3.88 adv=-0.000 r̄=-0.128 succ=34.5% >exp= 0.0% el=2h29m eta=1h55m
  ep  3136/5000 batch 7060 loss=  -0.217 pol= -0.778 vL= 0.519 kl= 0.09 H=  4.60 adv=-0.000 r̄=-0.243 succ=34.5% >exp= 0.0% el=2h29m eta=1h29m
  ep  3456/5000 batch 7080 loss=  -0.061 pol= -0.581 vL= 0.547 kl= 0.28 H=  4.81 adv=+0.000 r̄= 0.047 succ=34.5% >exp= 0.0% el=2h30m eta=1h07m
  ep  3776/5000 batch 7100 loss=  -0.036 pol= -0.691 vL= 0.322 kl= 0.15 H=  6.07 adv=+0.000 r̄=-0.525 succ=34.5% >exp= 0.0% el=2h30m eta=48m49s
  ep  4096/5000 batch 7120 loss=   0.279 pol=  0.417 vL= 1.121 kl= 0.11 H=  4.25 adv=-0.000 r̄=-0.374 succ=34.5% >exp= 0.0% el=2h31m eta=33m20s
  ep  4416/5000 batch 7140 loss=  -0.065 pol= -0.833 vL= 0.574 kl= 0.08 H=  3.36 adv=+0.000 r̄=-0.729 succ=34.5% >exp= 0.0% el=2h31m eta=20m01s
  ep  4736/5000 batch 7160 loss=   0.037 pol=  0.230 vL= 0.819 kl= 0.06 H=  3.36 adv=+0.000 r̄=-0.240 succ=34.5% >exp= 0.0% el=2h31m eta= 8m28s
  >>> Epoch 23/50 DONE: succ=34.7% (1737/5000) mean_loss= 0.0973 mean_reward=-0.303 mean_KL=0.153 mean_H=4.43 epoch_time= 6m30s

=== Epoch 24/50 — resetting substrate ===
  ep    64/5000 batch 7180 loss=   0.153 pol= -0.273 vL= 0.741 kl= 0.21 H=  4.84 adv=+0.000 r̄=-0.087 succ=34.5% >exp= 0.0% el=2h32m eta=195h48m
  ep   384/5000 batch 7200 loss=  -0.124 pol= -0.155 vL= 0.345 kl= 0.49 H=  3.03 adv=+0.000 r̄=-0.105 succ=34.5% >exp= 0.0% el=2h32m eta=30h36m
  ep   704/5000 batch 7220 loss=   0.236 pol= -0.517 vL= 0.486 kl= 0.09 H=  4.53 adv=-0.000 r̄=-0.462 succ=34.5% >exp= 0.0% el=2h33m eta=15h34m
  ep  1024/5000 batch 7240 loss=  -0.052 pol= -0.660 vL= 0.793 kl= 0.21 H=  4.73 adv=+0.000 r̄=-0.244 succ=34.5% >exp= 0.0% el=2h33m eta=9h56m
  ep  1344/5000 batch 7260 loss=  -0.151 pol= -0.859 vL= 0.392 kl= 0.07 H=  3.21 adv=-0.000 r̄= 0.013 succ=34.5% >exp= 0.0% el=2h33m eta=6h58m
  ep  1664/5000 batch 7280 loss=   0.146 pol=  0.319 vL= 0.538 kl= 0.16 H=  3.86 adv=+0.000 r̄=-0.504 succ=34.5% >exp= 0.0% el=2h34m eta=5h09m
  ep  1984/5000 batch 7300 loss=  -0.052 pol= -0.733 vL= 0.326 kl= 0.23 H=  3.68 adv=-0.000 r̄= 0.021 succ=34.5% >exp= 0.0% el=2h34m eta=3h55m
  ep  2304/5000 batch 7320 loss=   0.049 pol=  1.329 vL= 0.730 kl= 0.27 H=  4.07 adv=-0.000 r̄=-0.618 succ=34.5% >exp= 0.0% el=2h35m eta=3h01m
  ep  2624/5000 batch 7340 loss=   0.257 pol=  0.847 vL= 0.370 kl= 0.12 H=  4.27 adv=-0.000 r̄=-0.506 succ=34.5% >exp= 0.0% el=2h35m eta=2h20m
  ep  2944/5000 batch 7360 loss=  -0.184 pol= -1.687 vL= 0.331 kl= 0.18 H=  5.68 adv=+0.000 r̄=-0.248 succ=34.5% >exp= 0.0% el=2h36m eta=1h49m
  ep  3264/5000 batch 7380 loss=   0.091 pol= -0.305 vL= 0.465 kl= 0.14 H=  3.90 adv=-0.000 r̄=-0.659 succ=34.5% >exp= 0.0% el=2h36m eta=1h23m
  ep  3584/5000 batch 7400 loss=  -0.099 pol= -0.337 vL= 0.571 kl= 0.11 H=  3.12 adv=+0.000 r̄=-0.025 succ=34.5% >exp= 0.0% el=2h36m eta=1h02m
  ep  3904/5000 batch 7420 loss=   0.194 pol=  0.209 vL= 0.467 kl= 0.21 H=  3.73 adv=-0.000 r̄= 0.124 succ=34.5% >exp= 0.0% el=2h37m eta=44m11s
  ep  4224/5000 batch 7440 loss=  -0.320 pol= -0.009 vL= 0.283 kl= 0.29 H=  6.77 adv=+0.000 r̄=-0.611 succ=34.5% >exp= 0.0% el=2h37m eta=29m00s
  ep  4544/5000 batch 7460 loss=   0.278 pol=  0.368 vL= 0.510 kl= 0.08 H=  4.03 adv=-0.000 r̄= 0.028 succ=34.5% >exp= 0.0% el=2h38m eta=15m53s
  ep  4864/5000 batch 7480 loss=   0.326 pol=  0.190 vL= 0.355 kl= 0.08 H=  3.15 adv=+0.000 r̄=-0.589 succ=34.5% >exp= 0.0% el=2h38m eta= 4m26s
  >>> Epoch 24/50 DONE: succ=35.2% (1758/5000) mean_loss= 0.0490 mean_reward=-0.294 mean_KL=0.182 mean_H=4.27 epoch_time= 6m42s

=== Epoch 25/50 — resetting substrate ===
  ep   192/5000 batch 7500 loss=   0.177 pol= -0.372 vL= 0.744 kl= 0.14 H=  4.48 adv=+0.000 r̄=-0.254 succ=34.6% >exp= 0.0% el=2h39m eta=66h26m
  ep   512/5000 batch 7520 loss=   0.134 pol= -1.128 vL= 0.382 kl= 0.19 H=  5.38 adv=-0.000 r̄=-0.371 succ=34.6% >exp= 0.0% el=2h39m eta=23h19m
  ep   832/5000 batch 7540 loss=  -0.089 pol= -1.392 vL= 0.418 kl= 0.41 H=  4.25 adv=-0.000 r̄= 0.010 succ=34.5% >exp= 0.0% el=2h40m eta=13h21m
  ep  1152/5000 batch 7560 loss=  -0.001 pol=  0.477 vL= 0.365 kl= 0.34 H=  5.09 adv=+0.000 r̄= 0.174 succ=34.5% >exp= 0.0% el=2h40m eta=8h56m
  ep  1472/5000 batch 7580 loss=   0.659 pol=  0.860 vL= 0.864 kl= 0.36 H=  4.78 adv=+0.000 r̄=-0.643 succ=34.5% >exp= 0.0% el=2h40m eta=6h25m
  ep  1792/5000 batch 7600 loss=  -0.245 pol= -0.555 vL= 0.415 kl= 0.33 H=  5.95 adv=+0.000 r̄=-0.368 succ=34.5% >exp= 0.0% el=2h41m eta=4h48m
  ep  2112/5000 batch 7620 loss=  -0.035 pol= -1.079 vL= 0.592 kl= 0.17 H=  5.29 adv=+0.000 r̄= 0.005 succ=34.5% >exp= 0.0% el=2h41m eta=3h41m
  ep  2432/5000 batch 7640 loss=  -0.105 pol= -0.351 vL= 0.168 kl= 0.38 H=  7.03 adv=-0.000 r̄=-0.732 succ=34.5% >exp= 0.0% el=2h42m eta=2h51m
  ep  2752/5000 batch 7660 loss=   0.200 pol= -0.419 vL= 0.220 kl= 0.33 H=  4.37 adv=+0.000 r̄=-0.266 succ=34.5% >exp= 0.0% el=2h42m eta=2h12m
  ep  3072/5000 batch 7680 loss=  -0.008 pol= -0.645 vL= 0.390 kl= 1.30 H=  5.80 adv=+0.000 r̄=-0.107 succ=34.5% >exp= 0.0% el=2h43m eta=1h42m
  ep  3392/5000 batch 7700 loss=  -0.124 pol= -0.033 vL= 0.432 kl= 0.26 H=  4.15 adv=-0.000 r̄=-0.159 succ=34.5% >exp= 0.0% el=2h43m eta=1h17m
  ep  3712/5000 batch 7720 loss=   0.587 pol= -0.229 vL= 0.363 kl= 0.32 H=  4.49 adv=+0.000 r̄=-0.156 succ=34.5% >exp= 0.0% el=2h43m eta=56m52s
  ep  4032/5000 batch 7740 loss=   0.044 pol=  0.356 vL= 0.779 kl= 0.35 H=  5.35 adv=-0.000 r̄=-0.673 succ=34.5% >exp= 0.0% el=2h44m eta=39m26s
  ep  4352/5000 batch 7760 loss=   0.045 pol=  0.442 vL= 0.834 kl= 0.08 H=  2.90 adv=+0.000 r̄=-0.622 succ=34.5% >exp= 0.0% el=2h44m eta=24m31s
  ep  4672/5000 batch 7780 loss=  -0.063 pol= -1.005 vL= 0.184 kl= 0.25 H=  4.83 adv=+0.000 r̄= 0.101 succ=34.5% >exp= 0.0% el=2h45m eta=11m35s
  ep  4992/5000 batch 7800 loss=   0.123 pol= -0.049 vL= 0.505 kl= 0.31 H=  3.39 adv=-0.000 r̄= 0.255 succ=34.5% >exp= 0.0% el=2h45m eta=  16s
  >>> Epoch 25/50 DONE: succ=34.4% (1718/5000) mean_loss= 0.0711 mean_reward=-0.310 mean_KL=0.298 mean_H=4.58 epoch_time= 6m37s

=== Epoch 26/50 — resetting substrate ===
  ep   320/5000 batch 7820 loss=   0.202 pol= -0.612 vL= 0.718 kl= 0.28 H=  3.43 adv=-0.000 r̄=-0.243 succ=34.6% >exp= 0.0% el=2h46m eta=40h27m
  ep   640/5000 batch 7840 loss=   0.107 pol= -1.179 vL= 0.380 kl= 0.55 H=  4.44 adv=+0.000 r̄=-0.127 succ=34.5% >exp= 0.0% el=2h46m eta=18h53m
  ep   960/5000 batch 7860 loss=   0.189 pol= -0.144 vL= 0.417 kl= 0.46 H=  4.25 adv=+0.000 r̄=-0.151 succ=34.5% >exp= 0.0% el=2h46m eta=11h42m
  ep  1280/5000 batch 7880 loss=   0.001 pol=  1.536 vL= 0.507 kl= 0.54 H=  3.83 adv=+0.000 r̄=-0.753 succ=34.5% >exp= 0.0% el=2h47m eta=8h06m
  ep  1600/5000 batch 7900 loss=   0.008 pol=  0.500 vL= 0.416 kl= 0.36 H=  2.99 adv=+0.000 r̄=-0.625 succ=34.5% >exp= 0.0% el=2h47m eta=5h56m
  ep  1920/5000 batch 7920 loss=   0.163 pol=  0.330 vL= 0.731 kl= 0.42 H=  3.01 adv=+0.000 r̄=-0.224 succ=34.5% >exp= 0.0% el=2h48m eta=4h29m
  ep  2240/5000 batch 7940 loss=   0.255 pol=  0.148 vL= 0.704 kl= 0.22 H=  4.18 adv=-0.000 r̄=-0.360 succ=34.5% >exp= 0.0% el=2h48m eta=3h27m
  ep  2560/5000 batch 7960 loss=  -0.167 pol= -1.347 vL= 0.757 kl= 0.86 H=  4.40 adv=-0.000 r̄=-0.225 succ=34.5% >exp= 0.0% el=2h48m eta=2h41m
  ep  2880/5000 batch 7980 loss=   0.326 pol=  0.727 vL= 0.715 kl= 0.04 H=  3.44 adv=-0.000 r̄=-0.751 succ=34.5% >exp= 0.0% el=2h49m eta=2h04m
  ep  3200/5000 batch 8000 loss=  -0.100 pol= -0.773 vL= 0.409 kl= 0.15 H=  3.41 adv=+0.000 r̄=-0.488 succ=34.5% >exp= 0.0% el=2h49m eta=1h35m
  ep  3520/5000 batch 8020 loss=  -0.038 pol=  0.068 vL= 0.643 kl= 0.54 H=  2.66 adv=+0.000 r̄=-0.241 succ=34.5% >exp= 0.0% el=2h50m eta=1h11m
  ep  3840/5000 batch 8040 loss=   0.111 pol= -0.011 vL= 0.991 kl= 0.48 H=  3.22 adv=-0.000 r̄=-0.492 succ=34.5% >exp= 0.0% el=2h50m eta=51m34s
  ep  4160/5000 batch 8060 loss=   0.366 pol=  0.267 vL= 0.780 kl= 0.24 H=  3.95 adv=+0.000 r̄=-0.250 succ=34.5% >exp= 0.0% el=2h51m eta=34m33s
  ep  4480/5000 batch 8080 loss=  -0.147 pol= -0.090 vL= 0.503 kl= 0.13 H=  2.55 adv=+0.000 r̄= 0.141 succ=34.5% >exp= 0.0% el=2h51m eta=19m55s
  ep  4800/5000 batch 8100 loss=   0.108 pol=  0.123 vL= 0.732 kl= 0.43 H=  3.21 adv=+0.000 r̄=-0.223 succ=34.5% >exp= 0.0% el=2h52m eta= 7m10s
  >>> Epoch 26/50 DONE: succ=34.3% (1717/5000) mean_loss= 0.0991 mean_reward=-0.311 mean_KL=0.349 mean_H=4.15 epoch_time= 6m42s

=== Epoch 27/50 — resetting substrate ===
  ep   128/5000 batch 8120 loss=   0.238 pol= -0.853 vL= 0.220 kl= 0.28 H=  4.63 adv=+0.000 r̄=-0.023 succ=34.5% >exp= 0.0% el=2h52m eta=109h24m
  ep   448/5000 batch 8140 loss=   0.043 pol=  0.974 vL= 0.510 kl= 0.24 H=  3.65 adv=+0.000 r̄=-0.606 succ=34.5% >exp= 0.0% el=2h52m eta=29h16m
  ep   768/5000 batch 8160 loss=   0.066 pol=  0.397 vL= 0.364 kl= 0.25 H=  3.74 adv=+0.000 r̄=-0.743 succ=34.5% >exp= 0.0% el=2h53m eta=15h54m
  ep  1088/5000 batch 8180 loss=   0.060 pol= -0.204 vL= 0.501 kl= 0.37 H=  3.00 adv=+0.000 r̄=-0.251 succ=34.5% >exp= 0.0% el=2h53m eta=10h24m
  ep  1408/5000 batch 8200 loss=   0.233 pol=  0.427 vL= 0.635 kl= 0.53 H=  4.05 adv=-0.000 r̄=-0.387 succ=34.5% >exp= 0.0% el=2h54m eta=7h24m
  ep  1728/5000 batch 8220 loss=   0.154 pol=  0.108 vL= 0.344 kl= 0.51 H=  3.33 adv=+0.000 r̄=-0.026 succ=34.5% >exp= 0.0% el=2h54m eta=5h30m
  ep  2048/5000 batch 8240 loss=   0.225 pol= -0.379 vL= 0.522 kl= 0.66 H=  3.58 adv=-0.000 r̄=-0.246 succ=34.5% >exp= 0.0% el=2h54m eta=4h12m
  ep  2368/5000 batch 8260 loss=   0.168 pol= -0.423 vL= 0.536 kl= 0.45 H=  4.02 adv=-0.000 r̄=-0.394 succ=34.5% >exp= 0.0% el=2h55m eta=3h14m
  ep  2688/5000 batch 8280 loss=   0.133 pol=  0.779 vL= 0.499 kl= 0.19 H=  3.90 adv=+0.000 r̄=-0.385 succ=34.5% >exp= 0.0% el=2h55m eta=2h31m
  ep  3008/5000 batch 8300 loss=  -0.185 pol= -0.968 vL= 0.388 kl= 0.24 H=  3.42 adv=+0.000 r̄= 0.132 succ=34.5% >exp= 0.0% el=2h56m eta=1h56m
  ep  3328/5000 batch 8320 loss=  -0.136 pol=  0.306 vL= 0.275 kl= 0.19 H=  3.30 adv=+0.000 r̄=-0.738 succ=34.5% >exp= 0.0% el=2h56m eta=1h28m
  ep  3648/5000 batch 8340 loss=   0.302 pol= -0.575 vL= 0.917 kl= 0.26 H=  4.19 adv=-0.000 r̄=-0.146 succ=34.5% >exp= 0.0% el=2h57m eta=1h05m
  ep  3968/5000 batch 8360 loss=   0.133 pol= -0.266 vL= 0.216 kl= 0.16 H=  4.27 adv=+0.000 r̄=-0.479 succ=34.5% >exp= 0.0% el=2h57m eta=46m09s
  ep  4288/5000 batch 8380 loss=  -0.007 pol= -0.864 vL= 0.364 kl= 0.29 H=  5.20 adv=-0.000 r̄=-0.086 succ=34.5% >exp= 0.0% el=2h57m eta=29m32s
  ep  4608/5000 batch 8400 loss=   0.209 pol=  0.178 vL= 0.292 kl= 0.20 H=  2.91 adv=+0.000 r̄= 0.635 succ=34.5% >exp= 0.0% el=2h58m eta=15m10s
  ep  4928/5000 batch 8420 loss=   0.113 pol=  0.059 vL= 0.335 kl= 0.18 H=  3.65 adv=-0.000 r̄=-0.343 succ=34.5% >exp= 0.0% el=2h58m eta= 2m36s
  >>> Epoch 27/50 DONE: succ=34.2% (1711/5000) mean_loss= 0.1026 mean_reward=-0.315 mean_KL=0.337 mean_H=4.16 epoch_time= 6m30s

=== Epoch 28/50 — resetting substrate ===
  ep   256/5000 batch 8440 loss=  -0.177 pol= -2.046 vL= 0.405 kl= 0.11 H=  5.76 adv=+0.000 r̄=-0.334 succ=34.5% >exp= 0.0% el=2h59m eta=55h19m
  ep   576/5000 batch 8460 loss=   0.418 pol= -0.235 vL= 0.451 kl= 0.14 H=  4.22 adv=-0.000 r̄=-0.354 succ=34.5% >exp= 0.0% el=2h59m eta=22h58m
  ep   896/5000 batch 8480 loss=   0.155 pol= -1.538 vL= 0.275 kl= 0.34 H=  5.89 adv=+0.000 r̄=-0.235 succ=34.5% >exp= 0.0% el=2h59m eta=13h44m
  ep  1216/5000 batch 8500 loss=   0.134 pol=  0.408 vL= 0.402 kl= 0.27 H=  5.80 adv=+0.000 r̄=-0.628 succ=34.5% >exp= 0.0% el=3h00m eta=9h21m
  ep  1536/5000 batch 8520 loss=  -0.533 pol= -0.959 vL= 0.370 kl= 0.26 H=  5.86 adv=-0.000 r̄=-0.121 succ=34.5% >exp= 0.0% el=3h00m eta=6h47m
  ep  1856/5000 batch 8540 loss=   0.287 pol= -1.923 vL= 0.799 kl= 0.31 H=  5.97 adv=+0.000 r̄=-0.164 succ=34.5% >exp= 0.0% el=3h01m eta=5h07m
  ep  2176/5000 batch 8560 loss=   0.189 pol= -0.009 vL= 0.587 kl= 0.21 H=  3.62 adv=+0.000 r̄=-0.218 succ=34.5% >exp= 0.0% el=3h01m eta=3h55m
  ep  2496/5000 batch 8580 loss=  -0.110 pol= -0.292 vL= 0.482 kl= 0.16 H=  4.75 adv=-0.000 r̄=-0.066 succ=34.5% >exp= 0.0% el=3h02m eta=3h02m
  ep  2816/5000 batch 8600 loss=   0.213 pol= -2.069 vL= 0.700 kl= 0.19 H=  4.56 adv=+0.000 r̄=-0.508 succ=34.5% >exp= 0.0% el=3h02m eta=2h21m
  ep  3136/5000 batch 8620 loss=  -0.347 pol= -0.043 vL= 0.549 kl= 0.33 H=  5.82 adv=-0.000 r̄=-0.357 succ=34.5% >exp= 0.0% el=3h02m eta=1h48m
  ep  3456/5000 batch 8640 loss=   0.354 pol= -0.388 vL= 0.840 kl= 0.43 H=  5.20 adv=+0.000 r̄=-0.118 succ=34.5% >exp= 0.0% el=3h03m eta=1h21m
  ep  3776/5000 batch 8660 loss=   0.149 pol=  0.480 vL= 0.599 kl= 0.21 H=  4.50 adv=-0.000 r̄=-0.394 succ=34.5% >exp= 0.0% el=3h03m eta=59m34s
  ep  4096/5000 batch 8680 loss=   0.266 pol=  0.014 vL= 0.438 kl= 0.14 H=  4.37 adv=-0.000 r̄=-0.132 succ=34.5% >exp= 0.0% el=3h04m eta=40m39s
  ep  4416/5000 batch 8700 loss=  -0.055 pol= -0.395 vL= 0.609 kl= 0.17 H=  4.84 adv=-0.000 r̄=-0.159 succ=34.5% >exp= 0.0% el=3h04m eta=24m25s
  ep  4736/5000 batch 8720 loss=  -0.198 pol= -0.456 vL= 0.330 kl= 0.21 H=  3.35 adv=-0.000 r̄=-0.364 succ=34.5% >exp= 0.0% el=3h05m eta=10m18s
  >>> Epoch 28/50 DONE: succ=35.1% (1755/5000) mean_loss= 0.0792 mean_reward=-0.296 mean_KL=0.252 mean_H=4.64 epoch_time= 6m36s

=== Epoch 29/50 — resetting substrate ===
  ep    64/5000 batch 8740 loss=   0.602 pol= -0.029 vL= 0.670 kl= 0.10 H=  7.19 adv=-0.000 r̄=-0.477 succ=34.6% >exp= 0.0% el=3h05m eta=238h25m
  ep   384/5000 batch 8760 loss=   0.263 pol=  0.442 vL= 0.536 kl= 0.19 H=  3.18 adv=+0.000 r̄=-0.736 succ=34.6% >exp= 0.0% el=3h05m eta=37h14m
  ep   704/5000 batch 8780 loss=   0.204 pol=  1.417 vL= 0.551 kl= 0.11 H=  4.40 adv=+0.000 r̄=-0.866 succ=34.5% >exp= 0.0% el=3h06m eta=18h57m
  ep  1024/5000 batch 8800 loss=   0.136 pol=  0.553 vL= 0.369 kl= 0.15 H=  3.26 adv=+0.000 r̄=-0.525 succ=34.5% >exp= 0.0% el=3h06m eta=12h05m
  ep  1344/5000 batch 8820 loss=   0.007 pol=  0.444 vL= 0.783 kl= 0.06 H=  2.33 adv=-0.000 r̄=-0.608 succ=34.5% >exp= 0.0% el=3h07m eta=8h29m
  ep  1664/5000 batch 8840 loss=   0.202 pol= -0.180 vL= 0.637 kl= 0.37 H=  3.29 adv=+0.000 r̄=-0.746 succ=34.5% >exp= 0.0% el=3h07m eta=6h16m
  ep  1984/5000 batch 8860 loss=   0.027 pol=  0.401 vL= 0.583 kl= 0.19 H=  3.14 adv=-0.000 r̄=-0.118 succ=34.6% >exp= 0.0% el=3h08m eta=4h45m
  ep  2304/5000 batch 8880 loss=  -0.096 pol=  0.001 vL= 0.610 kl= 0.11 H=  4.50 adv=+0.000 r̄=-0.493 succ=34.6% >exp= 0.0% el=3h08m eta=3h40m
  ep  2624/5000 batch 8900 loss=  -0.029 pol=  0.775 vL= 0.495 kl= 0.17 H=  4.17 adv=+0.000 r̄=-0.390 succ=34.5% >exp= 0.0% el=3h08m eta=2h51m
  ep  2944/5000 batch 8920 loss=   0.142 pol=  0.169 vL= 0.269 kl= 0.36 H=  7.18 adv=+0.000 r̄=-0.730 succ=34.5% >exp= 0.0% el=3h09m eta=2h12m
  ep  3264/5000 batch 8940 loss=  -0.035 pol= -1.141 vL= 0.487 kl= 0.49 H=  5.39 adv=-0.000 r̄=-0.643 succ=34.5% >exp= 0.0% el=3h09m eta=1h40m
  ep  3584/5000 batch 8960 loss=  -0.304 pol= -0.296 vL= 0.644 kl= 0.40 H=  4.79 adv=+0.000 r̄=-0.391 succ=34.5% >exp= 0.0% el=3h10m eta=1h15m
  ep  3904/5000 batch 8980 loss=   0.862 pol= -1.090 vL= 0.843 kl= 0.40 H=  5.10 adv=+0.000 r̄= 0.261 succ=34.5% >exp= 0.0% el=3h10m eta=53m30s
  ep  4224/5000 batch 9000 loss=   0.104 pol= -0.023 vL= 0.359 kl= 0.48 H=  6.03 adv=-0.000 r̄=-0.614 succ=34.5% >exp= 0.0% el=3h11m eta=35m05s
  ep  4544/5000 batch 9020 loss=   0.348 pol= -0.424 vL= 0.392 kl= 0.63 H=  4.76 adv=+0.000 r̄= 0.055 succ=34.5% >exp= 0.0% el=3h11m eta=19m12s
  ep  4864/5000 batch 9040 loss=   0.198 pol=  0.918 vL= 0.414 kl= 0.31 H=  5.10 adv=+0.000 r̄=-0.745 succ=34.5% >exp= 0.0% el=3h11m eta= 5m21s
  >>> Epoch 29/50 DONE: succ=34.3% (1716/5000) mean_loss= 0.1378 mean_reward=-0.312 mean_KL=0.282 mean_H=4.78 epoch_time= 6m40s

=== Epoch 30/50 — resetting substrate ===
  ep   192/5000 batch 9060 loss=  -0.062 pol= -1.244 vL= 0.347 kl= 0.35 H=  5.71 adv=-0.000 r̄= 0.276 succ=34.5% >exp= 0.0% el=3h12m eta=80h16m
  ep   512/5000 batch 9080 loss=   0.128 pol= -0.469 vL= 0.279 kl= 0.30 H=  6.72 adv=-0.000 r̄=-0.497 succ=34.5% >exp= 0.0% el=3h12m eta=28h09m
  ep   832/5000 batch 9100 loss=  -0.152 pol= -0.958 vL= 0.663 kl= 0.49 H=  5.24 adv=-0.000 r̄=-0.130 succ=34.5% >exp= 0.0% el=3h13m eta=16h07m
  ep  1152/5000 batch 9120 loss=  -0.126 pol= -0.913 vL= 0.581 kl= 0.33 H=  4.03 adv=-0.000 r̄= 0.053 succ=34.5% >exp= 0.0% el=3h13m eta=10h46m
  ep  1472/5000 batch 9140 loss=   0.037 pol= -0.263 vL= 0.411 kl= 0.17 H=  4.97 adv=-0.000 r̄=-0.136 succ=34.5% >exp= 0.0% el=3h14m eta=7h45m
  ep  1792/5000 batch 9160 loss=  -0.022 pol=  0.243 vL= 0.338 kl= 0.17 H=  4.85 adv=+0.000 r̄=-0.484 succ=34.5% >exp= 0.0% el=3h14m eta=5h48m
  ep  2112/5000 batch 9180 loss=   0.168 pol= -1.226 vL= 0.539 kl= 0.23 H=  4.32 adv=+0.000 r̄= 0.002 succ=34.5% >exp= 0.0% el=3h14m eta=4h26m
  ep  2432/5000 batch 9200 loss=   0.133 pol=  0.389 vL= 0.266 kl= 0.18 H=  4.89 adv=+0.000 r̄=-0.645 succ=34.5% >exp= 0.0% el=3h15m eta=3h26m
  ep  2752/5000 batch 9220 loss=   0.064 pol=  1.084 vL= 0.815 kl= 0.21 H=  4.37 adv=-0.000 r̄=-0.743 succ=34.5% >exp= 0.0% el=3h15m eta=2h39m
  ep  3072/5000 batch 9240 loss=  -0.022 pol=  0.235 vL= 0.369 kl= 0.09 H=  4.80 adv=+0.000 r̄=-0.610 succ=34.5% >exp= 0.0% el=3h16m eta=2h03m
  ep  3392/5000 batch 9260 loss=  -0.144 pol=  0.339 vL= 0.700 kl= 0.21 H=  4.11 adv=-0.000 r̄=-0.508 succ=34.5% >exp= 0.0% el=3h16m eta=1h33m
  ep  3712/5000 batch 9280 loss=   0.212 pol=  0.160 vL= 0.384 kl= 0.26 H=  4.90 adv=-0.000 r̄=-0.269 succ=34.5% >exp= 0.0% el=3h16m eta=1h08m
  ep  4032/5000 batch 9300 loss=   0.142 pol= -0.354 vL= 0.634 kl= 0.28 H=  4.59 adv=+0.000 r̄=-0.636 succ=34.5% >exp= 0.0% el=3h17m eta=47m23s
  ep  4352/5000 batch 9320 loss=   0.011 pol= -0.056 vL= 0.534 kl= 0.18 H=  3.07 adv=+0.000 r̄=-0.485 succ=34.5% >exp= 0.0% el=3h17m eta=29m27s
  ep  4672/5000 batch 9340 loss=  -0.235 pol= -0.168 vL= 0.701 kl= 0.29 H=  4.57 adv=+0.000 r̄=-0.035 succ=34.5% >exp= 0.0% el=3h18m eta=13m55s
  ep  4992/5000 batch 9360 loss=   0.328 pol=  0.757 vL= 0.763 kl= 0.16 H=  3.18 adv=-0.000 r̄= 0.231 succ=34.5% >exp= 0.0% el=3h18m eta=  19s
  >>> Epoch 30/50 DONE: succ=34.2% (1708/5000) mean_loss= 0.0279 mean_reward=-0.317 mean_KL=0.274 mean_H=4.55 epoch_time= 6m36s

=== Epoch 31/50 — resetting substrate ===
  ep   320/5000 batch 9380 loss=  -0.211 pol= -0.987 vL= 0.315 kl= 0.20 H=  3.34 adv=+0.000 r̄=-0.106 succ=34.5% >exp= 0.0% el=3h19m eta=48h31m
  ep   640/5000 batch 9400 loss=   0.051 pol= -0.852 vL= 0.548 kl= 0.16 H=  3.96 adv=-0.000 r̄=-0.380 succ=34.5% >exp= 0.0% el=3h19m eta=22h39m
  ep   960/5000 batch 9420 loss=   0.088 pol=  1.117 vL= 0.689 kl= 0.33 H=  4.68 adv=+0.000 r̄=-0.169 succ=34.5% >exp= 0.0% el=3h19m eta=14h01m
  ep  1280/5000 batch 9440 loss=   0.289 pol=  0.869 vL= 0.475 kl= 0.47 H=  4.35 adv=-0.000 r̄=-0.634 succ=34.5% >exp= 0.0% el=3h20m eta=9h42m
  ep  1600/5000 batch 9460 loss=  -0.007 pol= -0.130 vL= 0.503 kl= 0.31 H=  3.46 adv=+0.000 r̄=-0.346 succ=34.5% >exp= 0.0% el=3h20m eta=7h06m
  ep  1920/5000 batch 9480 loss=   0.248 pol=  0.181 vL= 0.493 kl= 0.31 H=  4.35 adv=+0.000 r̄=-0.132 succ=34.5% >exp= 0.0% el=3h21m eta=5h22m
  ep  2240/5000 batch 9500 loss=   0.005 pol= -0.617 vL= 0.346 kl= 0.20 H=  4.92 adv=-0.000 r̄= 0.127 succ=34.5% >exp= 0.0% el=3h21m eta=4h08m
  ep  2560/5000 batch 9520 loss=   0.338 pol= -0.234 vL= 0.776 kl= 0.35 H=  4.65 adv=+0.000 r̄=-0.130 succ=34.5% >exp= 0.0% el=3h22m eta=3h12m
  ep  2880/5000 batch 9540 loss=   0.014 pol=  0.300 vL= 0.302 kl= 0.17 H=  4.87 adv=+0.000 r̄=-0.508 succ=34.5% >exp= 0.0% el=3h22m eta=2h29m
  ep  3200/5000 batch 9560 loss=   0.071 pol= -0.997 vL= 0.408 kl= 0.21 H=  4.41 adv=+0.000 r̄= 0.174 succ=34.5% >exp= 0.0% el=3h22m eta=1h54m
  ep  3520/5000 batch 9580 loss=   0.230 pol= -0.531 vL= 0.302 kl= 0.13 H=  3.84 adv=+0.000 r̄=-0.240 succ=34.5% >exp= 0.0% el=3h23m eta=1h25m
  ep  3840/5000 batch 9600 loss=   0.294 pol= -0.384 vL= 0.640 kl= 0.10 H=  5.11 adv=-0.000 r̄=-0.258 succ=34.5% >exp= 0.0% el=3h23m eta=1h01m
  ep  4160/5000 batch 9620 loss=  -0.056 pol= -0.425 vL= 0.313 kl= 0.06 H=  5.32 adv=-0.000 r̄=-0.257 succ=34.5% >exp= 0.0% el=3h24m eta=41m15s
  ep  4480/5000 batch 9640 loss=  -0.233 pol= -0.467 vL= 0.522 kl= 0.22 H=  2.87 adv=+0.000 r̄= 0.033 succ=34.5% >exp= 0.0% el=3h24m eta=23m45s
  ep  4800/5000 batch 9660 loss=   0.273 pol=  0.488 vL= 0.506 kl= 0.16 H=  4.54 adv=+0.000 r̄=-0.496 succ=34.5% >exp= 0.0% el=3h25m eta= 8m32s
  >>> Epoch 31/50 DONE: succ=34.8% (1741/5000) mean_loss= 0.0936 mean_reward=-0.301 mean_KL=0.249 mean_H=4.47 epoch_time= 6m42s

=== Epoch 32/50 — resetting substrate ===
  ep   128/5000 batch 9680 loss=   0.126 pol= -0.179 vL= 0.345 kl= 0.10 H=  7.10 adv=+0.000 r̄=-0.615 succ=34.5% >exp= 0.0% el=3h25m eta=130h24m
  ep   448/5000 batch 9700 loss=   0.253 pol= -0.546 vL= 0.295 kl= 0.16 H=  3.78 adv=-0.000 r̄=-0.372 succ=34.5% >exp= 0.0% el=3h25m eta=34h52m
  ep   768/5000 batch 9720 loss=   0.213 pol= -0.507 vL= 0.623 kl= 0.17 H=  3.96 adv=-0.000 r̄=-0.345 succ=34.5% >exp= 0.0% el=3h26m eta=18h57m
  ep  1088/5000 batch 9740 loss=  -0.053 pol= -0.203 vL= 0.366 kl= 0.10 H=  4.02 adv=+0.000 r̄=-0.464 succ=34.5% >exp= 0.0% el=3h26m eta=12h23m
  ep  1408/5000 batch 9760 loss=   0.053 pol=  0.248 vL= 0.581 kl= 0.09 H=  4.99 adv=+0.000 r̄=-0.248 succ=34.5% >exp= 0.0% el=3h27m eta=8h48m
  ep  1728/5000 batch 9780 loss=   0.304 pol= -0.011 vL= 0.504 kl= 0.23 H=  4.27 adv=+0.000 r̄= 0.127 succ=34.5% >exp= 0.0% el=3h27m eta=6h33m
  ep  2048/5000 batch 9800 loss=   0.005 pol= -0.702 vL= 0.576 kl= 0.30 H=  3.96 adv=-0.000 r̄=-0.251 succ=34.5% >exp= 0.0% el=3h28m eta=5h00m
  ep  2368/5000 batch 9820 loss=   0.089 pol= -0.602 vL= 0.678 kl= 0.22 H=  3.98 adv=+0.000 r̄=-0.117 succ=34.5% >exp= 0.0% el=3h28m eta=3h51m
  ep  2688/5000 batch 9840 loss=   0.046 pol= -0.209 vL= 0.641 kl= 0.27 H=  3.80 adv=+0.000 r̄= 0.022 succ=34.5% >exp= 0.0% el=3h29m eta=2h59m
  ep  3008/5000 batch 9860 loss=   0.044 pol=  0.407 vL= 0.311 kl= 0.20 H=  3.49 adv=-0.000 r̄=-0.118 succ=34.5% >exp= 0.0% el=3h29m eta=2h18m
  ep  3328/5000 batch 9880 loss=   0.436 pol=  1.417 vL= 0.590 kl= 0.65 H=  3.49 adv=-0.000 r̄=-0.594 succ=34.5% >exp= 0.0% el=3h29m eta=1h45m
  ep  3648/5000 batch 9900 loss=   0.390 pol=  0.200 vL= 0.422 kl= 0.08 H=  4.31 adv=-0.000 r̄=-0.403 succ=34.5% >exp= 0.0% el=3h30m eta=1h17m
  ep  3968/5000 batch 9920 loss=  -0.019 pol=  0.324 vL= 0.494 kl= 0.27 H=  5.91 adv=+0.000 r̄=-0.496 succ=34.5% >exp= 0.0% el=3h30m eta=54m49s
  ep  4288/5000 batch 9940 loss=  -0.047 pol= -2.531 vL= 0.737 kl= 0.33 H=  6.41 adv=+0.000 r̄=-0.201 succ=34.5% >exp= 0.0% el=3h31m eta=35m04s
  ep  4608/5000 batch 9960 loss=  -0.035 pol=  0.461 vL= 0.859 kl= 0.15 H=  5.15 adv=-0.000 r̄= 0.203 succ=34.5% >exp= 0.0% el=3h31m eta=18m00s
  ep  4928/5000 batch 9980 loss=   0.048 pol= -0.029 vL= 0.310 kl= 0.23 H=  3.73 adv=+0.000 r̄=-0.504 succ=34.5% >exp= 0.0% el=3h32m eta= 3m05s
  >>> Epoch 32/50 DONE: succ=34.2% (1708/5000) mean_loss= 0.1149 mean_reward=-0.314 mean_KL=0.215 mean_H=4.75 epoch_time= 6m46s

=== Epoch 33/50 — resetting substrate ===
  ep   256/5000 batch 10000 loss=  -0.027 pol= -1.136 vL= 0.195 kl= 0.33 H=  4.10 adv=+0.000 r̄=-0.203 succ=34.5% >exp= 0.0% el=3h32m eta=65h38m
  ep   576/5000 batch 10020 loss=   0.206 pol=  0.526 vL= 0.722 kl= 0.30 H=  4.06 adv=+0.000 r̄=-0.133 succ=34.5% >exp= 0.0% el=3h32m eta=27h15m
  ep   896/5000 batch 10040 loss=   0.086 pol= -0.899 vL= 0.196 kl= 0.25 H=  5.27 adv=+0.000 r̄=-0.461 succ=34.5% >exp= 0.0% el=3h33m eta=16h17m
  ep  1216/5000 batch 10060 loss=   0.258 pol=  0.777 vL= 0.087 kl= 0.31 H=  5.52 adv=-0.000 r̄=-0.743 succ=34.5% >exp= 0.0% el=3h33m eta=11h05m
  ep  1536/5000 batch 10080 loss=  -0.241 pol= -2.063 vL= 0.522 kl= 0.28 H=  5.21 adv=-0.000 r̄=-0.277 succ=34.5% >exp= 0.0% el=3h34m eta=8h03m
  ep  1856/5000 batch 10100 loss=   0.117 pol=  0.048 vL= 0.631 kl= 0.34 H=  5.30 adv=-0.000 r̄=-0.383 succ=34.5% >exp= 0.0% el=3h34m eta=6h03m
  ep  2176/5000 batch 10120 loss=   0.186 pol=  0.052 vL= 0.468 kl= 0.16 H=  4.15 adv=-0.000 r̄=-0.123 succ=34.5% >exp= 0.0% el=3h35m eta=4h39m
  ep  2496/5000 batch 10140 loss=   0.093 pol= -0.241 vL= 0.323 kl= 0.37 H=  6.47 adv=+0.000 r̄= 0.169 succ=34.5% >exp= 0.0% el=3h35m eta=3h36m
  ep  2816/5000 batch 10160 loss=   0.187 pol= -1.174 vL= 0.487 kl= 0.23 H=  4.76 adv=+0.000 r̄=-0.129 succ=34.5% >exp= 0.0% el=3h36m eta=2h47m
  ep  3136/5000 batch 10180 loss=  -0.214 pol= -0.521 vL= 0.231 kl= 0.10 H=  5.48 adv=+0.000 r̄=-0.470 succ=34.5% >exp= 0.0% el=3h36m eta=2h08m
  ep  3456/5000 batch 10200 loss=   0.218 pol= -1.326 vL= 0.403 kl= 0.31 H=  4.89 adv=-0.000 r̄= 0.414 succ=34.5% >exp= 0.0% el=3h36m eta=1h36m
  ep  3776/5000 batch 10220 loss=  -0.068 pol=  1.328 vL= 0.449 kl= 0.23 H=  4.40 adv=+0.000 r̄=-0.635 succ=34.5% >exp= 0.0% el=3h37m eta=1h10m
  ep  4096/5000 batch 10240 loss=   0.273 pol= -0.376 vL= 0.337 kl= 0.17 H=  4.86 adv=+0.000 r̄= 0.008 succ=34.5% >exp= 0.0% el=3h37m eta=48m04s
  ep  4416/5000 batch 10260 loss=   0.005 pol=  0.270 vL= 0.617 kl= 0.14 H=  3.69 adv=+0.000 r̄=-0.380 succ=34.5% >exp= 0.0% el=3h38m eta=28m52s
  ep  4736/5000 batch 10280 loss=   0.171 pol=  0.396 vL= 0.387 kl= 0.11 H=  3.21 adv=+0.000 r̄=-0.132 succ=34.5% >exp= 0.0% el=3h38m eta=12m11s
  >>> Epoch 33/50 DONE: succ=35.5% (1776/5000) mean_loss= 0.0854 mean_reward=-0.287 mean_KL=0.228 mean_H=4.69 epoch_time= 6m54s

=== Epoch 34/50 — resetting substrate ===
  ep    64/5000 batch 10300 loss=   0.048 pol=  0.553 vL= 0.378 kl= 0.17 H=  5.22 adv=-0.000 r̄=-0.201 succ=34.6% >exp= 0.0% el=3h39m eta=281h44m
  ep   384/5000 batch 10320 loss=   0.290 pol= -0.291 vL= 0.558 kl= 0.14 H=  4.93 adv=-0.000 r̄=-0.124 succ=34.6% >exp= 0.0% el=3h39m eta=44h00m
  ep   704/5000 batch 10340 loss=  -0.095 pol= -1.460 vL= 0.203 kl= 0.43 H=  4.77 adv=-0.000 r̄=-0.594 succ=34.6% >exp= 0.0% el=3h40m eta=22h22m
  ep  1024/5000 batch 10360 loss=   0.150 pol=  0.346 vL= 0.400 kl= 0.29 H=  4.67 adv=+0.000 r̄=-0.221 succ=34.6% >exp= 0.0% el=3h40m eta=14h16m
  ep  1344/5000 batch 10380 loss=  -0.004 pol= -0.563 vL= 0.372 kl= 0.10 H=  3.31 adv=+0.000 r̄=-0.029 succ=34.6% >exp= 0.0% el=3h40m eta=10h01m
  ep  1664/5000 batch 10400 loss=   0.200 pol= -1.261 vL= 0.424 kl= 0.14 H=  4.11 adv=+0.000 r̄=-0.611 succ=34.6% >exp= 0.0% el=3h41m eta=7h23m
  ep  1984/5000 batch 10420 loss=  -0.338 pol= -0.425 vL= 0.327 kl= 0.17 H=  3.83 adv=-0.000 r̄=-0.617 succ=34.6% >exp= 0.0% el=3h41m eta=5h37m
  ep  2304/5000 batch 10440 loss=   0.203 pol=  1.199 vL= 1.051 kl= 0.19 H=  4.54 adv=+0.000 r̄=-0.729 succ=34.6% >exp= 0.0% el=3h42m eta=4h20m
  ep  2624/5000 batch 10460 loss=   0.248 pol=  0.138 vL= 0.670 kl= 0.33 H=  4.80 adv=+0.000 r̄=-0.183 succ=34.6% >exp= 0.0% el=3h42m eta=3h21m
  ep  2944/5000 batch 10480 loss=   0.324 pol= -0.692 vL= 0.311 kl= 1.61 H=  5.14 adv=+0.000 r̄=-0.606 succ=34.6% >exp= 0.0% el=3h43m eta=2h35m
  ep  3264/5000 batch 10500 loss=  -0.101 pol= -0.108 vL= 0.747 kl= 0.13 H=  3.96 adv=-0.000 r̄=-0.640 succ=34.6% >exp= 0.0% el=3h43m eta=1h58m
  ep  3584/5000 batch 10520 loss=   0.300 pol= -0.717 vL= 0.450 kl= 0.28 H=  4.07 adv=+0.000 r̄=-0.338 succ=34.6% >exp= 0.0% el=3h44m eta=1h28m
  ep  3904/5000 batch 10540 loss=   0.367 pol= -0.314 vL= 0.726 kl= 0.27 H=  3.64 adv=-0.000 r̄=-0.145 succ=34.6% >exp= 0.0% el=3h44m eta=1h03m
  ep  4224/5000 batch 10560 loss=   0.292 pol= -1.289 vL= 0.251 kl= 0.33 H=  7.42 adv=+0.000 r̄=-0.490 succ=34.6% >exp= 0.0% el=3h44m eta=41m19s
  ep  4544/5000 batch 10580 loss=   0.197 pol=  0.147 vL= 0.529 kl= 0.10 H=  3.97 adv=-0.000 r̄=-0.233 succ=34.6% >exp= 0.0% el=3h45m eta=22m37s
  ep  4864/5000 batch 10600 loss=   0.024 pol=  0.425 vL= 0.383 kl= 0.09 H=  5.03 adv=+0.000 r̄=-0.616 succ=34.6% >exp= 0.0% el=3h45m eta= 6m18s
  >>> Epoch 34/50 DONE: succ=34.9% (1746/5000) mean_loss= 0.1337 mean_reward=-0.299 mean_KL=0.241 mean_H=4.37 epoch_time= 6m56s

=== Epoch 35/50 — resetting substrate ===
  ep   192/5000 batch 10620 loss=  -0.051 pol= -1.309 vL= 0.497 kl= 0.24 H=  5.39 adv=+0.000 r̄= 0.171 succ=34.6% >exp= 0.0% el=3h46m eta=94h26m
  ep   512/5000 batch 10640 loss=  -0.069 pol=  0.606 vL= 0.150 kl= 0.08 H=  5.33 adv=-0.000 r̄=-0.780 succ=34.6% >exp= 0.0% el=3h46m eta=33h07m
  ep   832/5000 batch 10660 loss=   0.045 pol= -1.084 vL= 0.352 kl= 0.41 H=  4.30 adv=-0.000 r̄= 0.107 succ=34.6% >exp= 0.0% el=3h47m eta=18h58m
  ep  1152/5000 batch 10680 loss=  -0.034 pol=  0.609 vL= 0.311 kl= 0.37 H=  3.25 adv=+0.000 r̄= 0.028 succ=34.6% >exp= 0.0% el=3h47m eta=12h40m
  ep  1472/5000 batch 10700 loss=   0.375 pol=  0.227 vL= 0.576 kl= 0.40 H=  4.12 adv=+0.000 r̄=-0.625 succ=34.5% >exp= 0.0% el=3h48m eta=9h06m
  ep  1792/5000 batch 10720 loss=   0.028 pol=  0.043 vL= 0.575 kl= 0.67 H=  5.50 adv=-0.000 r̄=-0.507 succ=34.5% >exp= 0.0% el=3h48m eta=6h49m
  ep  2112/5000 batch 10740 loss=   0.163 pol= -0.292 vL= 0.481 kl= 0.11 H=  3.10 adv=+0.000 r̄=-0.113 succ=34.6% >exp= 0.0% el=3h48m eta=5h13m
  ep  2432/5000 batch 10760 loss=   0.152 pol= -1.625 vL= 0.781 kl= 0.40 H=  5.96 adv=+0.000 r̄=-0.499 succ=34.6% >exp= 0.0% el=3h49m eta=4h02m
  ep  2752/5000 batch 10780 loss=   0.005 pol=  0.496 vL= 0.447 kl= 0.16 H=  4.34 adv=-0.000 r̄=-0.611 succ=34.6% >exp= 0.0% el=3h49m eta=3h07m
  ep  3072/5000 batch 10800 loss=   0.272 pol= -0.335 vL= 0.364 kl= 0.21 H=  5.72 adv=-0.000 r̄=-0.232 succ=34.5% >exp= 0.0% el=3h50m eta=2h24m
  ep  3392/5000 batch 10820 loss=  -0.110 pol= -0.439 vL= 0.466 kl= 0.61 H=  4.83 adv=+0.000 r̄= 0.034 succ=34.6% >exp= 0.0% el=3h50m eta=1h49m
  ep  3712/5000 batch 10840 loss=  -0.014 pol= -1.086 vL= 0.361 kl= 0.13 H=  4.96 adv=+0.000 r̄=-0.308 succ=34.6% >exp= 0.0% el=3h51m eta=1h20m
  ep  4032/5000 batch 10860 loss=   0.128 pol= -0.586 vL= 0.459 kl= 0.12 H=  4.59 adv=+0.000 r̄=-0.405 succ=34.6% >exp= 0.0% el=3h51m eta=55m38s
  ep  4352/5000 batch 10880 loss=  -0.082 pol= -0.391 vL= 0.412 kl= 0.17 H=  3.03 adv=+0.000 r̄=-0.473 succ=34.6% >exp= 0.0% el=3h52m eta=34m34s
  ep  4672/5000 batch 10900 loss=  -0.221 pol= -0.087 vL= 0.460 kl= 0.17 H=  5.88 adv=+0.000 r̄=-0.364 succ=34.6% >exp= 0.0% el=3h52m eta=16m20s
  ep  4992/5000 batch 10920 loss=   0.384 pol=  0.362 vL= 0.781 kl= 0.29 H=  3.49 adv=+0.000 r̄=-0.093 succ=34.6% >exp= 0.0% el=3h53m eta=  22s
  >>> Epoch 35/50 DONE: succ=34.9% (1747/5000) mean_loss= 0.0581 mean_reward=-0.299 mean_KL=0.229 mean_H=4.58 epoch_time= 7m05s

=== Epoch 36/50 — resetting substrate ===
  ep   320/5000 batch 10940 loss=   0.251 pol= -0.528 vL= 0.848 kl= 0.37 H=  4.52 adv=+0.000 r̄=-0.366 succ=34.6% >exp= 0.0% el=3h53m eta=56h56m
  ep   640/5000 batch 10960 loss=  -0.025 pol= -0.778 vL= 0.462 kl= 0.50 H=  5.84 adv=-0.000 r̄=-0.222 succ=34.6% >exp= 0.0% el=3h54m eta=26h34m
  ep   960/5000 batch 10980 loss=  -0.119 pol=  0.197 vL= 0.316 kl= 0.25 H=  5.95 adv=+0.000 r̄=-0.402 succ=34.6% >exp= 0.0% el=3h54m eta=16h26m
  ep  1280/5000 batch 11000 loss=   0.490 pol=  1.231 vL= 0.601 kl= 0.13 H=  4.04 adv=-0.000 r̄=-0.785 succ=34.6% >exp= 0.0% el=3h54m eta=11h22m
  ep  1600/5000 batch 11020 loss=   0.185 pol=  0.581 vL= 0.683 kl= 0.39 H=  4.60 adv=+0.000 r̄=-0.502 succ=34.6% >exp= 0.0% el=3h55m eta=8h20m
  ep  1920/5000 batch 11040 loss=  -0.114 pol= -0.195 vL= 0.846 kl= 0.40 H=  4.36 adv=+0.000 r̄=-0.253 succ=34.6% >exp= 0.0% el=3h55m eta=6h18m
  ep  2240/5000 batch 11060 loss=   0.070 pol= -0.365 vL= 0.288 kl= 0.15 H=  4.87 adv=+0.000 r̄=-0.049 succ=34.6% >exp= 0.0% el=3h56m eta=4h51m
  ep  2560/5000 batch 11080 loss=   0.084 pol=  1.071 vL= 0.844 kl= 0.12 H=  3.95 adv=+0.000 r̄=-0.766 succ=34.6% >exp= 0.0% el=3h56m eta=3h45m
  ep  2880/5000 batch 11100 loss=  -0.090 pol=  0.006 vL= 0.525 kl= 0.17 H=  5.91 adv=-0.000 r̄=-0.382 succ=34.6% >exp= 0.0% el=3h57m eta=2h54m
  ep  3200/5000 batch 11120 loss=  -0.318 pol= -1.101 vL= 0.566 kl= 0.20 H=  5.51 adv=-0.000 r̄=-0.234 succ=34.6% >exp= 0.0% el=3h57m eta=2h13m
  ep  3520/5000 batch 11140 loss=  -0.138 pol= -0.255 vL= 0.467 kl= 0.10 H=  4.10 adv=+0.000 r̄=-0.491 succ=34.5% >exp= 0.0% el=3h58m eta=1h40m
  ep  3840/5000 batch 11160 loss=   0.008 pol= -0.354 vL= 0.485 kl= 0.05 H=  3.77 adv=+0.000 r̄=-0.624 succ=34.5% >exp= 0.0% el=3h58m eta=1h12m
  ep  4160/5000 batch 11180 loss=   0.048 pol=  0.179 vL= 0.600 kl= 0.10 H=  4.63 adv=-0.000 r̄=-0.353 succ=34.5% >exp= 0.0% el=3h58m eta=48m14s
  ep  4480/5000 batch 11200 loss=   0.122 pol= -0.226 vL= 0.749 kl= 0.08 H=  3.02 adv=+0.000 r̄=-0.406 succ=34.6% >exp= 0.0% el=3h59m eta=27m47s
  ep  4800/5000 batch 11220 loss=   0.006 pol= -0.956 vL= 0.798 kl= 0.23 H=  3.70 adv=+0.000 r̄=-0.255 succ=34.6% >exp= 0.0% el=3h59m eta= 9m59s
  >>> Epoch 36/50 DONE: succ=34.1% (1706/5000) mean_loss= 0.0412 mean_reward=-0.315 mean_KL=0.243 mean_H=5.16 epoch_time= 6m59s

=== Epoch 37/50 — resetting substrate ===
  ep   128/5000 batch 11240 loss=   0.279 pol=  0.099 vL= 0.709 kl= 0.12 H=  5.61 adv=+0.000 r̄=-0.491 succ=34.6% >exp= 0.0% el=4h00m eta=152h26m
  ep   448/5000 batch 11260 loss=  -0.146 pol= -0.282 vL= 0.792 kl= 0.14 H=  4.83 adv=-0.000 r̄= 0.002 succ=34.6% >exp= 0.0% el=4h00m eta=40h46m
  ep   768/5000 batch 11280 loss=  -0.039 pol=  1.286 vL= 0.861 kl= 0.10 H=  3.60 adv=+0.000 r̄=-0.223 succ=34.6% >exp= 0.0% el=4h01m eta=22h09m
  ep  1088/5000 batch 11300 loss=   0.201 pol= -0.387 vL= 0.474 kl= 0.09 H=  3.17 adv=+0.000 r̄=-0.602 succ=34.6% >exp= 0.0% el=4h01m eta=14h28m
  ep  1408/5000 batch 11320 loss=  -0.052 pol=  0.289 vL= 0.626 kl= 0.18 H=  4.94 adv=+0.000 r̄=-0.636 succ=34.6% >exp= 0.0% el=4h02m eta=10h17m
  ep  1728/5000 batch 11340 loss=   0.041 pol= -1.258 vL= 0.470 kl= 0.28 H=  5.18 adv=+0.000 r̄= 0.135 succ=34.6% >exp= 0.0% el=4h02m eta=7h39m
  ep  2048/5000 batch 11360 loss=   0.348 pol=  0.304 vL= 0.397 kl= 0.44 H=  4.73 adv=-0.000 r̄=-0.500 succ=34.6% >exp= 0.0% el=4h03m eta=5h50m
  ep  2368/5000 batch 11380 loss=   0.167 pol=  0.815 vL= 0.663 kl= 0.14 H=  3.07 adv=+0.000 r̄=-0.521 succ=34.6% >exp= 0.0% el=4h03m eta=4h30m
  ep  2688/5000 batch 11400 loss=  -0.068 pol= -1.316 vL= 0.364 kl= 0.22 H=  5.28 adv=-0.000 r̄= 0.149 succ=34.6% >exp= 0.0% el=4h03m eta=3h29m
  ep  3008/5000 batch 11420 loss=  -0.214 pol=  0.985 vL= 0.719 kl= 0.08 H=  3.25 adv=+0.000 r̄=-0.395 succ=34.6% >exp= 0.0% el=4h04m eta=2h41m
  ep  3328/5000 batch 11440 loss=   0.224 pol=  0.730 vL= 0.174 kl= 0.09 H=  3.19 adv=+0.000 r̄=-0.604 succ=34.6% >exp= 0.0% el=4h04m eta=2h03m
  ep  3648/5000 batch 11460 loss=   0.181 pol=  0.486 vL= 0.637 kl= 0.21 H=  3.83 adv=+0.000 r̄=-0.127 succ=34.6% >exp= 0.0% el=4h05m eta=1h30m
  ep  3968/5000 batch 11480 loss=   0.206 pol=  0.591 vL= 0.433 kl= 0.06 H=  3.48 adv=+0.000 r̄=-0.862 succ=34.6% >exp= 0.0% el=4h05m eta=1h03m
  ep  4288/5000 batch 11500 loss=   0.011 pol=  0.361 vL= 0.238 kl= 0.18 H=  3.04 adv=+0.000 r̄=-0.342 succ=34.6% >exp= 0.0% el=4h06m eta=40m53s
  ep  4608/5000 batch 11520 loss=   0.374 pol= -0.792 vL= 0.719 kl= 0.36 H=  4.13 adv=+0.000 r̄= 0.267 succ=34.6% >exp= 0.0% el=4h06m eta=20m59s
  ep  4928/5000 batch 11540 loss=   0.125 pol=  0.071 vL= 0.204 kl= 0.29 H=  4.22 adv=+0.000 r̄=-0.466 succ=34.6% >exp= 0.0% el=4h07m eta= 3m36s
  >>> Epoch 37/50 DONE: succ=35.1% (1754/5000) mean_loss= 0.0923 mean_reward=-0.296 mean_KL=0.247 mean_H=4.40 epoch_time= 7m05s

=== Epoch 38/50 — resetting substrate ===
  ep   256/5000 batch 11560 loss=   0.025 pol= -0.245 vL= 0.685 kl= 0.38 H=  5.57 adv=+0.000 r̄=-0.237 succ=34.6% >exp= 0.0% el=4h07m eta=76h27m
  ep   576/5000 batch 11580 loss=  -0.070 pol= -0.661 vL= 0.402 kl= 0.28 H=  5.88 adv=-0.000 r̄=-0.144 succ=34.6% >exp= 0.0% el=4h07m eta=31h44m
  ep   896/5000 batch 11600 loss=   0.044 pol= -0.518 vL= 0.337 kl= 0.55 H=  4.89 adv=+0.000 r̄=-0.232 succ=34.6% >exp= 0.0% el=4h08m eta=18h57m
  ep  1216/5000 batch 11620 loss=  -0.082 pol= -0.816 vL= 0.386 kl= 0.35 H=  4.12 adv=+0.000 r̄=-0.143 succ=34.6% >exp= 0.0% el=4h08m eta=12h54m
  ep  1536/5000 batch 11640 loss=   0.264 pol= -0.926 vL= 0.727 kl= 0.82 H=  5.16 adv=+0.000 r̄=-0.118 succ=34.6% >exp= 0.0% el=4h09m eta=9h22m
  ep  1856/5000 batch 11660 loss=   0.071 pol= -1.910 vL= 0.982 kl= 0.31 H=  6.48 adv=+0.000 r̄=-0.258 succ=34.6% >exp= 0.0% el=4h09m eta=7h03m
  ep  2176/5000 batch 11680 loss=   0.237 pol= -0.436 vL= 0.451 kl= 0.12 H=  4.11 adv=-0.000 r̄= 0.032 succ=34.6% >exp= 0.0% el=4h10m eta=5h24m
  ep  2496/5000 batch 11700 loss=   0.025 pol=  0.022 vL= 0.473 kl= 0.21 H=  4.66 adv=-0.000 r̄= 0.289 succ=34.6% >exp= 0.0% el=4h10m eta=4h11m
  ep  2816/5000 batch 11720 loss=   0.001 pol= -0.328 vL= 0.305 kl= 0.22 H=  4.13 adv=-0.000 r̄=-0.352 succ=34.6% >exp= 0.0% el=4h11m eta=3h14m
  ep  3136/5000 batch 11740 loss=   0.156 pol=  1.313 vL= 0.361 kl= 0.10 H=  3.65 adv=+0.000 r̄=-0.899 succ=34.5% >exp= 0.0% el=4h11m eta=2h29m
  ep  3456/5000 batch 11760 loss=  -0.291 pol= -1.490 vL= 0.142 kl= 0.20 H=  4.66 adv=+0.000 r̄= 0.585 succ=34.6% >exp= 0.0% el=4h12m eta=1h52m
  ep  3776/5000 batch 11780 loss=   0.442 pol=  0.488 vL= 0.236 kl= 0.12 H=  4.16 adv=+0.000 r̄=-0.631 succ=34.6% >exp= 0.0% el=4h12m eta=1h21m
  ep  4096/5000 batch 11800 loss=   0.280 pol=  0.069 vL= 0.579 kl= 0.08 H=  3.56 adv=+0.000 r̄=-0.225 succ=34.5% >exp= 0.0% el=4h12m eta=55m49s
  ep  4416/5000 batch 11820 loss=   0.060 pol= -0.724 vL= 0.503 kl= 0.22 H=  3.88 adv=+0.000 r̄=-0.133 succ=34.6% >exp= 0.0% el=4h13m eta=33m30s
  ep  4736/5000 batch 11840 loss=  -0.228 pol= -0.622 vL= 0.122 kl= 0.14 H=  4.14 adv=-0.000 r̄=-0.220 succ=34.6% >exp= 0.0% el=4h13m eta=14m08s
  >>> Epoch 38/50 DONE: succ=33.7% (1686/5000) mean_loss= 0.0712 mean_reward=-0.323 mean_KL=0.276 mean_H=4.45 epoch_time= 6m59s

=== Epoch 39/50 — resetting substrate ===
  ep    64/5000 batch 11860 loss=   0.169 pol= -0.955 vL= 0.543 kl= 0.10 H=  5.41 adv=-0.000 r̄=-0.465 succ=34.6% >exp= 0.0% el=4h14m eta=326h51m
  ep   384/5000 batch 11880 loss=   0.012 pol= -0.276 vL= 0.616 kl= 0.15 H=  4.14 adv=-0.000 r̄=-0.357 succ=34.6% >exp= 0.0% el=4h14m eta=51h01m
  ep   704/5000 batch 11900 loss=   0.423 pol=  2.573 vL= 0.159 kl= 0.13 H=  6.14 adv=-0.000 r̄=-1.000 succ=34.5% >exp= 0.0% el=4h15m eta=25h57m
  ep  1024/5000 batch 11920 loss=  -0.128 pol= -0.068 vL= 0.463 kl= 0.11 H=  2.67 adv=+0.000 r̄=-0.603 succ=34.5% >exp= 0.0% el=4h15m eta=16h32m
  ep  1344/5000 batch 11940 loss=   0.065 pol=  0.251 vL= 0.510 kl= 0.07 H=  3.64 adv=+0.000 r̄= 0.136 succ=34.5% >exp= 0.0% el=4h16m eta=11h36m
  ep  1664/5000 batch 11960 loss=   0.137 pol=  0.885 vL= 0.554 kl= 0.10 H=  4.25 adv=+0.000 r̄=-0.769 succ=34.6% >exp= 0.0% el=4h16m eta=8h34m
  ep  1984/5000 batch 11980 loss=   0.553 pol=  0.851 vL= 0.591 kl= 0.17 H=  4.21 adv=+0.000 r̄=-0.021 succ=34.6% >exp= 0.0% el=4h16m eta=6h30m
  ep  2304/5000 batch 12000 loss=  -0.118 pol= -0.770 vL= 0.506 kl= 0.58 H=  5.69 adv=+0.000 r̄=-0.483 succ=34.6% >exp= 0.0% el=4h17m eta=5h01m
  ep  2624/5000 batch 12020 loss=  -0.157 pol=  0.371 vL= 0.513 kl= 0.23 H=  5.25 adv=+0.000 r̄=-0.383 succ=34.6% >exp= 0.0% el=4h17m eta=3h53m
  ep  2944/5000 batch 12040 loss=  -0.203 pol= -0.023 vL= 0.438 kl= 0.23 H=  6.59 adv=+0.000 r̄=-0.605 succ=34.6% >exp= 0.0% el=4h18m eta=3h00m
  ep  3264/5000 batch 12060 loss=  -0.279 pol= -0.376 vL= 0.375 kl= 0.17 H=  3.97 adv=+0.000 r̄=-0.389 succ=34.6% >exp= 0.0% el=4h18m eta=2h17m
  ep  3584/5000 batch 12080 loss=  -0.047 pol= -0.387 vL= 0.332 kl= 0.28 H=  5.14 adv=+0.000 r̄=-0.279 succ=34.6% >exp= 0.0% el=4h19m eta=1h42m
  ep  3904/5000 batch 12100 loss=   0.144 pol= -0.085 vL= 0.439 kl= 0.22 H=  5.60 adv=+0.000 r̄=-0.005 succ=34.6% >exp= 0.0% el=4h19m eta=1h12m
  ep  4224/5000 batch 12120 loss=   0.388 pol=  0.927 vL= 0.662 kl= 0.44 H=  9.53 adv=-0.000 r̄=-0.379 succ=34.6% >exp= 0.0% el=4h20m eta=47m48s
  ep  4544/5000 batch 12140 loss=  -0.160 pol=  0.035 vL= 0.533 kl= 0.36 H=  6.00 adv=-0.000 r̄= 0.009 succ=34.6% >exp= 0.0% el=4h20m eta=26m09s
  ep  4864/5000 batch 12160 loss=   0.122 pol= -2.269 vL= 0.620 kl= 0.33 H=  6.92 adv=+0.000 r̄=-0.266 succ=34.6% >exp= 0.0% el=4h21m eta= 7m18s
  >>> Epoch 39/50 DONE: succ=36.2% (1812/5000) mean_loss= 0.0471 mean_reward=-0.273 mean_KL=0.242 mean_H=5.28 epoch_time= 7m10s

=== Epoch 40/50 — resetting substrate ===
  ep   192/5000 batch 12180 loss=  -0.015 pol= -0.529 vL= 0.650 kl= 0.34 H=  5.17 adv=-0.000 r̄=-0.083 succ=34.6% >exp= 0.0% el=4h21m eta=109h11m
  ep   512/5000 batch 12200 loss=  -0.094 pol= -0.623 vL= 0.276 kl= 0.16 H=  7.62 adv=-0.000 r̄=-0.607 succ=34.6% >exp= 0.0% el=4h22m eta=38h17m
  ep   832/5000 batch 12220 loss=   0.258 pol= -0.056 vL= 0.277 kl= 0.21 H=  5.27 adv=-0.000 r̄=-0.032 succ=34.6% >exp= 0.0% el=4h22m eta=21h55m
  ep  1152/5000 batch 12240 loss=   0.017 pol= -0.722 vL= 0.330 kl= 0.39 H=  5.19 adv=+0.000 r̄= 0.036 succ=34.6% >exp= 0.0% el=4h23m eta=14h38m
  ep  1472/5000 batch 12260 loss=   0.128 pol= -0.323 vL= 0.425 kl= 0.21 H=  5.39 adv=-0.000 r̄=-0.017 succ=34.6% >exp= 0.0% el=4h23m eta=10h31m
  ep  1792/5000 batch 12280 loss=  -0.142 pol=  0.255 vL= 0.357 kl= 0.31 H=  5.56 adv=+0.000 r̄=-0.624 succ=34.6% >exp= 0.0% el=4h23m eta=7h52m
  ep  2112/5000 batch 12300 loss=  -0.134 pol= -1.439 vL= 0.290 kl= 0.22 H=  6.10 adv=+0.000 r̄=-0.104 succ=34.6% >exp= 0.0% el=4h24m eta=6h01m
  ep  2432/5000 batch 12320 loss=  -0.105 pol= -1.954 vL= 0.639 kl= 0.24 H=  6.93 adv=-0.000 r̄=-0.497 succ=34.6% >exp= 0.0% el=4h24m eta=4h39m
  ep  2752/5000 batch 12340 loss=   0.012 pol= -1.244 vL= 0.716 kl= 0.33 H=  6.28 adv=-0.000 r̄=-0.466 succ=34.6% >exp= 0.0% el=4h25m eta=3h36m
  ep  3072/5000 batch 12360 loss=  -0.315 pol= -0.085 vL= 0.558 kl= 0.46 H=  8.04 adv=-0.000 r̄=-0.468 succ=34.6% >exp= 0.0% el=4h25m eta=2h46m
  ep  3392/5000 batch 12380 loss=  -0.377 pol= -0.257 vL= 0.698 kl= 0.31 H=  5.76 adv=+0.000 r̄=-0.234 succ=34.6% >exp= 0.0% el=4h26m eta=2h06m
  ep  3712/5000 batch 12400 loss=   0.439 pol= -0.645 vL= 0.273 kl= 0.30 H=  6.50 adv=+0.000 r̄=-0.357 succ=34.6% >exp= 0.0% el=4h26m eta=1h32m
  ep  4032/5000 batch 12420 loss=   0.392 pol=  0.428 vL= 0.662 kl= 0.24 H=  4.79 adv=+0.000 r̄=-0.520 succ=34.6% >exp= 0.0% el=4h27m eta=1h04m
  ep  4352/5000 batch 12440 loss=  -0.096 pol=  0.628 vL= 0.616 kl= 0.22 H=  3.23 adv=+0.000 r̄=-0.618 succ=34.6% >exp= 0.0% el=4h27m eta=39m49s
  ep  4672/5000 batch 12460 loss=   0.291 pol= -0.245 vL= 0.480 kl= 0.18 H=  5.69 adv=+0.000 r̄=-0.392 succ=34.6% >exp= 0.0% el=4h27m eta=18m48s
  ep  4992/5000 batch 12480 loss=   0.115 pol=  1.198 vL= 0.888 kl= 0.17 H=  3.46 adv=-0.000 r̄=-0.413 succ=34.6% >exp= 0.0% el=4h28m eta=  26s
  >>> Epoch 40/50 DONE: succ=34.1% (1703/5000) mean_loss= 0.0256 mean_reward=-0.317 mean_KL=0.271 mean_H=5.61 epoch_time= 7m01s

=== Epoch 41/50 — resetting substrate ===
  ep   320/5000 batch 12500 loss=   0.170 pol= -0.909 vL= 0.862 kl= 0.35 H=  3.65 adv=+0.000 r̄= 0.018 succ=34.6% >exp= 0.0% el=4h28m eta=65h31m
  ep   640/5000 batch 12520 loss=   0.097 pol= -1.930 vL= 0.350 kl= 0.24 H=  4.27 adv=-0.000 r̄= 0.026 succ=34.6% >exp= 0.0% el=4h29m eta=30h34m
  ep   960/5000 batch 12540 loss=  -0.126 pol= -0.148 vL= 0.293 kl= 0.10 H=  4.13 adv=+0.000 r̄=-0.624 succ=34.6% >exp= 0.0% el=4h29m eta=18h55m
  ep  1280/5000 batch 12560 loss=  -0.051 pol=  0.081 vL= 0.902 kl= 0.22 H=  4.30 adv=-0.000 r̄=-0.267 succ=34.6% >exp= 0.0% el=4h30m eta=13h05m
  ep  1600/5000 batch 12580 loss=   0.080 pol=  0.526 vL= 0.428 kl= 0.15 H=  3.22 adv=+0.000 r̄=-0.359 succ=34.6% >exp= 0.0% el=4h30m eta=9h35m
  ep  1920/5000 batch 12600 loss=   0.385 pol=  0.294 vL= 0.605 kl= 0.17 H=  4.41 adv=-0.000 r̄=-0.098 succ=34.6% >exp= 0.0% el=4h31m eta=7h14m
  ep  2240/5000 batch 12620 loss=   0.046 pol= -0.168 vL= 0.509 kl= 0.12 H=  4.02 adv=+0.000 r̄=-0.506 succ=34.6% >exp= 0.0% el=4h31m eta=5h34m
  ep  2560/5000 batch 12640 loss=   0.282 pol=  0.197 vL= 0.738 kl= 0.25 H=  3.24 adv=+0.000 r̄=-0.503 succ=34.6% >exp= 0.0% el=4h32m eta=4h19m
  ep  2880/5000 batch 12660 loss=  -0.032 pol=  0.274 vL= 0.554 kl= 0.15 H=  4.70 adv=-0.000 r̄=-0.627 succ=34.6% >exp= 0.0% el=4h32m eta=3h20m
  ep  3200/5000 batch 12680 loss=  -0.180 pol= -0.661 vL= 0.252 kl= 0.28 H=  5.80 adv=+0.000 r̄=-0.240 succ=34.6% >exp= 0.0% el=4h32m eta=2h33m
  ep  3520/5000 batch 12700 loss=   0.184 pol=  0.295 vL= 0.401 kl= 0.27 H=  4.62 adv=+0.000 r̄=-0.129 succ=34.6% >exp= 0.0% el=4h33m eta=1h54m
  ep  3840/5000 batch 12720 loss=   0.317 pol=  0.790 vL= 0.657 kl= 0.21 H=  4.94 adv=+0.000 r̄=-0.284 succ=34.6% >exp= 0.0% el=4h33m eta=1h22m
  ep  4160/5000 batch 12740 loss=   0.322 pol= -1.206 vL= 0.592 kl= 0.37 H=  7.28 adv=-0.000 r̄=-0.270 succ=34.6% >exp= 0.0% el=4h34m eta=55m23s
  ep  4480/5000 batch 12760 loss=  -0.092 pol= -0.591 vL= 0.422 kl= 0.25 H=  4.18 adv=-0.000 r̄=-0.025 succ=34.6% >exp= 0.0% el=4h34m eta=31m53s
  ep  4800/5000 batch 12780 loss=  -0.104 pol= -1.315 vL= 0.420 kl= 0.23 H=  3.64 adv=+0.000 r̄= 0.021 succ=34.6% >exp= 0.0% el=4h35m eta=11m27s
  >>> Epoch 41/50 DONE: succ=34.4% (1720/5000) mean_loss= 0.0913 mean_reward=-0.310 mean_KL=0.233 mean_H=4.81 epoch_time= 7m04s

=== Epoch 42/50 — resetting substrate ===
  ep   128/5000 batch 12800 loss=   0.313 pol=  0.423 vL= 0.553 kl= 0.35 H=  6.34 adv=-0.000 r̄=-0.264 succ=34.6% >exp= 0.0% el=4h35m eta=174h52m
  ep   448/5000 batch 12820 loss=   0.296 pol= -0.947 vL= 0.529 kl= 0.36 H=  4.03 adv=-0.000 r̄=-0.116 succ=34.6% >exp= 0.0% el=4h36m eta=46h45m
  ep   768/5000 batch 12840 loss=  -0.299 pol= -0.682 vL= 0.485 kl= 0.19 H=  3.81 adv=-0.000 r̄=-0.354 succ=34.6% >exp= 0.0% el=4h36m eta=25h23m
  ep  1088/5000 batch 12860 loss=   0.057 pol= -0.296 vL= 0.487 kl= 0.11 H=  3.41 adv=-0.000 r̄=-0.476 succ=34.6% >exp= 0.0% el=4h36m eta=16h35m
  ep  1408/5000 batch 12880 loss=   0.188 pol=  0.112 vL= 0.226 kl= 0.10 H=  3.69 adv=+0.000 r̄=-0.775 succ=34.6% >exp= 0.0% el=4h37m eta=11h47m
  ep  1728/5000 batch 12900 loss=  -0.161 pol= -0.268 vL= 0.473 kl= 0.09 H=  4.92 adv=+0.000 r̄=-0.167 succ=34.6% >exp= 0.0% el=4h37m eta=8h46m
  ep  2048/5000 batch 12920 loss=  -0.064 pol= -0.729 vL= 0.733 kl= 0.28 H=  4.64 adv=+0.000 r̄=-0.000 succ=34.6% >exp= 0.0% el=4h38m eta=6h41m
  ep  2368/5000 batch 12940 loss=   0.333 pol= -0.859 vL= 0.517 kl= 0.27 H=  4.46 adv=-0.000 r̄=-0.346 succ=34.6% >exp= 0.0% el=4h38m eta=5h09m
  ep  2688/5000 batch 12960 loss=   0.158 pol= -0.642 vL= 0.487 kl= 0.25 H=  4.78 adv=+0.000 r̄=-0.222 succ=34.6% >exp= 0.0% el=4h39m eta=4h00m
  ep  3008/5000 batch 12980 loss=  -0.163 pol= -0.127 vL= 0.486 kl= 0.20 H=  4.25 adv=-0.000 r̄= 0.115 succ=34.6% >exp= 0.0% el=4h39m eta=3h05m
  ep  3328/5000 batch 13000 loss=   0.232 pol= -0.158 vL= 0.385 kl= 0.12 H=  3.53 adv=+0.000 r̄=-0.597 succ=34.6% >exp= 0.0% el=4h40m eta=2h20m
  ep  3648/5000 batch 13020 loss=   0.240 pol=  0.914 vL= 0.656 kl= 0.14 H=  3.10 adv=+0.000 r̄=-0.532 succ=34.6% >exp= 0.0% el=4h40m eta=1h44m
  ep  3968/5000 batch 13040 loss=   0.464 pol=  1.799 vL= 0.220 kl= 0.27 H=  5.24 adv=-0.000 r̄=-0.733 succ=34.6% >exp= 0.0% el=4h41m eta=1h13m
  ep  4288/5000 batch 13060 loss=   0.041 pol= -1.129 vL= 0.291 kl= 0.18 H=  5.37 adv=+0.000 r̄= 0.036 succ=34.6% >exp= 0.0% el=4h41m eta=46m45s
  ep  4608/5000 batch 13080 loss=  -0.335 pol= -1.092 vL= 0.242 kl= 0.14 H=  4.52 adv=+0.000 r̄= 0.526 succ=34.6% >exp= 0.0% el=4h42m eta=23m59s
  ep  4928/5000 batch 13100 loss=   0.403 pol= -0.272 vL= 0.492 kl= 0.34 H=  4.78 adv=-0.000 r̄=-0.221 succ=34.6% >exp= 0.0% el=4h42m eta= 4m07s
  >>> Epoch 42/50 DONE: succ=34.5% (1727/5000) mean_loss= 0.1023 mean_reward=-0.307 mean_KL=0.227 mean_H=4.74 epoch_time= 7m06s

=== Epoch 43/50 — resetting substrate ===
  ep   256/5000 batch 13120 loss=   0.047 pol= -0.611 vL= 0.171 kl= 0.17 H=  5.82 adv=-0.000 r̄=-0.006 succ=34.6% >exp= 0.0% el=4h42m eta=87h23m
  ep   576/5000 batch 13140 loss=   0.344 pol=  0.279 vL= 0.344 kl= 0.07 H=  3.98 adv=+0.000 r̄=-0.334 succ=34.6% >exp= 0.0% el=4h43m eta=36h16m
  ep   896/5000 batch 13160 loss=   0.038 pol= -0.249 vL= 0.336 kl= 0.11 H=  5.02 adv=+0.000 r̄= 0.037 succ=34.6% >exp= 0.0% el=4h43m eta=21h40m
  ep  1216/5000 batch 13180 loss=   0.168 pol= -0.277 vL= 0.508 kl= 0.19 H=  5.02 adv=-0.000 r̄=-0.385 succ=34.6% >exp= 0.0% el=4h44m eta=14h44m
  ep  1536/5000 batch 13200 loss=  -0.193 pol= -0.404 vL= 0.573 kl= 0.27 H=  4.57 adv=-0.000 r̄=-0.115 succ=34.6% >exp= 0.0% el=4h44m eta=10h42m
  ep  1856/5000 batch 13220 loss=   0.649 pol= -0.136 vL= 0.592 kl= 0.13 H=  4.44 adv=+0.000 r̄=-0.535 succ=34.6% >exp= 0.0% el=4h45m eta=8h03m
  ep  2176/5000 batch 13240 loss=   0.043 pol= -0.898 vL= 0.857 kl= 0.15 H=  3.70 adv=-0.000 r̄=-0.080 succ=34.6% >exp= 0.0% el=4h45m eta=6h10m
  ep  2496/5000 batch 13260 loss=   0.084 pol=  0.092 vL= 0.160 kl= 0.10 H=  5.01 adv=-0.000 r̄= 0.327 succ=34.6% >exp= 0.0% el=4h46m eta=4h47m
  ep  2816/5000 batch 13280 loss=   0.277 pol=  1.787 vL= 0.359 kl= 0.17 H=  4.22 adv=-0.000 r̄=-0.630 succ=34.6% >exp= 0.0% el=4h46m eta=3h42m
  ep  3136/5000 batch 13300 loss=   0.160 pol= -0.165 vL= 0.670 kl= 0.33 H=  4.99 adv=-0.000 r̄=-0.358 succ=34.6% >exp= 0.0% el=4h47m eta=2h50m
  ep  3456/5000 batch 13320 loss=   0.067 pol= -0.473 vL= 0.492 kl= 0.27 H=  4.96 adv=-0.000 r̄= 0.272 succ=34.6% >exp= 0.0% el=4h47m eta=2h08m
  ep  3776/5000 batch 13340 loss=   0.171 pol=  0.154 vL= 0.336 kl= 0.33 H=  4.53 adv=-0.000 r̄=-0.493 succ=34.6% >exp= 0.0% el=4h47m eta=1h33m
  ep  4096/5000 batch 13360 loss=   0.454 pol=  0.059 vL= 0.916 kl= 0.09 H=  2.78 adv=-0.000 r̄=-0.243 succ=34.6% >exp= 0.0% el=4h48m eta=1h03m
  ep  4416/5000 batch 13380 loss=   0.024 pol=  0.522 vL= 0.840 kl= 0.11 H=  3.80 adv=-0.000 r̄=-0.509 succ=34.6% >exp= 0.0% el=4h48m eta=38m12s
  ep  4736/5000 batch 13400 loss=  -0.009 pol= -0.081 vL= 0.587 kl= 0.18 H=  3.24 adv=-0.000 r̄=-0.361 succ=34.6% >exp= 0.0% el=4h49m eta=16m07s
  >>> Epoch 43/50 DONE: succ=35.3% (1765/5000) mean_loss= 0.1657 mean_reward=-0.293 mean_KL=0.198 mean_H=4.39 epoch_time= 7m07s

=== Epoch 44/50 — resetting substrate ===
  ep    64/5000 batch 13420 loss=   0.325 pol=  0.646 vL= 0.730 kl= 0.12 H=  5.69 adv=+0.000 r̄=-0.470 succ=34.6% >exp= 0.0% el=4h49m eta=372h30m
  ep   384/5000 batch 13440 loss=   0.037 pol=  0.368 vL= 0.491 kl= 0.09 H=  2.79 adv=+0.000 r̄=-0.128 succ=34.6% >exp= 0.0% el=4h50m eta=58h09m
  ep   704/5000 batch 13460 loss=  -0.149 pol=  0.939 vL= 0.635 kl= 0.26 H=  4.38 adv=+0.000 r̄=-0.598 succ=34.6% >exp= 0.0% el=4h50m eta=29h34m
  ep  1024/5000 batch 13480 loss=   0.075 pol= -0.437 vL= 0.455 kl= 0.17 H=  3.50 adv=+0.000 r̄=-0.342 succ=34.6% >exp= 0.0% el=4h51m eta=18h50m
  ep  1344/5000 batch 13500 loss=  -0.107 pol=  0.060 vL= 0.621 kl= 0.21 H=  3.28 adv=-0.000 r̄=-0.216 succ=34.6% >exp= 0.0% el=4h51m eta=13h13m
  ep  1664/5000 batch 13520 loss=  -0.071 pol= -0.673 vL= 0.419 kl= 0.28 H=  3.09 adv=-0.000 r̄=-0.401 succ=34.6% >exp= 0.0% el=4h52m eta=9h45m
  ep  1984/5000 batch 13540 loss=   0.365 pol=  0.121 vL= 0.676 kl= 0.29 H=  2.55 adv=-0.000 r̄=-0.002 succ=34.6% >exp= 0.0% el=4h52m eta=7h24m
  ep  2304/5000 batch 13560 loss=   0.117 pol= -0.250 vL= 0.338 kl= 0.21 H=  4.79 adv=+0.000 r̄=-0.637 succ=34.6% >exp= 0.0% el=4h53m eta=5h43m
  ep  2624/5000 batch 13580 loss=   0.136 pol= -0.949 vL= 0.209 kl= 0.09 H=  3.53 adv=+0.000 r̄=-0.184 succ=34.6% >exp= 0.0% el=4h53m eta=4h25m
  ep  2944/5000 batch 13600 loss=   0.141 pol= -0.465 vL= 0.248 kl= 0.29 H=  3.32 adv=+0.000 r̄=-0.609 succ=34.6% >exp= 0.0% el=4h54m eta=3h25m
  ep  3264/5000 batch 13620 loss=   0.227 pol=  0.606 vL= 0.537 kl= 0.29 H=  3.46 adv=-0.000 r̄=-0.434 succ=34.6% >exp= 0.0% el=4h54m eta=2h36m
  ep  3584/5000 batch 13640 loss=   0.437 pol=  0.918 vL= 0.476 kl= 0.14 H=  3.56 adv=-0.000 r̄=-0.249 succ=34.6% >exp= 0.0% el=4h55m eta=1h56m
  ep  3904/5000 batch 13660 loss=  -0.023 pol= -0.718 vL= 0.515 kl= 0.12 H=  3.88 adv=-0.000 r̄= 0.142 succ=34.6% >exp= 0.0% el=4h55m eta=1h22m
  ep  4224/5000 batch 13680 loss=   0.357 pol=  1.957 vL= 0.238 kl= 0.75 H=  5.11 adv=+0.000 r̄=-0.773 succ=34.6% >exp= 0.0% el=4h55m eta=54m22s
  ep  4544/5000 batch 13700 loss=  -0.105 pol= -0.321 vL= 0.292 kl= 0.16 H=  4.12 adv=+0.000 r̄=-0.028 succ=34.6% >exp= 0.0% el=4h56m eta=29m44s
  ep  4864/5000 batch 13720 loss=   0.310 pol= -0.701 vL= 0.404 kl= 0.26 H=  3.86 adv=+0.000 r̄=-0.351 succ=34.6% >exp= 0.0% el=4h56m eta= 8m18s
  >>> Epoch 44/50 DONE: succ=34.9% (1747/5000) mean_loss= 0.1165 mean_reward=-0.299 mean_KL=0.263 mean_H=3.97 epoch_time= 7m21s

=== Epoch 45/50 — resetting substrate ===
  ep   192/5000 batch 13740 loss=   0.177 pol= -0.175 vL= 0.771 kl= 0.23 H=  4.47 adv=+0.000 r̄= 0.004 succ=34.6% >exp= 0.0% el=4h57m eta=124h05m
  ep   512/5000 batch 13760 loss=   0.439 pol=  0.981 vL= 0.446 kl= 0.23 H=  4.99 adv=+0.000 r̄=-0.786 succ=34.6% >exp= 0.0% el=4h57m eta=43h30m
  ep   832/5000 batch 13780 loss=  -0.312 pol=  0.037 vL= 0.361 kl= 0.32 H=  4.40 adv=-0.000 r̄=-0.134 succ=34.6% >exp= 0.0% el=4h58m eta=24h54m
  ep  1152/5000 batch 13800 loss=   0.078 pol=  0.056 vL= 0.418 kl= 0.23 H=  3.36 adv=+0.000 r̄=-0.229 succ=34.6% >exp= 0.0% el=4h58m eta=16h37m
  ep  1472/5000 batch 13820 loss=   0.300 pol=  0.205 vL= 0.270 kl= 0.11 H=  4.26 adv=-0.000 r̄=-0.490 succ=34.6% >exp= 0.0% el=4h59m eta=11h56m
  ep  1792/5000 batch 13840 loss=   0.072 pol=  0.291 vL= 0.344 kl= 0.23 H=  5.74 adv=-0.000 r̄=-0.517 succ=34.6% >exp= 0.0% el=4h59m eta=8h56m
  ep  2112/5000 batch 13860 loss=   0.191 pol=  0.211 vL= 0.486 kl= 0.18 H=  4.23 adv=+0.000 r̄=-0.211 succ=34.6% >exp= 0.0% el=5h00m eta=6h50m
  ep  2432/5000 batch 13880 loss=   0.126 pol= -0.701 vL= 0.467 kl= 0.16 H=  5.32 adv=+0.000 r̄=-0.754 succ=34.6% >exp= 0.0% el=5h00m eta=5h17m
  ep  2752/5000 batch 13900 loss=   0.313 pol=  0.719 vL= 0.337 kl= 0.07 H=  3.58 adv=-0.000 r̄=-0.731 succ=34.6% >exp= 0.0% el=5h00m eta=4h05m
  ep  3072/5000 batch 13920 loss=  -0.071 pol= -0.531 vL= 0.705 kl= 0.19 H=  4.23 adv=-0.000 r̄=-0.264 succ=34.6% >exp= 0.0% el=5h01m eta=3h09m
  ep  3392/5000 batch 13940 loss=   0.174 pol= -0.228 vL= 0.619 kl= 0.07 H=  3.78 adv=-0.000 r̄=-0.081 succ=34.6% >exp= 0.0% el=5h01m eta=2h23m
  ep  3712/5000 batch 13960 loss=   0.095 pol= -0.224 vL= 0.341 kl= 0.08 H=  3.44 adv=+0.000 r̄=-0.370 succ=34.6% >exp= 0.0% el=5h02m eta=1h44m
  ep  4032/5000 batch 13980 loss=   0.212 pol=  0.397 vL= 0.543 kl= 0.13 H=  3.96 adv=+0.000 r̄=-0.736 succ=34.6% >exp= 0.0% el=5h02m eta=1h12m
  ep  4352/5000 batch 14000 loss=   0.050 pol=  0.476 vL= 0.639 kl= 0.14 H=  3.26 adv=-0.000 r̄=-0.494 succ=34.6% >exp= 0.0% el=5h03m eta=45m09s
  ep  4672/5000 batch 14020 loss=   0.146 pol= -0.827 vL= 0.280 kl= 0.17 H=  5.16 adv=+0.000 r̄=-0.350 succ=34.6% >exp= 0.0% el=5h03m eta=21m19s
  ep  4992/5000 batch 14040 loss=   0.054 pol= -0.936 vL= 0.554 kl= 0.24 H=  3.87 adv=+0.000 r̄= 0.024 succ=34.6% >exp= 0.0% el=5h04m eta=  29s
  >>> Epoch 45/50 DONE: succ=35.2% (1762/5000) mean_loss= 0.1293 mean_reward=-0.293 mean_KL=0.187 mean_H=4.36 epoch_time= 7m10s

=== Epoch 46/50 — resetting substrate ===
  ep   320/5000 batch 14060 loss=  -0.023 pol=  0.134 vL= 0.784 kl= 0.11 H=  3.79 adv=+0.000 r̄=-0.018 succ=34.6% >exp= 0.0% el=5h04m eta=74h16m
  ep   640/5000 batch 14080 loss=   0.167 pol= -0.370 vL= 0.528 kl= 0.16 H=  4.56 adv=+0.000 r̄=-0.257 succ=34.6% >exp= 0.0% el=5h05m eta=34h38m
  ep   960/5000 batch 14100 loss=   0.069 pol=  0.828 vL= 0.587 kl= 0.21 H=  6.56 adv=-0.000 r̄=-0.517 succ=34.6% >exp= 0.0% el=5h05m eta=21h26m
  ep  1280/5000 batch 14120 loss=   0.217 pol=  0.815 vL= 0.425 kl= 0.23 H=  4.84 adv=+0.000 r̄=-0.625 succ=34.6% >exp= 0.0% el=5h06m eta=14h49m
  ep  1600/5000 batch 14140 loss=   0.252 pol=  0.927 vL= 0.418 kl= 0.15 H=  3.90 adv=-0.000 r̄=-0.346 succ=34.6% >exp= 0.0% el=5h06m eta=10h51m
  ep  1920/5000 batch 14160 loss=  -0.001 pol=  0.478 vL= 0.852 kl= 0.20 H=  3.98 adv=-0.000 r̄=-0.075 succ=34.6% >exp= 0.0% el=5h06m eta=8h12m
  ep  2240/5000 batch 14180 loss=  -0.308 pol= -0.696 vL= 0.548 kl= 0.15 H=  4.72 adv=-0.000 r̄=-0.368 succ=34.6% >exp= 0.0% el=5h07m eta=6h18m
  ep  2560/5000 batch 14200 loss=   0.038 pol= -0.393 vL= 0.442 kl= 0.27 H=  3.75 adv=+0.000 r̄=-0.010 succ=34.6% >exp= 0.0% el=5h07m eta=4h53m
  ep  2880/5000 batch 14220 loss=   0.083 pol= -0.634 vL= 0.377 kl= 0.16 H=  5.89 adv=+0.000 r̄=-0.606 succ=34.6% >exp= 0.0% el=5h08m eta=3h46m
  ep  3200/5000 batch 14240 loss=  -0.004 pol= -0.479 vL= 0.444 kl= 0.35 H=  4.94 adv=+0.000 r̄=-0.361 succ=34.6% >exp= 0.0% el=5h08m eta=2h53m
  ep  3520/5000 batch 14260 loss=   0.181 pol= -1.501 vL= 0.397 kl= 0.20 H=  4.09 adv=-0.000 r̄=-0.127 succ=34.6% >exp= 0.0% el=5h09m eta=2h10m
  ep  3840/5000 batch 14280 loss=   0.179 pol=  0.267 vL= 0.494 kl= 0.11 H=  4.31 adv=-0.000 r̄=-0.524 succ=34.6% >exp= 0.0% el=5h09m eta=1h33m
  ep  4160/5000 batch 14300 loss=   0.454 pol=  0.174 vL= 0.317 kl= 0.17 H=  6.19 adv=-0.000 r̄= 0.091 succ=34.6% >exp= 0.0% el=5h10m eta=1h02m
  ep  4480/5000 batch 14320 loss=  -0.064 pol=  0.578 vL= 0.584 kl= 0.18 H=  2.97 adv=+0.000 r̄=-0.015 succ=34.6% >exp= 0.0% el=5h10m eta=36m03s
  ep  4800/5000 batch 14340 loss=   0.043 pol= -0.432 vL= 0.510 kl= 0.13 H=  4.27 adv=+0.000 r̄= 0.013 succ=34.6% >exp= 0.0% el=5h11m eta=12m57s
  >>> Epoch 46/50 DONE: succ=34.4% (1721/5000) mean_loss= 0.0863 mean_reward=-0.311 mean_KL=0.204 mean_H=4.81 epoch_time= 7m11s

=== Epoch 47/50 — resetting substrate ===
  ep   128/5000 batch 14360 loss=   0.049 pol= -1.012 vL= 0.441 kl= 0.17 H=  6.16 adv=+0.000 r̄=-0.224 succ=34.6% >exp= 0.0% el=5h11m eta=197h40m
  ep   448/5000 batch 14380 loss=  -0.041 pol=  0.128 vL= 0.537 kl= 0.15 H=  4.58 adv=+0.000 r̄=-0.490 succ=34.6% >exp= 0.0% el=5h12m eta=52h50m
  ep   768/5000 batch 14400 loss=   0.255 pol= -0.068 vL= 0.799 kl= 0.19 H=  3.59 adv=+0.000 r̄=-0.350 succ=34.6% >exp= 0.0% el=5h12m eta=28h42m
  ep  1088/5000 batch 14420 loss=  -0.091 pol= -0.031 vL= 0.580 kl= 0.14 H=  3.70 adv=+0.000 r̄=-0.606 succ=34.6% >exp= 0.0% el=5h12m eta=18h45m
  ep  1408/5000 batch 14440 loss=   0.301 pol= -0.270 vL= 0.396 kl= 0.11 H=  4.59 adv=+0.000 r̄=-0.638 succ=34.6% >exp= 0.0% el=5h13m eta=13h19m
  ep  1728/5000 batch 14460 loss=  -0.120 pol= -1.625 vL= 0.424 kl= 0.23 H=  5.69 adv=+0.000 r̄=-0.226 succ=34.6% >exp= 0.0% el=5h13m eta=9h54m
  ep  2048/5000 batch 14480 loss=   0.034 pol= -0.314 vL= 0.848 kl= 0.22 H=  4.25 adv=+0.000 r̄=-0.125 succ=34.6% >exp= 0.0% el=5h14m eta=7h33m
  ep  2368/5000 batch 14500 loss=   0.012 pol=  0.184 vL= 1.000 kl= 0.06 H=  2.84 adv=+0.000 r̄=-0.380 succ=34.6% >exp= 0.0% el=5h14m eta=5h49m
  ep  2688/5000 batch 14520 loss=   0.156 pol= -1.416 vL= 0.457 kl= 0.27 H=  4.54 adv=+0.000 r̄=-0.090 succ=34.6% >exp= 0.0% el=5h15m eta=4h31m
  ep  3008/5000 batch 14540 loss=  -0.111 pol= -0.277 vL= 0.581 kl= 0.32 H=  5.26 adv=+0.000 r̄=-0.506 succ=34.6% >exp= 0.0% el=5h15m eta=3h29m
  ep  3328/5000 batch 14560 loss=  -0.192 pol= -0.280 vL= 0.438 kl= 0.19 H=  3.88 adv=+0.000 r̄=-0.204 succ=34.6% >exp= 0.0% el=5h16m eta=2h38m
  ep  3648/5000 batch 14580 loss=   0.109 pol= -0.139 vL= 0.529 kl= 0.38 H=  4.06 adv=+0.000 r̄=-0.265 succ=34.6% >exp= 0.0% el=5h16m eta=1h57m
  ep  3968/5000 batch 14600 loss=   0.221 pol= -0.207 vL= 0.564 kl= 0.16 H=  4.24 adv=+0.000 r̄=-0.377 succ=34.6% >exp= 0.0% el=5h17m eta=1h22m
  ep  4288/5000 batch 14620 loss=  -0.159 pol= -1.586 vL= 0.203 kl= 0.26 H=  6.53 adv=-0.000 r̄=-0.315 succ=34.6% >exp= 0.0% el=5h17m eta=52m44s
  ep  4608/5000 batch 14640 loss=   0.261 pol= -0.328 vL= 0.503 kl= 0.39 H=  4.40 adv=-0.000 r̄= 0.263 succ=34.6% >exp= 0.0% el=5h18m eta=27m03s
  ep  4928/5000 batch 14660 loss=   0.074 pol= -1.057 vL= 0.370 kl= 0.63 H=  5.03 adv=+0.000 r̄=-0.332 succ=34.6% >exp= 0.0% el=5h18m eta= 4m39s
  >>> Epoch 47/50 DONE: succ=34.4% (1721/5000) mean_loss= 0.0583 mean_reward=-0.309 mean_KL=0.262 mean_H=4.73 epoch_time= 7m09s

=== Epoch 48/50 — resetting substrate ===
  ep   256/5000 batch 14680 loss=   0.651 pol=  0.348 vL= 0.481 kl= 0.28 H=  6.50 adv=-0.000 r̄=-0.604 succ=34.6% >exp= 0.0% el=5h18m eta=98h30m
  ep   576/5000 batch 14700 loss=   0.014 pol= -1.920 vL= 0.326 kl= 0.33 H=  5.57 adv=-0.000 r̄=-0.100 succ=34.6% >exp= 0.0% el=5h19m eta=40h53m
  ep   896/5000 batch 14720 loss=  -0.193 pol=  0.070 vL= 0.188 kl= 0.24 H=  4.50 adv=-0.000 r̄=-0.219 succ=34.6% >exp= 0.0% el=5h19m eta=24h25m
  ep  1216/5000 batch 14740 loss=  -0.159 pol= -0.963 vL= 0.672 kl= 0.29 H=  4.27 adv=+0.000 r̄=-0.253 succ=34.6% >exp= 0.0% el=5h20m eta=16h37m
  ep  1536/5000 batch 14760 loss=   0.217 pol= -0.455 vL= 0.586 kl= 0.58 H=  4.15 adv=-0.000 r̄=-0.095 succ=34.6% >exp= 0.0% el=5h20m eta=12h03m
  ep  1856/5000 batch 14780 loss=   0.130 pol= -0.957 vL= 0.956 kl= 0.38 H=  4.26 adv=+0.000 r̄=-0.120 succ=34.6% >exp= 0.0% el=5h21m eta=9h04m
  ep  2176/5000 batch 14800 loss=   0.006 pol= -0.133 vL= 0.618 kl= 0.18 H=  3.12 adv=+0.000 r̄=-0.125 succ=34.6% >exp= 0.0% el=5h21m eta=6h57m
  ep  2496/5000 batch 14820 loss=   0.228 pol= -0.931 vL= 0.208 kl= 0.63 H=  4.17 adv=-0.000 r̄= 0.330 succ=34.6% >exp= 0.0% el=5h22m eta=5h23m
  ep  2816/5000 batch 14840 loss=   0.136 pol=  0.317 vL= 0.877 kl= 0.17 H=  3.36 adv=+0.000 r̄=-0.521 succ=34.6% >exp= 0.0% el=5h22m eta=4h10m
  ep  3136/5000 batch 14860 loss=   0.056 pol= -1.553 vL= 1.108 kl= 0.29 H=  3.74 adv=+0.000 r̄=-0.107 succ=34.6% >exp= 0.0% el=5h23m eta=3h12m
  ep  3456/5000 batch 14880 loss=   0.117 pol= -0.399 vL= 0.373 kl= 0.12 H=  4.59 adv=+0.000 r̄=-0.118 succ=34.6% >exp= 0.0% el=5h23m eta=2h24m
  ep  3776/5000 batch 14900 loss=   0.347 pol= -0.192 vL= 0.416 kl= 0.26 H=  5.10 adv=+0.000 r̄=-0.666 succ=34.6% >exp= 0.0% el=5h24m eta=1h45m
  ep  4096/5000 batch 14920 loss=   0.553 pol= -0.833 vL= 0.449 kl= 0.25 H=  5.20 adv=-0.000 r̄=-0.262 succ=34.6% >exp= 0.0% el=5h24m eta=1h11m
  ep  4416/5000 batch 14940 loss=  -0.195 pol=  0.582 vL= 0.653 kl= 0.23 H=  4.60 adv=-0.000 r̄=-0.403 succ=34.6% >exp= 0.0% el=5h25m eta=43m01s
  ep  4736/5000 batch 14960 loss=  -0.110 pol= -0.454 vL= 0.343 kl= 0.16 H=  3.70 adv=+0.000 r̄=-0.359 succ=34.6% >exp= 0.0% el=5h25m eta=18m09s
  >>> Epoch 48/50 DONE: succ=35.5% (1777/5000) mean_loss= 0.1110 mean_reward=-0.287 mean_KL=0.311 mean_H=4.26 epoch_time= 7m34s

=== Epoch 49/50 — resetting substrate ===
  ep    64/5000 batch 14980 loss=   0.121 pol= -0.451 vL= 0.530 kl= 0.22 H=  6.30 adv=+0.000 r̄=-0.277 succ=34.6% >exp= 0.0% el=5h26m eta=419h22m
  ep   384/5000 batch 15000 loss=  -0.081 pol=  0.292 vL= 0.575 kl= 0.24 H=  3.97 adv=+0.000 r̄=-0.606 succ=34.6% >exp= 0.0% el=5h26m eta=65h27m
  ep   704/5000 batch 15020 loss=   0.029 pol=  0.390 vL= 0.249 kl= 0.13 H=  4.38 adv=-0.000 r̄=-0.727 succ=34.6% >exp= 0.0% el=5h27m eta=33h16m
  ep  1024/5000 batch 15040 loss=  -0.002 pol= -0.586 vL= 0.475 kl= 0.28 H=  4.49 adv=+0.000 r̄=-0.349 succ=34.6% >exp= 0.0% el=5h27m eta=21h12m
  ep  1344/5000 batch 15060 loss=  -0.151 pol= -0.503 vL= 0.481 kl= 0.46 H=  3.76 adv=-0.000 r̄= 0.368 succ=34.6% >exp= 0.0% el=5h28m eta=14h52m
  ep  1664/5000 batch 15080 loss=   0.628 pol= -0.579 vL= 0.658 kl= 0.20 H=  3.43 adv=-0.000 r̄=-0.383 succ=34.6% >exp= 0.0% el=5h28m eta=10h58m
  ep  1984/5000 batch 15100 loss=  -0.200 pol= -1.544 vL= 0.565 kl= 0.34 H=  3.62 adv=-0.000 r̄=-0.014 succ=34.6% >exp= 0.0% el=5h29m eta=8h20m
  ep  2304/5000 batch 15120 loss=  -0.144 pol=  0.536 vL= 0.628 kl= 0.07 H=  4.24 adv=-0.000 r̄=-0.427 succ=34.6% >exp= 0.0% el=5h29m eta=6h25m
  ep  2624/5000 batch 15140 loss=   0.061 pol=  0.719 vL= 0.366 kl= 0.17 H=  4.67 adv=-0.000 r̄= 0.075 succ=34.6% >exp= 0.0% el=5h30m eta=4h58m
  ep  2944/5000 batch 15160 loss=   0.108 pol= -1.350 vL= 0.326 kl= 0.34 H=  6.42 adv=-0.000 r̄=-0.482 succ=34.6% >exp= 0.0% el=5h30m eta=3h50m
  ep  3264/5000 batch 15180 loss=   0.678 pol=  1.304 vL= 0.643 kl= 0.16 H=  5.11 adv=-0.000 r̄=-0.522 succ=34.6% >exp= 0.0% el=5h31m eta=2h56m
  ep  3584/5000 batch 15200 loss=  -0.172 pol= -0.059 vL= 0.241 kl= 0.37 H=  5.30 adv=+0.000 r̄=-0.146 succ=34.6% >exp= 0.0% el=5h31m eta=2h11m
  ep  3904/5000 batch 15220 loss=   0.288 pol=  0.768 vL= 1.064 kl= 0.17 H=  3.81 adv=-0.000 r̄= 0.237 succ=34.6% >exp= 0.0% el=5h32m eta=1h33m
  ep  4224/5000 batch 15240 loss=   0.111 pol= -1.032 vL= 0.443 kl= 0.25 H=  6.44 adv=-0.000 r̄=-0.480 succ=34.6% >exp= 0.0% el=5h32m eta=1h01m
  ep  4544/5000 batch 15260 loss=  -0.284 pol= -0.068 vL= 0.532 kl= 0.43 H=  4.78 adv=+0.000 r̄= 0.001 succ=34.6% >exp= 0.0% el=5h33m eta=33m26s
  ep  4864/5000 batch 15280 loss=   0.092 pol= -0.073 vL= 0.383 kl= 0.28 H=  5.69 adv=-0.000 r̄=-0.644 succ=34.6% >exp= 0.0% el=5h33m eta= 9m19s
  >>> Epoch 49/50 DONE: succ=35.4% (1769/5000) mean_loss= 0.0633 mean_reward=-0.292 mean_KL=0.273 mean_H=4.72 epoch_time= 7m46s

=== Epoch 50/50 — resetting substrate ===
  ep   192/5000 batch 15300 loss=   0.151 pol=  0.326 vL= 0.400 kl= 0.33 H=  4.97 adv=+0.000 r̄=-0.390 succ=34.6% >exp= 0.0% el=5h34m eta=139h29m
  ep   512/5000 batch 15320 loss=   0.465 pol=  0.784 vL= 0.430 kl= 0.37 H=  5.61 adv=+0.000 r̄=-0.636 succ=34.6% >exp= 0.0% el=5h34m eta=48h53m
  ep   832/5000 batch 15340 loss=  -0.196 pol= -0.156 vL= 0.528 kl= 0.10 H=  3.71 adv=+0.000 r̄=-0.242 succ=34.6% >exp= 0.0% el=5h35m eta=27h58m
  ep  1152/5000 batch 15360 loss=   0.073 pol= -0.466 vL= 0.242 kl= 0.15 H=  3.92 adv=+0.000 r̄= 0.257 succ=34.6% >exp= 0.0% el=5h35m eta=18h41m
  ep  1472/5000 batch 15380 loss=   0.128 pol=  0.015 vL= 0.417 kl= 0.25 H=  3.86 adv=-0.000 r̄=-0.135 succ=34.6% >exp= 0.0% el=5h36m eta=13h25m
  ep  1792/5000 batch 15400 loss=   0.487 pol=  0.286 vL= 0.343 kl= 0.18 H=  5.86 adv=+0.000 r̄=-0.611 succ=34.6% >exp= 0.0% el=5h36m eta=10h02m
  ep  2112/5000 batch 15420 loss=  -0.074 pol= -2.078 vL= 0.464 kl= 0.29 H=  4.42 adv=-0.000 r̄=-0.082 succ=34.6% >exp= 0.0% el=5h37m eta=7h40m
  ep  2432/5000 batch 15440 loss=   0.094 pol= -0.583 vL= 0.275 kl= 0.31 H=  5.20 adv=-0.000 r̄=-0.399 succ=34.6% >exp= 0.0% el=5h37m eta=5h56m
  ep  2752/5000 batch 15460 loss=   0.444 pol=  0.597 vL= 0.134 kl= 0.13 H=  3.14 adv=-0.000 r̄=-0.739 succ=34.6% >exp= 0.0% el=5h38m eta=4h36m
  ep  3072/5000 batch 15480 loss=   0.249 pol= -0.131 vL= 0.745 kl= 0.16 H=  4.40 adv=-0.000 r̄=-0.234 succ=34.6% >exp= 0.0% el=5h38m eta=3h32m
  ep  3392/5000 batch 15500 loss=   0.098 pol= -0.064 vL= 0.487 kl= 0.21 H=  4.99 adv=-0.000 r̄=-0.241 succ=34.6% >exp= 0.0% el=5h39m eta=2h40m
  ep  3712/5000 batch 15520 loss=   0.113 pol= -0.079 vL= 0.299 kl= 0.25 H=  4.52 adv=-0.000 r̄=-0.012 succ=34.6% >exp= 0.0% el=5h39m eta=1h57m
  ep  4032/5000 batch 15540 loss=   0.448 pol= -1.068 vL= 0.638 kl= 0.28 H=  3.98 adv=-0.000 r̄=-0.501 succ=34.6% >exp= 0.0% el=5h40m eta=1h21m
  ep  4352/5000 batch 15560 loss=  -0.018 pol= -1.089 vL= 0.482 kl= 0.13 H=  3.50 adv=+0.000 r̄=-0.238 succ=34.6% >exp= 0.0% el=5h40m eta=50m43s
  ep  4672/5000 batch 15580 loss=   0.230 pol=  0.265 vL= 0.361 kl= 0.12 H=  5.94 adv=-0.000 r̄=-0.273 succ=34.6% >exp= 0.0% el=5h41m eta=23m57s
  ep  4992/5000 batch 15600 loss=   0.359 pol=  0.901 vL= 0.618 kl= 0.60 H=  3.66 adv=+0.000 r̄=-0.502 succ=34.6% >exp= 0.0% el=5h41m eta=  33s
  >>> Epoch 50/50 DONE: succ=33.9% (1694/5000) mean_loss= 0.1922 mean_reward=-0.320 mean_KL=0.241 mean_H=4.30 epoch_time= 7m43s
------------------------------------------------------------------------
  total time:               5h41m
  success rate:             86574/250000 = 34.6%
  final success_cost_ema:   231.62536877673537
  final loss avg:           0.3587
  checkpoint saved to checkpoints/il_mp_vne_v19_50nodes_10ep_cont5.pt
  epoch summary log: logs/ppo_v19_50nodes_10ep_cont5_epoch_summary.csv
