   Building vne @ file:///Users/duvannguyen/Workspace/Studies/Virtual-Network-Embedding
      Built vne @ file:///Users/duvannguyen/Workspace/Studies/Virtual-Network-Embedding
Uninstalled 1 package in 5ms
Installed 1 package in 5ms
Loading datasets...
  Substrate: datasets/scenario_stress/substrate.json
  Requests:  datasets/scenario_stress/virtual_requests.json
Loaded 3000 virtual network requests.
Initializing algorithm: rl_oa_mp_vne
Running algorithm...
  Processing request 1/3000 (ID: vnr_0)...
  [RL-OA-MP-VNE] Pre-training on 2000 synthetic VNs...
    Episode 80/2000, reward=0.5674, loss=-16.4115 (n:-0.4951, l:-1.6574, c:-14.2589)
    Episode 160/2000, reward=0.5209, loss=-15.7686 (n:-0.4895, l:-1.7551, c:-13.5240)
    Episode 240/2000, reward=0.5346, loss=-12.9500 (n:-0.4075, l:-1.1621, c:-11.3804)
    Episode 320/2000, reward=0.5448, loss=-9.7380 (n:-0.2990, l:-0.9196, c:-8.5195)
    Episode 400/2000, reward=0.5912, loss=-7.1341 (n:-0.2116, l:-0.6875, c:-6.2349)
    Episode 480/2000, reward=0.5005, loss=-7.6218 (n:-0.2443, l:-0.6882, c:-6.6893)
    Episode 560/2000, reward=0.5434, loss=-10.2659 (n:-0.3183, l:-1.1051, c:-8.8425)
    Episode 640/2000, reward=0.5464, loss=-10.8535 (n:-0.3456, l:-1.3485, c:-9.1594)
    Episode 720/2000, reward=0.5745, loss=-11.9784 (n:-0.3595, l:-1.2276, c:-10.3914)
    Episode 800/2000, reward=0.5308, loss=-9.0885 (n:-0.2752, l:-0.9764, c:-7.8370)
    Episode 880/2000, reward=0.4928, loss=-12.3170 (n:-0.3837, l:-1.4874, c:-10.4458)
    Episode 960/2000, reward=0.5216, loss=-12.1766 (n:-0.3770, l:-1.3759, c:-10.4237)
    Episode 1040/2000, reward=0.5141, loss=-10.3146 (n:-0.3322, l:-1.1004, c:-8.8820)
    Episode 1120/2000, reward=0.5897, loss=-13.5810 (n:-0.4001, l:-1.4194, c:-11.7615)
    Episode 1200/2000, reward=0.5567, loss=-6.1160 (n:-0.1809, l:-0.5917, c:-5.3433)
    Episode 1280/2000, reward=0.5334, loss=-7.0009 (n:-0.2156, l:-0.7510, c:-6.0343)
    Episode 1360/2000, reward=0.5111, loss=-6.1453 (n:-0.1978, l:-0.7585, c:-5.1890)
    Episode 1440/2000, reward=0.5211, loss=-10.6719 (n:-0.3315, l:-1.1730, c:-9.1675)
    Episode 1520/2000, reward=0.5098, loss=-11.1321 (n:-0.3461, l:-1.1184, c:-9.6675)
    Episode 1600/2000, reward=0.4990, loss=-8.8155 (n:-0.2706, l:-0.8991, c:-7.6458)
    Episode 1680/2000, reward=0.5373, loss=-13.4047 (n:-0.4251, l:-1.3925, c:-11.5871)
    Episode 1760/2000, reward=0.5094, loss=-7.3310 (n:-0.2363, l:-0.8642, c:-6.2304)
    Episode 1840/2000, reward=0.5371, loss=-4.1005 (n:-0.1252, l:-0.5152, c:-3.4602)
    Episode 1920/2000, reward=0.6002, loss=-10.9188 (n:-0.3294, l:-1.1789, c:-9.4106)
    Episode 2000/2000, reward=0.5247, loss=-6.2472 (n:-0.2059, l:-0.8008, c:-5.2405)
  [RL-OA-MP-VNE] Pre-training complete.
    -> Result: Success, Cost: 301.1900
  Processing request 2/3000 (ID: vnr_1)...
    -> Result: Success, Cost: 1401.6032
  Processing request 3/3000 (ID: vnr_2)...
    -> Result: Success, Cost: 756.8243
  Processing request 4/3000 (ID: vnr_3)...
    -> Result: Success, Cost: 2139.8873
  Processing request 5/3000 (ID: vnr_4)...
    -> Result: Success, Cost: 1930.4706
  Processing request 6/3000 (ID: vnr_5)...
    -> Result: Success, Cost: 1995.7309
  Processing request 7/3000 (ID: vnr_6)...
    -> Result: Success, Cost: 1216.3915
  Processing request 8/3000 (ID: vnr_7)...
    -> Result: Success, Cost: 2178.9032
  Processing request 9/3000 (ID: vnr_8)...
    -> Result: Success, Cost: 1370.8913
  Processing request 10/3000 (ID: vnr_9)...
    -> Result: Success, Cost: 2803.0078
  Processing request 11/3000 (ID: vnr_10)...
    -> Result: Success, Cost: 2227.4430
  Processing request 12/3000 (ID: vnr_11)...
    -> Result: Success, Cost: 824.9184
  Processing request 13/3000 (ID: vnr_12)...
    -> Result: Success, Cost: 1330.2849
  Processing request 14/3000 (ID: vnr_13)...
    -> Result: Success, Cost: 2268.7045
  Processing request 15/3000 (ID: vnr_14)...
    -> Result: Success, Cost: 1273.8257
  Processing request 16/3000 (ID: vnr_15)...
    -> Result: Success, Cost: 148.0307
  Processing request 17/3000 (ID: vnr_16)...
    -> Result: Success, Cost: 1825.2292
  Processing request 18/3000 (ID: vnr_17)...
    -> Result: Success, Cost: 142.5567
  Processing request 19/3000 (ID: vnr_18)...
    -> Result: Success, Cost: 1227.6009
  Processing request 20/3000 (ID: vnr_19)...
    -> Result: Success, Cost: 2284.8636
  Processing request 21/3000 (ID: vnr_20)...
    -> Result: Success, Cost: 910.1823
  Processing request 22/3000 (ID: vnr_21)...
    -> Result: Success, Cost: 361.1712
  Processing request 23/3000 (ID: vnr_22)...
    -> Result: Success, Cost: 132.3506
  Processing request 24/3000 (ID: vnr_23)...
    -> Result: Success, Cost: 806.9603
  Processing request 25/3000 (ID: vnr_24)...
    -> Result: Success, Cost: 728.6264
  Processing request 26/3000 (ID: vnr_25)...
    -> Result: Success, Cost: 1757.9151
  Processing request 27/3000 (ID: vnr_26)...
    -> Result: Success, Cost: 1999.8326
  Processing request 28/3000 (ID: vnr_27)...
    -> Result: Success, Cost: 2188.4249
  Processing request 29/3000 (ID: vnr_28)...
    -> Result: Success, Cost: 2653.5768
  Processing request 30/3000 (ID: vnr_29)...
    -> Result: Success, Cost: 408.5185
  Processing request 31/3000 (ID: vnr_30)...
    -> Result: Success, Cost: 2808.7418
  Processing request 32/3000 (ID: vnr_31)...
    -> Result: Success, Cost: 399.3895
  Processing request 33/3000 (ID: vnr_32)...
    -> Result: Success, Cost: 1385.7517
  Processing request 34/3000 (ID: vnr_33)...
    -> Result: Success, Cost: 2548.8726
  Processing request 35/3000 (ID: vnr_34)...
    -> Result: Success, Cost: 179.0466
  Processing request 36/3000 (ID: vnr_35)...
    -> Result: Success, Cost: 493.2063
  Processing request 37/3000 (ID: vnr_36)...
    -> Result: Success, Cost: 132.3170
  Processing request 38/3000 (ID: vnr_37)...
    -> Result: Success, Cost: 248.7337
  Processing request 39/3000 (ID: vnr_38)...
    -> Result: Success, Cost: 1990.0908
  Processing request 40/3000 (ID: vnr_39)...
    -> Result: Success, Cost: 1913.5366
  Processing request 41/3000 (ID: vnr_40)...
    -> Result: Success, Cost: 241.4373
  Processing request 42/3000 (ID: vnr_41)...
    -> Result: Success, Cost: 338.8758
  Processing request 43/3000 (ID: vnr_42)...
    -> Result: Success, Cost: 269.3308
  Processing request 44/3000 (ID: vnr_43)...
    -> Result: Success, Cost: 1742.0944
  Processing request 45/3000 (ID: vnr_44)...
    -> Result: Success, Cost: 867.1039
  Processing request 46/3000 (ID: vnr_45)...
    -> Result: Success, Cost: 1242.9020
  Processing request 47/3000 (ID: vnr_46)...
    -> Result: Success, Cost: 2365.0824
  Processing request 48/3000 (ID: vnr_47)...
    -> Result: Success, Cost: 430.1356
  Processing request 49/3000 (ID: vnr_48)...
    -> Result: Success, Cost: 507.0238
  Processing request 50/3000 (ID: vnr_49)...
    -> Result: Success, Cost: 1503.8044
  Processing request 51/3000 (ID: vnr_50)...
    -> Result: Success, Cost: 342.5910
  Processing request 52/3000 (ID: vnr_51)...
    -> Result: Success, Cost: 97.5794
  Processing request 53/3000 (ID: vnr_52)...
    -> Result: Success, Cost: 314.6739
  Processing request 54/3000 (ID: vnr_53)...
    -> Result: Success, Cost: 1818.1735
  Processing request 55/3000 (ID: vnr_54)...
    -> Result: Success, Cost: 2949.4094
  Processing request 56/3000 (ID: vnr_55)...
    -> Result: Success, Cost: 1643.7465
  Processing request 57/3000 (ID: vnr_56)...
    -> Result: Success, Cost: 209.8182
  Processing request 58/3000 (ID: vnr_57)...
    -> Result: Success, Cost: 863.3624
  Processing request 59/3000 (ID: vnr_58)...
    -> Result: Success, Cost: 237.4532
  Processing request 60/3000 (ID: vnr_59)...
    -> Result: Success, Cost: 582.3798
  Processing request 61/3000 (ID: vnr_60)...
    -> Result: Success, Cost: 2300.4106
  Processing request 62/3000 (ID: vnr_61)...
    -> Result: Success, Cost: 1898.2630
  Processing request 63/3000 (ID: vnr_62)...
    -> Result: Success, Cost: 118.8213
  Processing request 64/3000 (ID: vnr_63)...
    -> Result: Success, Cost: 1807.3771
  Processing request 65/3000 (ID: vnr_64)...
    -> Result: Success, Cost: 604.9478
  Processing request 66/3000 (ID: vnr_65)...
    -> Result: Success, Cost: 420.6856
  Processing request 67/3000 (ID: vnr_66)...
    -> Result: Success, Cost: 633.7167
  Processing request 68/3000 (ID: vnr_67)...
    -> Result: Success, Cost: 142.0807
  Processing request 69/3000 (ID: vnr_68)...
    -> Result: Success, Cost: 165.9793
  Processing request 70/3000 (ID: vnr_69)...
    -> Result: Success, Cost: 179.2548
  Processing request 71/3000 (ID: vnr_70)...
    -> Result: Success, Cost: 1937.1751
  Processing request 72/3000 (ID: vnr_71)...
    -> Result: Success, Cost: 311.2532
  Processing request 73/3000 (ID: vnr_72)...
    -> Result: Success, Cost: 131.6370
  Processing request 74/3000 (ID: vnr_73)...
    -> Result: Success, Cost: 1433.6206
  Processing request 75/3000 (ID: vnr_74)...
    -> Result: Success, Cost: 2026.5001
  Processing request 76/3000 (ID: vnr_75)...
    -> Result: Success, Cost: 574.6022
  Processing request 77/3000 (ID: vnr_76)...
    -> Result: Success, Cost: 1989.6597
  Processing request 78/3000 (ID: vnr_77)...
    -> Result: Success, Cost: 1203.8672
  Processing request 79/3000 (ID: vnr_78)...
    -> Result: Success, Cost: 2357.8709
  Processing request 80/3000 (ID: vnr_79)...
    -> Result: Success, Cost: 838.1628
  Processing request 81/3000 (ID: vnr_80)...
    -> Result: Success, Cost: 793.3132
  Processing request 82/3000 (ID: vnr_81)...
    -> Result: Success, Cost: 1682.5146
  Processing request 83/3000 (ID: vnr_82)...
    -> Result: Success, Cost: 573.4936
  Processing request 84/3000 (ID: vnr_83)...
    -> Result: Success, Cost: 627.8239
  Processing request 85/3000 (ID: vnr_84)...
    -> Result: Success, Cost: 1190.8792
  Processing request 86/3000 (ID: vnr_85)...
    -> Result: Success, Cost: 315.2859
  Processing request 87/3000 (ID: vnr_86)...
    -> Result: Success, Cost: 243.8608
  Processing request 88/3000 (ID: vnr_87)...
    -> Result: Success, Cost: 2217.8104
  Processing request 89/3000 (ID: vnr_88)...
    -> Result: Success, Cost: 438.9741
  Processing request 90/3000 (ID: vnr_89)...
    -> Result: Success, Cost: 234.8068
  Processing request 91/3000 (ID: vnr_90)...
    -> Result: Success, Cost: 238.3529
  Processing request 92/3000 (ID: vnr_91)...
    -> Result: Success, Cost: 2559.4263
  Processing request 93/3000 (ID: vnr_92)...
    -> Result: Success, Cost: 926.7115
  Processing request 94/3000 (ID: vnr_93)...
    -> Result: Success, Cost: 294.0211
  Processing request 95/3000 (ID: vnr_94)...
    -> Result: Success, Cost: 626.2523
  Processing request 96/3000 (ID: vnr_95)...
    -> Result: Success, Cost: 79.5419
  Processing request 97/3000 (ID: vnr_96)...
    -> Result: Success, Cost: 2094.1048
  Processing request 98/3000 (ID: vnr_97)...
    -> Result: Success, Cost: 157.1744
  Processing request 99/3000 (ID: vnr_98)...
    -> Result: Success, Cost: 859.3551
  Processing request 100/3000 (ID: vnr_99)...
    -> Result: Success, Cost: 875.2827
  Processing request 101/3000 (ID: vnr_100)...
    -> Result: Success, Cost: 227.5738
  Processing request 102/3000 (ID: vnr_101)...
    -> Result: Success, Cost: 731.9717
  Processing request 103/3000 (ID: vnr_102)...
    -> Result: Success, Cost: 1117.8358
  Processing request 104/3000 (ID: vnr_103)...
    -> Result: Success, Cost: 3018.8065
  Processing request 105/3000 (ID: vnr_104)...
    -> Result: Success, Cost: 117.2139
  Processing request 106/3000 (ID: vnr_105)...
    -> Result: Success, Cost: 628.9766
  Processing request 107/3000 (ID: vnr_106)...
    -> Result: Success, Cost: 1608.3838
  Processing request 108/3000 (ID: vnr_107)...
    -> Result: Success, Cost: 1034.6240
  Processing request 109/3000 (ID: vnr_108)...
    -> Result: Success, Cost: 1858.3026
  Processing request 110/3000 (ID: vnr_109)...
    -> Result: Success, Cost: 1919.6402
  Processing request 111/3000 (ID: vnr_110)...
    -> Result: Success, Cost: 491.7874
  Processing request 112/3000 (ID: vnr_111)...
    -> Result: Success, Cost: 298.6592
  Processing request 113/3000 (ID: vnr_112)...
    -> Result: Success, Cost: 337.9846
  Processing request 114/3000 (ID: vnr_113)...
    -> Result: Success, Cost: 517.9308
  Processing request 115/3000 (ID: vnr_114)...
    -> Result: Success, Cost: 1695.9410
  Processing request 116/3000 (ID: vnr_115)...
    -> Result: Success, Cost: 127.6156
  Processing request 117/3000 (ID: vnr_116)...
    -> Result: Success, Cost: 950.2658
  Processing request 118/3000 (ID: vnr_117)...
    -> Result: Success, Cost: 136.6010
  Processing request 119/3000 (ID: vnr_118)...
    -> Result: Success, Cost: 2175.4632
  Processing request 120/3000 (ID: vnr_119)...
    -> Result: Success, Cost: 514.5228
  Processing request 121/3000 (ID: vnr_120)...
    -> Result: Success, Cost: 215.3211
  Processing request 122/3000 (ID: vnr_121)...
    -> Result: Success, Cost: 1556.7314
  Processing request 123/3000 (ID: vnr_122)...
    -> Result: Success, Cost: 126.2744
  Processing request 124/3000 (ID: vnr_123)...
    -> Result: Success, Cost: 1115.5540
  Processing request 125/3000 (ID: vnr_124)...
    -> Result: Success, Cost: 2117.8941
  Processing request 126/3000 (ID: vnr_125)...
    -> Result: Success, Cost: 454.2202
  Processing request 127/3000 (ID: vnr_126)...
    -> Result: Success, Cost: 757.8589
  Processing request 128/3000 (ID: vnr_127)...
    -> Result: Success, Cost: 1640.8968
  Processing request 129/3000 (ID: vnr_128)...
    -> Result: Success, Cost: 342.5047
  Processing request 130/3000 (ID: vnr_129)...
    -> Result: Success, Cost: 555.9444
  Processing request 131/3000 (ID: vnr_130)...
    -> Result: Success, Cost: 765.0872
  Processing request 132/3000 (ID: vnr_131)...
    -> Result: Success, Cost: 1877.4924
  Processing request 133/3000 (ID: vnr_132)...
    -> Result: Success, Cost: 1949.7751
  Processing request 134/3000 (ID: vnr_133)...
    -> Result: Success, Cost: 2714.6998
  Processing request 135/3000 (ID: vnr_134)...
    -> Result: Success, Cost: 1328.6129
  Processing request 136/3000 (ID: vnr_135)...
    -> Result: Success, Cost: 190.4007
  Processing request 137/3000 (ID: vnr_136)...
    -> Result: Success, Cost: 741.3966
  Processing request 138/3000 (ID: vnr_137)...
    -> Result: Success, Cost: 464.1582
  Processing request 139/3000 (ID: vnr_138)...
    -> Result: Success, Cost: 91.0012
  Processing request 140/3000 (ID: vnr_139)...
    -> Result: Success, Cost: 860.8559
  Processing request 141/3000 (ID: vnr_140)...
    -> Result: Success, Cost: 460.9396
  Processing request 142/3000 (ID: vnr_141)...
    -> Result: Success, Cost: 882.1802
  Processing request 143/3000 (ID: vnr_142)...
    -> Result: Success, Cost: 872.9815
  Processing request 144/3000 (ID: vnr_143)...
    -> Result: Success, Cost: 892.5569
  Processing request 145/3000 (ID: vnr_144)...
    -> Result: Success, Cost: 2657.4052
  Processing request 146/3000 (ID: vnr_145)...
    -> Result: Success, Cost: 286.3269
  Processing request 147/3000 (ID: vnr_146)...
    -> Result: Success, Cost: 276.6735
  Processing request 148/3000 (ID: vnr_147)...
    -> Result: Success, Cost: 1340.9383
  Processing request 149/3000 (ID: vnr_148)...
    -> Result: Success, Cost: 3350.2727
  Processing request 150/3000 (ID: vnr_149)...
    -> Result: Success, Cost: 1628.0541
  Processing request 151/3000 (ID: vnr_150)...
    -> Result: Success, Cost: 2075.0716
  Processing request 152/3000 (ID: vnr_151)...
    -> Result: Success, Cost: 974.8139
  Processing request 153/3000 (ID: vnr_152)...
    -> Result: Success, Cost: 1223.4213
  Processing request 154/3000 (ID: vnr_153)...
    -> Result: Success, Cost: 1398.0401
  Processing request 155/3000 (ID: vnr_154)...
    -> Result: Success, Cost: 398.6786
  Processing request 156/3000 (ID: vnr_155)...
    -> Result: Success, Cost: 435.3381
  Processing request 157/3000 (ID: vnr_156)...
    -> Result: Success, Cost: 985.3456
  Processing request 158/3000 (ID: vnr_157)...
    -> Result: Success, Cost: 699.6016
  Processing request 159/3000 (ID: vnr_158)...
    -> Result: Success, Cost: 140.7854
  Processing request 160/3000 (ID: vnr_159)...
    -> Result: Success, Cost: 1649.8732
  Processing request 161/3000 (ID: vnr_160)...
    -> Result: Success, Cost: 1263.6737
  Processing request 162/3000 (ID: vnr_161)...
    -> Result: Success, Cost: 1950.8002
  Processing request 163/3000 (ID: vnr_162)...
    -> Result: Success, Cost: 513.1146
  Processing request 164/3000 (ID: vnr_163)...
    -> Result: Success, Cost: 754.4741
  Processing request 165/3000 (ID: vnr_164)...
    -> Result: Success, Cost: 1399.6505
  Processing request 166/3000 (ID: vnr_165)...
    -> Result: Success, Cost: 851.8089
  Processing request 167/3000 (ID: vnr_166)...
    -> Result: Success, Cost: 933.2761
  Processing request 168/3000 (ID: vnr_167)...
    -> Result: Success, Cost: 1487.1182
  Processing request 169/3000 (ID: vnr_168)...
    -> Result: Failed, Cost: 0.0000
  Processing request 170/3000 (ID: vnr_169)...
    -> Result: Success, Cost: 388.9881
  Processing request 171/3000 (ID: vnr_170)...
    -> Result: Success, Cost: 2279.1714
  Processing request 172/3000 (ID: vnr_171)...
    -> Result: Success, Cost: 2742.9089
  Processing request 173/3000 (ID: vnr_172)...
    -> Result: Success, Cost: 1977.9566
  Processing request 174/3000 (ID: vnr_173)...
    -> Result: Success, Cost: 1108.4997
  Processing request 175/3000 (ID: vnr_174)...
    -> Result: Success, Cost: 1490.9939
  Processing request 176/3000 (ID: vnr_175)...
    -> Result: Failed, Cost: 0.0000
  Processing request 177/3000 (ID: vnr_176)...
    -> Result: Success, Cost: 932.7225
  Processing request 178/3000 (ID: vnr_177)...
    -> Result: Failed, Cost: 0.0000
  Processing request 179/3000 (ID: vnr_178)...
    -> Result: Success, Cost: 408.6202
  Processing request 180/3000 (ID: vnr_179)...
    -> Result: Success, Cost: 1325.0771
  Processing request 181/3000 (ID: vnr_180)...
    -> Result: Success, Cost: 1275.6357
  Processing request 182/3000 (ID: vnr_181)...
    -> Result: Success, Cost: 2061.8726
  Processing request 183/3000 (ID: vnr_182)...
    -> Result: Success, Cost: 2143.5628
  Processing request 184/3000 (ID: vnr_183)...
    -> Result: Success, Cost: 1202.4455
  Processing request 185/3000 (ID: vnr_184)...
    -> Result: Success, Cost: 3202.7439
  Processing request 186/3000 (ID: vnr_185)...
    -> Result: Success, Cost: 944.7448
  Processing request 187/3000 (ID: vnr_186)...
    -> Result: Success, Cost: 1006.3207
  Processing request 188/3000 (ID: vnr_187)...
    -> Result: Failed, Cost: 0.0000
  Processing request 189/3000 (ID: vnr_188)...
    -> Result: Success, Cost: 1884.7245
  Processing request 190/3000 (ID: vnr_189)...
    -> Result: Success, Cost: 477.8194
  Processing request 191/3000 (ID: vnr_190)...
    -> Result: Success, Cost: 1922.4262
  Processing request 192/3000 (ID: vnr_191)...
    -> Result: Success, Cost: 97.6908
  Processing request 193/3000 (ID: vnr_192)...
    -> Result: Success, Cost: 463.7714
  Processing request 194/3000 (ID: vnr_193)...
    -> Result: Success, Cost: 271.5270
  Processing request 195/3000 (ID: vnr_194)...
    -> Result: Success, Cost: 636.8899
  Processing request 196/3000 (ID: vnr_195)...
    -> Result: Success, Cost: 441.1854
  Processing request 197/3000 (ID: vnr_196)...
    -> Result: Success, Cost: 819.1161
  Processing request 198/3000 (ID: vnr_197)...
    -> Result: Success, Cost: 1783.2208
  Processing request 199/3000 (ID: vnr_198)...
    -> Result: Success, Cost: 759.3540
  Processing request 200/3000 (ID: vnr_199)...
    -> Result: Success, Cost: 427.6202
  Processing request 201/3000 (ID: vnr_200)...
    -> Result: Success, Cost: 1793.9402
  Processing request 202/3000 (ID: vnr_201)...
    -> Result: Success, Cost: 1584.7330
  Processing request 203/3000 (ID: vnr_202)...
    -> Result: Success, Cost: 107.6614
  Processing request 204/3000 (ID: vnr_203)...
    -> Result: Success, Cost: 1477.1613
  Processing request 205/3000 (ID: vnr_204)...
    -> Result: Success, Cost: 98.0066
  Processing request 206/3000 (ID: vnr_205)...
    -> Result: Success, Cost: 216.0240
  Processing request 207/3000 (ID: vnr_206)...
    -> Result: Success, Cost: 490.8447
  Processing request 208/3000 (ID: vnr_207)...
    -> Result: Success, Cost: 853.2036
  Processing request 209/3000 (ID: vnr_208)...
    -> Result: Success, Cost: 1526.7887
  Processing request 210/3000 (ID: vnr_209)...
    -> Result: Success, Cost: 420.6910
  Processing request 211/3000 (ID: vnr_210)...
    -> Result: Success, Cost: 3115.5854
  Processing request 212/3000 (ID: vnr_211)...
    -> Result: Success, Cost: 1338.2661
  Processing request 213/3000 (ID: vnr_212)...
    -> Result: Success, Cost: 1289.8043
  Processing request 214/3000 (ID: vnr_213)...
    -> Result: Success, Cost: 514.3931
  Processing request 215/3000 (ID: vnr_214)...
    -> Result: Success, Cost: 284.7792
  Processing request 216/3000 (ID: vnr_215)...
    -> Result: Success, Cost: 1609.4357
  Processing request 217/3000 (ID: vnr_216)...
    -> Result: Success, Cost: 297.9598
  Processing request 218/3000 (ID: vnr_217)...
    -> Result: Success, Cost: 622.5716
  Processing request 219/3000 (ID: vnr_218)...
    -> Result: Success, Cost: 180.1396
  Processing request 220/3000 (ID: vnr_219)...
    -> Result: Success, Cost: 462.4106
  Processing request 221/3000 (ID: vnr_220)...
    -> Result: Success, Cost: 703.3095
  Processing request 222/3000 (ID: vnr_221)...
    -> Result: Success, Cost: 1409.3389
  Processing request 223/3000 (ID: vnr_222)...
    -> Result: Success, Cost: 357.5242
  Processing request 224/3000 (ID: vnr_223)...
    -> Result: Success, Cost: 235.7667
  Processing request 225/3000 (ID: vnr_224)...
    -> Result: Success, Cost: 567.5897
  Processing request 226/3000 (ID: vnr_225)...
    -> Result: Success, Cost: 1889.4364
  Processing request 227/3000 (ID: vnr_226)...
    -> Result: Success, Cost: 1089.0661
  Processing request 228/3000 (ID: vnr_227)...
    -> Result: Success, Cost: 276.3994
  Processing request 229/3000 (ID: vnr_228)...
    -> Result: Success, Cost: 595.6523
  Processing request 230/3000 (ID: vnr_229)...
    -> Result: Success, Cost: 182.0279
  Processing request 231/3000 (ID: vnr_230)...
    -> Result: Success, Cost: 314.6892
  Processing request 232/3000 (ID: vnr_231)...
    -> Result: Success, Cost: 433.0116
  Processing request 233/3000 (ID: vnr_232)...
    -> Result: Success, Cost: 1026.8052
  Processing request 234/3000 (ID: vnr_233)...
    -> Result: Success, Cost: 194.9898
  Processing request 235/3000 (ID: vnr_234)...
    -> Result: Success, Cost: 1926.8616
  Processing request 236/3000 (ID: vnr_235)...
    -> Result: Success, Cost: 1532.4369
  Processing request 237/3000 (ID: vnr_236)...
    -> Result: Success, Cost: 1209.2580
  Processing request 238/3000 (ID: vnr_237)...
    -> Result: Success, Cost: 651.0636
  Processing request 239/3000 (ID: vnr_238)...
    -> Result: Success, Cost: 697.8584
  Processing request 240/3000 (ID: vnr_239)...
    -> Result: Failed, Cost: 0.0000
  Processing request 241/3000 (ID: vnr_240)...
    -> Result: Success, Cost: 586.5283
  Processing request 242/3000 (ID: vnr_241)...
    -> Result: Success, Cost: 103.8186
  Processing request 243/3000 (ID: vnr_242)...
    -> Result: Success, Cost: 621.0862
  Processing request 244/3000 (ID: vnr_243)...
    -> Result: Success, Cost: 681.3783
  Processing request 245/3000 (ID: vnr_244)...
    -> Result: Success, Cost: 2123.4642
  Processing request 246/3000 (ID: vnr_245)...
    -> Result: Success, Cost: 187.0221
  Processing request 247/3000 (ID: vnr_246)...
    -> Result: Success, Cost: 474.5823
  Processing request 248/3000 (ID: vnr_247)...
    -> Result: Success, Cost: 2683.0638
  Processing request 249/3000 (ID: vnr_248)...
    -> Result: Success, Cost: 918.6773
  Processing request 250/3000 (ID: vnr_249)...
    -> Result: Success, Cost: 785.8354
  Processing request 251/3000 (ID: vnr_250)...
    -> Result: Success, Cost: 2142.9970
  Processing request 252/3000 (ID: vnr_251)...
    -> Result: Success, Cost: 1309.4662
  Processing request 253/3000 (ID: vnr_252)...
    -> Result: Success, Cost: 2158.1522
  Processing request 254/3000 (ID: vnr_253)...
    -> Result: Success, Cost: 1692.8366
  Processing request 255/3000 (ID: vnr_254)...
    -> Result: Success, Cost: 1017.4284
  Processing request 256/3000 (ID: vnr_255)...
    -> Result: Success, Cost: 1617.3515
  Processing request 257/3000 (ID: vnr_256)...
    -> Result: Success, Cost: 427.5424
  Processing request 258/3000 (ID: vnr_257)...
    -> Result: Success, Cost: 448.9354
  Processing request 259/3000 (ID: vnr_258)...
    -> Result: Success, Cost: 434.6754
  Processing request 260/3000 (ID: vnr_259)...
    -> Result: Success, Cost: 764.8053
  Processing request 261/3000 (ID: vnr_260)...
    -> Result: Success, Cost: 798.8009
  Processing request 262/3000 (ID: vnr_261)...
    -> Result: Success, Cost: 1793.2356
  Processing request 263/3000 (ID: vnr_262)...
    -> Result: Success, Cost: 112.8433
  Processing request 264/3000 (ID: vnr_263)...
    -> Result: Success, Cost: 1558.0858
  Processing request 265/3000 (ID: vnr_264)...
    -> Result: Success, Cost: 870.6421
  Processing request 266/3000 (ID: vnr_265)...
    -> Result: Success, Cost: 1040.3426
  Processing request 267/3000 (ID: vnr_266)...
    -> Result: Success, Cost: 274.8662
  Processing request 268/3000 (ID: vnr_267)...
    -> Result: Success, Cost: 1049.0785
  Processing request 269/3000 (ID: vnr_268)...
    -> Result: Success, Cost: 1959.2861
  Processing request 270/3000 (ID: vnr_269)...
    -> Result: Success, Cost: 2262.1657
  Processing request 271/3000 (ID: vnr_270)...
    -> Result: Success, Cost: 968.2103
  Processing request 272/3000 (ID: vnr_271)...
    -> Result: Success, Cost: 196.2064
  Processing request 273/3000 (ID: vnr_272)...
    -> Result: Success, Cost: 229.6483
  Processing request 274/3000 (ID: vnr_273)...
    -> Result: Failed, Cost: 0.0000
  Processing request 275/3000 (ID: vnr_274)...
    -> Result: Success, Cost: 932.1045
  Processing request 276/3000 (ID: vnr_275)...
    -> Result: Success, Cost: 1867.7894
  Processing request 277/3000 (ID: vnr_276)...
    -> Result: Success, Cost: 1041.3618
  Processing request 278/3000 (ID: vnr_277)...
    -> Result: Failed, Cost: 0.0000
  Processing request 279/3000 (ID: vnr_278)...
    -> Result: Success, Cost: 2193.6261
  Processing request 280/3000 (ID: vnr_279)...
    -> Result: Failed, Cost: 0.0000
  Processing request 281/3000 (ID: vnr_280)...
    -> Result: Failed, Cost: 0.0000
  Processing request 282/3000 (ID: vnr_281)...
    -> Result: Failed, Cost: 0.0000
  Processing request 283/3000 (ID: vnr_282)...
    -> Result: Failed, Cost: 0.0000
  Processing request 284/3000 (ID: vnr_283)...
    -> Result: Failed, Cost: 0.0000
  Processing request 285/3000 (ID: vnr_284)...
    -> Result: Success, Cost: 1739.4640
  Processing request 286/3000 (ID: vnr_285)...
    -> Result: Failed, Cost: 0.0000
  Processing request 287/3000 (ID: vnr_286)...
    -> Result: Failed, Cost: 0.0000
  Processing request 288/3000 (ID: vnr_287)...
    -> Result: Success, Cost: 1093.2738
  Processing request 289/3000 (ID: vnr_288)...
    -> Result: Success, Cost: 1009.0890
  Processing request 290/3000 (ID: vnr_289)...
    -> Result: Success, Cost: 369.3345
  Processing request 291/3000 (ID: vnr_290)...
    -> Result: Success, Cost: 1651.4922
  Processing request 292/3000 (ID: vnr_291)...
    -> Result: Success, Cost: 2385.4665
  Processing request 293/3000 (ID: vnr_292)...
    -> Result: Success, Cost: 321.1390
  Processing request 294/3000 (ID: vnr_293)...
    -> Result: Failed, Cost: 0.0000
  Processing request 295/3000 (ID: vnr_294)...
    -> Result: Failed, Cost: 0.0000
  Processing request 296/3000 (ID: vnr_295)...
    -> Result: Success, Cost: 853.0256
  Processing request 297/3000 (ID: vnr_296)...
    -> Result: Failed, Cost: 0.0000
  Processing request 298/3000 (ID: vnr_297)...
    -> Result: Failed, Cost: 0.0000
  Processing request 299/3000 (ID: vnr_298)...
    -> Result: Failed, Cost: 0.0000
  Processing request 300/3000 (ID: vnr_299)...
    -> Result: Success, Cost: 200.2216
  Processing request 301/3000 (ID: vnr_300)...
    -> Result: Success, Cost: 94.9187
  Processing request 302/3000 (ID: vnr_301)...
    -> Result: Failed, Cost: 0.0000
  Processing request 303/3000 (ID: vnr_302)...
    -> Result: Success, Cost: 1044.6727
  Processing request 304/3000 (ID: vnr_303)...
    -> Result: Success, Cost: 743.0083
  Processing request 305/3000 (ID: vnr_304)...
    -> Result: Success, Cost: 377.3205
  Processing request 306/3000 (ID: vnr_305)...
    -> Result: Success, Cost: 272.2831
  Processing request 307/3000 (ID: vnr_306)...
    -> Result: Success, Cost: 303.0924
  Processing request 308/3000 (ID: vnr_307)...
    -> Result: Failed, Cost: 0.0000
  Processing request 309/3000 (ID: vnr_308)...
    -> Result: Success, Cost: 1040.2496
  Processing request 310/3000 (ID: vnr_309)...
    -> Result: Failed, Cost: 0.0000
  Processing request 311/3000 (ID: vnr_310)...
    -> Result: Success, Cost: 1208.5361
  Processing request 312/3000 (ID: vnr_311)...
    -> Result: Success, Cost: 2573.9086
  Processing request 313/3000 (ID: vnr_312)...
    -> Result: Success, Cost: 1631.6757
  Processing request 314/3000 (ID: vnr_313)...
    -> Result: Success, Cost: 908.4317
  Processing request 315/3000 (ID: vnr_314)...
    -> Result: Success, Cost: 1570.1001
  Processing request 316/3000 (ID: vnr_315)...
    -> Result: Failed, Cost: 0.0000
  Processing request 317/3000 (ID: vnr_316)...
    -> Result: Success, Cost: 363.1759
  Processing request 318/3000 (ID: vnr_317)...
    -> Result: Success, Cost: 2938.5857
  Processing request 319/3000 (ID: vnr_318)...
    -> Result: Failed, Cost: 0.0000
  Processing request 320/3000 (ID: vnr_319)...
    -> Result: Success, Cost: 587.3428
  Processing request 321/3000 (ID: vnr_320)...
    -> Result: Failed, Cost: 0.0000
  Processing request 322/3000 (ID: vnr_321)...
    -> Result: Success, Cost: 945.9650
  Processing request 323/3000 (ID: vnr_322)...
    -> Result: Failed, Cost: 0.0000
  Processing request 324/3000 (ID: vnr_323)...
    -> Result: Failed, Cost: 0.0000
  Processing request 325/3000 (ID: vnr_324)...
    -> Result: Failed, Cost: 0.0000
  Processing request 326/3000 (ID: vnr_325)...
    -> Result: Success, Cost: 221.4295
  Processing request 327/3000 (ID: vnr_326)...
    -> Result: Failed, Cost: 0.0000
  Processing request 328/3000 (ID: vnr_327)...
    -> Result: Success, Cost: 574.6931
  Processing request 329/3000 (ID: vnr_328)...
    -> Result: Success, Cost: 526.6236
  Processing request 330/3000 (ID: vnr_329)...
    -> Result: Success, Cost: 333.6871
  Processing request 331/3000 (ID: vnr_330)...
    -> Result: Success, Cost: 491.9386
  Processing request 332/3000 (ID: vnr_331)...
    -> Result: Failed, Cost: 0.0000
  Processing request 333/3000 (ID: vnr_332)...
    -> Result: Success, Cost: 525.9545
  Processing request 334/3000 (ID: vnr_333)...
    -> Result: Success, Cost: 2090.6809
  Processing request 335/3000 (ID: vnr_334)...
    -> Result: Success, Cost: 1916.1674
  Processing request 336/3000 (ID: vnr_335)...
    -> Result: Failed, Cost: 0.0000
  Processing request 337/3000 (ID: vnr_336)...
    -> Result: Success, Cost: 106.7182
  Processing request 338/3000 (ID: vnr_337)...
    -> Result: Success, Cost: 289.2712
  Processing request 339/3000 (ID: vnr_338)...
    -> Result: Success, Cost: 783.1249
  Processing request 340/3000 (ID: vnr_339)...
    -> Result: Success, Cost: 325.7607
  Processing request 341/3000 (ID: vnr_340)...
    -> Result: Failed, Cost: 0.0000
  Processing request 342/3000 (ID: vnr_341)...
    -> Result: Failed, Cost: 0.0000
  Processing request 343/3000 (ID: vnr_342)...
    -> Result: Failed, Cost: 0.0000
  Processing request 344/3000 (ID: vnr_343)...
    -> Result: Success, Cost: 328.3153
  Processing request 345/3000 (ID: vnr_344)...
    -> Result: Success, Cost: 2135.5570
  Processing request 346/3000 (ID: vnr_345)...
    -> Result: Failed, Cost: 0.0000
  Processing request 347/3000 (ID: vnr_346)...
    -> Result: Failed, Cost: 0.0000
  Processing request 348/3000 (ID: vnr_347)...
    -> Result: Success, Cost: 210.2948
  Processing request 349/3000 (ID: vnr_348)...
    -> Result: Success, Cost: 483.7607
  Processing request 350/3000 (ID: vnr_349)...
    -> Result: Success, Cost: 303.4367
  Processing request 351/3000 (ID: vnr_350)...
    -> Result: Failed, Cost: 0.0000
  Processing request 352/3000 (ID: vnr_351)...
    -> Result: Success, Cost: 909.7590
  Processing request 353/3000 (ID: vnr_352)...
    -> Result: Failed, Cost: 0.0000
  Processing request 354/3000 (ID: vnr_353)...
    -> Result: Success, Cost: 186.9341
  Processing request 355/3000 (ID: vnr_354)...
    -> Result: Success, Cost: 1252.3075
  Processing request 356/3000 (ID: vnr_355)...
    -> Result: Success, Cost: 1121.6203
  Processing request 357/3000 (ID: vnr_356)...
    -> Result: Success, Cost: 2352.1133
  Processing request 358/3000 (ID: vnr_357)...
    -> Result: Failed, Cost: 0.0000
  Processing request 359/3000 (ID: vnr_358)...
    -> Result: Failed, Cost: 0.0000
  Processing request 360/3000 (ID: vnr_359)...
    -> Result: Failed, Cost: 0.0000
  Processing request 361/3000 (ID: vnr_360)...
    -> Result: Success, Cost: 154.0150
  Processing request 362/3000 (ID: vnr_361)...
    -> Result: Failed, Cost: 0.0000
  Processing request 363/3000 (ID: vnr_362)...
    -> Result: Success, Cost: 1918.9599
  Processing request 364/3000 (ID: vnr_363)...
    -> Result: Success, Cost: 321.1866
  Processing request 365/3000 (ID: vnr_364)...
    -> Result: Failed, Cost: 0.0000
  Processing request 366/3000 (ID: vnr_365)...
    -> Result: Success, Cost: 371.9840
  Processing request 367/3000 (ID: vnr_366)...
    -> Result: Failed, Cost: 0.0000
  Processing request 368/3000 (ID: vnr_367)...
    -> Result: Success, Cost: 2758.8041
  Processing request 369/3000 (ID: vnr_368)...
    -> Result: Success, Cost: 1875.1429
  Processing request 370/3000 (ID: vnr_369)...
    -> Result: Success, Cost: 1827.6483
  Processing request 371/3000 (ID: vnr_370)...
    -> Result: Success, Cost: 863.0148
  Processing request 372/3000 (ID: vnr_371)...
    -> Result: Success, Cost: 1966.5084
  Processing request 373/3000 (ID: vnr_372)...
    -> Result: Failed, Cost: 0.0000
  Processing request 374/3000 (ID: vnr_373)...
    -> Result: Failed, Cost: 0.0000
  Processing request 375/3000 (ID: vnr_374)...
    -> Result: Failed, Cost: 0.0000
  Processing request 376/3000 (ID: vnr_375)...
    -> Result: Failed, Cost: 0.0000
  Processing request 377/3000 (ID: vnr_376)...
    -> Result: Failed, Cost: 0.0000
  Processing request 378/3000 (ID: vnr_377)...
    -> Result: Success, Cost: 106.0654
  Processing request 379/3000 (ID: vnr_378)...
    -> Result: Success, Cost: 2199.0407
  Processing request 380/3000 (ID: vnr_379)...
    -> Result: Success, Cost: 2319.7995
  Processing request 381/3000 (ID: vnr_380)...
    -> Result: Success, Cost: 909.6756
  Processing request 382/3000 (ID: vnr_381)...
    -> Result: Success, Cost: 1925.8470
  Processing request 383/3000 (ID: vnr_382)...
    -> Result: Success, Cost: 969.9575
  Processing request 384/3000 (ID: vnr_383)...
    -> Result: Failed, Cost: 0.0000
  Processing request 385/3000 (ID: vnr_384)...
    -> Result: Success, Cost: 367.1510
  Processing request 386/3000 (ID: vnr_385)...
    -> Result: Success, Cost: 96.5945
  Processing request 387/3000 (ID: vnr_386)...
    -> Result: Success, Cost: 1526.7750
  Processing request 388/3000 (ID: vnr_387)...
    -> Result: Failed, Cost: 0.0000
  Processing request 389/3000 (ID: vnr_388)...
    -> Result: Failed, Cost: 0.0000
  Processing request 390/3000 (ID: vnr_389)...
    -> Result: Failed, Cost: 0.0000
  Processing request 391/3000 (ID: vnr_390)...
    -> Result: Failed, Cost: 0.0000
  Processing request 392/3000 (ID: vnr_391)...
    -> Result: Success, Cost: 1460.4100
  Processing request 393/3000 (ID: vnr_392)...
    -> Result: Success, Cost: 2131.0509
  Processing request 394/3000 (ID: vnr_393)...
    -> Result: Success, Cost: 322.0133
  Processing request 395/3000 (ID: vnr_394)...
    -> Result: Success, Cost: 537.0000
  Processing request 396/3000 (ID: vnr_395)...
    -> Result: Success, Cost: 737.7166
  Processing request 397/3000 (ID: vnr_396)...
    -> Result: Success, Cost: 2166.7815
  Processing request 398/3000 (ID: vnr_397)...
    -> Result: Success, Cost: 182.5261
  Processing request 399/3000 (ID: vnr_398)...
    -> Result: Success, Cost: 142.5103
  Processing request 400/3000 (ID: vnr_399)...
    -> Result: Success, Cost: 285.1948
  Processing request 401/3000 (ID: vnr_400)...
    -> Result: Success, Cost: 1604.8125
  Processing request 402/3000 (ID: vnr_401)...
    -> Result: Success, Cost: 1783.8693
  Processing request 403/3000 (ID: vnr_402)...
    -> Result: Success, Cost: 2124.4134
  Processing request 404/3000 (ID: vnr_403)...
    -> Result: Success, Cost: 949.8148
  Processing request 405/3000 (ID: vnr_404)...
    -> Result: Success, Cost: 368.5750
  Processing request 406/3000 (ID: vnr_405)...
    -> Result: Success, Cost: 2707.9162
  Processing request 407/3000 (ID: vnr_406)...
    -> Result: Success, Cost: 172.3447
  Processing request 408/3000 (ID: vnr_407)...
    -> Result: Success, Cost: 616.6980
  Processing request 409/3000 (ID: vnr_408)...
    -> Result: Success, Cost: 431.0217
  Processing request 410/3000 (ID: vnr_409)...
    -> Result: Success, Cost: 416.4214
  Processing request 411/3000 (ID: vnr_410)...
    -> Result: Success, Cost: 610.2618
  Processing request 412/3000 (ID: vnr_411)...
    -> Result: Success, Cost: 362.9558
  Processing request 413/3000 (ID: vnr_412)...
    -> Result: Success, Cost: 1165.6282
  Processing request 414/3000 (ID: vnr_413)...
    -> Result: Success, Cost: 1181.4447
  Processing request 415/3000 (ID: vnr_414)...
    -> Result: Success, Cost: 392.3711
  Processing request 416/3000 (ID: vnr_415)...
    -> Result: Success, Cost: 128.4405
  Processing request 417/3000 (ID: vnr_416)...
    -> Result: Success, Cost: 753.9016
  Processing request 418/3000 (ID: vnr_417)...
    -> Result: Success, Cost: 963.3095
  Processing request 419/3000 (ID: vnr_418)...
    -> Result: Success, Cost: 1023.3700
  Processing request 420/3000 (ID: vnr_419)...
    -> Result: Success, Cost: 392.0359
  Processing request 421/3000 (ID: vnr_420)...
    -> Result: Success, Cost: 272.2084
  Processing request 422/3000 (ID: vnr_421)...
    -> Result: Success, Cost: 1735.3789
  Processing request 423/3000 (ID: vnr_422)...
    -> Result: Success, Cost: 926.7115
  Processing request 424/3000 (ID: vnr_423)...
    -> Result: Success, Cost: 1727.7813
  Processing request 425/3000 (ID: vnr_424)...
    -> Result: Success, Cost: 362.2329
  Processing request 426/3000 (ID: vnr_425)...
    -> Result: Success, Cost: 820.7817
  Processing request 427/3000 (ID: vnr_426)...
    -> Result: Success, Cost: 313.5454
  Processing request 428/3000 (ID: vnr_427)...
    -> Result: Success, Cost: 1738.1722
  Processing request 429/3000 (ID: vnr_428)...
    -> Result: Success, Cost: 766.5058
  Processing request 430/3000 (ID: vnr_429)...
    -> Result: Success, Cost: 1843.4314
  Processing request 431/3000 (ID: vnr_430)...
    -> Result: Success, Cost: 146.4886
  Processing request 432/3000 (ID: vnr_431)...
    -> Result: Success, Cost: 2035.1855
  Processing request 433/3000 (ID: vnr_432)...
    -> Result: Success, Cost: 2018.6763
  Processing request 434/3000 (ID: vnr_433)...
    -> Result: Success, Cost: 244.3036
  Processing request 435/3000 (ID: vnr_434)...
    -> Result: Success, Cost: 1224.5847
  Processing request 436/3000 (ID: vnr_435)...
    -> Result: Success, Cost: 115.9826
  Processing request 437/3000 (ID: vnr_436)...
    -> Result: Success, Cost: 1975.1254
  Processing request 438/3000 (ID: vnr_437)...
    -> Result: Success, Cost: 2071.7735
  Processing request 439/3000 (ID: vnr_438)...
    -> Result: Success, Cost: 2128.5531
  Processing request 440/3000 (ID: vnr_439)...
    -> Result: Success, Cost: 981.7684
  Processing request 441/3000 (ID: vnr_440)...
    -> Result: Success, Cost: 964.3389
  Processing request 442/3000 (ID: vnr_441)...
    -> Result: Success, Cost: 465.8892
  Processing request 443/3000 (ID: vnr_442)...
    -> Result: Success, Cost: 1287.9519
  Processing request 444/3000 (ID: vnr_443)...
    -> Result: Success, Cost: 1753.3790
  Processing request 445/3000 (ID: vnr_444)...
    -> Result: Success, Cost: 1540.3064
  Processing request 446/3000 (ID: vnr_445)...
    -> Result: Success, Cost: 622.1003
  Processing request 447/3000 (ID: vnr_446)...
    -> Result: Success, Cost: 3321.6597
  Processing request 448/3000 (ID: vnr_447)...
    -> Result: Success, Cost: 685.8967
  Processing request 449/3000 (ID: vnr_448)...
    -> Result: Success, Cost: 1961.0116
  Processing request 450/3000 (ID: vnr_449)...
    -> Result: Success, Cost: 503.1698
  Processing request 451/3000 (ID: vnr_450)...
    -> Result: Success, Cost: 386.3167
  Processing request 452/3000 (ID: vnr_451)...
    -> Result: Success, Cost: 501.1093
  Processing request 453/3000 (ID: vnr_452)...
    -> Result: Success, Cost: 1056.8650
  Processing request 454/3000 (ID: vnr_453)...
    -> Result: Success, Cost: 1514.6014
  Processing request 455/3000 (ID: vnr_454)...
    -> Result: Success, Cost: 833.8143
  Processing request 456/3000 (ID: vnr_455)...
    -> Result: Success, Cost: 1404.9690
  Processing request 457/3000 (ID: vnr_456)...
    -> Result: Success, Cost: 449.4954
  Processing request 458/3000 (ID: vnr_457)...
    -> Result: Success, Cost: 1623.8178
  Processing request 459/3000 (ID: vnr_458)...
    -> Result: Success, Cost: 654.0408
  Processing request 460/3000 (ID: vnr_459)...
    -> Result: Success, Cost: 237.6531
  Processing request 461/3000 (ID: vnr_460)...
    -> Result: Success, Cost: 1498.5345
  Processing request 462/3000 (ID: vnr_461)...
    -> Result: Success, Cost: 2698.3252
  Processing request 463/3000 (ID: vnr_462)...
    -> Result: Success, Cost: 259.1169
  Processing request 464/3000 (ID: vnr_463)...
    -> Result: Success, Cost: 420.7027
  Processing request 465/3000 (ID: vnr_464)...
    -> Result: Success, Cost: 320.7558
  Processing request 466/3000 (ID: vnr_465)...
    -> Result: Success, Cost: 209.9507
  Processing request 467/3000 (ID: vnr_466)...
    -> Result: Success, Cost: 439.7399
  Processing request 468/3000 (ID: vnr_467)...
    -> Result: Success, Cost: 1570.2547
  Processing request 469/3000 (ID: vnr_468)...
    -> Result: Success, Cost: 2583.9952
  Processing request 470/3000 (ID: vnr_469)...
    -> Result: Success, Cost: 293.5443
  Processing request 471/3000 (ID: vnr_470)...
    -> Result: Success, Cost: 887.9792
  Processing request 472/3000 (ID: vnr_471)...
    -> Result: Success, Cost: 1247.5861
  Processing request 473/3000 (ID: vnr_472)...
    -> Result: Success, Cost: 520.2677
  Processing request 474/3000 (ID: vnr_473)...
    -> Result: Success, Cost: 667.9635
  Processing request 475/3000 (ID: vnr_474)...
    -> Result: Success, Cost: 1445.5026
  Processing request 476/3000 (ID: vnr_475)...
    -> Result: Success, Cost: 180.3460
  Processing request 477/3000 (ID: vnr_476)...
    -> Result: Success, Cost: 1054.4575
  Processing request 478/3000 (ID: vnr_477)...
    -> Result: Success, Cost: 2469.1974
  Processing request 479/3000 (ID: vnr_478)...
    -> Result: Success, Cost: 937.2475
  Processing request 480/3000 (ID: vnr_479)...
    -> Result: Success, Cost: 526.3704
  Processing request 481/3000 (ID: vnr_480)...
    -> Result: Success, Cost: 219.2967
  Processing request 482/3000 (ID: vnr_481)...
    -> Result: Success, Cost: 548.1207
  Processing request 483/3000 (ID: vnr_482)...
    -> Result: Success, Cost: 183.6602
  Processing request 484/3000 (ID: vnr_483)...
    -> Result: Success, Cost: 1246.0109
  Processing request 485/3000 (ID: vnr_484)...
    -> Result: Success, Cost: 1713.7270
  Processing request 486/3000 (ID: vnr_485)...
    -> Result: Success, Cost: 104.9998
  Processing request 487/3000 (ID: vnr_486)...
    -> Result: Success, Cost: 148.7079
  Processing request 488/3000 (ID: vnr_487)...
    -> Result: Success, Cost: 1746.6095
  Processing request 489/3000 (ID: vnr_488)...
    -> Result: Success, Cost: 739.2612
  Processing request 490/3000 (ID: vnr_489)...
    -> Result: Success, Cost: 1722.4347
  Processing request 491/3000 (ID: vnr_490)...
    -> Result: Success, Cost: 353.8093
  Processing request 492/3000 (ID: vnr_491)...
    -> Result: Success, Cost: 765.3022
  Processing request 493/3000 (ID: vnr_492)...
    -> Result: Success, Cost: 1946.2123
  Processing request 494/3000 (ID: vnr_493)...
    -> Result: Success, Cost: 1949.8579
  Processing request 495/3000 (ID: vnr_494)...
    -> Result: Success, Cost: 112.6418
  Processing request 496/3000 (ID: vnr_495)...
    -> Result: Success, Cost: 2614.2739
  Processing request 497/3000 (ID: vnr_496)...
    -> Result: Success, Cost: 159.2985
  Processing request 498/3000 (ID: vnr_497)...
    -> Result: Success, Cost: 1784.4505
  Processing request 499/3000 (ID: vnr_498)...
    -> Result: Success, Cost: 2309.1222
  Processing request 500/3000 (ID: vnr_499)...
    -> Result: Success, Cost: 1641.6467
  Processing request 501/3000 (ID: vnr_500)...
    -> Result: Success, Cost: 1457.9125
  Processing request 502/3000 (ID: vnr_501)...
    -> Result: Success, Cost: 1067.8787
  Processing request 503/3000 (ID: vnr_502)...
    -> Result: Success, Cost: 1367.3732
  Processing request 504/3000 (ID: vnr_503)...
    -> Result: Success, Cost: 290.2448
  Processing request 505/3000 (ID: vnr_504)...
    -> Result: Success, Cost: 1856.7061
  Processing request 506/3000 (ID: vnr_505)...
    -> Result: Success, Cost: 2838.6922
  Processing request 507/3000 (ID: vnr_506)...
    -> Result: Success, Cost: 1203.0415
  Processing request 508/3000 (ID: vnr_507)...
    -> Result: Success, Cost: 152.3649
  Processing request 509/3000 (ID: vnr_508)...
    -> Result: Success, Cost: 381.9689
  Processing request 510/3000 (ID: vnr_509)...
    -> Result: Success, Cost: 2097.1690
  Processing request 511/3000 (ID: vnr_510)...
    -> Result: Success, Cost: 601.1071
  Processing request 512/3000 (ID: vnr_511)...
    -> Result: Success, Cost: 834.8321
  Processing request 513/3000 (ID: vnr_512)...
    -> Result: Success, Cost: 1903.8988
  Processing request 514/3000 (ID: vnr_513)...
    -> Result: Success, Cost: 1266.7819
  Processing request 515/3000 (ID: vnr_514)...
    -> Result: Success, Cost: 401.5255
  Processing request 516/3000 (ID: vnr_515)...
    -> Result: Success, Cost: 1990.9006
  Processing request 517/3000 (ID: vnr_516)...
    -> Result: Success, Cost: 1408.1653
  Processing request 518/3000 (ID: vnr_517)...
    -> Result: Success, Cost: 369.5119
  Processing request 519/3000 (ID: vnr_518)...
    -> Result: Success, Cost: 688.1324
  Processing request 520/3000 (ID: vnr_519)...
    -> Result: Success, Cost: 2266.3082
  Processing request 521/3000 (ID: vnr_520)...
    -> Result: Success, Cost: 1317.9116
  Processing request 522/3000 (ID: vnr_521)...
    -> Result: Success, Cost: 87.2780
  Processing request 523/3000 (ID: vnr_522)...
    -> Result: Success, Cost: 1267.3359
  Processing request 524/3000 (ID: vnr_523)...
    -> Result: Success, Cost: 1281.9848
  Processing request 525/3000 (ID: vnr_524)...
    -> Result: Success, Cost: 420.1419
  Processing request 526/3000 (ID: vnr_525)...
    -> Result: Success, Cost: 1525.8649
  Processing request 527/3000 (ID: vnr_526)...
    -> Result: Success, Cost: 2209.4291
  Processing request 528/3000 (ID: vnr_527)...
    -> Result: Success, Cost: 1129.6570
  Processing request 529/3000 (ID: vnr_528)...
    -> Result: Success, Cost: 201.1952
  Processing request 530/3000 (ID: vnr_529)...
    -> Result: Success, Cost: 1699.6184
  Processing request 531/3000 (ID: vnr_530)...
    -> Result: Success, Cost: 1697.5876
  Processing request 532/3000 (ID: vnr_531)...
    -> Result: Success, Cost: 661.8175
  Processing request 533/3000 (ID: vnr_532)...
    -> Result: Success, Cost: 2873.9965
  Processing request 534/3000 (ID: vnr_533)...
    -> Result: Success, Cost: 1951.4300
  Processing request 535/3000 (ID: vnr_534)...
    -> Result: Success, Cost: 926.6407
  Processing request 536/3000 (ID: vnr_535)...
    -> Result: Success, Cost: 186.6104
  Processing request 537/3000 (ID: vnr_536)...
    -> Result: Success, Cost: 291.9082
  Processing request 538/3000 (ID: vnr_537)...
    -> Result: Success, Cost: 429.0817
  Processing request 539/3000 (ID: vnr_538)...
    -> Result: Success, Cost: 1988.8136
  Processing request 540/3000 (ID: vnr_539)...
    -> Result: Success, Cost: 1068.2829
  Processing request 541/3000 (ID: vnr_540)...
    -> Result: Success, Cost: 1331.4773
  Processing request 542/3000 (ID: vnr_541)...
    -> Result: Success, Cost: 198.4323
  Processing request 543/3000 (ID: vnr_542)...
    -> Result: Success, Cost: 545.6434
  Processing request 544/3000 (ID: vnr_543)...
    -> Result: Success, Cost: 1414.1679
  Processing request 545/3000 (ID: vnr_544)...
    -> Result: Success, Cost: 1732.5482
  Processing request 546/3000 (ID: vnr_545)...
    -> Result: Success, Cost: 135.9877
  Processing request 547/3000 (ID: vnr_546)...
    -> Result: Success, Cost: 1004.5682
  Processing request 548/3000 (ID: vnr_547)...
    -> Result: Success, Cost: 779.7881
  Processing request 549/3000 (ID: vnr_548)...
    -> Result: Success, Cost: 2820.3814
  Processing request 550/3000 (ID: vnr_549)...
    -> Result: Success, Cost: 923.4465
  Processing request 551/3000 (ID: vnr_550)...
    -> Result: Success, Cost: 77.1124
  Processing request 552/3000 (ID: vnr_551)...
    -> Result: Success, Cost: 308.1002
  Processing request 553/3000 (ID: vnr_552)...
    -> Result: Success, Cost: 2072.9036
  Processing request 554/3000 (ID: vnr_553)...
    -> Result: Success, Cost: 149.8930
  Processing request 555/3000 (ID: vnr_554)...
    -> Result: Success, Cost: 896.7273
  Processing request 556/3000 (ID: vnr_555)...
    -> Result: Success, Cost: 2294.0052
  Processing request 557/3000 (ID: vnr_556)...
    -> Result: Success, Cost: 1089.5708
  Processing request 558/3000 (ID: vnr_557)...
    -> Result: Success, Cost: 2462.7783
  Processing request 559/3000 (ID: vnr_558)...
    -> Result: Success, Cost: 1414.8527
  Processing request 560/3000 (ID: vnr_559)...
    -> Result: Success, Cost: 2359.0651
  Processing request 561/3000 (ID: vnr_560)...
    -> Result: Success, Cost: 2618.1156
  Processing request 562/3000 (ID: vnr_561)...
    -> Result: Success, Cost: 306.2523
  Processing request 563/3000 (ID: vnr_562)...
    -> Result: Success, Cost: 2491.0331
  Processing request 564/3000 (ID: vnr_563)...
    -> Result: Success, Cost: 711.4191
  Processing request 565/3000 (ID: vnr_564)...
    -> Result: Success, Cost: 2831.9689
  Processing request 566/3000 (ID: vnr_565)...
    -> Result: Success, Cost: 763.9445
  Processing request 567/3000 (ID: vnr_566)...
    -> Result: Success, Cost: 711.3897
  Processing request 568/3000 (ID: vnr_567)...
    -> Result: Success, Cost: 1779.9265
  Processing request 569/3000 (ID: vnr_568)...
    -> Result: Success, Cost: 264.5970
  Processing request 570/3000 (ID: vnr_569)...
    -> Result: Success, Cost: 3160.2676
  Processing request 571/3000 (ID: vnr_570)...
    -> Result: Success, Cost: 2138.1871
  Processing request 572/3000 (ID: vnr_571)...
    -> Result: Success, Cost: 2266.8087
  Processing request 573/3000 (ID: vnr_572)...
    -> Result: Success, Cost: 1726.5653
  Processing request 574/3000 (ID: vnr_573)...
    -> Result: Success, Cost: 356.4608
  Processing request 575/3000 (ID: vnr_574)...
    -> Result: Success, Cost: 1112.9048
  Processing request 576/3000 (ID: vnr_575)...
    -> Result: Success, Cost: 2599.3310
  Processing request 577/3000 (ID: vnr_576)...
    -> Result: Success, Cost: 195.5590
  Processing request 578/3000 (ID: vnr_577)...
    -> Result: Success, Cost: 787.9286
  Processing request 579/3000 (ID: vnr_578)...
    -> Result: Success, Cost: 120.0825
  Processing request 580/3000 (ID: vnr_579)...
    -> Result: Success, Cost: 1419.3063
  Processing request 581/3000 (ID: vnr_580)...
    -> Result: Success, Cost: 582.1464
  Processing request 582/3000 (ID: vnr_581)...
    -> Result: Success, Cost: 2117.6573
  Processing request 583/3000 (ID: vnr_582)...
    -> Result: Success, Cost: 2101.8068
  Processing request 584/3000 (ID: vnr_583)...
    -> Result: Success, Cost: 613.6668
  Processing request 585/3000 (ID: vnr_584)...
    -> Result: Success, Cost: 1525.8366
  Processing request 586/3000 (ID: vnr_585)...
    -> Result: Success, Cost: 872.3916
  Processing request 587/3000 (ID: vnr_586)...
    -> Result: Success, Cost: 593.9963
  Processing request 588/3000 (ID: vnr_587)...
    -> Result: Success, Cost: 334.3122
  Processing request 589/3000 (ID: vnr_588)...
    -> Result: Success, Cost: 1828.7598
  Processing request 590/3000 (ID: vnr_589)...
    -> Result: Success, Cost: 1395.5460
  Processing request 591/3000 (ID: vnr_590)...
    -> Result: Success, Cost: 472.3412
  Processing request 592/3000 (ID: vnr_591)...
    -> Result: Success, Cost: 1208.9084
  Processing request 593/3000 (ID: vnr_592)...
    -> Result: Success, Cost: 1844.4399
  Processing request 594/3000 (ID: vnr_593)...
    -> Result: Failed, Cost: 0.0000
  Processing request 595/3000 (ID: vnr_594)...
    -> Result: Success, Cost: 125.7698
  Processing request 596/3000 (ID: vnr_595)...
    -> Result: Success, Cost: 159.5062
  Processing request 597/3000 (ID: vnr_596)...
    -> Result: Failed, Cost: 0.0000
  Processing request 598/3000 (ID: vnr_597)...
    -> Result: Failed, Cost: 0.0000
  Processing request 599/3000 (ID: vnr_598)...
    -> Result: Success, Cost: 2495.1234
  Processing request 600/3000 (ID: vnr_599)...
    -> Result: Failed, Cost: 0.0000
  Processing request 601/3000 (ID: vnr_600)...
    -> Result: Failed, Cost: 0.0000
  Processing request 602/3000 (ID: vnr_601)...
    -> Result: Success, Cost: 1482.3162
  Processing request 603/3000 (ID: vnr_602)...
    -> Result: Success, Cost: 443.9148
  Processing request 604/3000 (ID: vnr_603)...
    -> Result: Success, Cost: 1936.8602
  Processing request 605/3000 (ID: vnr_604)...
    -> Result: Success, Cost: 475.8643
  Processing request 606/3000 (ID: vnr_605)...
    -> Result: Success, Cost: 770.3074
  Processing request 607/3000 (ID: vnr_606)...
    -> Result: Success, Cost: 1122.6083
  Processing request 608/3000 (ID: vnr_607)...
    -> Result: Success, Cost: 677.0335
  Processing request 609/3000 (ID: vnr_608)...
    -> Result: Success, Cost: 230.1535
  Processing request 610/3000 (ID: vnr_609)...
    -> Result: Success, Cost: 1702.6604
  Processing request 611/3000 (ID: vnr_610)...
    -> Result: Success, Cost: 753.8608
  Processing request 612/3000 (ID: vnr_611)...
    -> Result: Success, Cost: 1447.8420
  Processing request 613/3000 (ID: vnr_612)...
    -> Result: Success, Cost: 470.4350
  Processing request 614/3000 (ID: vnr_613)...
    -> Result: Success, Cost: 154.3079
  Processing request 615/3000 (ID: vnr_614)...
    -> Result: Success, Cost: 2176.5017
  Processing request 616/3000 (ID: vnr_615)...
    -> Result: Success, Cost: 403.9079
  Processing request 617/3000 (ID: vnr_616)...
    -> Result: Success, Cost: 684.2323
  Processing request 618/3000 (ID: vnr_617)...
    -> Result: Success, Cost: 1419.8979
  Processing request 619/3000 (ID: vnr_618)...
    -> Result: Success, Cost: 1718.6878
  Processing request 620/3000 (ID: vnr_619)...
    -> Result: Success, Cost: 1112.8362
  Processing request 621/3000 (ID: vnr_620)...
    -> Result: Success, Cost: 2377.8887
  Processing request 622/3000 (ID: vnr_621)...
    -> Result: Success, Cost: 335.6242
  Processing request 623/3000 (ID: vnr_622)...
    -> Result: Failed, Cost: 0.0000
  Processing request 624/3000 (ID: vnr_623)...
    -> Result: Success, Cost: 466.6678
  Processing request 625/3000 (ID: vnr_624)...
    -> Result: Success, Cost: 865.3264
  Processing request 626/3000 (ID: vnr_625)...
    -> Result: Success, Cost: 1423.2362
  Processing request 627/3000 (ID: vnr_626)...
    -> Result: Failed, Cost: 0.0000
  Processing request 628/3000 (ID: vnr_627)...
    -> Result: Success, Cost: 766.7899
  Processing request 629/3000 (ID: vnr_628)...
    -> Result: Success, Cost: 1754.6716
  Processing request 630/3000 (ID: vnr_629)...
    -> Result: Success, Cost: 704.0431
  Processing request 631/3000 (ID: vnr_630)...
    -> Result: Success, Cost: 1717.3075
  Processing request 632/3000 (ID: vnr_631)...
    -> Result: Failed, Cost: 0.0000
  Processing request 633/3000 (ID: vnr_632)...
    -> Result: Success, Cost: 136.5344
  Processing request 634/3000 (ID: vnr_633)...
    -> Result: Failed, Cost: 0.0000
  Processing request 635/3000 (ID: vnr_634)...
    -> Result: Success, Cost: 321.9985
  Processing request 636/3000 (ID: vnr_635)...
    -> Result: Success, Cost: 426.1727
  Processing request 637/3000 (ID: vnr_636)...
    -> Result: Success, Cost: 2542.7693
  Processing request 638/3000 (ID: vnr_637)...
    -> Result: Failed, Cost: 0.0000
  Processing request 639/3000 (ID: vnr_638)...
    -> Result: Success, Cost: 904.2411
  Processing request 640/3000 (ID: vnr_639)...
    -> Result: Success, Cost: 727.9986
  Processing request 641/3000 (ID: vnr_640)...
    -> Result: Success, Cost: 180.6798
  Processing request 642/3000 (ID: vnr_641)...
    -> Result: Success, Cost: 834.4243
  Processing request 643/3000 (ID: vnr_642)...
    -> Result: Success, Cost: 323.4063
  Processing request 644/3000 (ID: vnr_643)...
    -> Result: Success, Cost: 2035.4808
  Processing request 645/3000 (ID: vnr_644)...
    -> Result: Success, Cost: 2374.3888
  Processing request 646/3000 (ID: vnr_645)...
    -> Result: Success, Cost: 810.9119
  Processing request 647/3000 (ID: vnr_646)...
    -> Result: Success, Cost: 674.6757
  Processing request 648/3000 (ID: vnr_647)...
    -> Result: Success, Cost: 1284.8816
  Processing request 649/3000 (ID: vnr_648)...
    -> Result: Success, Cost: 2447.5302
  Processing request 650/3000 (ID: vnr_649)...
    -> Result: Failed, Cost: 0.0000
  Processing request 651/3000 (ID: vnr_650)...
    -> Result: Failed, Cost: 0.0000
  Processing request 652/3000 (ID: vnr_651)...
    -> Result: Success, Cost: 397.7735
  Processing request 653/3000 (ID: vnr_652)...
    -> Result: Success, Cost: 1653.1658
  Processing request 654/3000 (ID: vnr_653)...
    -> Result: Success, Cost: 1331.9652
  Processing request 655/3000 (ID: vnr_654)...
    -> Result: Failed, Cost: 0.0000
  Processing request 656/3000 (ID: vnr_655)...
    -> Result: Success, Cost: 1695.4479
  Processing request 657/3000 (ID: vnr_656)...
    -> Result: Failed, Cost: 0.0000
  Processing request 658/3000 (ID: vnr_657)...
    -> Result: Success, Cost: 1087.6361
  Processing request 659/3000 (ID: vnr_658)...
    -> Result: Success, Cost: 402.0023
  Processing request 660/3000 (ID: vnr_659)...
    -> Result: Success, Cost: 1029.5429
  Processing request 661/3000 (ID: vnr_660)...
    -> Result: Success, Cost: 894.0181
  Processing request 662/3000 (ID: vnr_661)...
    -> Result: Success, Cost: 2779.1805
  Processing request 663/3000 (ID: vnr_662)...
    -> Result: Success, Cost: 383.6652
  Processing request 664/3000 (ID: vnr_663)...
    -> Result: Success, Cost: 1995.3247
  Processing request 665/3000 (ID: vnr_664)...
    -> Result: Success, Cost: 2415.7507
  Processing request 666/3000 (ID: vnr_665)...
    -> Result: Success, Cost: 1921.7673
  Processing request 667/3000 (ID: vnr_666)...
    -> Result: Success, Cost: 383.3132
  Processing request 668/3000 (ID: vnr_667)...
    -> Result: Success, Cost: 348.9692
  Processing request 669/3000 (ID: vnr_668)...
    -> Result: Success, Cost: 675.9566
  Processing request 670/3000 (ID: vnr_669)...
    -> Result: Success, Cost: 615.6064
  Processing request 671/3000 (ID: vnr_670)...
    -> Result: Success, Cost: 1368.7816
  Processing request 672/3000 (ID: vnr_671)...
    -> Result: Success, Cost: 522.4931
  Processing request 673/3000 (ID: vnr_672)...
    -> Result: Success, Cost: 68.3676
  Processing request 674/3000 (ID: vnr_673)...
    -> Result: Success, Cost: 833.1128
  Processing request 675/3000 (ID: vnr_674)...
    -> Result: Success, Cost: 2106.0695
  Processing request 676/3000 (ID: vnr_675)...
    -> Result: Success, Cost: 236.8415
  Processing request 677/3000 (ID: vnr_676)...
    -> Result: Success, Cost: 741.8866
  Processing request 678/3000 (ID: vnr_677)...
    -> Result: Success, Cost: 2180.9844
  Processing request 679/3000 (ID: vnr_678)...
    -> Result: Success, Cost: 2760.8507
  Processing request 680/3000 (ID: vnr_679)...
    -> Result: Success, Cost: 1006.2154
  Processing request 681/3000 (ID: vnr_680)...
    -> Result: Success, Cost: 277.5902
  Processing request 682/3000 (ID: vnr_681)...
    -> Result: Success, Cost: 1037.4079
  Processing request 683/3000 (ID: vnr_682)...
    -> Result: Success, Cost: 567.9249
  Processing request 684/3000 (ID: vnr_683)...
    -> Result: Success, Cost: 203.0563
  Processing request 685/3000 (ID: vnr_684)...
    -> Result: Success, Cost: 1815.9483
  Processing request 686/3000 (ID: vnr_685)...
    -> Result: Success, Cost: 1086.1085
  Processing request 687/3000 (ID: vnr_686)...
    -> Result: Success, Cost: 2678.9865
  Processing request 688/3000 (ID: vnr_687)...
    -> Result: Success, Cost: 1205.8636
  Processing request 689/3000 (ID: vnr_688)...
    -> Result: Failed, Cost: 0.0000
  Processing request 690/3000 (ID: vnr_689)...
    -> Result: Success, Cost: 638.5447
  Processing request 691/3000 (ID: vnr_690)...
    -> Result: Success, Cost: 895.5980
  Processing request 692/3000 (ID: vnr_691)...
    -> Result: Success, Cost: 1015.9078
  Processing request 693/3000 (ID: vnr_692)...
    -> Result: Success, Cost: 568.9155
  Processing request 694/3000 (ID: vnr_693)...
    -> Result: Success, Cost: 3409.6193
  Processing request 695/3000 (ID: vnr_694)...
    -> Result: Success, Cost: 760.6370
  Processing request 696/3000 (ID: vnr_695)...
    -> Result: Success, Cost: 2493.9291
  Processing request 697/3000 (ID: vnr_696)...
    -> Result: Success, Cost: 1153.6063
  Processing request 698/3000 (ID: vnr_697)...
    -> Result: Success, Cost: 1881.1662
  Processing request 699/3000 (ID: vnr_698)...
    -> Result: Success, Cost: 479.3428
  Processing request 700/3000 (ID: vnr_699)...
    -> Result: Success, Cost: 433.2279
  Processing request 701/3000 (ID: vnr_700)...
    -> Result: Success, Cost: 1726.4537
  Processing request 702/3000 (ID: vnr_701)...
    -> Result: Success, Cost: 222.0243
  Processing request 703/3000 (ID: vnr_702)...
    -> Result: Success, Cost: 765.7210
  Processing request 704/3000 (ID: vnr_703)...
    -> Result: Success, Cost: 1288.0530
  Processing request 705/3000 (ID: vnr_704)...
    -> Result: Success, Cost: 2144.9349
  Processing request 706/3000 (ID: vnr_705)...
    -> Result: Success, Cost: 489.8587
  Processing request 707/3000 (ID: vnr_706)...
    -> Result: Success, Cost: 867.7134
  Processing request 708/3000 (ID: vnr_707)...
    -> Result: Success, Cost: 549.8122
  Processing request 709/3000 (ID: vnr_708)...
    -> Result: Success, Cost: 156.9952
  Processing request 710/3000 (ID: vnr_709)...
    -> Result: Success, Cost: 383.3050
  Processing request 711/3000 (ID: vnr_710)...
    -> Result: Success, Cost: 1103.7432
  Processing request 712/3000 (ID: vnr_711)...
    -> Result: Success, Cost: 247.4099
  Processing request 713/3000 (ID: vnr_712)...
    -> Result: Success, Cost: 118.9080
  Processing request 714/3000 (ID: vnr_713)...
    -> Result: Success, Cost: 1980.8915
  Processing request 715/3000 (ID: vnr_714)...
    -> Result: Success, Cost: 1039.9816
  Processing request 716/3000 (ID: vnr_715)...
    -> Result: Success, Cost: 1941.4510
  Processing request 717/3000 (ID: vnr_716)...
    -> Result: Success, Cost: 208.8222
  Processing request 718/3000 (ID: vnr_717)...
    -> Result: Success, Cost: 129.8835
  Processing request 719/3000 (ID: vnr_718)...
    -> Result: Success, Cost: 1673.4345
  Processing request 720/3000 (ID: vnr_719)...
    -> Result: Success, Cost: 1580.7775
  Processing request 721/3000 (ID: vnr_720)...
    -> Result: Success, Cost: 321.9121
  Processing request 722/3000 (ID: vnr_721)...
    -> Result: Success, Cost: 1111.8126
  Processing request 723/3000 (ID: vnr_722)...
    -> Result: Success, Cost: 553.4755
  Processing request 724/3000 (ID: vnr_723)...
    -> Result: Success, Cost: 585.4340
  Processing request 725/3000 (ID: vnr_724)...
    -> Result: Success, Cost: 689.1325
  Processing request 726/3000 (ID: vnr_725)...
    -> Result: Success, Cost: 1862.0191
  Processing request 727/3000 (ID: vnr_726)...
    -> Result: Success, Cost: 415.4511
  Processing request 728/3000 (ID: vnr_727)...
    -> Result: Success, Cost: 1541.6039
  Processing request 729/3000 (ID: vnr_728)...
    -> Result: Success, Cost: 540.7939
  Processing request 730/3000 (ID: vnr_729)...
    -> Result: Success, Cost: 577.9028
  Processing request 731/3000 (ID: vnr_730)...
    -> Result: Success, Cost: 916.5618
  Processing request 732/3000 (ID: vnr_731)...
    -> Result: Success, Cost: 284.3698
  Processing request 733/3000 (ID: vnr_732)...
    -> Result: Success, Cost: 1707.5177
  Processing request 734/3000 (ID: vnr_733)...
    -> Result: Success, Cost: 2024.0088
  Processing request 735/3000 (ID: vnr_734)...
    -> Result: Success, Cost: 897.8225
  Processing request 736/3000 (ID: vnr_735)...
    -> Result: Success, Cost: 483.0926
  Processing request 737/3000 (ID: vnr_736)...
    -> Result: Success, Cost: 542.1641
  Processing request 738/3000 (ID: vnr_737)...
    -> Result: Success, Cost: 178.9411
  Processing request 739/3000 (ID: vnr_738)...
    -> Result: Success, Cost: 1026.1529
  Processing request 740/3000 (ID: vnr_739)...
    -> Result: Success, Cost: 1968.9460
  Processing request 741/3000 (ID: vnr_740)...
    -> Result: Success, Cost: 1820.2631
  Processing request 742/3000 (ID: vnr_741)...
    -> Result: Success, Cost: 2079.8361
  Processing request 743/3000 (ID: vnr_742)...
    -> Result: Success, Cost: 536.4288
  Processing request 744/3000 (ID: vnr_743)...
    -> Result: Success, Cost: 357.8426
  Processing request 745/3000 (ID: vnr_744)...
    -> Result: Success, Cost: 295.9252
  Processing request 746/3000 (ID: vnr_745)...
    -> Result: Success, Cost: 427.6025
  Processing request 747/3000 (ID: vnr_746)...
    -> Result: Success, Cost: 766.4604
  Processing request 748/3000 (ID: vnr_747)...
    -> Result: Success, Cost: 1660.5193
  Processing request 749/3000 (ID: vnr_748)...
    -> Result: Success, Cost: 1611.7323
  Processing request 750/3000 (ID: vnr_749)...
    -> Result: Success, Cost: 1548.0670
  Processing request 751/3000 (ID: vnr_750)...
    -> Result: Success, Cost: 1205.6618
  Processing request 752/3000 (ID: vnr_751)...
    -> Result: Success, Cost: 817.9723
  Processing request 753/3000 (ID: vnr_752)...
    -> Result: Success, Cost: 1284.0782
  Processing request 754/3000 (ID: vnr_753)...
    -> Result: Success, Cost: 2775.7453
  Processing request 755/3000 (ID: vnr_754)...
    -> Result: Success, Cost: 1751.5335
  Processing request 756/3000 (ID: vnr_755)...
    -> Result: Success, Cost: 143.3774
  Processing request 757/3000 (ID: vnr_756)...
    -> Result: Success, Cost: 142.1426
  Processing request 758/3000 (ID: vnr_757)...
    -> Result: Success, Cost: 1945.9571
  Processing request 759/3000 (ID: vnr_758)...
    -> Result: Success, Cost: 302.8077
  Processing request 760/3000 (ID: vnr_759)...
    -> Result: Success, Cost: 1759.8989
  Processing request 761/3000 (ID: vnr_760)...
    -> Result: Success, Cost: 1742.1997
  Processing request 762/3000 (ID: vnr_761)...
    -> Result: Success, Cost: 2153.9462
  Processing request 763/3000 (ID: vnr_762)...
    -> Result: Success, Cost: 406.0145
  Processing request 764/3000 (ID: vnr_763)...
    -> Result: Success, Cost: 189.9472
  Processing request 765/3000 (ID: vnr_764)...
    -> Result: Success, Cost: 605.8754
  Processing request 766/3000 (ID: vnr_765)...
    -> Result: Success, Cost: 686.8089
  Processing request 767/3000 (ID: vnr_766)...
    -> Result: Success, Cost: 1148.3985
  Processing request 768/3000 (ID: vnr_767)...
    -> Result: Success, Cost: 198.2651
  Processing request 769/3000 (ID: vnr_768)...
    -> Result: Success, Cost: 493.4487
  Processing request 770/3000 (ID: vnr_769)...
    -> Result: Success, Cost: 196.0319
  Processing request 771/3000 (ID: vnr_770)...
    -> Result: Success, Cost: 1834.2838
  Processing request 772/3000 (ID: vnr_771)...
    -> Result: Success, Cost: 2336.6375
  Processing request 773/3000 (ID: vnr_772)...
    -> Result: Success, Cost: 2011.1756
  Processing request 774/3000 (ID: vnr_773)...
    -> Result: Success, Cost: 353.4197
  Processing request 775/3000 (ID: vnr_774)...
    -> Result: Success, Cost: 1110.9108
  Processing request 776/3000 (ID: vnr_775)...
    -> Result: Success, Cost: 123.0607
  Processing request 777/3000 (ID: vnr_776)...
    -> Result: Success, Cost: 2309.7875
  Processing request 778/3000 (ID: vnr_777)...
    -> Result: Success, Cost: 2518.2117
  Processing request 779/3000 (ID: vnr_778)...
    -> Result: Success, Cost: 1990.1543
  Processing request 780/3000 (ID: vnr_779)...
    -> Result: Success, Cost: 111.3976
  Processing request 781/3000 (ID: vnr_780)...
    -> Result: Success, Cost: 714.9608
  Processing request 782/3000 (ID: vnr_781)...
    -> Result: Success, Cost: 355.5530
  Processing request 783/3000 (ID: vnr_782)...
    -> Result: Success, Cost: 2698.8209
  Processing request 784/3000 (ID: vnr_783)...
    -> Result: Success, Cost: 507.2347
  Processing request 785/3000 (ID: vnr_784)...
    -> Result: Success, Cost: 556.6235
  Processing request 786/3000 (ID: vnr_785)...
    -> Result: Success, Cost: 630.6127
  Processing request 787/3000 (ID: vnr_786)...
    -> Result: Success, Cost: 240.8482
  Processing request 788/3000 (ID: vnr_787)...
    -> Result: Success, Cost: 150.7165
  Processing request 789/3000 (ID: vnr_788)...
    -> Result: Success, Cost: 1504.6439
  Processing request 790/3000 (ID: vnr_789)...
    -> Result: Success, Cost: 170.4281
  Processing request 791/3000 (ID: vnr_790)...
    -> Result: Success, Cost: 259.6734
  Processing request 792/3000 (ID: vnr_791)...
    -> Result: Success, Cost: 293.6286
  Processing request 793/3000 (ID: vnr_792)...
    -> Result: Success, Cost: 925.9240
  Processing request 794/3000 (ID: vnr_793)...
    -> Result: Success, Cost: 2141.1419
  Processing request 795/3000 (ID: vnr_794)...
    -> Result: Success, Cost: 1689.5460
  Processing request 796/3000 (ID: vnr_795)...
    -> Result: Failed, Cost: 0.0000
  Processing request 797/3000 (ID: vnr_796)...
    -> Result: Success, Cost: 2691.6506
  Processing request 798/3000 (ID: vnr_797)...
    -> Result: Success, Cost: 3055.8953
  Processing request 799/3000 (ID: vnr_798)...
    -> Result: Success, Cost: 449.1963
  Processing request 800/3000 (ID: vnr_799)...
    -> Result: Success, Cost: 1068.3040
  Processing request 801/3000 (ID: vnr_800)...
    -> Result: Success, Cost: 1789.9436
  Processing request 802/3000 (ID: vnr_801)...
    -> Result: Success, Cost: 1538.0275
  Processing request 803/3000 (ID: vnr_802)...
    -> Result: Success, Cost: 618.4809
  Processing request 804/3000 (ID: vnr_803)...
    -> Result: Success, Cost: 126.6638
  Processing request 805/3000 (ID: vnr_804)...
    -> Result: Success, Cost: 798.2881
  Processing request 806/3000 (ID: vnr_805)...
    -> Result: Success, Cost: 162.8328
  Processing request 807/3000 (ID: vnr_806)...
    -> Result: Success, Cost: 1269.9135
  Processing request 808/3000 (ID: vnr_807)...
    -> Result: Success, Cost: 1205.7905
  Processing request 809/3000 (ID: vnr_808)...
    -> Result: Success, Cost: 2156.4022
  Processing request 810/3000 (ID: vnr_809)...
    -> Result: Success, Cost: 1416.6608
  Processing request 811/3000 (ID: vnr_810)...
    -> Result: Success, Cost: 1504.3618
  Processing request 812/3000 (ID: vnr_811)...
    -> Result: Success, Cost: 2469.7378
  Processing request 813/3000 (ID: vnr_812)...
    -> Result: Success, Cost: 1848.6340
  Processing request 814/3000 (ID: vnr_813)...
    -> Result: Success, Cost: 794.9340
  Processing request 815/3000 (ID: vnr_814)...
    -> Result: Success, Cost: 1325.2010
  Processing request 816/3000 (ID: vnr_815)...
    -> Result: Success, Cost: 332.5045
  Processing request 817/3000 (ID: vnr_816)...
    -> Result: Success, Cost: 494.8311
  Processing request 818/3000 (ID: vnr_817)...
    -> Result: Success, Cost: 1497.8619
  Processing request 819/3000 (ID: vnr_818)...
    -> Result: Success, Cost: 687.1433
  Processing request 820/3000 (ID: vnr_819)...
    -> Result: Success, Cost: 1812.3178
  Processing request 821/3000 (ID: vnr_820)...
    -> Result: Failed, Cost: 0.0000
  Processing request 822/3000 (ID: vnr_821)...
    -> Result: Success, Cost: 211.6952
  Processing request 823/3000 (ID: vnr_822)...
    -> Result: Success, Cost: 1435.4939
  Processing request 824/3000 (ID: vnr_823)...
    -> Result: Success, Cost: 276.7935
  Processing request 825/3000 (ID: vnr_824)...
    -> Result: Success, Cost: 398.1276
  Processing request 826/3000 (ID: vnr_825)...
    -> Result: Success, Cost: 1463.6144
  Processing request 827/3000 (ID: vnr_826)...
    -> Result: Success, Cost: 1440.5510
  Processing request 828/3000 (ID: vnr_827)...
    -> Result: Success, Cost: 1536.3000
  Processing request 829/3000 (ID: vnr_828)...
    -> Result: Success, Cost: 1719.2670
  Processing request 830/3000 (ID: vnr_829)...
    -> Result: Failed, Cost: 0.0000
  Processing request 831/3000 (ID: vnr_830)...
    -> Result: Failed, Cost: 0.0000
  Processing request 832/3000 (ID: vnr_831)...
    -> Result: Success, Cost: 706.1604
  Processing request 833/3000 (ID: vnr_832)...
    -> Result: Failed, Cost: 0.0000
  Processing request 834/3000 (ID: vnr_833)...
    -> Result: Success, Cost: 1853.0826
  Processing request 835/3000 (ID: vnr_834)...
    -> Result: Success, Cost: 756.9262
  Processing request 836/3000 (ID: vnr_835)...
    -> Result: Success, Cost: 1406.2286
  Processing request 837/3000 (ID: vnr_836)...
    -> Result: Failed, Cost: 0.0000
  Processing request 838/3000 (ID: vnr_837)...
    -> Result: Success, Cost: 481.6265
  Processing request 839/3000 (ID: vnr_838)...
    -> Result: Failed, Cost: 0.0000
  Processing request 840/3000 (ID: vnr_839)...
    -> Result: Success, Cost: 1728.6571
  Processing request 841/3000 (ID: vnr_840)...
    -> Result: Success, Cost: 2037.6404
  Processing request 842/3000 (ID: vnr_841)...
    -> Result: Failed, Cost: 0.0000
  Processing request 843/3000 (ID: vnr_842)...
    -> Result: Success, Cost: 1860.6038
  Processing request 844/3000 (ID: vnr_843)...
    -> Result: Failed, Cost: 0.0000
  Processing request 845/3000 (ID: vnr_844)...
    -> Result: Success, Cost: 160.3535
  Processing request 846/3000 (ID: vnr_845)...
    -> Result: Failed, Cost: 0.0000
  Processing request 847/3000 (ID: vnr_846)...
    -> Result: Success, Cost: 924.7528
  Processing request 848/3000 (ID: vnr_847)...
    -> Result: Success, Cost: 1461.7955
  Processing request 849/3000 (ID: vnr_848)...
    -> Result: Success, Cost: 709.8517
  Processing request 850/3000 (ID: vnr_849)...
    -> Result: Success, Cost: 269.3248
  Processing request 851/3000 (ID: vnr_850)...
    -> Result: Success, Cost: 965.1386
  Processing request 852/3000 (ID: vnr_851)...
    -> Result: Success, Cost: 538.9231
  Processing request 853/3000 (ID: vnr_852)...
    -> Result: Success, Cost: 499.1050
  Processing request 854/3000 (ID: vnr_853)...
    -> Result: Success, Cost: 1073.9813
  Processing request 855/3000 (ID: vnr_854)...
    -> Result: Success, Cost: 631.4444
  Processing request 856/3000 (ID: vnr_855)...
    -> Result: Success, Cost: 174.2020
  Processing request 857/3000 (ID: vnr_856)...
    -> Result: Success, Cost: 1058.2644
  Processing request 858/3000 (ID: vnr_857)...
    -> Result: Success, Cost: 1147.2047
  Processing request 859/3000 (ID: vnr_858)...
    -> Result: Success, Cost: 281.9763
  Processing request 860/3000 (ID: vnr_859)...
    -> Result: Success, Cost: 133.0182
  Processing request 861/3000 (ID: vnr_860)...
    -> Result: Success, Cost: 500.7853
  Processing request 862/3000 (ID: vnr_861)...
    -> Result: Success, Cost: 772.3783
  Processing request 863/3000 (ID: vnr_862)...
    -> Result: Success, Cost: 555.0649
  Processing request 864/3000 (ID: vnr_863)...
    -> Result: Success, Cost: 767.7225
  Processing request 865/3000 (ID: vnr_864)...
    -> Result: Success, Cost: 591.6219
  Processing request 866/3000 (ID: vnr_865)...
    -> Result: Success, Cost: 2399.7400
  Processing request 867/3000 (ID: vnr_866)...
    -> Result: Success, Cost: 257.2719
  Processing request 868/3000 (ID: vnr_867)...
    -> Result: Success, Cost: 764.5962
  Processing request 869/3000 (ID: vnr_868)...
    -> Result: Success, Cost: 1361.6886
  Processing request 870/3000 (ID: vnr_869)...
    -> Result: Success, Cost: 1814.9852
  Processing request 871/3000 (ID: vnr_870)...
    -> Result: Success, Cost: 1812.3640
  Processing request 872/3000 (ID: vnr_871)...
    -> Result: Success, Cost: 1526.1458
  Processing request 873/3000 (ID: vnr_872)...
    -> Result: Success, Cost: 1998.6247
  Processing request 874/3000 (ID: vnr_873)...
    -> Result: Success, Cost: 2371.0668
  Processing request 875/3000 (ID: vnr_874)...
    -> Result: Success, Cost: 931.4497
  Processing request 876/3000 (ID: vnr_875)...
    -> Result: Success, Cost: 1445.5774
  Processing request 877/3000 (ID: vnr_876)...
    -> Result: Success, Cost: 177.0523
  Processing request 878/3000 (ID: vnr_877)...
    -> Result: Success, Cost: 872.3914
  Processing request 879/3000 (ID: vnr_878)...
    -> Result: Success, Cost: 384.4271
  Processing request 880/3000 (ID: vnr_879)...
    -> Result: Success, Cost: 2584.9365
  Processing request 881/3000 (ID: vnr_880)...
    -> Result: Success, Cost: 1226.1570
  Processing request 882/3000 (ID: vnr_881)...
    -> Result: Success, Cost: 1808.5929
  Processing request 883/3000 (ID: vnr_882)...
    -> Result: Success, Cost: 2156.7005
  Processing request 884/3000 (ID: vnr_883)...
    -> Result: Success, Cost: 273.9175
  Processing request 885/3000 (ID: vnr_884)...
    -> Result: Success, Cost: 568.5003
  Processing request 886/3000 (ID: vnr_885)...
    -> Result: Success, Cost: 235.4400
  Processing request 887/3000 (ID: vnr_886)...
    -> Result: Success, Cost: 874.8454
  Processing request 888/3000 (ID: vnr_887)...
    -> Result: Success, Cost: 595.6240
  Processing request 889/3000 (ID: vnr_888)...
    -> Result: Success, Cost: 360.9209
  Processing request 890/3000 (ID: vnr_889)...
    -> Result: Success, Cost: 1644.2021
  Processing request 891/3000 (ID: vnr_890)...
    -> Result: Success, Cost: 862.4001
  Processing request 892/3000 (ID: vnr_891)...
    -> Result: Success, Cost: 665.8806
  Processing request 893/3000 (ID: vnr_892)...
    -> Result: Success, Cost: 264.5040
  Processing request 894/3000 (ID: vnr_893)...
    -> Result: Success, Cost: 1301.4513
  Processing request 895/3000 (ID: vnr_894)...
    -> Result: Success, Cost: 535.4124
  Processing request 896/3000 (ID: vnr_895)...
    -> Result: Success, Cost: 1400.5619
  Processing request 897/3000 (ID: vnr_896)...
    -> Result: Success, Cost: 1474.1992
  Processing request 898/3000 (ID: vnr_897)...
    -> Result: Success, Cost: 452.0472
  Processing request 899/3000 (ID: vnr_898)...
    -> Result: Success, Cost: 1317.6668
  Processing request 900/3000 (ID: vnr_899)...
    -> Result: Success, Cost: 1410.0942
  Processing request 901/3000 (ID: vnr_900)...
    -> Result: Success, Cost: 1547.8357
  Processing request 902/3000 (ID: vnr_901)...
    -> Result: Success, Cost: 413.4517
  Processing request 903/3000 (ID: vnr_902)...
    -> Result: Success, Cost: 430.6862
  Processing request 904/3000 (ID: vnr_903)...
    -> Result: Success, Cost: 2667.4092
  Processing request 905/3000 (ID: vnr_904)...
    -> Result: Failed, Cost: 0.0000
  Processing request 906/3000 (ID: vnr_905)...
    -> Result: Success, Cost: 578.4697
  Processing request 907/3000 (ID: vnr_906)...
    -> Result: Success, Cost: 235.1656
  Processing request 908/3000 (ID: vnr_907)...
    -> Result: Failed, Cost: 0.0000
  Processing request 909/3000 (ID: vnr_908)...
    -> Result: Success, Cost: 1418.4764
  Processing request 910/3000 (ID: vnr_909)...
    -> Result: Failed, Cost: 0.0000
  Processing request 911/3000 (ID: vnr_910)...
    -> Result: Success, Cost: 550.2658
  Processing request 912/3000 (ID: vnr_911)...
    -> Result: Success, Cost: 1124.4871
  Processing request 913/3000 (ID: vnr_912)...
    -> Result: Success, Cost: 199.1455
  Processing request 914/3000 (ID: vnr_913)...
    -> Result: Success, Cost: 626.5778
  Processing request 915/3000 (ID: vnr_914)...
    -> Result: Success, Cost: 1513.6608
  Processing request 916/3000 (ID: vnr_915)...
    -> Result: Success, Cost: 266.1671
  Processing request 917/3000 (ID: vnr_916)...
    -> Result: Failed, Cost: 0.0000
  Processing request 918/3000 (ID: vnr_917)...
    -> Result: Success, Cost: 1174.7831
  Processing request 919/3000 (ID: vnr_918)...
    -> Result: Success, Cost: 2996.4946
  Processing request 920/3000 (ID: vnr_919)...
    -> Result: Success, Cost: 167.0093
  Processing request 921/3000 (ID: vnr_920)...
    -> Result: Success, Cost: 536.9519
  Processing request 922/3000 (ID: vnr_921)...
    -> Result: Success, Cost: 153.9988
  Processing request 923/3000 (ID: vnr_922)...
    -> Result: Success, Cost: 2487.4825
  Processing request 924/3000 (ID: vnr_923)...
    -> Result: Success, Cost: 1327.8154
  Processing request 925/3000 (ID: vnr_924)...
    -> Result: Success, Cost: 2054.0278
  Processing request 926/3000 (ID: vnr_925)...
    -> Result: Success, Cost: 2452.8085
  Processing request 927/3000 (ID: vnr_926)...
    -> Result: Success, Cost: 1456.9601
  Processing request 928/3000 (ID: vnr_927)...
    -> Result: Success, Cost: 478.7828
  Processing request 929/3000 (ID: vnr_928)...
    -> Result: Success, Cost: 3747.7295
  Processing request 930/3000 (ID: vnr_929)...
    -> Result: Success, Cost: 82.9422
  Processing request 931/3000 (ID: vnr_930)...
    -> Result: Success, Cost: 1184.2407
  Processing request 932/3000 (ID: vnr_931)...
    -> Result: Success, Cost: 1221.3251
  Processing request 933/3000 (ID: vnr_932)...
    -> Result: Success, Cost: 201.6263
  Processing request 934/3000 (ID: vnr_933)...
    -> Result: Success, Cost: 1512.7247
  Processing request 935/3000 (ID: vnr_934)...
    -> Result: Success, Cost: 933.4990
  Processing request 936/3000 (ID: vnr_935)...
    -> Result: Success, Cost: 1684.3145
  Processing request 937/3000 (ID: vnr_936)...
    -> Result: Success, Cost: 1630.6372
  Processing request 938/3000 (ID: vnr_937)...
    -> Result: Success, Cost: 441.6800
  Processing request 939/3000 (ID: vnr_938)...
    -> Result: Success, Cost: 1260.1431
  Processing request 940/3000 (ID: vnr_939)...
    -> Result: Success, Cost: 1935.5917
  Processing request 941/3000 (ID: vnr_940)...
    -> Result: Success, Cost: 1008.6148
  Processing request 942/3000 (ID: vnr_941)...
    -> Result: Success, Cost: 2045.9011
  Processing request 943/3000 (ID: vnr_942)...
    -> Result: Success, Cost: 256.3775
  Processing request 944/3000 (ID: vnr_943)...
    -> Result: Success, Cost: 162.6806
  Processing request 945/3000 (ID: vnr_944)...
    -> Result: Success, Cost: 2475.1275
  Processing request 946/3000 (ID: vnr_945)...
    -> Result: Success, Cost: 975.2840
  Processing request 947/3000 (ID: vnr_946)...
    -> Result: Success, Cost: 643.3034
  Processing request 948/3000 (ID: vnr_947)...
    -> Result: Success, Cost: 1154.9810
  Processing request 949/3000 (ID: vnr_948)...
    -> Result: Success, Cost: 1110.8777
  Processing request 950/3000 (ID: vnr_949)...
    -> Result: Success, Cost: 847.6047
  Processing request 951/3000 (ID: vnr_950)...
    -> Result: Success, Cost: 1933.9911
  Processing request 952/3000 (ID: vnr_951)...
    -> Result: Success, Cost: 541.4492
  Processing request 953/3000 (ID: vnr_952)...
    -> Result: Success, Cost: 696.4416
  Processing request 954/3000 (ID: vnr_953)...
    -> Result: Success, Cost: 284.3068
  Processing request 955/3000 (ID: vnr_954)...
    -> Result: Success, Cost: 2177.3434
  Processing request 956/3000 (ID: vnr_955)...
    -> Result: Success, Cost: 740.7113
  Processing request 957/3000 (ID: vnr_956)...
    -> Result: Success, Cost: 177.0564
  Processing request 958/3000 (ID: vnr_957)...
    -> Result: Success, Cost: 522.4390
  Processing request 959/3000 (ID: vnr_958)...
    -> Result: Success, Cost: 476.8472
  Processing request 960/3000 (ID: vnr_959)...
    -> Result: Success, Cost: 2709.8140
  Processing request 961/3000 (ID: vnr_960)...
    -> Result: Success, Cost: 3093.3391
  Processing request 962/3000 (ID: vnr_961)...
    -> Result: Success, Cost: 2099.0705
  Processing request 963/3000 (ID: vnr_962)...
    -> Result: Success, Cost: 1228.3426
  Processing request 964/3000 (ID: vnr_963)...
    -> Result: Success, Cost: 2669.7512
  Processing request 965/3000 (ID: vnr_964)...
    -> Result: Success, Cost: 684.0293
  Processing request 966/3000 (ID: vnr_965)...
    -> Result: Success, Cost: 1175.9571
  Processing request 967/3000 (ID: vnr_966)...
    -> Result: Success, Cost: 305.8908
  Processing request 968/3000 (ID: vnr_967)...
    -> Result: Success, Cost: 250.4202
  Processing request 969/3000 (ID: vnr_968)...
    -> Result: Success, Cost: 202.7646
  Processing request 970/3000 (ID: vnr_969)...
    -> Result: Success, Cost: 88.4102
  Processing request 971/3000 (ID: vnr_970)...
    -> Result: Success, Cost: 2413.6930
  Processing request 972/3000 (ID: vnr_971)...
    -> Result: Success, Cost: 500.0491
  Processing request 973/3000 (ID: vnr_972)...
    -> Result: Success, Cost: 880.3256
  Processing request 974/3000 (ID: vnr_973)...
    -> Result: Success, Cost: 2699.5799
  Processing request 975/3000 (ID: vnr_974)...
    -> Result: Success, Cost: 1524.7278
  Processing request 976/3000 (ID: vnr_975)...
    -> Result: Success, Cost: 142.0930
  Processing request 977/3000 (ID: vnr_976)...
    -> Result: Success, Cost: 942.4977
  Processing request 978/3000 (ID: vnr_977)...
    -> Result: Success, Cost: 2328.4887
  Processing request 979/3000 (ID: vnr_978)...
    -> Result: Success, Cost: 1624.5618
  Processing request 980/3000 (ID: vnr_979)...
    -> Result: Success, Cost: 586.3914
  Processing request 981/3000 (ID: vnr_980)...
    -> Result: Success, Cost: 464.8204
  Processing request 982/3000 (ID: vnr_981)...
    -> Result: Success, Cost: 1595.4406
  Processing request 983/3000 (ID: vnr_982)...
    -> Result: Success, Cost: 204.9460
  Processing request 984/3000 (ID: vnr_983)...
    -> Result: Success, Cost: 1775.3984
  Processing request 985/3000 (ID: vnr_984)...
    -> Result: Success, Cost: 198.2693
  Processing request 986/3000 (ID: vnr_985)...
    -> Result: Success, Cost: 330.3859
  Processing request 987/3000 (ID: vnr_986)...
    -> Result: Success, Cost: 1873.0605
  Processing request 988/3000 (ID: vnr_987)...
    -> Result: Success, Cost: 1025.3796
  Processing request 989/3000 (ID: vnr_988)...
    -> Result: Success, Cost: 1211.2103
  Processing request 990/3000 (ID: vnr_989)...
    -> Result: Success, Cost: 788.9487
  Processing request 991/3000 (ID: vnr_990)...
    -> Result: Success, Cost: 1410.9658
  Processing request 992/3000 (ID: vnr_991)...
    -> Result: Success, Cost: 2968.5347
  Processing request 993/3000 (ID: vnr_992)...
    -> Result: Success, Cost: 2610.3328
  Processing request 994/3000 (ID: vnr_993)...
    -> Result: Success, Cost: 2230.6476
  Processing request 995/3000 (ID: vnr_994)...
    -> Result: Failed, Cost: 0.0000
  Processing request 996/3000 (ID: vnr_995)...
    -> Result: Success, Cost: 589.8276
  Processing request 997/3000 (ID: vnr_996)...
    -> Result: Success, Cost: 925.5039
  Processing request 998/3000 (ID: vnr_997)...
    -> Result: Success, Cost: 1004.0609
  Processing request 999/3000 (ID: vnr_998)...
    -> Result: Failed, Cost: 0.0000
  Processing request 1000/3000 (ID: vnr_999)...
    -> Result: Success, Cost: 900.5268
  Processing request 1001/3000 (ID: vnr_1000)...
    -> Result: Failed, Cost: 0.0000
  Processing request 1002/3000 (ID: vnr_1001)...
    -> Result: Success, Cost: 602.1756
  Processing request 1003/3000 (ID: vnr_1002)...
    -> Result: Success, Cost: 2305.7685
  Processing request 1004/3000 (ID: vnr_1003)...
    -> Result: Success, Cost: 441.4072
  Processing request 1005/3000 (ID: vnr_1004)...
    -> Result: Success, Cost: 740.8876
  Processing request 1006/3000 (ID: vnr_1005)...
    -> Result: Success, Cost: 615.9855
  Processing request 1007/3000 (ID: vnr_1006)...
    -> Result: Success, Cost: 416.0837
  Processing request 1008/3000 (ID: vnr_1007)...
    -> Result: Success, Cost: 256.2024
  Processing request 1009/3000 (ID: vnr_1008)...
    -> Result: Success, Cost: 285.1481
  Processing request 1010/3000 (ID: vnr_1009)...
    -> Result: Success, Cost: 1261.0696
  Processing request 1011/3000 (ID: vnr_1010)...
    -> Result: Success, Cost: 331.7575
  Processing request 1012/3000 (ID: vnr_1011)...
    -> Result: Failed, Cost: 0.0000
  Processing request 1013/3000 (ID: vnr_1012)...
    -> Result: Success, Cost: 597.1345
  Processing request 1014/3000 (ID: vnr_1013)...
    -> Result: Success, Cost: 377.1395
  Processing request 1015/3000 (ID: vnr_1014)...
    -> Result: Success, Cost: 1295.2568
  Processing request 1016/3000 (ID: vnr_1015)...
    -> Result: Success, Cost: 2227.9511
  Processing request 1017/3000 (ID: vnr_1016)...
    -> Result: Success, Cost: 328.2660
  Processing request 1018/3000 (ID: vnr_1017)...
    -> Result: Success, Cost: 1392.6485
  Processing request 1019/3000 (ID: vnr_1018)...
    -> Result: Success, Cost: 627.6874
  Processing request 1020/3000 (ID: vnr_1019)...
    -> Result: Success, Cost: 725.3768
  Processing request 1021/3000 (ID: vnr_1020)...
    -> Result: Success, Cost: 886.0744
  Processing request 1022/3000 (ID: vnr_1021)...
    -> Result: Success, Cost: 557.6056
  Processing request 1023/3000 (ID: vnr_1022)...
    -> Result: Success, Cost: 702.1038
  Processing request 1024/3000 (ID: vnr_1023)...
    -> Result: Success, Cost: 836.5338
  Processing request 1025/3000 (ID: vnr_1024)...
    -> Result: Success, Cost: 224.0526
  Processing request 1026/3000 (ID: vnr_1025)...
    -> Result: Success, Cost: 1278.9139
  Processing request 1027/3000 (ID: vnr_1026)...
    -> Result: Success, Cost: 1059.5980
  Processing request 1028/3000 (ID: vnr_1027)...
    -> Result: Success, Cost: 1936.7502
  Processing request 1029/3000 (ID: vnr_1028)...
    -> Result: Success, Cost: 1944.5889
  Processing request 1030/3000 (ID: vnr_1029)...
    -> Result: Success, Cost: 2492.4516
  Processing request 1031/3000 (ID: vnr_1030)...
    -> Result: Success, Cost: 1067.9490
  Processing request 1032/3000 (ID: vnr_1031)...
    -> Result: Success, Cost: 1979.9272
  Processing request 1033/3000 (ID: vnr_1032)...
    -> Result: Success, Cost: 165.5455
  Processing request 1034/3000 (ID: vnr_1033)...
    -> Result: Success, Cost: 225.5699
  Processing request 1035/3000 (ID: vnr_1034)...
    -> Result: Success, Cost: 1747.2546
  Processing request 1036/3000 (ID: vnr_1035)...
    -> Result: Success, Cost: 383.8268
  Processing request 1037/3000 (ID: vnr_1036)...
    -> Result: Success, Cost: 255.8337
  Processing request 1038/3000 (ID: vnr_1037)...
    -> Result: Success, Cost: 1458.0974
  Processing request 1039/3000 (ID: vnr_1038)...
    -> Result: Success, Cost: 1631.1740
  Processing request 1040/3000 (ID: vnr_1039)...
    -> Result: Success, Cost: 269.6997
  Processing request 1041/3000 (ID: vnr_1040)...
    -> Result: Success, Cost: 960.2451
  Processing request 1042/3000 (ID: vnr_1041)...
    -> Result: Success, Cost: 354.4762
  Processing request 1043/3000 (ID: vnr_1042)...
    -> Result: Success, Cost: 1437.7414
  Processing request 1044/3000 (ID: vnr_1043)...
    -> Result: Failed, Cost: 0.0000
  Processing request 1045/3000 (ID: vnr_1044)...
    -> Result: Failed, Cost: 0.0000
  Processing request 1046/3000 (ID: vnr_1045)...
    -> Result: Success, Cost: 1040.8910
  Processing request 1047/3000 (ID: vnr_1046)...
    -> Result: Success, Cost: 1019.6231
  Processing request 1048/3000 (ID: vnr_1047)...
    -> Result: Success, Cost: 856.8963
  Processing request 1049/3000 (ID: vnr_1048)...
    -> Result: Success, Cost: 653.7457
  Processing request 1050/3000 (ID: vnr_1049)...
    -> Result: Success, Cost: 1266.0446
  Processing request 1051/3000 (ID: vnr_1050)...
    -> Result: Success, Cost: 296.1134
  Processing request 1052/3000 (ID: vnr_1051)...
    -> Result: Success, Cost: 482.1940
  Processing request 1053/3000 (ID: vnr_1052)...
    -> Result: Success, Cost: 1831.7228
  Processing request 1054/3000 (ID: vnr_1053)...
    -> Result: Success, Cost: 213.7670
  Processing request 1055/3000 (ID: vnr_1054)...
    -> Result: Failed, Cost: 0.0000
  Processing request 1056/3000 (ID: vnr_1055)...
    -> Result: Success, Cost: 308.7349
  Processing request 1057/3000 (ID: vnr_1056)...
    -> Result: Success, Cost: 977.0749
  Processing request 1058/3000 (ID: vnr_1057)...
    -> Result: Success, Cost: 328.3549
  Processing request 1059/3000 (ID: vnr_1058)...
    -> Result: Success, Cost: 2051.9112
  Processing request 1060/3000 (ID: vnr_1059)...
    -> Result: Success, Cost: 513.2403
  Processing request 1061/3000 (ID: vnr_1060)...
    -> Result: Success, Cost: 1592.4018
  Processing request 1062/3000 (ID: vnr_1061)...
    -> Result: Success, Cost: 353.7181
  Processing request 1063/3000 (ID: vnr_1062)...
    -> Result: Success, Cost: 933.9539
  Processing request 1064/3000 (ID: vnr_1063)...
    -> Result: Success, Cost: 349.5434
  Processing request 1065/3000 (ID: vnr_1064)...
    -> Result: Success, Cost: 1671.7958
  Processing request 1066/3000 (ID: vnr_1065)...
    -> Result: Success, Cost: 363.4581
  Processing request 1067/3000 (ID: vnr_1066)...
    -> Result: Success, Cost: 1523.1052
  Processing request 1068/3000 (ID: vnr_1067)...
    -> Result: Failed, Cost: 0.0000
  Processing request 1069/3000 (ID: vnr_1068)...
    -> Result: Failed, Cost: 0.0000
  Processing request 1070/3000 (ID: vnr_1069)...
    -> Result: Success, Cost: 2625.7553
  Processing request 1071/3000 (ID: vnr_1070)...
    -> Result: Success, Cost: 2035.3541
  Processing request 1072/3000 (ID: vnr_1071)...
    -> Result: Success, Cost: 173.5411
  Processing request 1073/3000 (ID: vnr_1072)...
    -> Result: Failed, Cost: 0.0000
  Processing request 1074/3000 (ID: vnr_1073)...
    -> Result: Success, Cost: 91.9548
  Processing request 1075/3000 (ID: vnr_1074)...
    -> Result: Failed, Cost: 0.0000
  Processing request 1076/3000 (ID: vnr_1075)...
    -> Result: Success, Cost: 1198.9483
  Processing request 1077/3000 (ID: vnr_1076)...
    -> Result: Failed, Cost: 0.0000
  Processing request 1078/3000 (ID: vnr_1077)...
    -> Result: Success, Cost: 2116.6506
  Processing request 1079/3000 (ID: vnr_1078)...
    -> Result: Failed, Cost: 0.0000
  Processing request 1080/3000 (ID: vnr_1079)...
    -> Result: Failed, Cost: 0.0000
  Processing request 1081/3000 (ID: vnr_1080)...
    -> Result: Success, Cost: 2216.9718
  Processing request 1082/3000 (ID: vnr_1081)...
    -> Result: Failed, Cost: 0.0000
  Processing request 1083/3000 (ID: vnr_1082)...
    -> Result: Failed, Cost: 0.0000
  Processing request 1084/3000 (ID: vnr_1083)...
    -> Result: Failed, Cost: 0.0000
  Processing request 1085/3000 (ID: vnr_1084)...
    -> Result: Success, Cost: 1143.0678
  Processing request 1086/3000 (ID: vnr_1085)...
    -> Result: Success, Cost: 983.6748
  Processing request 1087/3000 (ID: vnr_1086)...
    -> Result: Failed, Cost: 0.0000
  Processing request 1088/3000 (ID: vnr_1087)...
    -> Result: Success, Cost: 1857.8513
  Processing request 1089/3000 (ID: vnr_1088)...
    -> Result: Failed, Cost: 0.0000
  Processing request 1090/3000 (ID: vnr_1089)...
    -> Result: Failed, Cost: 0.0000
  Processing request 1091/3000 (ID: vnr_1090)...
    -> Result: Success, Cost: 825.7222
  Processing request 1092/3000 (ID: vnr_1091)...
    -> Result: Failed, Cost: 0.0000
  Processing request 1093/3000 (ID: vnr_1092)...
    -> Result: Success, Cost: 189.5671
  Processing request 1094/3000 (ID: vnr_1093)...
    -> Result: Success, Cost: 1609.6008
  Processing request 1095/3000 (ID: vnr_1094)...
    -> Result: Success, Cost: 363.8379
  Processing request 1096/3000 (ID: vnr_1095)...
    -> Result: Success, Cost: 1768.8573
  Processing request 1097/3000 (ID: vnr_1096)...
    -> Result: Success, Cost: 520.7870
  Processing request 1098/3000 (ID: vnr_1097)...
    -> Result: Success, Cost: 137.6082
  Processing request 1099/3000 (ID: vnr_1098)...
    -> Result: Success, Cost: 219.9360
  Processing request 1100/3000 (ID: vnr_1099)...
    -> Result: Success, Cost: 2076.6059
  Processing request 1101/3000 (ID: vnr_1100)...
    -> Result: Success, Cost: 1011.9340
  Processing request 1102/3000 (ID: vnr_1101)...
    -> Result: Success, Cost: 1361.4613
  Processing request 1103/3000 (ID: vnr_1102)...
    -> Result: Success, Cost: 1842.1834
  Processing request 1104/3000 (ID: vnr_1103)...
    -> Result: Success, Cost: 1226.9674
  Processing request 1105/3000 (ID: vnr_1104)...
    -> Result: Success, Cost: 1952.9661
  Processing request 1106/3000 (ID: vnr_1105)...
    -> Result: Success, Cost: 2988.0573
  Processing request 1107/3000 (ID: vnr_1106)...
    -> Result: Success, Cost: 337.4719
  Processing request 1108/3000 (ID: vnr_1107)...
    -> Result: Success, Cost: 2247.2295
  Processing request 1109/3000 (ID: vnr_1108)...
    -> Result: Success, Cost: 1293.3245
  Processing request 1110/3000 (ID: vnr_1109)...
    -> Result: Success, Cost: 1736.0752
  Processing request 1111/3000 (ID: vnr_1110)...
    -> Result: Success, Cost: 1979.3387
  Processing request 1112/3000 (ID: vnr_1111)...
    -> Result: Failed, Cost: 0.0000
  Processing request 1113/3000 (ID: vnr_1112)...
    -> Result: Success, Cost: 478.3291
  Processing request 1114/3000 (ID: vnr_1113)...
    -> Result: Success, Cost: 711.6438
  Processing request 1115/3000 (ID: vnr_1114)...
    -> Result: Success, Cost: 606.2199
  Processing request 1116/3000 (ID: vnr_1115)...
    -> Result: Success, Cost: 1772.4131
  Processing request 1117/3000 (ID: vnr_1116)...
    -> Result: Success, Cost: 579.9748
  Processing request 1118/3000 (ID: vnr_1117)...
    -> Result: Success, Cost: 416.4541
  Processing request 1119/3000 (ID: vnr_1118)...
    -> Result: Success, Cost: 373.4871
  Processing request 1120/3000 (ID: vnr_1119)...
    -> Result: Failed, Cost: 0.0000
  Processing request 1121/3000 (ID: vnr_1120)...
    -> Result: Success, Cost: 1056.4703
  Processing request 1122/3000 (ID: vnr_1121)...
    -> Result: Success, Cost: 203.5914
  Processing request 1123/3000 (ID: vnr_1122)...
    -> Result: Success, Cost: 261.5592
  Processing request 1124/3000 (ID: vnr_1123)...
    -> Result: Success, Cost: 556.6617
  Processing request 1125/3000 (ID: vnr_1124)...
    -> Result: Success, Cost: 1989.9557
  Processing request 1126/3000 (ID: vnr_1125)...
    -> Result: Success, Cost: 1016.5802
  Processing request 1127/3000 (ID: vnr_1126)...
    -> Result: Failed, Cost: 0.0000
  Processing request 1128/3000 (ID: vnr_1127)...
    -> Result: Success, Cost: 1810.7042
  Processing request 1129/3000 (ID: vnr_1128)...
    -> Result: Success, Cost: 664.6529
  Processing request 1130/3000 (ID: vnr_1129)...
    -> Result: Success, Cost: 1161.7070
  Processing request 1131/3000 (ID: vnr_1130)...
    -> Result: Success, Cost: 2966.2854
  Processing request 1132/3000 (ID: vnr_1131)...
    -> Result: Success, Cost: 765.3124
  Processing request 1133/3000 (ID: vnr_1132)...
    -> Result: Failed, Cost: 0.0000
  Processing request 1134/3000 (ID: vnr_1133)...
    -> Result: Success, Cost: 1852.0375
  Processing request 1135/3000 (ID: vnr_1134)...
    -> Result: Success, Cost: 2496.4780
  Processing request 1136/3000 (ID: vnr_1135)...
    -> Result: Success, Cost: 497.1870
  Processing request 1137/3000 (ID: vnr_1136)...
    -> Result: Success, Cost: 79.3894
  Processing request 1138/3000 (ID: vnr_1137)...
    -> Result: Success, Cost: 1008.0993
  Processing request 1139/3000 (ID: vnr_1138)...
    -> Result: Success, Cost: 1132.7498
  Processing request 1140/3000 (ID: vnr_1139)...
    -> Result: Success, Cost: 77.1844
  Processing request 1141/3000 (ID: vnr_1140)...
    -> Result: Success, Cost: 1293.5474
  Processing request 1142/3000 (ID: vnr_1141)...
    -> Result: Success, Cost: 1691.6592
  Processing request 1143/3000 (ID: vnr_1142)...
    -> Result: Success, Cost: 2227.1194
  Processing request 1144/3000 (ID: vnr_1143)...
    -> Result: Success, Cost: 617.1854
  Processing request 1145/3000 (ID: vnr_1144)...
    -> Result: Success, Cost: 635.3518
  Processing request 1146/3000 (ID: vnr_1145)...
    -> Result: Success, Cost: 199.3497
  Processing request 1147/3000 (ID: vnr_1146)...
    -> Result: Success, Cost: 2150.4845
  Processing request 1148/3000 (ID: vnr_1147)...
    -> Result: Success, Cost: 587.0969
  Processing request 1149/3000 (ID: vnr_1148)...
    -> Result: Success, Cost: 464.6758
  Processing request 1150/3000 (ID: vnr_1149)...
    -> Result: Success, Cost: 1292.8614
  Processing request 1151/3000 (ID: vnr_1150)...
    -> Result: Success, Cost: 527.3030
  Processing request 1152/3000 (ID: vnr_1151)...
    -> Result: Success, Cost: 405.1229
  Processing request 1153/3000 (ID: vnr_1152)...
    -> Result: Success, Cost: 354.2751
  Processing request 1154/3000 (ID: vnr_1153)...
    -> Result: Success, Cost: 1426.9764
  Processing request 1155/3000 (ID: vnr_1154)...
    -> Result: Success, Cost: 1023.6045
  Processing request 1156/3000 (ID: vnr_1155)...
    -> Result: Success, Cost: 1973.4347
  Processing request 1157/3000 (ID: vnr_1156)...
    -> Result: Failed, Cost: 0.0000
  Processing request 1158/3000 (ID: vnr_1157)...
    -> Result: Failed, Cost: 0.0000
  Processing request 1159/3000 (ID: vnr_1158)...
    -> Result: Success, Cost: 1961.3863
  Processing request 1160/3000 (ID: vnr_1159)...
    -> Result: Success, Cost: 2081.5726
  Processing request 1161/3000 (ID: vnr_1160)...
    -> Result: Failed, Cost: 0.0000
  Processing request 1162/3000 (ID: vnr_1161)...
    -> Result: Success, Cost: 1406.4173
  Processing request 1163/3000 (ID: vnr_1162)...
    -> Result: Success, Cost: 2215.1300
  Processing request 1164/3000 (ID: vnr_1163)...
    -> Result: Failed, Cost: 0.0000
  Processing request 1165/3000 (ID: vnr_1164)...
    -> Result: Success, Cost: 1188.3418
  Processing request 1166/3000 (ID: vnr_1165)...
    -> Result: Failed, Cost: 0.0000
  Processing request 1167/3000 (ID: vnr_1166)...
    -> Result: Failed, Cost: 0.0000
  Processing request 1168/3000 (ID: vnr_1167)...
    -> Result: Success, Cost: 454.1368
  Processing request 1169/3000 (ID: vnr_1168)...
    -> Result: Success, Cost: 894.4852
  Processing request 1170/3000 (ID: vnr_1169)...
    -> Result: Success, Cost: 1675.5038
  Processing request 1171/3000 (ID: vnr_1170)...
    -> Result: Success, Cost: 1594.0143
  Processing request 1172/3000 (ID: vnr_1171)...
    -> Result: Success, Cost: 1619.6436
  Processing request 1173/3000 (ID: vnr_1172)...
    -> Result: Failed, Cost: 0.0000
  Processing request 1174/3000 (ID: vnr_1173)...
    -> Result: Failed, Cost: 0.0000
  Processing request 1175/3000 (ID: vnr_1174)...
    -> Result: Failed, Cost: 0.0000
  Processing request 1176/3000 (ID: vnr_1175)...
    -> Result: Failed, Cost: 0.0000
  Processing request 1177/3000 (ID: vnr_1176)...
    -> Result: Failed, Cost: 0.0000
  Processing request 1178/3000 (ID: vnr_1177)...
    -> Result: Success, Cost: 754.6620
  Processing request 1179/3000 (ID: vnr_1178)...
    -> Result: Success, Cost: 1701.3485
  Processing request 1180/3000 (ID: vnr_1179)...
    -> Result: Success, Cost: 177.9665
  Processing request 1181/3000 (ID: vnr_1180)...
    -> Result: Success, Cost: 1106.5818
  Processing request 1182/3000 (ID: vnr_1181)...
    -> Result: Success, Cost: 1375.9866
  Processing request 1183/3000 (ID: vnr_1182)...
    -> Result: Success, Cost: 2027.1959
  Processing request 1184/3000 (ID: vnr_1183)...
    -> Result: Success, Cost: 2623.9267
  Processing request 1185/3000 (ID: vnr_1184)...
    -> Result: Success, Cost: 837.5294
  Processing request 1186/3000 (ID: vnr_1185)...
    -> Result: Success, Cost: 506.4329
  Processing request 1187/3000 (ID: vnr_1186)...
    -> Result: Success, Cost: 255.6733
  Processing request 1188/3000 (ID: vnr_1187)...
    -> Result: Success, Cost: 171.4337
  Processing request 1189/3000 (ID: vnr_1188)...
    -> Result: Success, Cost: 739.7155
  Processing request 1190/3000 (ID: vnr_1189)...
    -> Result: Failed, Cost: 0.0000
  Processing request 1191/3000 (ID: vnr_1190)...
    -> Result: Failed, Cost: 0.0000
  Processing request 1192/3000 (ID: vnr_1191)...
    -> Result: Success, Cost: 1533.2707
  Processing request 1193/3000 (ID: vnr_1192)...
    -> Result: Success, Cost: 285.2847
  Processing request 1194/3000 (ID: vnr_1193)...
    -> Result: Success, Cost: 966.4455
  Processing request 1195/3000 (ID: vnr_1194)...
    -> Result: Success, Cost: 181.7831
  Processing request 1196/3000 (ID: vnr_1195)...
    -> Result: Success, Cost: 3239.2763
  Processing request 1197/3000 (ID: vnr_1196)...
    -> Result: Success, Cost: 3086.9086
  Processing request 1198/3000 (ID: vnr_1197)...
    -> Result: Success, Cost: 1473.9071
  Processing request 1199/3000 (ID: vnr_1198)...
    -> Result: Failed, Cost: 0.0000
  Processing request 1200/3000 (ID: vnr_1199)...
    -> Result: Success, Cost: 1631.8348
  Processing request 1201/3000 (ID: vnr_1200)...
    -> Result: Success, Cost: 329.1691
  Processing request 1202/3000 (ID: vnr_1201)...
    -> Result: Success, Cost: 730.5052
  Processing request 1203/3000 (ID: vnr_1202)...
    -> Result: Success, Cost: 427.9254
  Processing request 1204/3000 (ID: vnr_1203)...
    -> Result: Success, Cost: 198.6752
  Processing request 1205/3000 (ID: vnr_1204)...
    -> Result: Success, Cost: 2567.0560
  Processing request 1206/3000 (ID: vnr_1205)...
    -> Result: Success, Cost: 1655.4675
  Processing request 1207/3000 (ID: vnr_1206)...
    -> Result: Success, Cost: 441.3833
  Processing request 1208/3000 (ID: vnr_1207)...
    -> Result: Success, Cost: 508.5925
  Processing request 1209/3000 (ID: vnr_1208)...
    -> Result: Success, Cost: 2627.9753
  Processing request 1210/3000 (ID: vnr_1209)...
    -> Result: Success, Cost: 240.5805
  Processing request 1211/3000 (ID: vnr_1210)...
    -> Result: Success, Cost: 2962.7016
  Processing request 1212/3000 (ID: vnr_1211)...
    -> Result: Success, Cost: 1183.7626
  Processing request 1213/3000 (ID: vnr_1212)...
    -> Result: Success, Cost: 1196.5852
  Processing request 1214/3000 (ID: vnr_1213)...
    -> Result: Success, Cost: 528.5933
  Processing request 1215/3000 (ID: vnr_1214)...
    -> Result: Success, Cost: 1709.3569
  Processing request 1216/3000 (ID: vnr_1215)...
    -> Result: Success, Cost: 1611.7348
  Processing request 1217/3000 (ID: vnr_1216)...
    -> Result: Success, Cost: 385.9745
  Processing request 1218/3000 (ID: vnr_1217)...
    -> Result: Success, Cost: 781.4183
  Processing request 1219/3000 (ID: vnr_1218)...
    -> Result: Success, Cost: 2265.4865
  Processing request 1220/3000 (ID: vnr_1219)...
    -> Result: Success, Cost: 2035.0788
  Processing request 1221/3000 (ID: vnr_1220)...
    -> Result: Success, Cost: 974.5945
  Processing request 1222/3000 (ID: vnr_1221)...
    -> Result: Success, Cost: 601.0474
  Processing request 1223/3000 (ID: vnr_1222)...
    -> Result: Success, Cost: 492.5713
  Processing request 1224/3000 (ID: vnr_1223)...
    -> Result: Success, Cost: 1791.8650
  Processing request 1225/3000 (ID: vnr_1224)...
    -> Result: Success, Cost: 747.4224
  Processing request 1226/3000 (ID: vnr_1225)...
    -> Result: Success, Cost: 815.1480
  Processing request 1227/3000 (ID: vnr_1226)...
    -> Result: Failed, Cost: 0.0000
  Processing request 1228/3000 (ID: vnr_1227)...
    -> Result: Success, Cost: 2842.2702
  Processing request 1229/3000 (ID: vnr_1228)...
    -> Result: Success, Cost: 2530.4882
  Processing request 1230/3000 (ID: vnr_1229)...
    -> Result: Success, Cost: 797.7486
  Processing request 1231/3000 (ID: vnr_1230)...
    -> Result: Success, Cost: 271.3545
  Processing request 1232/3000 (ID: vnr_1231)...
    -> Result: Success, Cost: 1649.4229
  Processing request 1233/3000 (ID: vnr_1232)...
    -> Result: Success, Cost: 410.0880
  Processing request 1234/3000 (ID: vnr_1233)...
    -> Result: Success, Cost: 2760.5651
  Processing request 1235/3000 (ID: vnr_1234)...
    -> Result: Success, Cost: 697.9538
  Processing request 1236/3000 (ID: vnr_1235)...
    -> Result: Success, Cost: 765.0539
  Processing request 1237/3000 (ID: vnr_1236)...
    -> Result: Failed, Cost: 0.0000
  Processing request 1238/3000 (ID: vnr_1237)...
    -> Result: Success, Cost: 2679.3703
  Processing request 1239/3000 (ID: vnr_1238)...
    -> Result: Success, Cost: 1067.6048
  Processing request 1240/3000 (ID: vnr_1239)...
    -> Result: Failed, Cost: 0.0000
  Processing request 1241/3000 (ID: vnr_1240)...
    -> Result: Success, Cost: 308.9670
  Processing request 1242/3000 (ID: vnr_1241)...
    -> Result: Failed, Cost: 0.0000
  Processing request 1243/3000 (ID: vnr_1242)...
    -> Result: Failed, Cost: 0.0000
  Processing request 1244/3000 (ID: vnr_1243)...
    -> Result: Failed, Cost: 0.0000
  Processing request 1245/3000 (ID: vnr_1244)...
    -> Result: Success, Cost: 329.2981
  Processing request 1246/3000 (ID: vnr_1245)...
    -> Result: Success, Cost: 1483.3591
  Processing request 1247/3000 (ID: vnr_1246)...
    -> Result: Failed, Cost: 0.0000
  Processing request 1248/3000 (ID: vnr_1247)...
    -> Result: Failed, Cost: 0.0000
  Processing request 1249/3000 (ID: vnr_1248)...
    -> Result: Failed, Cost: 0.0000
  Processing request 1250/3000 (ID: vnr_1249)...
    -> Result: Success, Cost: 2717.8417
  Processing request 1251/3000 (ID: vnr_1250)...
    -> Result: Success, Cost: 148.7027
  Processing request 1252/3000 (ID: vnr_1251)...
    -> Result: Success, Cost: 373.0335
  Processing request 1253/3000 (ID: vnr_1252)...
    -> Result: Success, Cost: 174.1871
  Processing request 1254/3000 (ID: vnr_1253)...
    -> Result: Success, Cost: 238.4614
  Processing request 1255/3000 (ID: vnr_1254)...
    -> Result: Success, Cost: 1665.6590
  Processing request 1256/3000 (ID: vnr_1255)...
    -> Result: Success, Cost: 2509.9286
  Processing request 1257/3000 (ID: vnr_1256)...
    -> Result: Success, Cost: 1154.2952
  Processing request 1258/3000 (ID: vnr_1257)...
    -> Result: Success, Cost: 2379.7331
  Processing request 1259/3000 (ID: vnr_1258)...
    -> Result: Success, Cost: 1335.8745
  Processing request 1260/3000 (ID: vnr_1259)...
    -> Result: Success, Cost: 777.1528
  Processing request 1261/3000 (ID: vnr_1260)...
    -> Result: Success, Cost: 1238.4155
  Processing request 1262/3000 (ID: vnr_1261)...
    -> Result: Success, Cost: 474.3804
  Processing request 1263/3000 (ID: vnr_1262)...
    -> Result: Success, Cost: 256.3262
  Processing request 1264/3000 (ID: vnr_1263)...
    -> Result: Success, Cost: 749.1617
  Processing request 1265/3000 (ID: vnr_1264)...
    -> Result: Success, Cost: 2806.1130
  Processing request 1266/3000 (ID: vnr_1265)...
    -> Result: Success, Cost: 148.7576
  Processing request 1267/3000 (ID: vnr_1266)...
    -> Result: Success, Cost: 1386.7425
  Processing request 1268/3000 (ID: vnr_1267)...
    -> Result: Success, Cost: 211.7266
  Processing request 1269/3000 (ID: vnr_1268)...
    -> Result: Success, Cost: 908.2445
  Processing request 1270/3000 (ID: vnr_1269)...
    -> Result: Success, Cost: 421.5206
  Processing request 1271/3000 (ID: vnr_1270)...
    -> Result: Success, Cost: 1181.6607
  Processing request 1272/3000 (ID: vnr_1271)...
    -> Result: Success, Cost: 120.0353
  Processing request 1273/3000 (ID: vnr_1272)...
    -> Result: Success, Cost: 2560.0844
  Processing request 1274/3000 (ID: vnr_1273)...
    -> Result: Success, Cost: 500.1404
  Processing request 1275/3000 (ID: vnr_1274)...
    -> Result: Success, Cost: 404.6109
  Processing request 1276/3000 (ID: vnr_1275)...
    -> Result: Success, Cost: 2009.6012
  Processing request 1277/3000 (ID: vnr_1276)...
    -> Result: Success, Cost: 1030.3413
  Processing request 1278/3000 (ID: vnr_1277)...
    -> Result: Success, Cost: 362.4325
  Processing request 1279/3000 (ID: vnr_1278)...
    -> Result: Success, Cost: 733.3605
  Processing request 1280/3000 (ID: vnr_1279)...
    -> Result: Success, Cost: 1202.9141
  Processing request 1281/3000 (ID: vnr_1280)...
    -> Result: Success, Cost: 1670.7432
  Processing request 1282/3000 (ID: vnr_1281)...
    -> Result: Success, Cost: 177.1599
  Processing request 1283/3000 (ID: vnr_1282)...
    -> Result: Success, Cost: 1001.8478
  Processing request 1284/3000 (ID: vnr_1283)...
    -> Result: Success, Cost: 259.7048
  Processing request 1285/3000 (ID: vnr_1284)...
    -> Result: Success, Cost: 2774.6197
  Processing request 1286/3000 (ID: vnr_1285)...
    -> Result: Success, Cost: 661.3818
  Processing request 1287/3000 (ID: vnr_1286)...
    -> Result: Success, Cost: 1949.1311
  Processing request 1288/3000 (ID: vnr_1287)...
    -> Result: Success, Cost: 2422.3050
  Processing request 1289/3000 (ID: vnr_1288)...
    -> Result: Success, Cost: 268.3943
  Processing request 1290/3000 (ID: vnr_1289)...
    -> Result: Success, Cost: 1508.3902
  Processing request 1291/3000 (ID: vnr_1290)...
    -> Result: Success, Cost: 1148.4178
  Processing request 1292/3000 (ID: vnr_1291)...
    -> Result: Success, Cost: 1250.6284
  Processing request 1293/3000 (ID: vnr_1292)...
    -> Result: Success, Cost: 373.0010
  Processing request 1294/3000 (ID: vnr_1293)...
    -> Result: Success, Cost: 1331.0182
  Processing request 1295/3000 (ID: vnr_1294)...
    -> Result: Success, Cost: 1732.3716
  Processing request 1296/3000 (ID: vnr_1295)...
    -> Result: Success, Cost: 304.2411
  Processing request 1297/3000 (ID: vnr_1296)...
    -> Result: Success, Cost: 251.0566
  Processing request 1298/3000 (ID: vnr_1297)...
    -> Result: Success, Cost: 1237.0178
  Processing request 1299/3000 (ID: vnr_1298)...
    -> Result: Success, Cost: 1372.6175
  Processing request 1300/3000 (ID: vnr_1299)...
    -> Result: Success, Cost: 1768.5617
  Processing request 1301/3000 (ID: vnr_1300)...
    -> Result: Success, Cost: 212.1524
  Processing request 1302/3000 (ID: vnr_1301)...
    -> Result: Success, Cost: 896.7000
  Processing request 1303/3000 (ID: vnr_1302)...
    -> Result: Success, Cost: 227.4842
  Processing request 1304/3000 (ID: vnr_1303)...
    -> Result: Success, Cost: 251.7668
  Processing request 1305/3000 (ID: vnr_1304)...
    -> Result: Success, Cost: 617.4926
  Processing request 1306/3000 (ID: vnr_1305)...
    -> Result: Success, Cost: 953.9854
  Processing request 1307/3000 (ID: vnr_1306)...
    -> Result: Success, Cost: 2720.6603
  Processing request 1308/3000 (ID: vnr_1307)...
    -> Result: Success, Cost: 211.3907
  Processing request 1309/3000 (ID: vnr_1308)...
    -> Result: Failed, Cost: 0.0000
  Processing request 1310/3000 (ID: vnr_1309)...
    -> Result: Failed, Cost: 0.0000
  Processing request 1311/3000 (ID: vnr_1310)...
    -> Result: Success, Cost: 1753.2485
  Processing request 1312/3000 (ID: vnr_1311)...
    -> Result: Failed, Cost: 0.0000
  Processing request 1313/3000 (ID: vnr_1312)...
    -> Result: Success, Cost: 1883.7032
  Processing request 1314/3000 (ID: vnr_1313)...
    -> Result: Failed, Cost: 0.0000
  Processing request 1315/3000 (ID: vnr_1314)...
    -> Result: Failed, Cost: 0.0000
  Processing request 1316/3000 (ID: vnr_1315)...
    -> Result: Failed, Cost: 0.0000
  Processing request 1317/3000 (ID: vnr_1316)...
    -> Result: Success, Cost: 1856.3346
  Processing request 1318/3000 (ID: vnr_1317)...
    -> Result: Success, Cost: 901.0112
  Processing request 1319/3000 (ID: vnr_1318)...
    -> Result: Success, Cost: 858.6386
  Processing request 1320/3000 (ID: vnr_1319)...
    -> Result: Failed, Cost: 0.0000
  Processing request 1321/3000 (ID: vnr_1320)...
    -> Result: Failed, Cost: 0.0000
  Processing request 1322/3000 (ID: vnr_1321)...
    -> Result: Success, Cost: 1898.7568
  Processing request 1323/3000 (ID: vnr_1322)...
    -> Result: Failed, Cost: 0.0000
  Processing request 1324/3000 (ID: vnr_1323)...
    -> Result: Success, Cost: 2674.8229
  Processing request 1325/3000 (ID: vnr_1324)...
    -> Result: Success, Cost: 1408.5240
  Processing request 1326/3000 (ID: vnr_1325)...
    -> Result: Success, Cost: 1757.0416
  Processing request 1327/3000 (ID: vnr_1326)...
    -> Result: Success, Cost: 1532.8528
  Processing request 1328/3000 (ID: vnr_1327)...
    -> Result: Success, Cost: 345.1218
  Processing request 1329/3000 (ID: vnr_1328)...
    -> Result: Success, Cost: 1696.2529
  Processing request 1330/3000 (ID: vnr_1329)...
    -> Result: Success, Cost: 964.5345
  Processing request 1331/3000 (ID: vnr_1330)...
    -> Result: Success, Cost: 1009.8696
  Processing request 1332/3000 (ID: vnr_1331)...
    -> Result: Success, Cost: 949.4042
  Processing request 1333/3000 (ID: vnr_1332)...
    -> Result: Success, Cost: 2073.1491
  Processing request 1334/3000 (ID: vnr_1333)...
    -> Result: Success, Cost: 272.0519
  Processing request 1335/3000 (ID: vnr_1334)...
    -> Result: Success, Cost: 2222.5027
  Processing request 1336/3000 (ID: vnr_1335)...
    -> Result: Failed, Cost: 0.0000
  Processing request 1337/3000 (ID: vnr_1336)...
    -> Result: Success, Cost: 175.6149
  Processing request 1338/3000 (ID: vnr_1337)...
    -> Result: Success, Cost: 908.5586
  Processing request 1339/3000 (ID: vnr_1338)...
    -> Result: Failed, Cost: 0.0000
  Processing request 1340/3000 (ID: vnr_1339)...
    -> Result: Success, Cost: 1743.3190
  Processing request 1341/3000 (ID: vnr_1340)...
    -> Result: Success, Cost: 290.7718
  Processing request 1342/3000 (ID: vnr_1341)...
    -> Result: Success, Cost: 2653.8392
  Processing request 1343/3000 (ID: vnr_1342)...
    -> Result: Success, Cost: 860.7447
  Processing request 1344/3000 (ID: vnr_1343)...
    -> Result: Failed, Cost: 0.0000
  Processing request 1345/3000 (ID: vnr_1344)...
    -> Result: Failed, Cost: 0.0000
  Processing request 1346/3000 (ID: vnr_1345)...
    -> Result: Success, Cost: 1067.5450
  Processing request 1347/3000 (ID: vnr_1346)...
    -> Result: Success, Cost: 1610.5095
  Processing request 1348/3000 (ID: vnr_1347)...
    -> Result: Success, Cost: 2089.8537
  Processing request 1349/3000 (ID: vnr_1348)...
    -> Result: Success, Cost: 722.6913
  Processing request 1350/3000 (ID: vnr_1349)...
    -> Result: Success, Cost: 771.3969
  Processing request 1351/3000 (ID: vnr_1350)...
    -> Result: Failed, Cost: 0.0000
  Processing request 1352/3000 (ID: vnr_1351)...
    -> Result: Success, Cost: 411.0861
  Processing request 1353/3000 (ID: vnr_1352)...
    -> Result: Success, Cost: 1001.7544
  Processing request 1354/3000 (ID: vnr_1353)...
    -> Result: Success, Cost: 871.4950
  Processing request 1355/3000 (ID: vnr_1354)...
    -> Result: Success, Cost: 115.4507
  Processing request 1356/3000 (ID: vnr_1355)...
    -> Result: Success, Cost: 771.3424
  Processing request 1357/3000 (ID: vnr_1356)...
    -> Result: Success, Cost: 730.3912
  Processing request 1358/3000 (ID: vnr_1357)...
    -> Result: Success, Cost: 797.5950
  Processing request 1359/3000 (ID: vnr_1358)...
    -> Result: Success, Cost: 109.2872
  Processing request 1360/3000 (ID: vnr_1359)...
    -> Result: Success, Cost: 1724.7186
  Processing request 1361/3000 (ID: vnr_1360)...
    -> Result: Success, Cost: 1905.5631
  Processing request 1362/3000 (ID: vnr_1361)...
    -> Result: Success, Cost: 1237.5347
  Processing request 1363/3000 (ID: vnr_1362)...
    -> Result: Success, Cost: 2539.5112
  Processing request 1364/3000 (ID: vnr_1363)...
    -> Result: Success, Cost: 2054.5080
  Processing request 1365/3000 (ID: vnr_1364)...
    -> Result: Success, Cost: 531.3499
  Processing request 1366/3000 (ID: vnr_1365)...
    -> Result: Success, Cost: 130.1313
  Processing request 1367/3000 (ID: vnr_1366)...
    -> Result: Success, Cost: 1878.2355
  Processing request 1368/3000 (ID: vnr_1367)...
    -> Result: Success, Cost: 1617.9009
  Processing request 1369/3000 (ID: vnr_1368)...
    -> Result: Success, Cost: 1283.6171
  Processing request 1370/3000 (ID: vnr_1369)...
    -> Result: Success, Cost: 1469.4063
  Processing request 1371/3000 (ID: vnr_1370)...
    -> Result: Success, Cost: 268.1029
  Processing request 1372/3000 (ID: vnr_1371)...
    -> Result: Success, Cost: 529.4600
  Processing request 1373/3000 (ID: vnr_1372)...
    -> Result: Success, Cost: 789.7289
  Processing request 1374/3000 (ID: vnr_1373)...
    -> Result: Success, Cost: 1730.0589
  Processing request 1375/3000 (ID: vnr_1374)...
    -> Result: Success, Cost: 1172.4043
  Processing request 1376/3000 (ID: vnr_1375)...
    -> Result: Success, Cost: 382.6456
  Processing request 1377/3000 (ID: vnr_1376)...
    -> Result: Success, Cost: 612.8826
  Processing request 1378/3000 (ID: vnr_1377)...
    -> Result: Success, Cost: 187.9851
  Processing request 1379/3000 (ID: vnr_1378)...
    -> Result: Success, Cost: 1646.2350
  Processing request 1380/3000 (ID: vnr_1379)...
    -> Result: Success, Cost: 1356.2014
  Processing request 1381/3000 (ID: vnr_1380)...
    -> Result: Success, Cost: 1137.7416
  Processing request 1382/3000 (ID: vnr_1381)...
    -> Result: Success, Cost: 1859.5875
  Processing request 1383/3000 (ID: vnr_1382)...
    -> Result: Success, Cost: 2122.5589
  Processing request 1384/3000 (ID: vnr_1383)...
    -> Result: Success, Cost: 883.1387
  Processing request 1385/3000 (ID: vnr_1384)...
    -> Result: Success, Cost: 1617.3423
  Processing request 1386/3000 (ID: vnr_1385)...
    -> Result: Success, Cost: 1448.8649
  Processing request 1387/3000 (ID: vnr_1386)...
    -> Result: Success, Cost: 503.0304
  Processing request 1388/3000 (ID: vnr_1387)...
    -> Result: Success, Cost: 1297.9394
  Processing request 1389/3000 (ID: vnr_1388)...
    -> Result: Success, Cost: 2635.5406
  Processing request 1390/3000 (ID: vnr_1389)...
    -> Result: Success, Cost: 1580.7526
  Processing request 1391/3000 (ID: vnr_1390)...
    -> Result: Success, Cost: 1199.1132
  Processing request 1392/3000 (ID: vnr_1391)...
    -> Result: Success, Cost: 2173.7834
  Processing request 1393/3000 (ID: vnr_1392)...
    -> Result: Success, Cost: 2858.2379
  Processing request 1394/3000 (ID: vnr_1393)...
    -> Result: Success, Cost: 1684.2870
  Processing request 1395/3000 (ID: vnr_1394)...
    -> Result: Success, Cost: 1651.6348
  Processing request 1396/3000 (ID: vnr_1395)...
    -> Result: Success, Cost: 1260.1207
  Processing request 1397/3000 (ID: vnr_1396)...
    -> Result: Success, Cost: 2503.2396
  Processing request 1398/3000 (ID: vnr_1397)...
    -> Result: Success, Cost: 2394.6518
  Processing request 1399/3000 (ID: vnr_1398)...
    -> Result: Success, Cost: 606.7098
  Processing request 1400/3000 (ID: vnr_1399)...
    -> Result: Success, Cost: 1926.6434
  Processing request 1401/3000 (ID: vnr_1400)...
    -> Result: Success, Cost: 182.4407
  Processing request 1402/3000 (ID: vnr_1401)...
    -> Result: Success, Cost: 322.5596
  Processing request 1403/3000 (ID: vnr_1402)...
    -> Result: Success, Cost: 523.5610
  Processing request 1404/3000 (ID: vnr_1403)...
    -> Result: Success, Cost: 497.9735
  Processing request 1405/3000 (ID: vnr_1404)...
    -> Result: Success, Cost: 2697.7798
  Processing request 1406/3000 (ID: vnr_1405)...
    -> Result: Success, Cost: 125.1108
  Processing request 1407/3000 (ID: vnr_1406)...
    -> Result: Success, Cost: 2036.5664
  Processing request 1408/3000 (ID: vnr_1407)...
    -> Result: Success, Cost: 2373.6331
  Processing request 1409/3000 (ID: vnr_1408)...
    -> Result: Success, Cost: 1246.3669
  Processing request 1410/3000 (ID: vnr_1409)...
    -> Result: Success, Cost: 1908.7613
  Processing request 1411/3000 (ID: vnr_1410)...
    -> Result: Success, Cost: 1582.9203
  Processing request 1412/3000 (ID: vnr_1411)...
    -> Result: Success, Cost: 1180.5401
  Processing request 1413/3000 (ID: vnr_1412)...
    -> Result: Success, Cost: 180.3954
  Processing request 1414/3000 (ID: vnr_1413)...
    -> Result: Success, Cost: 1232.7899
  Processing request 1415/3000 (ID: vnr_1414)...
    -> Result: Success, Cost: 307.2441
  Processing request 1416/3000 (ID: vnr_1415)...
    -> Result: Success, Cost: 98.1212
  Processing request 1417/3000 (ID: vnr_1416)...
    -> Result: Success, Cost: 3012.0964
  Processing request 1418/3000 (ID: vnr_1417)...
    -> Result: Success, Cost: 398.1915
  Processing request 1419/3000 (ID: vnr_1418)...
    -> Result: Success, Cost: 2146.0618
  Processing request 1420/3000 (ID: vnr_1419)...
    -> Result: Success, Cost: 1420.2833
  Processing request 1421/3000 (ID: vnr_1420)...
    -> Result: Success, Cost: 756.3677
  Processing request 1422/3000 (ID: vnr_1421)...
    -> Result: Success, Cost: 195.8403
  Processing request 1423/3000 (ID: vnr_1422)...
    -> Result: Success, Cost: 1249.4254
  Processing request 1424/3000 (ID: vnr_1423)...
    -> Result: Success, Cost: 282.7626
  Processing request 1425/3000 (ID: vnr_1424)...
    -> Result: Success, Cost: 594.5782
  Processing request 1426/3000 (ID: vnr_1425)...
    -> Result: Success, Cost: 1748.3357
  Processing request 1427/3000 (ID: vnr_1426)...
    -> Result: Success, Cost: 375.1459
  Processing request 1428/3000 (ID: vnr_1427)...
    -> Result: Success, Cost: 1020.6246
  Processing request 1429/3000 (ID: vnr_1428)...
    -> Result: Success, Cost: 672.4930
  Processing request 1430/3000 (ID: vnr_1429)...
    -> Result: Success, Cost: 576.1032
  Processing request 1431/3000 (ID: vnr_1430)...
    -> Result: Success, Cost: 705.3498
  Processing request 1432/3000 (ID: vnr_1431)...
    -> Result: Success, Cost: 66.0754
  Processing request 1433/3000 (ID: vnr_1432)...
    -> Result: Success, Cost: 480.4842
  Processing request 1434/3000 (ID: vnr_1433)...
    -> Result: Success, Cost: 804.0627
  Processing request 1435/3000 (ID: vnr_1434)...
    -> Result: Success, Cost: 704.3211
  Processing request 1436/3000 (ID: vnr_1435)...
    -> Result: Success, Cost: 636.4011
  Processing request 1437/3000 (ID: vnr_1436)...
    -> Result: Success, Cost: 1905.2502
  Processing request 1438/3000 (ID: vnr_1437)...
    -> Result: Success, Cost: 1907.7845
  Processing request 1439/3000 (ID: vnr_1438)...
    -> Result: Success, Cost: 196.9401
  Processing request 1440/3000 (ID: vnr_1439)...
    -> Result: Success, Cost: 2176.8180
  Processing request 1441/3000 (ID: vnr_1440)...
    -> Result: Success, Cost: 436.1286
  Processing request 1442/3000 (ID: vnr_1441)...
    -> Result: Success, Cost: 803.6404
  Processing request 1443/3000 (ID: vnr_1442)...
    -> Result: Success, Cost: 355.1227
  Processing request 1444/3000 (ID: vnr_1443)...
    -> Result: Success, Cost: 2697.3214
  Processing request 1445/3000 (ID: vnr_1444)...
    -> Result: Success, Cost: 438.5674
  Processing request 1446/3000 (ID: vnr_1445)...
    -> Result: Success, Cost: 1388.8684
  Processing request 1447/3000 (ID: vnr_1446)...
    -> Result: Success, Cost: 334.1566
  Processing request 1448/3000 (ID: vnr_1447)...
    -> Result: Success, Cost: 2662.7823
  Processing request 1449/3000 (ID: vnr_1448)...
    -> Result: Success, Cost: 2438.3644
  Processing request 1450/3000 (ID: vnr_1449)...
    -> Result: Success, Cost: 391.1501
  Processing request 1451/3000 (ID: vnr_1450)...
    -> Result: Success, Cost: 1238.1965
  Processing request 1452/3000 (ID: vnr_1451)...
    -> Result: Success, Cost: 142.8747
  Processing request 1453/3000 (ID: vnr_1452)...
    -> Result: Success, Cost: 1441.6331
  Processing request 1454/3000 (ID: vnr_1453)...
    -> Result: Success, Cost: 2130.9163
  Processing request 1455/3000 (ID: vnr_1454)...
    -> Result: Success, Cost: 135.7812
  Processing request 1456/3000 (ID: vnr_1455)...
    -> Result: Success, Cost: 1904.6105
  Processing request 1457/3000 (ID: vnr_1456)...
    -> Result: Success, Cost: 440.1602
  Processing request 1458/3000 (ID: vnr_1457)...
    -> Result: Success, Cost: 735.4650
  Processing request 1459/3000 (ID: vnr_1458)...
    -> Result: Success, Cost: 1969.7535
  Processing request 1460/3000 (ID: vnr_1459)...
    -> Result: Success, Cost: 222.3790
  Processing request 1461/3000 (ID: vnr_1460)...
    -> Result: Success, Cost: 3590.7817
  Processing request 1462/3000 (ID: vnr_1461)...
    -> Result: Success, Cost: 986.6324
  Processing request 1463/3000 (ID: vnr_1462)...
    -> Result: Success, Cost: 113.9236
  Processing request 1464/3000 (ID: vnr_1463)...
    -> Result: Success, Cost: 2775.9860
  Processing request 1465/3000 (ID: vnr_1464)...
    -> Result: Failed, Cost: 0.0000
  Processing request 1466/3000 (ID: vnr_1465)...
    -> Result: Success, Cost: 355.9342
  Processing request 1467/3000 (ID: vnr_1466)...
    -> Result: Success, Cost: 586.4479
  Processing request 1468/3000 (ID: vnr_1467)...
    -> Result: Success, Cost: 2501.2949
  Processing request 1469/3000 (ID: vnr_1468)...
    -> Result: Success, Cost: 2119.8200
  Processing request 1470/3000 (ID: vnr_1469)...
    -> Result: Success, Cost: 1586.2478
  Processing request 1471/3000 (ID: vnr_1470)...
    -> Result: Success, Cost: 1710.9034
  Processing request 1472/3000 (ID: vnr_1471)...
    -> Result: Success, Cost: 1736.6271
  Processing request 1473/3000 (ID: vnr_1472)...
    -> Result: Failed, Cost: 0.0000
  Processing request 1474/3000 (ID: vnr_1473)...
    -> Result: Success, Cost: 2183.5638
  Processing request 1475/3000 (ID: vnr_1474)...
    -> Result: Success, Cost: 753.0991
  Processing request 1476/3000 (ID: vnr_1475)...
    -> Result: Success, Cost: 876.4902
  Processing request 1477/3000 (ID: vnr_1476)...
    -> Result: Success, Cost: 380.0031
  Processing request 1478/3000 (ID: vnr_1477)...
    -> Result: Failed, Cost: 0.0000
  Processing request 1479/3000 (ID: vnr_1478)...
    -> Result: Failed, Cost: 0.0000
  Processing request 1480/3000 (ID: vnr_1479)...
    -> Result: Success, Cost: 96.7770
  Processing request 1481/3000 (ID: vnr_1480)...
    -> Result: Success, Cost: 867.8738
  Processing request 1482/3000 (ID: vnr_1481)...
    -> Result: Success, Cost: 688.9711
  Processing request 1483/3000 (ID: vnr_1482)...
    -> Result: Success, Cost: 266.0790
  Processing request 1484/3000 (ID: vnr_1483)...
    -> Result: Success, Cost: 525.2049
  Processing request 1485/3000 (ID: vnr_1484)...
    -> Result: Success, Cost: 203.3006
  Processing request 1486/3000 (ID: vnr_1485)...
    -> Result: Success, Cost: 986.2206
  Processing request 1487/3000 (ID: vnr_1486)...
    -> Result: Failed, Cost: 0.0000
  Processing request 1488/3000 (ID: vnr_1487)...
    -> Result: Success, Cost: 1664.0864
  Processing request 1489/3000 (ID: vnr_1488)...
    -> Result: Success, Cost: 313.9825
  Processing request 1490/3000 (ID: vnr_1489)...
    -> Result: Success, Cost: 407.3878
  Processing request 1491/3000 (ID: vnr_1490)...
    -> Result: Success, Cost: 287.4641
  Processing request 1492/3000 (ID: vnr_1491)...
    -> Result: Success, Cost: 532.8508
  Processing request 1493/3000 (ID: vnr_1492)...
    -> Result: Success, Cost: 1421.2010
  Processing request 1494/3000 (ID: vnr_1493)...
    -> Result: Success, Cost: 625.2927
  Processing request 1495/3000 (ID: vnr_1494)...
    -> Result: Success, Cost: 190.4861
  Processing request 1496/3000 (ID: vnr_1495)...
    -> Result: Success, Cost: 937.4516
  Processing request 1497/3000 (ID: vnr_1496)...
    -> Result: Success, Cost: 2445.4062
  Processing request 1498/3000 (ID: vnr_1497)...
    -> Result: Success, Cost: 229.9268
  Processing request 1499/3000 (ID: vnr_1498)...
    -> Result: Success, Cost: 642.1002
  Processing request 1500/3000 (ID: vnr_1499)...
    -> Result: Success, Cost: 619.8368
  Processing request 1501/3000 (ID: vnr_1500)...
    -> Result: Success, Cost: 518.2563
  Processing request 1502/3000 (ID: vnr_1501)...
    -> Result: Success, Cost: 730.0759
  Processing request 1503/3000 (ID: vnr_1502)...
    -> Result: Success, Cost: 2036.1705
  Processing request 1504/3000 (ID: vnr_1503)...
    -> Result: Success, Cost: 912.7708
  Processing request 1505/3000 (ID: vnr_1504)...
    -> Result: Success, Cost: 736.8949
  Processing request 1506/3000 (ID: vnr_1505)...
    -> Result: Success, Cost: 1666.3379
  Processing request 1507/3000 (ID: vnr_1506)...
    -> Result: Success, Cost: 970.5910
  Processing request 1508/3000 (ID: vnr_1507)...
    -> Result: Success, Cost: 666.0030
  Processing request 1509/3000 (ID: vnr_1508)...
    -> Result: Success, Cost: 476.5586
  Processing request 1510/3000 (ID: vnr_1509)...
    -> Result: Success, Cost: 254.6449
  Processing request 1511/3000 (ID: vnr_1510)...
    -> Result: Success, Cost: 757.9212
  Processing request 1512/3000 (ID: vnr_1511)...
    -> Result: Success, Cost: 619.0517
  Processing request 1513/3000 (ID: vnr_1512)...
    -> Result: Success, Cost: 191.6584
  Processing request 1514/3000 (ID: vnr_1513)...
    -> Result: Success, Cost: 666.9286
  Processing request 1515/3000 (ID: vnr_1514)...
    -> Result: Success, Cost: 2008.8095
  Processing request 1516/3000 (ID: vnr_1515)...
    -> Result: Success, Cost: 2556.9629
  Processing request 1517/3000 (ID: vnr_1516)...
    -> Result: Success, Cost: 344.3484
  Processing request 1518/3000 (ID: vnr_1517)...
    -> Result: Success, Cost: 1661.7122
  Processing request 1519/3000 (ID: vnr_1518)...
    -> Result: Success, Cost: 426.7190
  Processing request 1520/3000 (ID: vnr_1519)...
    -> Result: Success, Cost: 402.8048
  Processing request 1521/3000 (ID: vnr_1520)...
    -> Result: Success, Cost: 935.9255
  Processing request 1522/3000 (ID: vnr_1521)...
    -> Result: Success, Cost: 471.8544
  Processing request 1523/3000 (ID: vnr_1522)...
    -> Result: Success, Cost: 2376.2204
  Processing request 1524/3000 (ID: vnr_1523)...
    -> Result: Success, Cost: 1045.9791
  Processing request 1525/3000 (ID: vnr_1524)...
    -> Result: Success, Cost: 205.8371
  Processing request 1526/3000 (ID: vnr_1525)...
    -> Result: Success, Cost: 1315.8882
  Processing request 1527/3000 (ID: vnr_1526)...
    -> Result: Success, Cost: 736.8466
  Processing request 1528/3000 (ID: vnr_1527)...
    -> Result: Success, Cost: 318.7030
  Processing request 1529/3000 (ID: vnr_1528)...
    -> Result: Success, Cost: 610.4049
  Processing request 1530/3000 (ID: vnr_1529)...
    -> Result: Success, Cost: 2384.7073
  Processing request 1531/3000 (ID: vnr_1530)...
    -> Result: Success, Cost: 2143.2885
  Processing request 1532/3000 (ID: vnr_1531)...
    -> Result: Success, Cost: 1813.0487
  Processing request 1533/3000 (ID: vnr_1532)...
    -> Result: Success, Cost: 94.5552
  Processing request 1534/3000 (ID: vnr_1533)...
    -> Result: Success, Cost: 616.8119
  Processing request 1535/3000 (ID: vnr_1534)...
    -> Result: Success, Cost: 911.7538
  Processing request 1536/3000 (ID: vnr_1535)...
    -> Result: Failed, Cost: 0.0000
  Processing request 1537/3000 (ID: vnr_1536)...
    -> Result: Success, Cost: 1207.7750
  Processing request 1538/3000 (ID: vnr_1537)...
    -> Result: Success, Cost: 2044.6707
  Processing request 1539/3000 (ID: vnr_1538)...
    -> Result: Success, Cost: 2522.9394
  Processing request 1540/3000 (ID: vnr_1539)...
    -> Result: Failed, Cost: 0.0000
  Processing request 1541/3000 (ID: vnr_1540)...
    -> Result: Success, Cost: 489.0059
  Processing request 1542/3000 (ID: vnr_1541)...
    -> Result: Success, Cost: 91.8350
  Processing request 1543/3000 (ID: vnr_1542)...
    -> Result: Success, Cost: 600.7499
  Processing request 1544/3000 (ID: vnr_1543)...
    -> Result: Failed, Cost: 0.0000
  Processing request 1545/3000 (ID: vnr_1544)...
    -> Result: Failed, Cost: 0.0000
  Processing request 1546/3000 (ID: vnr_1545)...
    -> Result: Failed, Cost: 0.0000
  Processing request 1547/3000 (ID: vnr_1546)...
    -> Result: Success, Cost: 470.3708
  Processing request 1548/3000 (ID: vnr_1547)...
    -> Result: Success, Cost: 292.4740
  Processing request 1549/3000 (ID: vnr_1548)...
    -> Result: Success, Cost: 501.9130
  Processing request 1550/3000 (ID: vnr_1549)...
    -> Result: Success, Cost: 1219.4930
  Processing request 1551/3000 (ID: vnr_1550)...
    -> Result: Success, Cost: 465.9863
  Processing request 1552/3000 (ID: vnr_1551)...
    -> Result: Success, Cost: 956.0508
  Processing request 1553/3000 (ID: vnr_1552)...
    -> Result: Success, Cost: 637.8398
  Processing request 1554/3000 (ID: vnr_1553)...
    -> Result: Success, Cost: 635.1592
  Processing request 1555/3000 (ID: vnr_1554)...
    -> Result: Success, Cost: 994.5168
  Processing request 1556/3000 (ID: vnr_1555)...
    -> Result: Success, Cost: 386.6159
  Processing request 1557/3000 (ID: vnr_1556)...
    -> Result: Success, Cost: 562.0681
  Processing request 1558/3000 (ID: vnr_1557)...
    -> Result: Success, Cost: 2450.8840
  Processing request 1559/3000 (ID: vnr_1558)...
    -> Result: Success, Cost: 2440.6580
  Processing request 1560/3000 (ID: vnr_1559)...
    -> Result: Success, Cost: 1109.6850
  Processing request 1561/3000 (ID: vnr_1560)...
    -> Result: Success, Cost: 1781.9202
  Processing request 1562/3000 (ID: vnr_1561)...
    -> Result: Success, Cost: 917.7102
  Processing request 1563/3000 (ID: vnr_1562)...
    -> Result: Success, Cost: 1206.7865
  Processing request 1564/3000 (ID: vnr_1563)...
    -> Result: Success, Cost: 135.4343
  Processing request 1565/3000 (ID: vnr_1564)...
    -> Result: Success, Cost: 743.1236
  Processing request 1566/3000 (ID: vnr_1565)...
    -> Result: Success, Cost: 539.6185
  Processing request 1567/3000 (ID: vnr_1566)...
    -> Result: Success, Cost: 170.2845
  Processing request 1568/3000 (ID: vnr_1567)...
    -> Result: Success, Cost: 448.4476
  Processing request 1569/3000 (ID: vnr_1568)...
    -> Result: Success, Cost: 1878.6257
  Processing request 1570/3000 (ID: vnr_1569)...
    -> Result: Success, Cost: 240.8796
  Processing request 1571/3000 (ID: vnr_1570)...
    -> Result: Success, Cost: 223.0241
  Processing request 1572/3000 (ID: vnr_1571)...
    -> Result: Success, Cost: 1529.3055
  Processing request 1573/3000 (ID: vnr_1572)...
    -> Result: Success, Cost: 2001.9684
  Processing request 1574/3000 (ID: vnr_1573)...
    -> Result: Success, Cost: 163.4952
  Processing request 1575/3000 (ID: vnr_1574)...
    -> Result: Success, Cost: 556.0914
  Processing request 1576/3000 (ID: vnr_1575)...
    -> Result: Success, Cost: 133.0328
  Processing request 1577/3000 (ID: vnr_1576)...
    -> Result: Success, Cost: 517.3310
  Processing request 1578/3000 (ID: vnr_1577)...
    -> Result: Success, Cost: 2035.9138
  Processing request 1579/3000 (ID: vnr_1578)...
    -> Result: Success, Cost: 309.3348
  Processing request 1580/3000 (ID: vnr_1579)...
    -> Result: Success, Cost: 971.7163
  Processing request 1581/3000 (ID: vnr_1580)...
    -> Result: Success, Cost: 507.6289
  Processing request 1582/3000 (ID: vnr_1581)...
    -> Result: Success, Cost: 533.8794
  Processing request 1583/3000 (ID: vnr_1582)...
    -> Result: Success, Cost: 827.0683
  Processing request 1584/3000 (ID: vnr_1583)...
    -> Result: Success, Cost: 1734.1420
  Processing request 1585/3000 (ID: vnr_1584)...
    -> Result: Success, Cost: 1506.7018
  Processing request 1586/3000 (ID: vnr_1585)...
    -> Result: Success, Cost: 376.7825
  Processing request 1587/3000 (ID: vnr_1586)...
    -> Result: Success, Cost: 625.0188
  Processing request 1588/3000 (ID: vnr_1587)...
    -> Result: Success, Cost: 2609.5834
  Processing request 1589/3000 (ID: vnr_1588)...
    -> Result: Success, Cost: 1443.5438
  Processing request 1590/3000 (ID: vnr_1589)...
    -> Result: Success, Cost: 1512.0589
  Processing request 1591/3000 (ID: vnr_1590)...
    -> Result: Success, Cost: 2487.6743
  Processing request 1592/3000 (ID: vnr_1591)...
    -> Result: Success, Cost: 568.9525
  Processing request 1593/3000 (ID: vnr_1592)...
    -> Result: Failed, Cost: 0.0000
  Processing request 1594/3000 (ID: vnr_1593)...
    -> Result: Success, Cost: 1301.1720
  Processing request 1595/3000 (ID: vnr_1594)...
    -> Result: Success, Cost: 567.9694
  Processing request 1596/3000 (ID: vnr_1595)...
    -> Result: Success, Cost: 585.8084
  Processing request 1597/3000 (ID: vnr_1596)...
    -> Result: Success, Cost: 2034.1642
  Processing request 1598/3000 (ID: vnr_1597)...
    -> Result: Success, Cost: 670.4698
  Processing request 1599/3000 (ID: vnr_1598)...
    -> Result: Success, Cost: 287.3642
  Processing request 1600/3000 (ID: vnr_1599)...
    -> Result: Success, Cost: 1072.0562
  Processing request 1601/3000 (ID: vnr_1600)...
    -> Result: Success, Cost: 1097.9376
  Processing request 1602/3000 (ID: vnr_1601)...
    -> Result: Success, Cost: 535.5607
  Processing request 1603/3000 (ID: vnr_1602)...
    -> Result: Success, Cost: 965.5577
  Processing request 1604/3000 (ID: vnr_1603)...
    -> Result: Success, Cost: 502.6994
  Processing request 1605/3000 (ID: vnr_1604)...
    -> Result: Success, Cost: 98.2130
  Processing request 1606/3000 (ID: vnr_1605)...
    -> Result: Success, Cost: 959.0029
  Processing request 1607/3000 (ID: vnr_1606)...
    -> Result: Success, Cost: 1674.3659
  Processing request 1608/3000 (ID: vnr_1607)...
    -> Result: Success, Cost: 589.8275
  Processing request 1609/3000 (ID: vnr_1608)...
    -> Result: Success, Cost: 953.1478
  Processing request 1610/3000 (ID: vnr_1609)...
    -> Result: Success, Cost: 259.4688
  Processing request 1611/3000 (ID: vnr_1610)...
    -> Result: Success, Cost: 2283.0260
  Processing request 1612/3000 (ID: vnr_1611)...
    -> Result: Success, Cost: 1438.0000
  Processing request 1613/3000 (ID: vnr_1612)...
    -> Result: Success, Cost: 2712.8372
  Processing request 1614/3000 (ID: vnr_1613)...
    -> Result: Success, Cost: 1185.0681
  Processing request 1615/3000 (ID: vnr_1614)...
    -> Result: Success, Cost: 516.9027
  Processing request 1616/3000 (ID: vnr_1615)...
    -> Result: Success, Cost: 825.6797
  Processing request 1617/3000 (ID: vnr_1616)...
    -> Result: Success, Cost: 314.5933
  Processing request 1618/3000 (ID: vnr_1617)...
    -> Result: Success, Cost: 286.4178
  Processing request 1619/3000 (ID: vnr_1618)...
    -> Result: Success, Cost: 2999.1654
  Processing request 1620/3000 (ID: vnr_1619)...
    -> Result: Success, Cost: 2539.2436
  Processing request 1621/3000 (ID: vnr_1620)...
    -> Result: Success, Cost: 1014.6447
  Processing request 1622/3000 (ID: vnr_1621)...
    -> Result: Success, Cost: 429.1408
  Processing request 1623/3000 (ID: vnr_1622)...
    -> Result: Success, Cost: 1248.0966
  Processing request 1624/3000 (ID: vnr_1623)...
    -> Result: Success, Cost: 1842.3249
  Processing request 1625/3000 (ID: vnr_1624)...
    -> Result: Success, Cost: 1451.1023
  Processing request 1626/3000 (ID: vnr_1625)...
    -> Result: Failed, Cost: 0.0000
  Processing request 1627/3000 (ID: vnr_1626)...
    -> Result: Success, Cost: 315.6306
  Processing request 1628/3000 (ID: vnr_1627)...
    -> Result: Success, Cost: 1164.1500
  Processing request 1629/3000 (ID: vnr_1628)...
    -> Result: Success, Cost: 441.5212
  Processing request 1630/3000 (ID: vnr_1629)...
    -> Result: Failed, Cost: 0.0000
  Processing request 1631/3000 (ID: vnr_1630)...
    -> Result: Success, Cost: 255.4761
  Processing request 1632/3000 (ID: vnr_1631)...
    -> Result: Success, Cost: 851.3578
  Processing request 1633/3000 (ID: vnr_1632)...
    -> Result: Success, Cost: 615.3154
  Processing request 1634/3000 (ID: vnr_1633)...
    -> Result: Success, Cost: 124.8078
  Processing request 1635/3000 (ID: vnr_1634)...
    -> Result: Success, Cost: 212.7692
  Processing request 1636/3000 (ID: vnr_1635)...
    -> Result: Success, Cost: 1326.4170
  Processing request 1637/3000 (ID: vnr_1636)...
    -> Result: Success, Cost: 825.7652
  Processing request 1638/3000 (ID: vnr_1637)...
    -> Result: Success, Cost: 1907.6446
  Processing request 1639/3000 (ID: vnr_1638)...
    -> Result: Success, Cost: 2002.4102
  Processing request 1640/3000 (ID: vnr_1639)...
    -> Result: Success, Cost: 966.7796
  Processing request 1641/3000 (ID: vnr_1640)...
    -> Result: Success, Cost: 557.7060
  Processing request 1642/3000 (ID: vnr_1641)...
    -> Result: Success, Cost: 940.5023
  Processing request 1643/3000 (ID: vnr_1642)...
    -> Result: Success, Cost: 1955.1733
  Processing request 1644/3000 (ID: vnr_1643)...
    -> Result: Success, Cost: 419.7441
  Processing request 1645/3000 (ID: vnr_1644)...
    -> Result: Success, Cost: 1627.3426
  Processing request 1646/3000 (ID: vnr_1645)...
    -> Result: Success, Cost: 1221.2336
  Processing request 1647/3000 (ID: vnr_1646)...
    -> Result: Success, Cost: 1837.6743
  Processing request 1648/3000 (ID: vnr_1647)...
    -> Result: Success, Cost: 137.9633
  Processing request 1649/3000 (ID: vnr_1648)...
    -> Result: Success, Cost: 509.8006
  Processing request 1650/3000 (ID: vnr_1649)...
    -> Result: Success, Cost: 675.2844
  Processing request 1651/3000 (ID: vnr_1650)...
    -> Result: Success, Cost: 229.3282
  Processing request 1652/3000 (ID: vnr_1651)...
    -> Result: Success, Cost: 1553.9360
  Processing request 1653/3000 (ID: vnr_1652)...
    -> Result: Success, Cost: 1407.5650
  Processing request 1654/3000 (ID: vnr_1653)...
    -> Result: Success, Cost: 368.9088
  Processing request 1655/3000 (ID: vnr_1654)...
    -> Result: Success, Cost: 1116.4495
  Processing request 1656/3000 (ID: vnr_1655)...
    -> Result: Success, Cost: 1296.5108
  Processing request 1657/3000 (ID: vnr_1656)...
    -> Result: Success, Cost: 749.7555
  Processing request 1658/3000 (ID: vnr_1657)...
    -> Result: Success, Cost: 385.2389
  Processing request 1659/3000 (ID: vnr_1658)...
    -> Result: Success, Cost: 105.9619
  Processing request 1660/3000 (ID: vnr_1659)...
    -> Result: Success, Cost: 722.3009
  Processing request 1661/3000 (ID: vnr_1660)...
    -> Result: Success, Cost: 1227.4054
  Processing request 1662/3000 (ID: vnr_1661)...
    -> Result: Success, Cost: 168.4324
  Processing request 1663/3000 (ID: vnr_1662)...
    -> Result: Success, Cost: 1929.9125
  Processing request 1664/3000 (ID: vnr_1663)...
    -> Result: Success, Cost: 268.8131
  Processing request 1665/3000 (ID: vnr_1664)...
    -> Result: Success, Cost: 224.6675
  Processing request 1666/3000 (ID: vnr_1665)...
    -> Result: Success, Cost: 1277.1930
  Processing request 1667/3000 (ID: vnr_1666)...
    -> Result: Success, Cost: 496.8757
  Processing request 1668/3000 (ID: vnr_1667)...
    -> Result: Success, Cost: 435.0829
  Processing request 1669/3000 (ID: vnr_1668)...
    -> Result: Success, Cost: 2424.0645
  Processing request 1670/3000 (ID: vnr_1669)...
    -> Result: Success, Cost: 372.4681
  Processing request 1671/3000 (ID: vnr_1670)...
    -> Result: Success, Cost: 1341.8524
  Processing request 1672/3000 (ID: vnr_1671)...
    -> Result: Success, Cost: 462.2203
  Processing request 1673/3000 (ID: vnr_1672)...
    -> Result: Success, Cost: 110.7510
  Processing request 1674/3000 (ID: vnr_1673)...
    -> Result: Success, Cost: 2358.8211
  Processing request 1675/3000 (ID: vnr_1674)...
    -> Result: Success, Cost: 733.8964
  Processing request 1676/3000 (ID: vnr_1675)...
    -> Result: Success, Cost: 338.2746
  Processing request 1677/3000 (ID: vnr_1676)...
    -> Result: Success, Cost: 189.4427
  Processing request 1678/3000 (ID: vnr_1677)...
    -> Result: Success, Cost: 342.4691
  Processing request 1679/3000 (ID: vnr_1678)...
    -> Result: Success, Cost: 404.4234
  Processing request 1680/3000 (ID: vnr_1679)...
    -> Result: Success, Cost: 1048.0279
  Processing request 1681/3000 (ID: vnr_1680)...
    -> Result: Success, Cost: 1637.0880
  Processing request 1682/3000 (ID: vnr_1681)...
    -> Result: Success, Cost: 1905.5489
  Processing request 1683/3000 (ID: vnr_1682)...
    -> Result: Success, Cost: 158.8405
  Processing request 1684/3000 (ID: vnr_1683)...
    -> Result: Success, Cost: 1166.2347
  Processing request 1685/3000 (ID: vnr_1684)...
    -> Result: Success, Cost: 158.6651
  Processing request 1686/3000 (ID: vnr_1685)...
    -> Result: Success, Cost: 2481.1293
  Processing request 1687/3000 (ID: vnr_1686)...
    -> Result: Success, Cost: 1957.0820
  Processing request 1688/3000 (ID: vnr_1687)...
    -> Result: Success, Cost: 701.6160
  Processing request 1689/3000 (ID: vnr_1688)...
    -> Result: Success, Cost: 128.3568
  Processing request 1690/3000 (ID: vnr_1689)...
    -> Result: Success, Cost: 1826.5576
  Processing request 1691/3000 (ID: vnr_1690)...
    -> Result: Success, Cost: 888.8666
  Processing request 1692/3000 (ID: vnr_1691)...
    -> Result: Success, Cost: 590.5786
  Processing request 1693/3000 (ID: vnr_1692)...
    -> Result: Success, Cost: 1719.6600
  Processing request 1694/3000 (ID: vnr_1693)...
    -> Result: Success, Cost: 731.8309
  Processing request 1695/3000 (ID: vnr_1694)...
    -> Result: Success, Cost: 589.6698
  Processing request 1696/3000 (ID: vnr_1695)...
    -> Result: Success, Cost: 1304.9698
  Processing request 1697/3000 (ID: vnr_1696)...
    -> Result: Success, Cost: 1711.8313
  Processing request 1698/3000 (ID: vnr_1697)...
    -> Result: Success, Cost: 309.2258
  Processing request 1699/3000 (ID: vnr_1698)...
    -> Result: Success, Cost: 1145.9545
  Processing request 1700/3000 (ID: vnr_1699)...
    -> Result: Success, Cost: 1616.3587
  Processing request 1701/3000 (ID: vnr_1700)...
    -> Result: Success, Cost: 1248.2713
  Processing request 1702/3000 (ID: vnr_1701)...
    -> Result: Success, Cost: 194.2885
  Processing request 1703/3000 (ID: vnr_1702)...
    -> Result: Success, Cost: 1399.6815
  Processing request 1704/3000 (ID: vnr_1703)...
    -> Result: Success, Cost: 470.0034
  Processing request 1705/3000 (ID: vnr_1704)...
    -> Result: Success, Cost: 2328.8609
  Processing request 1706/3000 (ID: vnr_1705)...
    -> Result: Success, Cost: 2356.5153
  Processing request 1707/3000 (ID: vnr_1706)...
    -> Result: Success, Cost: 796.8660
  Processing request 1708/3000 (ID: vnr_1707)...
    -> Result: Success, Cost: 548.7904
  Processing request 1709/3000 (ID: vnr_1708)...
    -> Result: Success, Cost: 1119.3357
  Processing request 1710/3000 (ID: vnr_1709)...
    -> Result: Success, Cost: 1372.4264
  Processing request 1711/3000 (ID: vnr_1710)...
    -> Result: Success, Cost: 2163.2790
  Processing request 1712/3000 (ID: vnr_1711)...
    -> Result: Success, Cost: 1546.6210
  Processing request 1713/3000 (ID: vnr_1712)...
    -> Result: Success, Cost: 626.7025
  Processing request 1714/3000 (ID: vnr_1713)...
    -> Result: Success, Cost: 229.9281
  Processing request 1715/3000 (ID: vnr_1714)...
    -> Result: Success, Cost: 178.9777
  Processing request 1716/3000 (ID: vnr_1715)...
    -> Result: Success, Cost: 1861.2084
  Processing request 1717/3000 (ID: vnr_1716)...
    -> Result: Success, Cost: 2016.5230
  Processing request 1718/3000 (ID: vnr_1717)...
    -> Result: Success, Cost: 3874.1474
  Processing request 1719/3000 (ID: vnr_1718)...
    -> Result: Success, Cost: 988.7686
  Processing request 1720/3000 (ID: vnr_1719)...
    -> Result: Success, Cost: 2473.4408
  Processing request 1721/3000 (ID: vnr_1720)...
    -> Result: Success, Cost: 246.5631
  Processing request 1722/3000 (ID: vnr_1721)...
    -> Result: Success, Cost: 486.3847
  Processing request 1723/3000 (ID: vnr_1722)...
    -> Result: Success, Cost: 1443.2070
  Processing request 1724/3000 (ID: vnr_1723)...
    -> Result: Success, Cost: 2211.8988
  Processing request 1725/3000 (ID: vnr_1724)...
    -> Result: Success, Cost: 2460.8955
  Processing request 1726/3000 (ID: vnr_1725)...
    -> Result: Success, Cost: 680.5300
  Processing request 1727/3000 (ID: vnr_1726)...
    -> Result: Success, Cost: 305.4914
  Processing request 1728/3000 (ID: vnr_1727)...
    -> Result: Success, Cost: 675.0635
  Processing request 1729/3000 (ID: vnr_1728)...
    -> Result: Success, Cost: 1592.5979
  Processing request 1730/3000 (ID: vnr_1729)...
    -> Result: Success, Cost: 2585.9662
  Processing request 1731/3000 (ID: vnr_1730)...
    -> Result: Success, Cost: 267.9411
  Processing request 1732/3000 (ID: vnr_1731)...
    -> Result: Success, Cost: 1300.6732
  Processing request 1733/3000 (ID: vnr_1732)...
    -> Result: Success, Cost: 1035.4712
  Processing request 1734/3000 (ID: vnr_1733)...
    -> Result: Success, Cost: 242.6412
  Processing request 1735/3000 (ID: vnr_1734)...
    -> Result: Success, Cost: 1645.6237
  Processing request 1736/3000 (ID: vnr_1735)...
    -> Result: Success, Cost: 2255.5642
  Processing request 1737/3000 (ID: vnr_1736)...
    -> Result: Success, Cost: 162.1775
  Processing request 1738/3000 (ID: vnr_1737)...
    -> Result: Success, Cost: 764.0798
  Processing request 1739/3000 (ID: vnr_1738)...
    -> Result: Success, Cost: 612.2310
  Processing request 1740/3000 (ID: vnr_1739)...
    -> Result: Success, Cost: 1581.4785
  Processing request 1741/3000 (ID: vnr_1740)...
    -> Result: Success, Cost: 805.5896
  Processing request 1742/3000 (ID: vnr_1741)...
    -> Result: Success, Cost: 248.0421
  Processing request 1743/3000 (ID: vnr_1742)...
    -> Result: Success, Cost: 944.2370
  Processing request 1744/3000 (ID: vnr_1743)...
    -> Result: Success, Cost: 550.2370
  Processing request 1745/3000 (ID: vnr_1744)...
    -> Result: Success, Cost: 1303.1263
  Processing request 1746/3000 (ID: vnr_1745)...
    -> Result: Success, Cost: 324.4819
  Processing request 1747/3000 (ID: vnr_1746)...
    -> Result: Success, Cost: 335.8596
  Processing request 1748/3000 (ID: vnr_1747)...
    -> Result: Success, Cost: 2215.1611
  Processing request 1749/3000 (ID: vnr_1748)...
    -> Result: Success, Cost: 969.6324
  Processing request 1750/3000 (ID: vnr_1749)...
    -> Result: Success, Cost: 3020.8914
  Processing request 1751/3000 (ID: vnr_1750)...
    -> Result: Success, Cost: 603.5560
  Processing request 1752/3000 (ID: vnr_1751)...
    -> Result: Success, Cost: 1354.9670
  Processing request 1753/3000 (ID: vnr_1752)...
    -> Result: Success, Cost: 382.3054
  Processing request 1754/3000 (ID: vnr_1753)...
    -> Result: Success, Cost: 999.8447
  Processing request 1755/3000 (ID: vnr_1754)...
    -> Result: Success, Cost: 217.2245
  Processing request 1756/3000 (ID: vnr_1755)...
    -> Result: Success, Cost: 653.7824
  Processing request 1757/3000 (ID: vnr_1756)...
    -> Result: Success, Cost: 1398.7770
  Processing request 1758/3000 (ID: vnr_1757)...
    -> Result: Success, Cost: 2330.3243
  Processing request 1759/3000 (ID: vnr_1758)...
    -> Result: Success, Cost: 2479.6334
  Processing request 1760/3000 (ID: vnr_1759)...
    -> Result: Success, Cost: 640.6578
  Processing request 1761/3000 (ID: vnr_1760)...
    -> Result: Success, Cost: 1583.4487
  Processing request 1762/3000 (ID: vnr_1761)...
    -> Result: Success, Cost: 2202.8964
  Processing request 1763/3000 (ID: vnr_1762)...
    -> Result: Success, Cost: 1980.6347
  Processing request 1764/3000 (ID: vnr_1763)...
    -> Result: Success, Cost: 2338.0082
  Processing request 1765/3000 (ID: vnr_1764)...
    -> Result: Success, Cost: 245.5493
  Processing request 1766/3000 (ID: vnr_1765)...
    -> Result: Success, Cost: 1881.7706
  Processing request 1767/3000 (ID: vnr_1766)...
    -> Result: Success, Cost: 184.6926
  Processing request 1768/3000 (ID: vnr_1767)...
    -> Result: Success, Cost: 508.3540
  Processing request 1769/3000 (ID: vnr_1768)...
    -> Result: Success, Cost: 444.5072
  Processing request 1770/3000 (ID: vnr_1769)...
    -> Result: Success, Cost: 1769.9713
  Processing request 1771/3000 (ID: vnr_1770)...
    -> Result: Success, Cost: 122.2374
  Processing request 1772/3000 (ID: vnr_1771)...
    -> Result: Success, Cost: 1445.1463
  Processing request 1773/3000 (ID: vnr_1772)...
    -> Result: Success, Cost: 455.8153
  Processing request 1774/3000 (ID: vnr_1773)...
    -> Result: Success, Cost: 537.5273
  Processing request 1775/3000 (ID: vnr_1774)...
    -> Result: Success, Cost: 904.7958
  Processing request 1776/3000 (ID: vnr_1775)...
    -> Result: Success, Cost: 821.7866
  Processing request 1777/3000 (ID: vnr_1776)...
    -> Result: Success, Cost: 1232.3459
  Processing request 1778/3000 (ID: vnr_1777)...
    -> Result: Success, Cost: 410.1758
  Processing request 1779/3000 (ID: vnr_1778)...
    -> Result: Success, Cost: 615.8446
  Processing request 1780/3000 (ID: vnr_1779)...
    -> Result: Success, Cost: 1988.1583
  Processing request 1781/3000 (ID: vnr_1780)...
    -> Result: Success, Cost: 2537.3188
  Processing request 1782/3000 (ID: vnr_1781)...
    -> Result: Success, Cost: 1797.5316
  Processing request 1783/3000 (ID: vnr_1782)...
    -> Result: Success, Cost: 951.4211
  Processing request 1784/3000 (ID: vnr_1783)...
    -> Result: Success, Cost: 1543.9028
  Processing request 1785/3000 (ID: vnr_1784)...
    -> Result: Success, Cost: 926.8834
  Processing request 1786/3000 (ID: vnr_1785)...
    -> Result: Success, Cost: 961.8126
  Processing request 1787/3000 (ID: vnr_1786)...
    -> Result: Success, Cost: 500.1680
  Processing request 1788/3000 (ID: vnr_1787)...
    -> Result: Success, Cost: 200.4840
  Processing request 1789/3000 (ID: vnr_1788)...
    -> Result: Success, Cost: 1777.7622
  Processing request 1790/3000 (ID: vnr_1789)...
    -> Result: Success, Cost: 339.5754
  Processing request 1791/3000 (ID: vnr_1790)...
    -> Result: Success, Cost: 244.7495
  Processing request 1792/3000 (ID: vnr_1791)...
    -> Result: Success, Cost: 975.8098
  Processing request 1793/3000 (ID: vnr_1792)...
    -> Result: Success, Cost: 322.5534
  Processing request 1794/3000 (ID: vnr_1793)...
    -> Result: Success, Cost: 1681.5590
  Processing request 1795/3000 (ID: vnr_1794)...
    -> Result: Success, Cost: 1633.8627
  Processing request 1796/3000 (ID: vnr_1795)...
    -> Result: Success, Cost: 330.8489
  Processing request 1797/3000 (ID: vnr_1796)...
    -> Result: Success, Cost: 223.3758
  Processing request 1798/3000 (ID: vnr_1797)...
    -> Result: Success, Cost: 1649.5224
  Processing request 1799/3000 (ID: vnr_1798)...
    -> Result: Success, Cost: 1985.5720
  Processing request 1800/3000 (ID: vnr_1799)...
    -> Result: Success, Cost: 2202.2837
  Processing request 1801/3000 (ID: vnr_1800)...
    -> Result: Success, Cost: 526.1712
  Processing request 1802/3000 (ID: vnr_1801)...
    -> Result: Success, Cost: 749.9155
  Processing request 1803/3000 (ID: vnr_1802)...
    -> Result: Success, Cost: 1332.8713
  Processing request 1804/3000 (ID: vnr_1803)...
    -> Result: Success, Cost: 508.6998
  Processing request 1805/3000 (ID: vnr_1804)...
    -> Result: Success, Cost: 144.3283
  Processing request 1806/3000 (ID: vnr_1805)...
    -> Result: Success, Cost: 609.7745
  Processing request 1807/3000 (ID: vnr_1806)...
    -> Result: Success, Cost: 914.0561
  Processing request 1808/3000 (ID: vnr_1807)...
    -> Result: Success, Cost: 1982.5313
  Processing request 1809/3000 (ID: vnr_1808)...
    -> Result: Success, Cost: 1620.4789
  Processing request 1810/3000 (ID: vnr_1809)...
    -> Result: Success, Cost: 1018.6002
  Processing request 1811/3000 (ID: vnr_1810)...
    -> Result: Success, Cost: 841.8792
  Processing request 1812/3000 (ID: vnr_1811)...
    -> Result: Success, Cost: 257.6134
  Processing request 1813/3000 (ID: vnr_1812)...
    -> Result: Success, Cost: 764.8192
  Processing request 1814/3000 (ID: vnr_1813)...
    -> Result: Success, Cost: 524.4201
  Processing request 1815/3000 (ID: vnr_1814)...
    -> Result: Success, Cost: 138.0073
  Processing request 1816/3000 (ID: vnr_1815)...
    -> Result: Success, Cost: 1975.2858
  Processing request 1817/3000 (ID: vnr_1816)...
    -> Result: Success, Cost: 136.8508
  Processing request 1818/3000 (ID: vnr_1817)...
    -> Result: Success, Cost: 478.9512
  Processing request 1819/3000 (ID: vnr_1818)...
    -> Result: Success, Cost: 2201.4474
  Processing request 1820/3000 (ID: vnr_1819)...
    -> Result: Success, Cost: 1604.3396
  Processing request 1821/3000 (ID: vnr_1820)...
    -> Result: Success, Cost: 2046.8316
  Processing request 1822/3000 (ID: vnr_1821)...
    -> Result: Success, Cost: 2365.0139
  Processing request 1823/3000 (ID: vnr_1822)...
    -> Result: Success, Cost: 1238.2789
  Processing request 1824/3000 (ID: vnr_1823)...
    -> Result: Success, Cost: 294.6778
  Processing request 1825/3000 (ID: vnr_1824)...
    -> Result: Success, Cost: 2375.6779
  Processing request 1826/3000 (ID: vnr_1825)...
    -> Result: Success, Cost: 835.0024
  Processing request 1827/3000 (ID: vnr_1826)...
    -> Result: Success, Cost: 597.9931
  Processing request 1828/3000 (ID: vnr_1827)...
    -> Result: Success, Cost: 709.1534
  Processing request 1829/3000 (ID: vnr_1828)...
    -> Result: Success, Cost: 96.3088
  Processing request 1830/3000 (ID: vnr_1829)...
    -> Result: Success, Cost: 1234.3394
  Processing request 1831/3000 (ID: vnr_1830)...
    -> Result: Success, Cost: 949.4079
  Processing request 1832/3000 (ID: vnr_1831)...
    -> Result: Success, Cost: 952.5387
  Processing request 1833/3000 (ID: vnr_1832)...
    -> Result: Success, Cost: 1016.0045
  Processing request 1834/3000 (ID: vnr_1833)...
    -> Result: Success, Cost: 1418.1556
  Processing request 1835/3000 (ID: vnr_1834)...
    -> Result: Success, Cost: 1299.2614
  Processing request 1836/3000 (ID: vnr_1835)...
    -> Result: Success, Cost: 998.1067
  Processing request 1837/3000 (ID: vnr_1836)...
    -> Result: Success, Cost: 457.0374
  Processing request 1838/3000 (ID: vnr_1837)...
    -> Result: Success, Cost: 675.0051
  Processing request 1839/3000 (ID: vnr_1838)...
    -> Result: Success, Cost: 1457.8436
  Processing request 1840/3000 (ID: vnr_1839)...
    -> Result: Success, Cost: 283.9657
  Processing request 1841/3000 (ID: vnr_1840)...
    -> Result: Success, Cost: 1859.9564
  Processing request 1842/3000 (ID: vnr_1841)...
    -> Result: Success, Cost: 1414.8230
  Processing request 1843/3000 (ID: vnr_1842)...
    -> Result: Success, Cost: 884.4419
  Processing request 1844/3000 (ID: vnr_1843)...
    -> Result: Success, Cost: 2331.9754
  Processing request 1845/3000 (ID: vnr_1844)...
    -> Result: Success, Cost: 1214.1366
  Processing request 1846/3000 (ID: vnr_1845)...
    -> Result: Failed, Cost: 0.0000
  Processing request 1847/3000 (ID: vnr_1846)...
    -> Result: Success, Cost: 1737.2195
  Processing request 1848/3000 (ID: vnr_1847)...
    -> Result: Success, Cost: 686.2848
  Processing request 1849/3000 (ID: vnr_1848)...
    -> Result: Success, Cost: 171.3653
  Processing request 1850/3000 (ID: vnr_1849)...
    -> Result: Success, Cost: 1276.0270
  Processing request 1851/3000 (ID: vnr_1850)...
    -> Result: Success, Cost: 1640.2422
  Processing request 1852/3000 (ID: vnr_1851)...
    -> Result: Success, Cost: 1482.1173
  Processing request 1853/3000 (ID: vnr_1852)...
    -> Result: Success, Cost: 811.3355
  Processing request 1854/3000 (ID: vnr_1853)...
    -> Result: Success, Cost: 367.9928
  Processing request 1855/3000 (ID: vnr_1854)...
    -> Result: Success, Cost: 220.7334
  Processing request 1856/3000 (ID: vnr_1855)...
    -> Result: Success, Cost: 448.6051
  Processing request 1857/3000 (ID: vnr_1856)...
    -> Result: Success, Cost: 787.2431
  Processing request 1858/3000 (ID: vnr_1857)...
    -> Result: Success, Cost: 1189.3318
  Processing request 1859/3000 (ID: vnr_1858)...
    -> Result: Success, Cost: 1273.9899
  Processing request 1860/3000 (ID: vnr_1859)...
    -> Result: Success, Cost: 1380.9121
  Processing request 1861/3000 (ID: vnr_1860)...
    -> Result: Success, Cost: 1314.9663
  Processing request 1862/3000 (ID: vnr_1861)...
    -> Result: Success, Cost: 1386.8114
  Processing request 1863/3000 (ID: vnr_1862)...
    -> Result: Success, Cost: 1067.9758
  Processing request 1864/3000 (ID: vnr_1863)...
    -> Result: Success, Cost: 822.9895
  Processing request 1865/3000 (ID: vnr_1864)...
    -> Result: Success, Cost: 1416.3582
  Processing request 1866/3000 (ID: vnr_1865)...
    -> Result: Success, Cost: 1746.8664
  Processing request 1867/3000 (ID: vnr_1866)...
    -> Result: Success, Cost: 878.5761
  Processing request 1868/3000 (ID: vnr_1867)...
    -> Result: Success, Cost: 636.9268
  Processing request 1869/3000 (ID: vnr_1868)...
    -> Result: Success, Cost: 422.9680
  Processing request 1870/3000 (ID: vnr_1869)...
    -> Result: Success, Cost: 670.9591
  Processing request 1871/3000 (ID: vnr_1870)...
    -> Result: Success, Cost: 1433.0357
  Processing request 1872/3000 (ID: vnr_1871)...
    -> Result: Success, Cost: 2175.1459
  Processing request 1873/3000 (ID: vnr_1872)...
    -> Result: Success, Cost: 941.3316
  Processing request 1874/3000 (ID: vnr_1873)...
    -> Result: Success, Cost: 279.7500
  Processing request 1875/3000 (ID: vnr_1874)...
    -> Result: Success, Cost: 590.1743
  Processing request 1876/3000 (ID: vnr_1875)...
    -> Result: Success, Cost: 2276.8828
  Processing request 1877/3000 (ID: vnr_1876)...
    -> Result: Success, Cost: 637.2302
  Processing request 1878/3000 (ID: vnr_1877)...
    -> Result: Success, Cost: 695.4769
  Processing request 1879/3000 (ID: vnr_1878)...
    -> Result: Success, Cost: 913.0034
  Processing request 1880/3000 (ID: vnr_1879)...
    -> Result: Success, Cost: 925.3758
  Processing request 1881/3000 (ID: vnr_1880)...
    -> Result: Success, Cost: 2589.3473
  Processing request 1882/3000 (ID: vnr_1881)...
    -> Result: Success, Cost: 342.8506
  Processing request 1883/3000 (ID: vnr_1882)...
    -> Result: Success, Cost: 1882.0378
  Processing request 1884/3000 (ID: vnr_1883)...
    -> Result: Success, Cost: 470.1892
  Processing request 1885/3000 (ID: vnr_1884)...
    -> Result: Success, Cost: 1116.7704
  Processing request 1886/3000 (ID: vnr_1885)...
    -> Result: Success, Cost: 899.1599
  Processing request 1887/3000 (ID: vnr_1886)...
    -> Result: Success, Cost: 1327.3061
  Processing request 1888/3000 (ID: vnr_1887)...
    -> Result: Success, Cost: 361.8896
  Processing request 1889/3000 (ID: vnr_1888)...
    -> Result: Success, Cost: 216.4773
  Processing request 1890/3000 (ID: vnr_1889)...
    -> Result: Success, Cost: 102.5507
  Processing request 1891/3000 (ID: vnr_1890)...
    -> Result: Success, Cost: 307.7668
  Processing request 1892/3000 (ID: vnr_1891)...
    -> Result: Success, Cost: 155.8334
  Processing request 1893/3000 (ID: vnr_1892)...
    -> Result: Success, Cost: 216.6891
  Processing request 1894/3000 (ID: vnr_1893)...
    -> Result: Success, Cost: 641.6205
  Processing request 1895/3000 (ID: vnr_1894)...
    -> Result: Success, Cost: 120.6033
  Processing request 1896/3000 (ID: vnr_1895)...
    -> Result: Success, Cost: 518.5153
  Processing request 1897/3000 (ID: vnr_1896)...
    -> Result: Success, Cost: 376.6154
  Processing request 1898/3000 (ID: vnr_1897)...
    -> Result: Success, Cost: 649.8370
  Processing request 1899/3000 (ID: vnr_1898)...
    -> Result: Success, Cost: 505.2394
  Processing request 1900/3000 (ID: vnr_1899)...
    -> Result: Success, Cost: 1465.7315
  Processing request 1901/3000 (ID: vnr_1900)...
    -> Result: Success, Cost: 136.3189
  Processing request 1902/3000 (ID: vnr_1901)...
    -> Result: Success, Cost: 264.8980
  Processing request 1903/3000 (ID: vnr_1902)...
    -> Result: Success, Cost: 2488.7434
  Processing request 1904/3000 (ID: vnr_1903)...
    -> Result: Success, Cost: 1800.2288
  Processing request 1905/3000 (ID: vnr_1904)...
    -> Result: Success, Cost: 937.7886
  Processing request 1906/3000 (ID: vnr_1905)...
    -> Result: Success, Cost: 959.3306
  Processing request 1907/3000 (ID: vnr_1906)...
    -> Result: Success, Cost: 689.4245
  Processing request 1908/3000 (ID: vnr_1907)...
    -> Result: Success, Cost: 2776.7359
  Processing request 1909/3000 (ID: vnr_1908)...
    -> Result: Success, Cost: 941.2800
  Processing request 1910/3000 (ID: vnr_1909)...
    -> Result: Success, Cost: 120.0310
  Processing request 1911/3000 (ID: vnr_1910)...
    -> Result: Success, Cost: 157.1452
  Processing request 1912/3000 (ID: vnr_1911)...
    -> Result: Success, Cost: 348.2567
  Processing request 1913/3000 (ID: vnr_1912)...
    -> Result: Success, Cost: 2339.6311
  Processing request 1914/3000 (ID: vnr_1913)...
    -> Result: Success, Cost: 490.8440
  Processing request 1915/3000 (ID: vnr_1914)...
    -> Result: Success, Cost: 259.5561
  Processing request 1916/3000 (ID: vnr_1915)...
    -> Result: Success, Cost: 1308.2670
  Processing request 1917/3000 (ID: vnr_1916)...
    -> Result: Success, Cost: 1674.6896
  Processing request 1918/3000 (ID: vnr_1917)...
    -> Result: Success, Cost: 163.5244
  Processing request 1919/3000 (ID: vnr_1918)...
    -> Result: Success, Cost: 153.2414
  Processing request 1920/3000 (ID: vnr_1919)...
    -> Result: Success, Cost: 1588.1692
  Processing request 1921/3000 (ID: vnr_1920)...
    -> Result: Success, Cost: 190.4298
  Processing request 1922/3000 (ID: vnr_1921)...
    -> Result: Success, Cost: 292.9704
  Processing request 1923/3000 (ID: vnr_1922)...
    -> Result: Success, Cost: 2473.9485
  Processing request 1924/3000 (ID: vnr_1923)...
    -> Result: Success, Cost: 887.6597
  Processing request 1925/3000 (ID: vnr_1924)...
    -> Result: Success, Cost: 758.9719
  Processing request 1926/3000 (ID: vnr_1925)...
    -> Result: Success, Cost: 1714.8918
  Processing request 1927/3000 (ID: vnr_1926)...
    -> Result: Success, Cost: 259.6803
  Processing request 1928/3000 (ID: vnr_1927)...
    -> Result: Success, Cost: 697.3545
  Processing request 1929/3000 (ID: vnr_1928)...
    -> Result: Success, Cost: 1673.4760
  Processing request 1930/3000 (ID: vnr_1929)...
    -> Result: Success, Cost: 855.5805
  Processing request 1931/3000 (ID: vnr_1930)...
    -> Result: Success, Cost: 1678.6866
  Processing request 1932/3000 (ID: vnr_1931)...
    -> Result: Success, Cost: 2005.6956
  Processing request 1933/3000 (ID: vnr_1932)...
    -> Result: Success, Cost: 2387.5397
  Processing request 1934/3000 (ID: vnr_1933)...
    -> Result: Success, Cost: 1075.1816
  Processing request 1935/3000 (ID: vnr_1934)...
    -> Result: Success, Cost: 1824.5631
  Processing request 1936/3000 (ID: vnr_1935)...
    -> Result: Success, Cost: 1358.7178
  Processing request 1937/3000 (ID: vnr_1936)...
    -> Result: Success, Cost: 1262.1035
  Processing request 1938/3000 (ID: vnr_1937)...
    -> Result: Success, Cost: 1528.2377
  Processing request 1939/3000 (ID: vnr_1938)...
    -> Result: Success, Cost: 1650.0990
  Processing request 1940/3000 (ID: vnr_1939)...
    -> Result: Success, Cost: 226.4384
  Processing request 1941/3000 (ID: vnr_1940)...
    -> Result: Success, Cost: 609.4178
  Processing request 1942/3000 (ID: vnr_1941)...
    -> Result: Failed, Cost: 0.0000
  Processing request 1943/3000 (ID: vnr_1942)...
    -> Result: Success, Cost: 981.6879
  Processing request 1944/3000 (ID: vnr_1943)...
    -> Result: Success, Cost: 1147.9223
  Processing request 1945/3000 (ID: vnr_1944)...
    -> Result: Success, Cost: 1569.8652
  Processing request 1946/3000 (ID: vnr_1945)...
    -> Result: Success, Cost: 945.2917
  Processing request 1947/3000 (ID: vnr_1946)...
    -> Result: Success, Cost: 350.5041
  Processing request 1948/3000 (ID: vnr_1947)...
    -> Result: Success, Cost: 425.2591
  Processing request 1949/3000 (ID: vnr_1948)...
    -> Result: Success, Cost: 977.0882
  Processing request 1950/3000 (ID: vnr_1949)...
    -> Result: Success, Cost: 1907.8657
  Processing request 1951/3000 (ID: vnr_1950)...
    -> Result: Success, Cost: 2052.5923
  Processing request 1952/3000 (ID: vnr_1951)...
    -> Result: Success, Cost: 283.0939
  Processing request 1953/3000 (ID: vnr_1952)...
    -> Result: Success, Cost: 70.8154
  Processing request 1954/3000 (ID: vnr_1953)...
    -> Result: Success, Cost: 1398.3510
  Processing request 1955/3000 (ID: vnr_1954)...
    -> Result: Success, Cost: 423.0481
  Processing request 1956/3000 (ID: vnr_1955)...
    -> Result: Success, Cost: 1267.8761
  Processing request 1957/3000 (ID: vnr_1956)...
    -> Result: Success, Cost: 1446.8963
  Processing request 1958/3000 (ID: vnr_1957)...
    -> Result: Failed, Cost: 0.0000
  Processing request 1959/3000 (ID: vnr_1958)...
    -> Result: Success, Cost: 1322.8866
  Processing request 1960/3000 (ID: vnr_1959)...
    -> Result: Success, Cost: 1314.9132
  Processing request 1961/3000 (ID: vnr_1960)...
    -> Result: Success, Cost: 472.9817
  Processing request 1962/3000 (ID: vnr_1961)...
    -> Result: Success, Cost: 963.9769
  Processing request 1963/3000 (ID: vnr_1962)...
    -> Result: Success, Cost: 1029.2712
  Processing request 1964/3000 (ID: vnr_1963)...
    -> Result: Success, Cost: 870.7440
  Processing request 1965/3000 (ID: vnr_1964)...
    -> Result: Success, Cost: 179.9966
  Processing request 1966/3000 (ID: vnr_1965)...
    -> Result: Success, Cost: 254.5055
  Processing request 1967/3000 (ID: vnr_1966)...
    -> Result: Success, Cost: 876.4894
  Processing request 1968/3000 (ID: vnr_1967)...
    -> Result: Success, Cost: 573.7822
  Processing request 1969/3000 (ID: vnr_1968)...
    -> Result: Success, Cost: 740.3082
  Processing request 1970/3000 (ID: vnr_1969)...
    -> Result: Success, Cost: 620.5570
  Processing request 1971/3000 (ID: vnr_1970)...
    -> Result: Success, Cost: 2140.8964
  Processing request 1972/3000 (ID: vnr_1971)...
    -> Result: Success, Cost: 196.9631
  Processing request 1973/3000 (ID: vnr_1972)...
    -> Result: Success, Cost: 333.1499
  Processing request 1974/3000 (ID: vnr_1973)...
    -> Result: Success, Cost: 455.3770
  Processing request 1975/3000 (ID: vnr_1974)...
    -> Result: Success, Cost: 325.4079
  Processing request 1976/3000 (ID: vnr_1975)...
    -> Result: Failed, Cost: 0.0000
  Processing request 1977/3000 (ID: vnr_1976)...
    -> Result: Success, Cost: 165.4750
  Processing request 1978/3000 (ID: vnr_1977)...
    -> Result: Success, Cost: 488.9394
  Processing request 1979/3000 (ID: vnr_1978)...
    -> Result: Success, Cost: 2728.1733
  Processing request 1980/3000 (ID: vnr_1979)...
    -> Result: Success, Cost: 2176.9484
  Processing request 1981/3000 (ID: vnr_1980)...
    -> Result: Success, Cost: 2040.0491
  Processing request 1982/3000 (ID: vnr_1981)...
    -> Result: Success, Cost: 1262.0206
  Processing request 1983/3000 (ID: vnr_1982)...
    -> Result: Success, Cost: 2174.6034
  Processing request 1984/3000 (ID: vnr_1983)...
    -> Result: Success, Cost: 858.6404
  Processing request 1985/3000 (ID: vnr_1984)...
    -> Result: Success, Cost: 2140.5322
  Processing request 1986/3000 (ID: vnr_1985)...
    -> Result: Success, Cost: 449.4198
  Processing request 1987/3000 (ID: vnr_1986)...
    -> Result: Success, Cost: 248.9858
  Processing request 1988/3000 (ID: vnr_1987)...
    -> Result: Success, Cost: 1941.6773
  Processing request 1989/3000 (ID: vnr_1988)...
    -> Result: Success, Cost: 1675.1747
  Processing request 1990/3000 (ID: vnr_1989)...
    -> Result: Success, Cost: 598.2953
  Processing request 1991/3000 (ID: vnr_1990)...
    -> Result: Success, Cost: 1461.1874
  Processing request 1992/3000 (ID: vnr_1991)...
    -> Result: Success, Cost: 2598.7823
  Processing request 1993/3000 (ID: vnr_1992)...
    -> Result: Success, Cost: 657.1610
  Processing request 1994/3000 (ID: vnr_1993)...
    -> Result: Success, Cost: 154.5460
  Processing request 1995/3000 (ID: vnr_1994)...
    -> Result: Success, Cost: 108.3994
  Processing request 1996/3000 (ID: vnr_1995)...
    -> Result: Success, Cost: 993.6907
  Processing request 1997/3000 (ID: vnr_1996)...
    -> Result: Success, Cost: 1277.7628
  Processing request 1998/3000 (ID: vnr_1997)...
    -> Result: Success, Cost: 1110.3867
  Processing request 1999/3000 (ID: vnr_1998)...
    -> Result: Success, Cost: 712.7016
  Processing request 2000/3000 (ID: vnr_1999)...
    -> Result: Success, Cost: 213.2671
  Processing request 2001/3000 (ID: vnr_2000)...
    -> Result: Success, Cost: 985.4591
  Processing request 2002/3000 (ID: vnr_2001)...
    -> Result: Success, Cost: 192.2175
  Processing request 2003/3000 (ID: vnr_2002)...
    -> Result: Success, Cost: 1854.2215
  Processing request 2004/3000 (ID: vnr_2003)...
    -> Result: Success, Cost: 189.5720
  Processing request 2005/3000 (ID: vnr_2004)...
    -> Result: Success, Cost: 380.5152
  Processing request 2006/3000 (ID: vnr_2005)...
    -> Result: Success, Cost: 277.2032
  Processing request 2007/3000 (ID: vnr_2006)...
    -> Result: Success, Cost: 1738.2033
  Processing request 2008/3000 (ID: vnr_2007)...
    -> Result: Success, Cost: 873.5846
  Processing request 2009/3000 (ID: vnr_2008)...
    -> Result: Success, Cost: 655.7581
  Processing request 2010/3000 (ID: vnr_2009)...
    -> Result: Success, Cost: 1048.8441
  Processing request 2011/3000 (ID: vnr_2010)...
    -> Result: Success, Cost: 1180.8601
  Processing request 2012/3000 (ID: vnr_2011)...
    -> Result: Success, Cost: 1060.8048
  Processing request 2013/3000 (ID: vnr_2012)...
    -> Result: Success, Cost: 713.5359
  Processing request 2014/3000 (ID: vnr_2013)...
    -> Result: Success, Cost: 603.1714
  Processing request 2015/3000 (ID: vnr_2014)...
    -> Result: Success, Cost: 1107.6900
  Processing request 2016/3000 (ID: vnr_2015)...
    -> Result: Success, Cost: 1991.1738
  Processing request 2017/3000 (ID: vnr_2016)...
    -> Result: Success, Cost: 255.4600
  Processing request 2018/3000 (ID: vnr_2017)...
    -> Result: Success, Cost: 631.9441
  Processing request 2019/3000 (ID: vnr_2018)...
    -> Result: Success, Cost: 2235.5528
  Processing request 2020/3000 (ID: vnr_2019)...
    -> Result: Success, Cost: 1156.0207
  Processing request 2021/3000 (ID: vnr_2020)...
    -> Result: Success, Cost: 1861.4973
  Processing request 2022/3000 (ID: vnr_2021)...
    -> Result: Success, Cost: 699.0517
  Processing request 2023/3000 (ID: vnr_2022)...
    -> Result: Success, Cost: 195.0246
  Processing request 2024/3000 (ID: vnr_2023)...
    -> Result: Success, Cost: 775.1989
  Processing request 2025/3000 (ID: vnr_2024)...
    -> Result: Success, Cost: 1433.0766
  Processing request 2026/3000 (ID: vnr_2025)...
    -> Result: Success, Cost: 378.4751
  Processing request 2027/3000 (ID: vnr_2026)...
    -> Result: Success, Cost: 237.8679
  Processing request 2028/3000 (ID: vnr_2027)...
    -> Result: Success, Cost: 245.0523
  Processing request 2029/3000 (ID: vnr_2028)...
    -> Result: Success, Cost: 1263.0166
  Processing request 2030/3000 (ID: vnr_2029)...
    -> Result: Success, Cost: 2057.2696
  Processing request 2031/3000 (ID: vnr_2030)...
    -> Result: Success, Cost: 1722.2400
  Processing request 2032/3000 (ID: vnr_2031)...
    -> Result: Success, Cost: 266.7088
  Processing request 2033/3000 (ID: vnr_2032)...
    -> Result: Success, Cost: 1536.5968
  Processing request 2034/3000 (ID: vnr_2033)...
    -> Result: Success, Cost: 1224.0714
  Processing request 2035/3000 (ID: vnr_2034)...
    -> Result: Success, Cost: 598.8957
  Processing request 2036/3000 (ID: vnr_2035)...
    -> Result: Success, Cost: 1567.3761
  Processing request 2037/3000 (ID: vnr_2036)...
    -> Result: Success, Cost: 326.5188
  Processing request 2038/3000 (ID: vnr_2037)...
    -> Result: Success, Cost: 904.0620
  Processing request 2039/3000 (ID: vnr_2038)...
    -> Result: Success, Cost: 378.8890
  Processing request 2040/3000 (ID: vnr_2039)...
    -> Result: Success, Cost: 1011.8692
  Processing request 2041/3000 (ID: vnr_2040)...
    -> Result: Success, Cost: 1816.2091
  Processing request 2042/3000 (ID: vnr_2041)...
    -> Result: Success, Cost: 749.9762
  Processing request 2043/3000 (ID: vnr_2042)...
    -> Result: Success, Cost: 324.7774
  Processing request 2044/3000 (ID: vnr_2043)...
    -> Result: Success, Cost: 1545.9920
  Processing request 2045/3000 (ID: vnr_2044)...
    -> Result: Success, Cost: 239.1120
  Processing request 2046/3000 (ID: vnr_2045)...
    -> Result: Success, Cost: 1010.9790
  Processing request 2047/3000 (ID: vnr_2046)...
    -> Result: Success, Cost: 659.0068
  Processing request 2048/3000 (ID: vnr_2047)...
    -> Result: Success, Cost: 513.6428
  Processing request 2049/3000 (ID: vnr_2048)...
    -> Result: Success, Cost: 1100.5845
  Processing request 2050/3000 (ID: vnr_2049)...
    -> Result: Success, Cost: 435.0380
  Processing request 2051/3000 (ID: vnr_2050)...
    -> Result: Success, Cost: 1293.6266
  Processing request 2052/3000 (ID: vnr_2051)...
    -> Result: Success, Cost: 137.5084
  Processing request 2053/3000 (ID: vnr_2052)...
    -> Result: Success, Cost: 84.0760
  Processing request 2054/3000 (ID: vnr_2053)...
    -> Result: Success, Cost: 634.0192
  Processing request 2055/3000 (ID: vnr_2054)...
    -> Result: Success, Cost: 1969.9513
  Processing request 2056/3000 (ID: vnr_2055)...
    -> Result: Success, Cost: 1417.3605
  Processing request 2057/3000 (ID: vnr_2056)...
    -> Result: Success, Cost: 970.3837
  Processing request 2058/3000 (ID: vnr_2057)...
    -> Result: Success, Cost: 366.5336
  Processing request 2059/3000 (ID: vnr_2058)...
    -> Result: Success, Cost: 778.4482
  Processing request 2060/3000 (ID: vnr_2059)...
    -> Result: Success, Cost: 1090.3022
  Processing request 2061/3000 (ID: vnr_2060)...
    -> Result: Success, Cost: 1377.7623
  Processing request 2062/3000 (ID: vnr_2061)...
    -> Result: Success, Cost: 1233.6435
  Processing request 2063/3000 (ID: vnr_2062)...
    -> Result: Success, Cost: 2057.1247
  Processing request 2064/3000 (ID: vnr_2063)...
    -> Result: Success, Cost: 2245.0292
  Processing request 2065/3000 (ID: vnr_2064)...
    -> Result: Success, Cost: 630.5972
  Processing request 2066/3000 (ID: vnr_2065)...
    -> Result: Success, Cost: 2567.6215
  Processing request 2067/3000 (ID: vnr_2066)...
    -> Result: Success, Cost: 582.7032
  Processing request 2068/3000 (ID: vnr_2067)...
    -> Result: Success, Cost: 643.4677
  Processing request 2069/3000 (ID: vnr_2068)...
    -> Result: Success, Cost: 449.3506
  Processing request 2070/3000 (ID: vnr_2069)...
    -> Result: Success, Cost: 1210.1838
  Processing request 2071/3000 (ID: vnr_2070)...
    -> Result: Success, Cost: 1014.3387
  Processing request 2072/3000 (ID: vnr_2071)...
    -> Result: Success, Cost: 1146.7413
  Processing request 2073/3000 (ID: vnr_2072)...
    -> Result: Success, Cost: 1974.3805
  Processing request 2074/3000 (ID: vnr_2073)...
    -> Result: Success, Cost: 615.8204
  Processing request 2075/3000 (ID: vnr_2074)...
    -> Result: Success, Cost: 2406.1528
  Processing request 2076/3000 (ID: vnr_2075)...
    -> Result: Success, Cost: 958.3467
  Processing request 2077/3000 (ID: vnr_2076)...
    -> Result: Success, Cost: 1465.1370
  Processing request 2078/3000 (ID: vnr_2077)...
    -> Result: Success, Cost: 181.5263
  Processing request 2079/3000 (ID: vnr_2078)...
    -> Result: Success, Cost: 272.3686
  Processing request 2080/3000 (ID: vnr_2079)...
    -> Result: Success, Cost: 988.2245
  Processing request 2081/3000 (ID: vnr_2080)...
    -> Result: Success, Cost: 361.8622
  Processing request 2082/3000 (ID: vnr_2081)...
    -> Result: Success, Cost: 1107.8506
  Processing request 2083/3000 (ID: vnr_2082)...
    -> Result: Success, Cost: 232.5677
  Processing request 2084/3000 (ID: vnr_2083)...
    -> Result: Success, Cost: 589.2951
  Processing request 2085/3000 (ID: vnr_2084)...
    -> Result: Success, Cost: 2924.0697
  Processing request 2086/3000 (ID: vnr_2085)...
    -> Result: Success, Cost: 2096.4425
  Processing request 2087/3000 (ID: vnr_2086)...
    -> Result: Success, Cost: 168.8364
  Processing request 2088/3000 (ID: vnr_2087)...
    -> Result: Success, Cost: 1281.4082
  Processing request 2089/3000 (ID: vnr_2088)...
    -> Result: Success, Cost: 912.6038
  Processing request 2090/3000 (ID: vnr_2089)...
    -> Result: Success, Cost: 181.6049
  Processing request 2091/3000 (ID: vnr_2090)...
    -> Result: Success, Cost: 99.6040
  Processing request 2092/3000 (ID: vnr_2091)...
    -> Result: Success, Cost: 198.0756
  Processing request 2093/3000 (ID: vnr_2092)...
    -> Result: Success, Cost: 303.5530
  Processing request 2094/3000 (ID: vnr_2093)...
    -> Result: Success, Cost: 124.6345
  Processing request 2095/3000 (ID: vnr_2094)...
    -> Result: Success, Cost: 721.6295
  Processing request 2096/3000 (ID: vnr_2095)...
    -> Result: Success, Cost: 1641.3879
  Processing request 2097/3000 (ID: vnr_2096)...
    -> Result: Success, Cost: 605.6150
  Processing request 2098/3000 (ID: vnr_2097)...
    -> Result: Success, Cost: 2200.8898
  Processing request 2099/3000 (ID: vnr_2098)...
    -> Result: Success, Cost: 1378.1589
  Processing request 2100/3000 (ID: vnr_2099)...
    -> Result: Success, Cost: 1760.6365
  Processing request 2101/3000 (ID: vnr_2100)...
    -> Result: Success, Cost: 1740.3017
  Processing request 2102/3000 (ID: vnr_2101)...
    -> Result: Success, Cost: 2659.8270
  Processing request 2103/3000 (ID: vnr_2102)...
    -> Result: Success, Cost: 1747.5646
  Processing request 2104/3000 (ID: vnr_2103)...
    -> Result: Success, Cost: 372.1836
  Processing request 2105/3000 (ID: vnr_2104)...
    -> Result: Success, Cost: 518.1184
  Processing request 2106/3000 (ID: vnr_2105)...
    -> Result: Success, Cost: 583.8796
  Processing request 2107/3000 (ID: vnr_2106)...
    -> Result: Success, Cost: 1160.9356
  Processing request 2108/3000 (ID: vnr_2107)...
    -> Result: Success, Cost: 656.1569
  Processing request 2109/3000 (ID: vnr_2108)...
    -> Result: Success, Cost: 1629.2728
  Processing request 2110/3000 (ID: vnr_2109)...
    -> Result: Success, Cost: 1096.5848
  Processing request 2111/3000 (ID: vnr_2110)...
    -> Result: Success, Cost: 2056.8560
  Processing request 2112/3000 (ID: vnr_2111)...
    -> Result: Success, Cost: 236.0665
  Processing request 2113/3000 (ID: vnr_2112)...
    -> Result: Success, Cost: 717.1493
  Processing request 2114/3000 (ID: vnr_2113)...
    -> Result: Success, Cost: 1552.1212
  Processing request 2115/3000 (ID: vnr_2114)...
    -> Result: Success, Cost: 1436.0690
  Processing request 2116/3000 (ID: vnr_2115)...
    -> Result: Success, Cost: 1135.1995
  Processing request 2117/3000 (ID: vnr_2116)...
    -> Result: Success, Cost: 284.8443
  Processing request 2118/3000 (ID: vnr_2117)...
    -> Result: Success, Cost: 119.3048
  Processing request 2119/3000 (ID: vnr_2118)...
    -> Result: Success, Cost: 457.4283
  Processing request 2120/3000 (ID: vnr_2119)...
    -> Result: Success, Cost: 1485.9542
  Processing request 2121/3000 (ID: vnr_2120)...
    -> Result: Success, Cost: 770.2312
  Processing request 2122/3000 (ID: vnr_2121)...
    -> Result: Success, Cost: 1419.5092
  Processing request 2123/3000 (ID: vnr_2122)...
    -> Result: Success, Cost: 204.2235
  Processing request 2124/3000 (ID: vnr_2123)...
    -> Result: Success, Cost: 941.3988
  Processing request 2125/3000 (ID: vnr_2124)...
    -> Result: Success, Cost: 903.9168
  Processing request 2126/3000 (ID: vnr_2125)...
    -> Result: Success, Cost: 1425.9796
  Processing request 2127/3000 (ID: vnr_2126)...
    -> Result: Success, Cost: 528.0539
  Processing request 2128/3000 (ID: vnr_2127)...
    -> Result: Success, Cost: 1311.8759
  Processing request 2129/3000 (ID: vnr_2128)...
    -> Result: Success, Cost: 281.7497
  Processing request 2130/3000 (ID: vnr_2129)...
    -> Result: Success, Cost: 1157.4750
  Processing request 2131/3000 (ID: vnr_2130)...
    -> Result: Success, Cost: 504.2339
  Processing request 2132/3000 (ID: vnr_2131)...
    -> Result: Success, Cost: 559.4934
  Processing request 2133/3000 (ID: vnr_2132)...
    -> Result: Success, Cost: 361.7288
  Processing request 2134/3000 (ID: vnr_2133)...
    -> Result: Success, Cost: 1578.2149
  Processing request 2135/3000 (ID: vnr_2134)...
    -> Result: Success, Cost: 2185.4902
  Processing request 2136/3000 (ID: vnr_2135)...
    -> Result: Success, Cost: 883.2449
  Processing request 2137/3000 (ID: vnr_2136)...
    -> Result: Success, Cost: 827.3320
  Processing request 2138/3000 (ID: vnr_2137)...
    -> Result: Success, Cost: 213.3450
  Processing request 2139/3000 (ID: vnr_2138)...
    -> Result: Success, Cost: 1758.6670
  Processing request 2140/3000 (ID: vnr_2139)...
    -> Result: Success, Cost: 189.0799
  Processing request 2141/3000 (ID: vnr_2140)...
    -> Result: Success, Cost: 1874.8904
  Processing request 2142/3000 (ID: vnr_2141)...
    -> Result: Success, Cost: 418.4002
  Processing request 2143/3000 (ID: vnr_2142)...
    -> Result: Success, Cost: 1841.3710
  Processing request 2144/3000 (ID: vnr_2143)...
    -> Result: Success, Cost: 222.0437
  Processing request 2145/3000 (ID: vnr_2144)...
    -> Result: Success, Cost: 1808.9287
  Processing request 2146/3000 (ID: vnr_2145)...
    -> Result: Success, Cost: 2390.2175
  Processing request 2147/3000 (ID: vnr_2146)...
    -> Result: Success, Cost: 469.4648
  Processing request 2148/3000 (ID: vnr_2147)...
    -> Result: Success, Cost: 1100.0216
  Processing request 2149/3000 (ID: vnr_2148)...
    -> Result: Success, Cost: 634.5203
  Processing request 2150/3000 (ID: vnr_2149)...
    -> Result: Success, Cost: 183.4985
  Processing request 2151/3000 (ID: vnr_2150)...
    -> Result: Success, Cost: 2916.5916
  Processing request 2152/3000 (ID: vnr_2151)...
    -> Result: Success, Cost: 1567.6800
  Processing request 2153/3000 (ID: vnr_2152)...
    -> Result: Success, Cost: 2074.2449
  Processing request 2154/3000 (ID: vnr_2153)...
    -> Result: Success, Cost: 451.6380
  Processing request 2155/3000 (ID: vnr_2154)...
    -> Result: Success, Cost: 1516.2824
  Processing request 2156/3000 (ID: vnr_2155)...
    -> Result: Success, Cost: 137.9708
  Processing request 2157/3000 (ID: vnr_2156)...
    -> Result: Success, Cost: 714.0016
  Processing request 2158/3000 (ID: vnr_2157)...
    -> Result: Success, Cost: 718.8364
  Processing request 2159/3000 (ID: vnr_2158)...
    -> Result: Success, Cost: 465.1438
  Processing request 2160/3000 (ID: vnr_2159)...
    -> Result: Success, Cost: 310.3333
  Processing request 2161/3000 (ID: vnr_2160)...
    -> Result: Success, Cost: 389.7953
  Processing request 2162/3000 (ID: vnr_2161)...
    -> Result: Success, Cost: 562.0294
  Processing request 2163/3000 (ID: vnr_2162)...
    -> Result: Success, Cost: 544.8823
  Processing request 2164/3000 (ID: vnr_2163)...
    -> Result: Success, Cost: 1561.0020
  Processing request 2165/3000 (ID: vnr_2164)...
    -> Result: Success, Cost: 250.6255
  Processing request 2166/3000 (ID: vnr_2165)...
    -> Result: Success, Cost: 1067.5520
  Processing request 2167/3000 (ID: vnr_2166)...
    -> Result: Success, Cost: 1377.1136
  Processing request 2168/3000 (ID: vnr_2167)...
    -> Result: Success, Cost: 268.2232
  Processing request 2169/3000 (ID: vnr_2168)...
    -> Result: Success, Cost: 779.9759
  Processing request 2170/3000 (ID: vnr_2169)...
    -> Result: Success, Cost: 1209.2760
  Processing request 2171/3000 (ID: vnr_2170)...
    -> Result: Success, Cost: 2309.6458
  Processing request 2172/3000 (ID: vnr_2171)...
    -> Result: Success, Cost: 922.3167
  Processing request 2173/3000 (ID: vnr_2172)...
    -> Result: Success, Cost: 432.9228
  Processing request 2174/3000 (ID: vnr_2173)...
    -> Result: Success, Cost: 1481.2684
  Processing request 2175/3000 (ID: vnr_2174)...
    -> Result: Success, Cost: 1804.3374
  Processing request 2176/3000 (ID: vnr_2175)...
    -> Result: Success, Cost: 449.6083
  Processing request 2177/3000 (ID: vnr_2176)...
    -> Result: Success, Cost: 200.3895
  Processing request 2178/3000 (ID: vnr_2177)...
    -> Result: Success, Cost: 194.2837
  Processing request 2179/3000 (ID: vnr_2178)...
    -> Result: Success, Cost: 197.4801
  Processing request 2180/3000 (ID: vnr_2179)...
    -> Result: Success, Cost: 506.3660
  Processing request 2181/3000 (ID: vnr_2180)...
    -> Result: Success, Cost: 933.0811
  Processing request 2182/3000 (ID: vnr_2181)...
    -> Result: Success, Cost: 498.1648
  Processing request 2183/3000 (ID: vnr_2182)...
    -> Result: Success, Cost: 233.0342
  Processing request 2184/3000 (ID: vnr_2183)...
    -> Result: Success, Cost: 1320.2607
  Processing request 2185/3000 (ID: vnr_2184)...
    -> Result: Success, Cost: 375.0440
  Processing request 2186/3000 (ID: vnr_2185)...
    -> Result: Success, Cost: 720.6574
  Processing request 2187/3000 (ID: vnr_2186)...
    -> Result: Success, Cost: 158.2675
  Processing request 2188/3000 (ID: vnr_2187)...
    -> Result: Success, Cost: 1523.0800
  Processing request 2189/3000 (ID: vnr_2188)...
    -> Result: Success, Cost: 195.2423
  Processing request 2190/3000 (ID: vnr_2189)...
    -> Result: Success, Cost: 427.4844
  Processing request 2191/3000 (ID: vnr_2190)...
    -> Result: Success, Cost: 1779.5808
  Processing request 2192/3000 (ID: vnr_2191)...
    -> Result: Success, Cost: 1370.2998
  Processing request 2193/3000 (ID: vnr_2192)...
    -> Result: Success, Cost: 1097.4181
  Processing request 2194/3000 (ID: vnr_2193)...
    -> Result: Success, Cost: 156.8368
  Processing request 2195/3000 (ID: vnr_2194)...
    -> Result: Success, Cost: 682.6412
  Processing request 2196/3000 (ID: vnr_2195)...
    -> Result: Success, Cost: 1922.4987
  Processing request 2197/3000 (ID: vnr_2196)...
    -> Result: Success, Cost: 1302.4849
  Processing request 2198/3000 (ID: vnr_2197)...
    -> Result: Success, Cost: 745.9312
  Processing request 2199/3000 (ID: vnr_2198)...
    -> Result: Success, Cost: 442.3809
  Processing request 2200/3000 (ID: vnr_2199)...
    -> Result: Success, Cost: 156.9368
  Processing request 2201/3000 (ID: vnr_2200)...
    -> Result: Success, Cost: 849.8510
  Processing request 2202/3000 (ID: vnr_2201)...
    -> Result: Success, Cost: 590.2092
  Processing request 2203/3000 (ID: vnr_2202)...
    -> Result: Success, Cost: 1961.3847
  Processing request 2204/3000 (ID: vnr_2203)...
    -> Result: Success, Cost: 1193.2672
  Processing request 2205/3000 (ID: vnr_2204)...
    -> Result: Success, Cost: 537.1741
  Processing request 2206/3000 (ID: vnr_2205)...
    -> Result: Success, Cost: 142.5984
  Processing request 2207/3000 (ID: vnr_2206)...
    -> Result: Success, Cost: 656.1378
  Processing request 2208/3000 (ID: vnr_2207)...
    -> Result: Success, Cost: 145.9240
  Processing request 2209/3000 (ID: vnr_2208)...
    -> Result: Success, Cost: 2205.2080
  Processing request 2210/3000 (ID: vnr_2209)...
    -> Result: Success, Cost: 1982.0406
  Processing request 2211/3000 (ID: vnr_2210)...
    -> Result: Success, Cost: 2502.0489
  Processing request 2212/3000 (ID: vnr_2211)...
    -> Result: Success, Cost: 1561.4964
  Processing request 2213/3000 (ID: vnr_2212)...
    -> Result: Success, Cost: 928.2709
  Processing request 2214/3000 (ID: vnr_2213)...
    -> Result: Success, Cost: 2008.6166
  Processing request 2215/3000 (ID: vnr_2214)...
    -> Result: Success, Cost: 155.0915
  Processing request 2216/3000 (ID: vnr_2215)...
    -> Result: Success, Cost: 1662.2214
  Processing request 2217/3000 (ID: vnr_2216)...
    -> Result: Success, Cost: 322.3652
  Processing request 2218/3000 (ID: vnr_2217)...
    -> Result: Success, Cost: 1340.7645
  Processing request 2219/3000 (ID: vnr_2218)...
    -> Result: Success, Cost: 621.3248
  Processing request 2220/3000 (ID: vnr_2219)...
    -> Result: Success, Cost: 1664.9366
  Processing request 2221/3000 (ID: vnr_2220)...
    -> Result: Success, Cost: 2092.6102
  Processing request 2222/3000 (ID: vnr_2221)...
    -> Result: Success, Cost: 1115.6258
  Processing request 2223/3000 (ID: vnr_2222)...
    -> Result: Success, Cost: 262.3775
  Processing request 2224/3000 (ID: vnr_2223)...
    -> Result: Success, Cost: 766.2020
  Processing request 2225/3000 (ID: vnr_2224)...
    -> Result: Success, Cost: 1543.3251
  Processing request 2226/3000 (ID: vnr_2225)...
    -> Result: Success, Cost: 730.8606
  Processing request 2227/3000 (ID: vnr_2226)...
    -> Result: Success, Cost: 1191.9933
  Processing request 2228/3000 (ID: vnr_2227)...
    -> Result: Success, Cost: 287.7132
  Processing request 2229/3000 (ID: vnr_2228)...
    -> Result: Success, Cost: 938.2602
  Processing request 2230/3000 (ID: vnr_2229)...
    -> Result: Success, Cost: 389.5053
  Processing request 2231/3000 (ID: vnr_2230)...
    -> Result: Success, Cost: 958.0900
  Processing request 2232/3000 (ID: vnr_2231)...
    -> Result: Success, Cost: 2451.8157
  Processing request 2233/3000 (ID: vnr_2232)...
    -> Result: Success, Cost: 1901.2958
  Processing request 2234/3000 (ID: vnr_2233)...
    -> Result: Success, Cost: 979.5542
  Processing request 2235/3000 (ID: vnr_2234)...
    -> Result: Success, Cost: 489.3223
  Processing request 2236/3000 (ID: vnr_2235)...
    -> Result: Success, Cost: 2289.5611
  Processing request 2237/3000 (ID: vnr_2236)...
    -> Result: Success, Cost: 307.2996
  Processing request 2238/3000 (ID: vnr_2237)...
    -> Result: Success, Cost: 816.2111
  Processing request 2239/3000 (ID: vnr_2238)...
    -> Result: Success, Cost: 458.5042
  Processing request 2240/3000 (ID: vnr_2239)...
    -> Result: Success, Cost: 187.4012
  Processing request 2241/3000 (ID: vnr_2240)...
    -> Result: Success, Cost: 1029.0540
  Processing request 2242/3000 (ID: vnr_2241)...
    -> Result: Success, Cost: 1940.1145
  Processing request 2243/3000 (ID: vnr_2242)...
    -> Result: Success, Cost: 560.2901
  Processing request 2244/3000 (ID: vnr_2243)...
    -> Result: Success, Cost: 1246.1891
  Processing request 2245/3000 (ID: vnr_2244)...
    -> Result: Success, Cost: 1070.9398
  Processing request 2246/3000 (ID: vnr_2245)...
    -> Result: Success, Cost: 771.5276
  Processing request 2247/3000 (ID: vnr_2246)...
    -> Result: Success, Cost: 1807.3301
  Processing request 2248/3000 (ID: vnr_2247)...
    -> Result: Success, Cost: 1492.9713
  Processing request 2249/3000 (ID: vnr_2248)...
    -> Result: Success, Cost: 1523.3164
  Processing request 2250/3000 (ID: vnr_2249)...
    -> Result: Success, Cost: 107.5968
  Processing request 2251/3000 (ID: vnr_2250)...
    -> Result: Success, Cost: 2350.4722
  Processing request 2252/3000 (ID: vnr_2251)...
    -> Result: Success, Cost: 2866.6874
  Processing request 2253/3000 (ID: vnr_2252)...
    -> Result: Success, Cost: 2356.7081
  Processing request 2254/3000 (ID: vnr_2253)...
    -> Result: Success, Cost: 1262.4533
  Processing request 2255/3000 (ID: vnr_2254)...
    -> Result: Success, Cost: 481.9541
  Processing request 2256/3000 (ID: vnr_2255)...
    -> Result: Success, Cost: 660.9436
  Processing request 2257/3000 (ID: vnr_2256)...
    -> Result: Success, Cost: 1742.2604
  Processing request 2258/3000 (ID: vnr_2257)...
    -> Result: Success, Cost: 1763.4590
  Processing request 2259/3000 (ID: vnr_2258)...
    -> Result: Success, Cost: 1404.7796
  Processing request 2260/3000 (ID: vnr_2259)...
    -> Result: Success, Cost: 1916.7651
  Processing request 2261/3000 (ID: vnr_2260)...
    -> Result: Success, Cost: 112.2853
  Processing request 2262/3000 (ID: vnr_2261)...
    -> Result: Success, Cost: 145.0625
  Processing request 2263/3000 (ID: vnr_2262)...
    -> Result: Success, Cost: 738.4081
  Processing request 2264/3000 (ID: vnr_2263)...
    -> Result: Success, Cost: 821.2124
  Processing request 2265/3000 (ID: vnr_2264)...
    -> Result: Success, Cost: 749.7858
  Processing request 2266/3000 (ID: vnr_2265)...
    -> Result: Success, Cost: 1291.9254
  Processing request 2267/3000 (ID: vnr_2266)...
    -> Result: Success, Cost: 332.6596
  Processing request 2268/3000 (ID: vnr_2267)...
    -> Result: Success, Cost: 2107.0280
  Processing request 2269/3000 (ID: vnr_2268)...
    -> Result: Success, Cost: 2282.1709
  Processing request 2270/3000 (ID: vnr_2269)...
    -> Result: Success, Cost: 2201.4967
  Processing request 2271/3000 (ID: vnr_2270)...
    -> Result: Success, Cost: 2569.4296
  Processing request 2272/3000 (ID: vnr_2271)...
    -> Result: Success, Cost: 801.2399
  Processing request 2273/3000 (ID: vnr_2272)...
    -> Result: Success, Cost: 2380.7999
  Processing request 2274/3000 (ID: vnr_2273)...
    -> Result: Success, Cost: 765.7690
  Processing request 2275/3000 (ID: vnr_2274)...
    -> Result: Success, Cost: 844.7284
  Processing request 2276/3000 (ID: vnr_2275)...
    -> Result: Success, Cost: 112.0284
  Processing request 2277/3000 (ID: vnr_2276)...
    -> Result: Success, Cost: 158.6740
  Processing request 2278/3000 (ID: vnr_2277)...
    -> Result: Success, Cost: 109.7794
  Processing request 2279/3000 (ID: vnr_2278)...
    -> Result: Success, Cost: 862.7019
  Processing request 2280/3000 (ID: vnr_2279)...
    -> Result: Success, Cost: 1237.4379
  Processing request 2281/3000 (ID: vnr_2280)...
    -> Result: Success, Cost: 1253.4051
  Processing request 2282/3000 (ID: vnr_2281)...
    -> Result: Success, Cost: 824.0284
  Processing request 2283/3000 (ID: vnr_2282)...
    -> Result: Success, Cost: 678.7898
  Processing request 2284/3000 (ID: vnr_2283)...
    -> Result: Success, Cost: 623.8717
  Processing request 2285/3000 (ID: vnr_2284)...
    -> Result: Success, Cost: 1978.1128
  Processing request 2286/3000 (ID: vnr_2285)...
    -> Result: Success, Cost: 1442.8296
  Processing request 2287/3000 (ID: vnr_2286)...
    -> Result: Success, Cost: 475.8207
  Processing request 2288/3000 (ID: vnr_2287)...
    -> Result: Success, Cost: 1811.6675
  Processing request 2289/3000 (ID: vnr_2288)...
    -> Result: Success, Cost: 302.9986
  Processing request 2290/3000 (ID: vnr_2289)...
    -> Result: Success, Cost: 2379.2250
  Processing request 2291/3000 (ID: vnr_2290)...
    -> Result: Success, Cost: 443.0404
  Processing request 2292/3000 (ID: vnr_2291)...
    -> Result: Success, Cost: 760.9546
  Processing request 2293/3000 (ID: vnr_2292)...
    -> Result: Success, Cost: 1079.2466
  Processing request 2294/3000 (ID: vnr_2293)...
    -> Result: Success, Cost: 2204.8927
  Processing request 2295/3000 (ID: vnr_2294)...
    -> Result: Success, Cost: 1546.3512
  Processing request 2296/3000 (ID: vnr_2295)...
    -> Result: Success, Cost: 1601.2255
  Processing request 2297/3000 (ID: vnr_2296)...
    -> Result: Success, Cost: 1933.5765
  Processing request 2298/3000 (ID: vnr_2297)...
    -> Result: Success, Cost: 234.4224
  Processing request 2299/3000 (ID: vnr_2298)...
    -> Result: Success, Cost: 238.1974
  Processing request 2300/3000 (ID: vnr_2299)...
    -> Result: Success, Cost: 2264.5873
  Processing request 2301/3000 (ID: vnr_2300)...
    -> Result: Success, Cost: 273.7464
  Processing request 2302/3000 (ID: vnr_2301)...
    -> Result: Success, Cost: 2401.0540
  Processing request 2303/3000 (ID: vnr_2302)...
    -> Result: Success, Cost: 712.9636
  Processing request 2304/3000 (ID: vnr_2303)...
    -> Result: Success, Cost: 310.7960
  Processing request 2305/3000 (ID: vnr_2304)...
    -> Result: Success, Cost: 161.0774
  Processing request 2306/3000 (ID: vnr_2305)...
    -> Result: Success, Cost: 1389.0657
  Processing request 2307/3000 (ID: vnr_2306)...
    -> Result: Success, Cost: 558.3045
  Processing request 2308/3000 (ID: vnr_2307)...
    -> Result: Success, Cost: 1181.7193
  Processing request 2309/3000 (ID: vnr_2308)...
    -> Result: Success, Cost: 2098.2336
  Processing request 2310/3000 (ID: vnr_2309)...
    -> Result: Success, Cost: 797.6000
  Processing request 2311/3000 (ID: vnr_2310)...
    -> Result: Success, Cost: 868.1832
  Processing request 2312/3000 (ID: vnr_2311)...
    -> Result: Success, Cost: 1868.6972
  Processing request 2313/3000 (ID: vnr_2312)...
    -> Result: Success, Cost: 180.3941
  Processing request 2314/3000 (ID: vnr_2313)...
    -> Result: Success, Cost: 382.3824
  Processing request 2315/3000 (ID: vnr_2314)...
    -> Result: Success, Cost: 1686.8776
  Processing request 2316/3000 (ID: vnr_2315)...
    -> Result: Success, Cost: 1721.0302
  Processing request 2317/3000 (ID: vnr_2316)...
    -> Result: Success, Cost: 237.2935
  Processing request 2318/3000 (ID: vnr_2317)...
    -> Result: Success, Cost: 1135.7997
  Processing request 2319/3000 (ID: vnr_2318)...
    -> Result: Success, Cost: 558.5719
  Processing request 2320/3000 (ID: vnr_2319)...
    -> Result: Success, Cost: 474.6308
  Processing request 2321/3000 (ID: vnr_2320)...
    -> Result: Success, Cost: 1847.9914
  Processing request 2322/3000 (ID: vnr_2321)...
    -> Result: Success, Cost: 1714.5395
  Processing request 2323/3000 (ID: vnr_2322)...
    -> Result: Success, Cost: 739.2790
  Processing request 2324/3000 (ID: vnr_2323)...
    -> Result: Success, Cost: 214.5181
  Processing request 2325/3000 (ID: vnr_2324)...
    -> Result: Success, Cost: 416.3557
  Processing request 2326/3000 (ID: vnr_2325)...
    -> Result: Success, Cost: 1421.5642
  Processing request 2327/3000 (ID: vnr_2326)...
    -> Result: Success, Cost: 810.8979
  Processing request 2328/3000 (ID: vnr_2327)...
    -> Result: Success, Cost: 2371.3236
  Processing request 2329/3000 (ID: vnr_2328)...
    -> Result: Success, Cost: 2276.5128
  Processing request 2330/3000 (ID: vnr_2329)...
    -> Result: Success, Cost: 2136.2386
  Processing request 2331/3000 (ID: vnr_2330)...
    -> Result: Success, Cost: 191.8083
  Processing request 2332/3000 (ID: vnr_2331)...
    -> Result: Success, Cost: 1188.2570
  Processing request 2333/3000 (ID: vnr_2332)...
    -> Result: Success, Cost: 312.6891
  Processing request 2334/3000 (ID: vnr_2333)...
    -> Result: Success, Cost: 2588.4254
  Processing request 2335/3000 (ID: vnr_2334)...
    -> Result: Success, Cost: 838.0210
  Processing request 2336/3000 (ID: vnr_2335)...
    -> Result: Success, Cost: 1747.1661
  Processing request 2337/3000 (ID: vnr_2336)...
    -> Result: Success, Cost: 1567.3038
  Processing request 2338/3000 (ID: vnr_2337)...
    -> Result: Success, Cost: 808.1352
  Processing request 2339/3000 (ID: vnr_2338)...
    -> Result: Success, Cost: 1431.8237
  Processing request 2340/3000 (ID: vnr_2339)...
    -> Result: Success, Cost: 826.7267
  Processing request 2341/3000 (ID: vnr_2340)...
    -> Result: Success, Cost: 305.3395
  Processing request 2342/3000 (ID: vnr_2341)...
    -> Result: Success, Cost: 1714.5969
  Processing request 2343/3000 (ID: vnr_2342)...
    -> Result: Failed, Cost: 0.0000
  Processing request 2344/3000 (ID: vnr_2343)...
    -> Result: Success, Cost: 2488.2497
  Processing request 2345/3000 (ID: vnr_2344)...
    -> Result: Success, Cost: 311.4048
  Processing request 2346/3000 (ID: vnr_2345)...
    -> Result: Success, Cost: 2562.3636
  Processing request 2347/3000 (ID: vnr_2346)...
    -> Result: Success, Cost: 619.6748
  Processing request 2348/3000 (ID: vnr_2347)...
    -> Result: Success, Cost: 1719.9557
  Processing request 2349/3000 (ID: vnr_2348)...
    -> Result: Success, Cost: 2366.3187
  Processing request 2350/3000 (ID: vnr_2349)...
    -> Result: Success, Cost: 1035.6101
  Processing request 2351/3000 (ID: vnr_2350)...
    -> Result: Success, Cost: 226.2975
  Processing request 2352/3000 (ID: vnr_2351)...
    -> Result: Success, Cost: 429.5920
  Processing request 2353/3000 (ID: vnr_2352)...
    -> Result: Success, Cost: 847.8073
  Processing request 2354/3000 (ID: vnr_2353)...
    -> Result: Success, Cost: 737.9948
  Processing request 2355/3000 (ID: vnr_2354)...
    -> Result: Success, Cost: 349.7805
  Processing request 2356/3000 (ID: vnr_2355)...
    -> Result: Success, Cost: 182.7621
  Processing request 2357/3000 (ID: vnr_2356)...
    -> Result: Success, Cost: 468.6932
  Processing request 2358/3000 (ID: vnr_2357)...
    -> Result: Success, Cost: 542.8892
  Processing request 2359/3000 (ID: vnr_2358)...
    -> Result: Success, Cost: 461.5900
  Processing request 2360/3000 (ID: vnr_2359)...
    -> Result: Success, Cost: 1591.4830
  Processing request 2361/3000 (ID: vnr_2360)...
    -> Result: Success, Cost: 1058.5494
  Processing request 2362/3000 (ID: vnr_2361)...
    -> Result: Success, Cost: 1279.6699
  Processing request 2363/3000 (ID: vnr_2362)...
    -> Result: Success, Cost: 627.8839
  Processing request 2364/3000 (ID: vnr_2363)...
    -> Result: Success, Cost: 884.5032
  Processing request 2365/3000 (ID: vnr_2364)...
    -> Result: Success, Cost: 1082.6446
  Processing request 2366/3000 (ID: vnr_2365)...
    -> Result: Success, Cost: 583.3430
  Processing request 2367/3000 (ID: vnr_2366)...
    -> Result: Success, Cost: 1965.5114
  Processing request 2368/3000 (ID: vnr_2367)...
    -> Result: Success, Cost: 202.8151
  Processing request 2369/3000 (ID: vnr_2368)...
    -> Result: Success, Cost: 256.3831
  Processing request 2370/3000 (ID: vnr_2369)...
    -> Result: Success, Cost: 1413.1618
  Processing request 2371/3000 (ID: vnr_2370)...
    -> Result: Success, Cost: 2455.3696
  Processing request 2372/3000 (ID: vnr_2371)...
    -> Result: Success, Cost: 581.0887
  Processing request 2373/3000 (ID: vnr_2372)...
    -> Result: Success, Cost: 722.2881
  Processing request 2374/3000 (ID: vnr_2373)...
    -> Result: Success, Cost: 1126.2595
  Processing request 2375/3000 (ID: vnr_2374)...
    -> Result: Success, Cost: 356.1746
  Processing request 2376/3000 (ID: vnr_2375)...
    -> Result: Success, Cost: 990.9008
  Processing request 2377/3000 (ID: vnr_2376)...
    -> Result: Success, Cost: 744.9601
  Processing request 2378/3000 (ID: vnr_2377)...
    -> Result: Success, Cost: 1831.9065
  Processing request 2379/3000 (ID: vnr_2378)...
    -> Result: Success, Cost: 2055.6077
  Processing request 2380/3000 (ID: vnr_2379)...
    -> Result: Success, Cost: 1534.8574
  Processing request 2381/3000 (ID: vnr_2380)...
    -> Result: Success, Cost: 1433.4230
  Processing request 2382/3000 (ID: vnr_2381)...
    -> Result: Success, Cost: 1261.4641
  Processing request 2383/3000 (ID: vnr_2382)...
    -> Result: Success, Cost: 1663.5324
  Processing request 2384/3000 (ID: vnr_2383)...
    -> Result: Success, Cost: 202.4679
  Processing request 2385/3000 (ID: vnr_2384)...
    -> Result: Success, Cost: 2704.5724
  Processing request 2386/3000 (ID: vnr_2385)...
    -> Result: Success, Cost: 518.4738
  Processing request 2387/3000 (ID: vnr_2386)...
    -> Result: Success, Cost: 694.0965
  Processing request 2388/3000 (ID: vnr_2387)...
    -> Result: Success, Cost: 114.3110
  Processing request 2389/3000 (ID: vnr_2388)...
    -> Result: Success, Cost: 1031.5270
  Processing request 2390/3000 (ID: vnr_2389)...
    -> Result: Success, Cost: 1082.2210
  Processing request 2391/3000 (ID: vnr_2390)...
    -> Result: Success, Cost: 491.3157
  Processing request 2392/3000 (ID: vnr_2391)...
    -> Result: Success, Cost: 1348.7172
  Processing request 2393/3000 (ID: vnr_2392)...
    -> Result: Success, Cost: 1680.8441
  Processing request 2394/3000 (ID: vnr_2393)...
    -> Result: Success, Cost: 125.4935
  Processing request 2395/3000 (ID: vnr_2394)...
    -> Result: Success, Cost: 162.4070
  Processing request 2396/3000 (ID: vnr_2395)...
    -> Result: Success, Cost: 320.5179
  Processing request 2397/3000 (ID: vnr_2396)...
    -> Result: Success, Cost: 184.0028
  Processing request 2398/3000 (ID: vnr_2397)...
    -> Result: Success, Cost: 727.2963
  Processing request 2399/3000 (ID: vnr_2398)...
    -> Result: Success, Cost: 2124.4960
  Processing request 2400/3000 (ID: vnr_2399)...
    -> Result: Success, Cost: 1394.9856
  Processing request 2401/3000 (ID: vnr_2400)...
    -> Result: Success, Cost: 298.0090
  Processing request 2402/3000 (ID: vnr_2401)...
    -> Result: Success, Cost: 1322.4269
  Processing request 2403/3000 (ID: vnr_2402)...
    -> Result: Success, Cost: 1004.1143
  Processing request 2404/3000 (ID: vnr_2403)...
    -> Result: Success, Cost: 1869.0887
  Processing request 2405/3000 (ID: vnr_2404)...
    -> Result: Success, Cost: 1201.4685
  Processing request 2406/3000 (ID: vnr_2405)...
    -> Result: Success, Cost: 664.3260
  Processing request 2407/3000 (ID: vnr_2406)...
    -> Result: Success, Cost: 463.3259
  Processing request 2408/3000 (ID: vnr_2407)...
    -> Result: Success, Cost: 1521.2906
  Processing request 2409/3000 (ID: vnr_2408)...
    -> Result: Success, Cost: 2032.6998
  Processing request 2410/3000 (ID: vnr_2409)...
    -> Result: Success, Cost: 548.2878
  Processing request 2411/3000 (ID: vnr_2410)...
    -> Result: Success, Cost: 1909.5185
  Processing request 2412/3000 (ID: vnr_2411)...
    -> Result: Success, Cost: 1117.1461
  Processing request 2413/3000 (ID: vnr_2412)...
    -> Result: Success, Cost: 1411.8159
  Processing request 2414/3000 (ID: vnr_2413)...
    -> Result: Success, Cost: 1057.7425
  Processing request 2415/3000 (ID: vnr_2414)...
    -> Result: Success, Cost: 455.2994
  Processing request 2416/3000 (ID: vnr_2415)...
    -> Result: Success, Cost: 606.6263
  Processing request 2417/3000 (ID: vnr_2416)...
    -> Result: Success, Cost: 418.1091
  Processing request 2418/3000 (ID: vnr_2417)...
    -> Result: Success, Cost: 685.3688
  Processing request 2419/3000 (ID: vnr_2418)...
    -> Result: Success, Cost: 184.5361
  Processing request 2420/3000 (ID: vnr_2419)...
    -> Result: Success, Cost: 1568.6419
  Processing request 2421/3000 (ID: vnr_2420)...
    -> Result: Success, Cost: 538.3288
  Processing request 2422/3000 (ID: vnr_2421)...
    -> Result: Success, Cost: 1722.0925
  Processing request 2423/3000 (ID: vnr_2422)...
    -> Result: Success, Cost: 1528.2009
  Processing request 2424/3000 (ID: vnr_2423)...
    -> Result: Success, Cost: 443.1116
  Processing request 2425/3000 (ID: vnr_2424)...
    -> Result: Success, Cost: 758.5121
  Processing request 2426/3000 (ID: vnr_2425)...
    -> Result: Success, Cost: 594.4974
  Processing request 2427/3000 (ID: vnr_2426)...
    -> Result: Success, Cost: 2728.8010
  Processing request 2428/3000 (ID: vnr_2427)...
    -> Result: Success, Cost: 2055.6929
  Processing request 2429/3000 (ID: vnr_2428)...
    -> Result: Success, Cost: 660.1436
  Processing request 2430/3000 (ID: vnr_2429)...
    -> Result: Success, Cost: 665.5777
  Processing request 2431/3000 (ID: vnr_2430)...
    -> Result: Success, Cost: 1546.5481
  Processing request 2432/3000 (ID: vnr_2431)...
    -> Result: Success, Cost: 506.9761
  Processing request 2433/3000 (ID: vnr_2432)...
    -> Result: Success, Cost: 314.6308
  Processing request 2434/3000 (ID: vnr_2433)...
    -> Result: Success, Cost: 513.9142
  Processing request 2435/3000 (ID: vnr_2434)...
    -> Result: Success, Cost: 2634.5493
  Processing request 2436/3000 (ID: vnr_2435)...
    -> Result: Success, Cost: 2212.4076
  Processing request 2437/3000 (ID: vnr_2436)...
    -> Result: Success, Cost: 828.5887
  Processing request 2438/3000 (ID: vnr_2437)...
    -> Result: Success, Cost: 1425.2461
  Processing request 2439/3000 (ID: vnr_2438)...
    -> Result: Success, Cost: 1866.0778
  Processing request 2440/3000 (ID: vnr_2439)...
    -> Result: Success, Cost: 1065.4883
  Processing request 2441/3000 (ID: vnr_2440)...
    -> Result: Success, Cost: 597.5544
  Processing request 2442/3000 (ID: vnr_2441)...
    -> Result: Success, Cost: 243.5276
  Processing request 2443/3000 (ID: vnr_2442)...
    -> Result: Success, Cost: 629.6828
  Processing request 2444/3000 (ID: vnr_2443)...
    -> Result: Success, Cost: 1080.3524
  Processing request 2445/3000 (ID: vnr_2444)...
    -> Result: Success, Cost: 830.3026
  Processing request 2446/3000 (ID: vnr_2445)...
    -> Result: Success, Cost: 2402.8344
  Processing request 2447/3000 (ID: vnr_2446)...
    -> Result: Success, Cost: 1185.0618
  Processing request 2448/3000 (ID: vnr_2447)...
    -> Result: Success, Cost: 1167.7996
  Processing request 2449/3000 (ID: vnr_2448)...
    -> Result: Success, Cost: 768.5874
  Processing request 2450/3000 (ID: vnr_2449)...
    -> Result: Success, Cost: 1062.7364
  Processing request 2451/3000 (ID: vnr_2450)...
    -> Result: Success, Cost: 359.3750
  Processing request 2452/3000 (ID: vnr_2451)...
    -> Result: Success, Cost: 527.8253
  Processing request 2453/3000 (ID: vnr_2452)...
    -> Result: Success, Cost: 295.4858
  Processing request 2454/3000 (ID: vnr_2453)...
    -> Result: Success, Cost: 673.9373
  Processing request 2455/3000 (ID: vnr_2454)...
    -> Result: Success, Cost: 296.6026
  Processing request 2456/3000 (ID: vnr_2455)...
    -> Result: Success, Cost: 448.5939
  Processing request 2457/3000 (ID: vnr_2456)...
    -> Result: Success, Cost: 1929.3564
  Processing request 2458/3000 (ID: vnr_2457)...
    -> Result: Success, Cost: 150.7943
  Processing request 2459/3000 (ID: vnr_2458)...
    -> Result: Success, Cost: 1391.7463
  Processing request 2460/3000 (ID: vnr_2459)...
    -> Result: Success, Cost: 2457.6155
  Processing request 2461/3000 (ID: vnr_2460)...
    -> Result: Success, Cost: 301.5389
  Processing request 2462/3000 (ID: vnr_2461)...
    -> Result: Success, Cost: 179.2909
  Processing request 2463/3000 (ID: vnr_2462)...
    -> Result: Success, Cost: 404.0711
  Processing request 2464/3000 (ID: vnr_2463)...
    -> Result: Success, Cost: 155.9613
  Processing request 2465/3000 (ID: vnr_2464)...
    -> Result: Success, Cost: 497.5768
  Processing request 2466/3000 (ID: vnr_2465)...
    -> Result: Success, Cost: 198.4893
  Processing request 2467/3000 (ID: vnr_2466)...
    -> Result: Success, Cost: 1646.4469
  Processing request 2468/3000 (ID: vnr_2467)...
    -> Result: Success, Cost: 2391.3072
  Processing request 2469/3000 (ID: vnr_2468)...
    -> Result: Success, Cost: 1185.3614
  Processing request 2470/3000 (ID: vnr_2469)...
    -> Result: Success, Cost: 1881.1435
  Processing request 2471/3000 (ID: vnr_2470)...
    -> Result: Success, Cost: 885.5069
  Processing request 2472/3000 (ID: vnr_2471)...
    -> Result: Success, Cost: 2224.8773
  Processing request 2473/3000 (ID: vnr_2472)...
    -> Result: Success, Cost: 720.9588
  Processing request 2474/3000 (ID: vnr_2473)...
    -> Result: Success, Cost: 1514.5581
  Processing request 2475/3000 (ID: vnr_2474)...
    -> Result: Success, Cost: 493.0265
  Processing request 2476/3000 (ID: vnr_2475)...
    -> Result: Success, Cost: 121.9954
  Processing request 2477/3000 (ID: vnr_2476)...
    -> Result: Success, Cost: 1755.7121
  Processing request 2478/3000 (ID: vnr_2477)...
    -> Result: Success, Cost: 261.7062
  Processing request 2479/3000 (ID: vnr_2478)...
    -> Result: Success, Cost: 841.7017
  Processing request 2480/3000 (ID: vnr_2479)...
    -> Result: Success, Cost: 345.0575
  Processing request 2481/3000 (ID: vnr_2480)...
    -> Result: Success, Cost: 1249.9280
  Processing request 2482/3000 (ID: vnr_2481)...
    -> Result: Success, Cost: 416.9814
  Processing request 2483/3000 (ID: vnr_2482)...
    -> Result: Success, Cost: 270.4125
  Processing request 2484/3000 (ID: vnr_2483)...
    -> Result: Success, Cost: 248.4076
  Processing request 2485/3000 (ID: vnr_2484)...
    -> Result: Success, Cost: 1337.5602
  Processing request 2486/3000 (ID: vnr_2485)...
    -> Result: Success, Cost: 1678.4731
  Processing request 2487/3000 (ID: vnr_2486)...
    -> Result: Success, Cost: 2113.3392
  Processing request 2488/3000 (ID: vnr_2487)...
    -> Result: Success, Cost: 2534.5669
  Processing request 2489/3000 (ID: vnr_2488)...
    -> Result: Success, Cost: 1142.9131
  Processing request 2490/3000 (ID: vnr_2489)...
    -> Result: Success, Cost: 2436.3669
  Processing request 2491/3000 (ID: vnr_2490)...
    -> Result: Success, Cost: 1189.8899
  Processing request 2492/3000 (ID: vnr_2491)...
    -> Result: Success, Cost: 2791.5803
  Processing request 2493/3000 (ID: vnr_2492)...
    -> Result: Success, Cost: 818.9617
  Processing request 2494/3000 (ID: vnr_2493)...
    -> Result: Success, Cost: 943.5403
  Processing request 2495/3000 (ID: vnr_2494)...
    -> Result: Success, Cost: 363.8476
  Processing request 2496/3000 (ID: vnr_2495)...
    -> Result: Success, Cost: 1813.1385
  Processing request 2497/3000 (ID: vnr_2496)...
    -> Result: Success, Cost: 316.5735
  Processing request 2498/3000 (ID: vnr_2497)...
    -> Result: Success, Cost: 1421.4940
  Processing request 2499/3000 (ID: vnr_2498)...
    -> Result: Success, Cost: 2073.0886
  Processing request 2500/3000 (ID: vnr_2499)...
    -> Result: Success, Cost: 191.7110
  Processing request 2501/3000 (ID: vnr_2500)...
    -> Result: Success, Cost: 547.6326
  Processing request 2502/3000 (ID: vnr_2501)...
    -> Result: Success, Cost: 2053.1902
  Processing request 2503/3000 (ID: vnr_2502)...
    -> Result: Success, Cost: 2056.0647
  Processing request 2504/3000 (ID: vnr_2503)...
    -> Result: Success, Cost: 482.2580
  Processing request 2505/3000 (ID: vnr_2504)...
    -> Result: Success, Cost: 1479.3985
  Processing request 2506/3000 (ID: vnr_2505)...
    -> Result: Failed, Cost: 0.0000
  Processing request 2507/3000 (ID: vnr_2506)...
    -> Result: Success, Cost: 2144.7063
  Processing request 2508/3000 (ID: vnr_2507)...
    -> Result: Success, Cost: 1853.9289
  Processing request 2509/3000 (ID: vnr_2508)...
    -> Result: Success, Cost: 1049.9665
  Processing request 2510/3000 (ID: vnr_2509)...
    -> Result: Success, Cost: 777.2506
  Processing request 2511/3000 (ID: vnr_2510)...
    -> Result: Failed, Cost: 0.0000
  Processing request 2512/3000 (ID: vnr_2511)...
    -> Result: Success, Cost: 1887.5576
  Processing request 2513/3000 (ID: vnr_2512)...
    -> Result: Success, Cost: 1553.9249
  Processing request 2514/3000 (ID: vnr_2513)...
    -> Result: Success, Cost: 358.8892
  Processing request 2515/3000 (ID: vnr_2514)...
    -> Result: Success, Cost: 164.3434
  Processing request 2516/3000 (ID: vnr_2515)...
    -> Result: Success, Cost: 523.2128
  Processing request 2517/3000 (ID: vnr_2516)...
    -> Result: Success, Cost: 371.9500
  Processing request 2518/3000 (ID: vnr_2517)...
    -> Result: Success, Cost: 2473.1864
  Processing request 2519/3000 (ID: vnr_2518)...
    -> Result: Success, Cost: 166.5833
  Processing request 2520/3000 (ID: vnr_2519)...
    -> Result: Success, Cost: 176.3393
  Processing request 2521/3000 (ID: vnr_2520)...
    -> Result: Success, Cost: 530.4231
  Processing request 2522/3000 (ID: vnr_2521)...
    -> Result: Success, Cost: 1389.9200
  Processing request 2523/3000 (ID: vnr_2522)...
    -> Result: Success, Cost: 869.4568
  Processing request 2524/3000 (ID: vnr_2523)...
    -> Result: Success, Cost: 656.8098
  Processing request 2525/3000 (ID: vnr_2524)...
    -> Result: Failed, Cost: 0.0000
  Processing request 2526/3000 (ID: vnr_2525)...
    -> Result: Success, Cost: 2430.7214
  Processing request 2527/3000 (ID: vnr_2526)...
    -> Result: Success, Cost: 290.3570
  Processing request 2528/3000 (ID: vnr_2527)...
    -> Result: Success, Cost: 1870.1192
  Processing request 2529/3000 (ID: vnr_2528)...
    -> Result: Success, Cost: 98.5960
  Processing request 2530/3000 (ID: vnr_2529)...
    -> Result: Success, Cost: 2532.8047
  Processing request 2531/3000 (ID: vnr_2530)...
    -> Result: Success, Cost: 512.7223
  Processing request 2532/3000 (ID: vnr_2531)...
    -> Result: Success, Cost: 1089.6131
  Processing request 2533/3000 (ID: vnr_2532)...
    -> Result: Failed, Cost: 0.0000
  Processing request 2534/3000 (ID: vnr_2533)...
    -> Result: Success, Cost: 878.4386
  Processing request 2535/3000 (ID: vnr_2534)...
    -> Result: Success, Cost: 527.7021
  Processing request 2536/3000 (ID: vnr_2535)...
    -> Result: Success, Cost: 767.6873
  Processing request 2537/3000 (ID: vnr_2536)...
    -> Result: Success, Cost: 2111.5398
  Processing request 2538/3000 (ID: vnr_2537)...
    -> Result: Success, Cost: 2738.9964
  Processing request 2539/3000 (ID: vnr_2538)...
    -> Result: Success, Cost: 2335.4489
  Processing request 2540/3000 (ID: vnr_2539)...
    -> Result: Success, Cost: 166.1125
  Processing request 2541/3000 (ID: vnr_2540)...
    -> Result: Success, Cost: 498.6003
  Processing request 2542/3000 (ID: vnr_2541)...
    -> Result: Success, Cost: 744.2968
  Processing request 2543/3000 (ID: vnr_2542)...
    -> Result: Success, Cost: 167.7754
  Processing request 2544/3000 (ID: vnr_2543)...
    -> Result: Success, Cost: 1700.8911
  Processing request 2545/3000 (ID: vnr_2544)...
    -> Result: Success, Cost: 460.2939
  Processing request 2546/3000 (ID: vnr_2545)...
    -> Result: Success, Cost: 401.2163
  Processing request 2547/3000 (ID: vnr_2546)...
    -> Result: Success, Cost: 305.2009
  Processing request 2548/3000 (ID: vnr_2547)...
    -> Result: Success, Cost: 2492.1025
  Processing request 2549/3000 (ID: vnr_2548)...
    -> Result: Success, Cost: 591.4529
  Processing request 2550/3000 (ID: vnr_2549)...
    -> Result: Success, Cost: 598.2018
  Processing request 2551/3000 (ID: vnr_2550)...
    -> Result: Success, Cost: 609.8251
  Processing request 2552/3000 (ID: vnr_2551)...
    -> Result: Success, Cost: 876.0828
  Processing request 2553/3000 (ID: vnr_2552)...
    -> Result: Success, Cost: 1886.0557
  Processing request 2554/3000 (ID: vnr_2553)...
    -> Result: Success, Cost: 573.6432
  Processing request 2555/3000 (ID: vnr_2554)...
    -> Result: Success, Cost: 2769.8241
  Processing request 2556/3000 (ID: vnr_2555)...
    -> Result: Success, Cost: 386.6912
  Processing request 2557/3000 (ID: vnr_2556)...
    -> Result: Success, Cost: 591.4109
  Processing request 2558/3000 (ID: vnr_2557)...
    -> Result: Success, Cost: 1957.1940
  Processing request 2559/3000 (ID: vnr_2558)...
    -> Result: Success, Cost: 190.9834
  Processing request 2560/3000 (ID: vnr_2559)...
    -> Result: Success, Cost: 517.8296
  Processing request 2561/3000 (ID: vnr_2560)...
    -> Result: Success, Cost: 1950.9258
  Processing request 2562/3000 (ID: vnr_2561)...
    -> Result: Success, Cost: 218.6609
  Processing request 2563/3000 (ID: vnr_2562)...
    -> Result: Success, Cost: 473.0610
  Processing request 2564/3000 (ID: vnr_2563)...
    -> Result: Success, Cost: 1423.9252
  Processing request 2565/3000 (ID: vnr_2564)...
    -> Result: Success, Cost: 1757.0087
  Processing request 2566/3000 (ID: vnr_2565)...
    -> Result: Success, Cost: 871.9380
  Processing request 2567/3000 (ID: vnr_2566)...
    -> Result: Success, Cost: 1984.5238
  Processing request 2568/3000 (ID: vnr_2567)...
    -> Result: Success, Cost: 1684.5843
  Processing request 2569/3000 (ID: vnr_2568)...
    -> Result: Failed, Cost: 0.0000
  Processing request 2570/3000 (ID: vnr_2569)...
    -> Result: Success, Cost: 1505.5433
  Processing request 2571/3000 (ID: vnr_2570)...
    -> Result: Failed, Cost: 0.0000
  Processing request 2572/3000 (ID: vnr_2571)...
    -> Result: Success, Cost: 324.1694
  Processing request 2573/3000 (ID: vnr_2572)...
    -> Result: Success, Cost: 1118.8107
  Processing request 2574/3000 (ID: vnr_2573)...
    -> Result: Success, Cost: 605.9331
  Processing request 2575/3000 (ID: vnr_2574)...
    -> Result: Success, Cost: 175.0948
  Processing request 2576/3000 (ID: vnr_2575)...
    -> Result: Success, Cost: 356.5057
  Processing request 2577/3000 (ID: vnr_2576)...
    -> Result: Success, Cost: 2635.8998
  Processing request 2578/3000 (ID: vnr_2577)...
    -> Result: Success, Cost: 2415.5365
  Processing request 2579/3000 (ID: vnr_2578)...
    -> Result: Success, Cost: 218.9789
  Processing request 2580/3000 (ID: vnr_2579)...
    -> Result: Success, Cost: 2641.9003
  Processing request 2581/3000 (ID: vnr_2580)...
    -> Result: Success, Cost: 962.0125
  Processing request 2582/3000 (ID: vnr_2581)...
    -> Result: Success, Cost: 1317.6413
  Processing request 2583/3000 (ID: vnr_2582)...
    -> Result: Success, Cost: 313.3350
  Processing request 2584/3000 (ID: vnr_2583)...
    -> Result: Success, Cost: 999.8272
  Processing request 2585/3000 (ID: vnr_2584)...
    -> Result: Success, Cost: 430.1214
  Processing request 2586/3000 (ID: vnr_2585)...
    -> Result: Success, Cost: 2681.1813
  Processing request 2587/3000 (ID: vnr_2586)...
    -> Result: Success, Cost: 323.9266
  Processing request 2588/3000 (ID: vnr_2587)...
    -> Result: Success, Cost: 862.2305
  Processing request 2589/3000 (ID: vnr_2588)...
    -> Result: Success, Cost: 437.6284
  Processing request 2590/3000 (ID: vnr_2589)...
    -> Result: Success, Cost: 1900.2739
  Processing request 2591/3000 (ID: vnr_2590)...
    -> Result: Success, Cost: 2062.6235
  Processing request 2592/3000 (ID: vnr_2591)...
    -> Result: Success, Cost: 2180.2092
  Processing request 2593/3000 (ID: vnr_2592)...
    -> Result: Success, Cost: 386.1583
  Processing request 2594/3000 (ID: vnr_2593)...
    -> Result: Success, Cost: 568.9618
  Processing request 2595/3000 (ID: vnr_2594)...
    -> Result: Success, Cost: 447.7101
  Processing request 2596/3000 (ID: vnr_2595)...
    -> Result: Success, Cost: 1945.8840
  Processing request 2597/3000 (ID: vnr_2596)...
    -> Result: Success, Cost: 1129.8636
  Processing request 2598/3000 (ID: vnr_2597)...
    -> Result: Success, Cost: 506.6731
  Processing request 2599/3000 (ID: vnr_2598)...
    -> Result: Success, Cost: 378.7525
  Processing request 2600/3000 (ID: vnr_2599)...
    -> Result: Success, Cost: 792.9697
  Processing request 2601/3000 (ID: vnr_2600)...
    -> Result: Success, Cost: 1509.1833
  Processing request 2602/3000 (ID: vnr_2601)...
    -> Result: Success, Cost: 2882.0288
  Processing request 2603/3000 (ID: vnr_2602)...
    -> Result: Success, Cost: 1300.4015
  Processing request 2604/3000 (ID: vnr_2603)...
    -> Result: Success, Cost: 1681.1812
  Processing request 2605/3000 (ID: vnr_2604)...
    -> Result: Success, Cost: 3091.1445
  Processing request 2606/3000 (ID: vnr_2605)...
    -> Result: Failed, Cost: 0.0000
  Processing request 2607/3000 (ID: vnr_2606)...
    -> Result: Success, Cost: 2098.9559
  Processing request 2608/3000 (ID: vnr_2607)...
    -> Result: Failed, Cost: 0.0000
  Processing request 2609/3000 (ID: vnr_2608)...
    -> Result: Success, Cost: 1850.0897
  Processing request 2610/3000 (ID: vnr_2609)...
    -> Result: Failed, Cost: 0.0000
  Processing request 2611/3000 (ID: vnr_2610)...
    -> Result: Success, Cost: 2112.2501
  Processing request 2612/3000 (ID: vnr_2611)...
    -> Result: Failed, Cost: 0.0000
  Processing request 2613/3000 (ID: vnr_2612)...
    -> Result: Success, Cost: 525.3842
  Processing request 2614/3000 (ID: vnr_2613)...
    -> Result: Success, Cost: 209.7775
  Processing request 2615/3000 (ID: vnr_2614)...
    -> Result: Success, Cost: 643.2169
  Processing request 2616/3000 (ID: vnr_2615)...
    -> Result: Success, Cost: 1242.7509
  Processing request 2617/3000 (ID: vnr_2616)...
    -> Result: Success, Cost: 1117.3634
  Processing request 2618/3000 (ID: vnr_2617)...
    -> Result: Success, Cost: 2114.2234
  Processing request 2619/3000 (ID: vnr_2618)...
    -> Result: Success, Cost: 365.7546
  Processing request 2620/3000 (ID: vnr_2619)...
    -> Result: Success, Cost: 556.0706
  Processing request 2621/3000 (ID: vnr_2620)...
    -> Result: Success, Cost: 347.7934
  Processing request 2622/3000 (ID: vnr_2621)...
    -> Result: Success, Cost: 1288.8315
  Processing request 2623/3000 (ID: vnr_2622)...
    -> Result: Success, Cost: 639.1490
  Processing request 2624/3000 (ID: vnr_2623)...
    -> Result: Success, Cost: 778.1815
  Processing request 2625/3000 (ID: vnr_2624)...
    -> Result: Success, Cost: 1069.0399
  Processing request 2626/3000 (ID: vnr_2625)...
    -> Result: Success, Cost: 2416.9959
  Processing request 2627/3000 (ID: vnr_2626)...
    -> Result: Success, Cost: 2116.2218
  Processing request 2628/3000 (ID: vnr_2627)...
    -> Result: Success, Cost: 254.5293
  Processing request 2629/3000 (ID: vnr_2628)...
    -> Result: Success, Cost: 507.9719
  Processing request 2630/3000 (ID: vnr_2629)...
    -> Result: Success, Cost: 2314.3652
  Processing request 2631/3000 (ID: vnr_2630)...
    -> Result: Success, Cost: 386.9618
  Processing request 2632/3000 (ID: vnr_2631)...
    -> Result: Failed, Cost: 0.0000
  Processing request 2633/3000 (ID: vnr_2632)...
    -> Result: Success, Cost: 637.0060
  Processing request 2634/3000 (ID: vnr_2633)...
    -> Result: Failed, Cost: 0.0000
  Processing request 2635/3000 (ID: vnr_2634)...
    -> Result: Success, Cost: 1070.8653
  Processing request 2636/3000 (ID: vnr_2635)...
    -> Result: Failed, Cost: 0.0000
  Processing request 2637/3000 (ID: vnr_2636)...
    -> Result: Success, Cost: 1534.9709
  Processing request 2638/3000 (ID: vnr_2637)...
    -> Result: Success, Cost: 1097.6893
  Processing request 2639/3000 (ID: vnr_2638)...
    -> Result: Failed, Cost: 0.0000
  Processing request 2640/3000 (ID: vnr_2639)...
    -> Result: Success, Cost: 1104.9282
  Processing request 2641/3000 (ID: vnr_2640)...
    -> Result: Success, Cost: 213.2256
  Processing request 2642/3000 (ID: vnr_2641)...
    -> Result: Success, Cost: 404.4060
  Processing request 2643/3000 (ID: vnr_2642)...
    -> Result: Failed, Cost: 0.0000
  Processing request 2644/3000 (ID: vnr_2643)...
    -> Result: Success, Cost: 1226.7133
  Processing request 2645/3000 (ID: vnr_2644)...
    -> Result: Success, Cost: 2124.8924
  Processing request 2646/3000 (ID: vnr_2645)...
    -> Result: Success, Cost: 276.7780
  Processing request 2647/3000 (ID: vnr_2646)...
    -> Result: Success, Cost: 2274.5003
  Processing request 2648/3000 (ID: vnr_2647)...
    -> Result: Success, Cost: 925.2013
  Processing request 2649/3000 (ID: vnr_2648)...
    -> Result: Success, Cost: 1196.2721
  Processing request 2650/3000 (ID: vnr_2649)...
    -> Result: Success, Cost: 2032.5817
  Processing request 2651/3000 (ID: vnr_2650)...
    -> Result: Success, Cost: 120.9924
  Processing request 2652/3000 (ID: vnr_2651)...
    -> Result: Success, Cost: 1457.1872
  Processing request 2653/3000 (ID: vnr_2652)...
    -> Result: Success, Cost: 2308.3080
  Processing request 2654/3000 (ID: vnr_2653)...
    -> Result: Success, Cost: 143.2728
  Processing request 2655/3000 (ID: vnr_2654)...
    -> Result: Failed, Cost: 0.0000
  Processing request 2656/3000 (ID: vnr_2655)...
    -> Result: Failed, Cost: 0.0000
  Processing request 2657/3000 (ID: vnr_2656)...
    -> Result: Success, Cost: 2547.1127
  Processing request 2658/3000 (ID: vnr_2657)...
    -> Result: Success, Cost: 2521.3330
  Processing request 2659/3000 (ID: vnr_2658)...
    -> Result: Failed, Cost: 0.0000
  Processing request 2660/3000 (ID: vnr_2659)...
    -> Result: Failed, Cost: 0.0000
  Processing request 2661/3000 (ID: vnr_2660)...
    -> Result: Success, Cost: 1458.4504
  Processing request 2662/3000 (ID: vnr_2661)...
    -> Result: Success, Cost: 1288.1934
  Processing request 2663/3000 (ID: vnr_2662)...
    -> Result: Success, Cost: 343.8542
  Processing request 2664/3000 (ID: vnr_2663)...
    -> Result: Success, Cost: 2105.5855
  Processing request 2665/3000 (ID: vnr_2664)...
    -> Result: Failed, Cost: 0.0000
  Processing request 2666/3000 (ID: vnr_2665)...
    -> Result: Success, Cost: 1906.4629
  Processing request 2667/3000 (ID: vnr_2666)...
    -> Result: Failed, Cost: 0.0000
  Processing request 2668/3000 (ID: vnr_2667)...
    -> Result: Success, Cost: 658.1650
  Processing request 2669/3000 (ID: vnr_2668)...
    -> Result: Failed, Cost: 0.0000
  Processing request 2670/3000 (ID: vnr_2669)...
    -> Result: Success, Cost: 1553.4884
  Processing request 2671/3000 (ID: vnr_2670)...
    -> Result: Success, Cost: 263.4225
  Processing request 2672/3000 (ID: vnr_2671)...
    -> Result: Success, Cost: 81.2481
  Processing request 2673/3000 (ID: vnr_2672)...
    -> Result: Success, Cost: 772.8083
  Processing request 2674/3000 (ID: vnr_2673)...
    -> Result: Success, Cost: 1427.6513
  Processing request 2675/3000 (ID: vnr_2674)...
    -> Result: Success, Cost: 1207.4483
  Processing request 2676/3000 (ID: vnr_2675)...
    -> Result: Success, Cost: 2078.4399
  Processing request 2677/3000 (ID: vnr_2676)...
    -> Result: Success, Cost: 1094.8984
  Processing request 2678/3000 (ID: vnr_2677)...
    -> Result: Success, Cost: 159.5769
  Processing request 2679/3000 (ID: vnr_2678)...
    -> Result: Success, Cost: 1178.9663
  Processing request 2680/3000 (ID: vnr_2679)...
    -> Result: Success, Cost: 1517.6389
  Processing request 2681/3000 (ID: vnr_2680)...
    -> Result: Success, Cost: 1419.7812
  Processing request 2682/3000 (ID: vnr_2681)...
    -> Result: Success, Cost: 2396.7821
  Processing request 2683/3000 (ID: vnr_2682)...
    -> Result: Success, Cost: 601.2736
  Processing request 2684/3000 (ID: vnr_2683)...
    -> Result: Success, Cost: 2712.1809
  Processing request 2685/3000 (ID: vnr_2684)...
    -> Result: Success, Cost: 392.7212
  Processing request 2686/3000 (ID: vnr_2685)...
    -> Result: Success, Cost: 375.0434
  Processing request 2687/3000 (ID: vnr_2686)...
    -> Result: Success, Cost: 1026.9543
  Processing request 2688/3000 (ID: vnr_2687)...
    -> Result: Success, Cost: 597.6713
  Processing request 2689/3000 (ID: vnr_2688)...
    -> Result: Success, Cost: 2062.9647
  Processing request 2690/3000 (ID: vnr_2689)...
    -> Result: Success, Cost: 382.2942
  Processing request 2691/3000 (ID: vnr_2690)...
    -> Result: Success, Cost: 2863.8905
  Processing request 2692/3000 (ID: vnr_2691)...
    -> Result: Success, Cost: 2563.0043
  Processing request 2693/3000 (ID: vnr_2692)...
    -> Result: Success, Cost: 203.0212
  Processing request 2694/3000 (ID: vnr_2693)...
    -> Result: Success, Cost: 467.2989
  Processing request 2695/3000 (ID: vnr_2694)...
    -> Result: Success, Cost: 118.9390
  Processing request 2696/3000 (ID: vnr_2695)...
    -> Result: Success, Cost: 1464.2234
  Processing request 2697/3000 (ID: vnr_2696)...
    -> Result: Success, Cost: 2642.5691
  Processing request 2698/3000 (ID: vnr_2697)...
    -> Result: Success, Cost: 212.4715
  Processing request 2699/3000 (ID: vnr_2698)...
    -> Result: Success, Cost: 1538.7176
  Processing request 2700/3000 (ID: vnr_2699)...
    -> Result: Success, Cost: 2674.2936
  Processing request 2701/3000 (ID: vnr_2700)...
    -> Result: Success, Cost: 743.9694
  Processing request 2702/3000 (ID: vnr_2701)...
    -> Result: Success, Cost: 391.9328
  Processing request 2703/3000 (ID: vnr_2702)...
    -> Result: Success, Cost: 621.2176
  Processing request 2704/3000 (ID: vnr_2703)...
    -> Result: Success, Cost: 1664.6524
  Processing request 2705/3000 (ID: vnr_2704)...
    -> Result: Success, Cost: 742.8580
  Processing request 2706/3000 (ID: vnr_2705)...
    -> Result: Success, Cost: 2388.7589
  Processing request 2707/3000 (ID: vnr_2706)...
    -> Result: Success, Cost: 1160.1687
  Processing request 2708/3000 (ID: vnr_2707)...
    -> Result: Success, Cost: 485.2858
  Processing request 2709/3000 (ID: vnr_2708)...
    -> Result: Success, Cost: 712.3300
  Processing request 2710/3000 (ID: vnr_2709)...
    -> Result: Success, Cost: 1445.1170
  Processing request 2711/3000 (ID: vnr_2710)...
    -> Result: Success, Cost: 227.5774
  Processing request 2712/3000 (ID: vnr_2711)...
    -> Result: Success, Cost: 1508.2783
  Processing request 2713/3000 (ID: vnr_2712)...
    -> Result: Success, Cost: 486.3182
  Processing request 2714/3000 (ID: vnr_2713)...
    -> Result: Success, Cost: 885.2701
  Processing request 2715/3000 (ID: vnr_2714)...
    -> Result: Success, Cost: 1652.8966
  Processing request 2716/3000 (ID: vnr_2715)...
    -> Result: Success, Cost: 175.1555
  Processing request 2717/3000 (ID: vnr_2716)...
    -> Result: Success, Cost: 303.7643
  Processing request 2718/3000 (ID: vnr_2717)...
    -> Result: Success, Cost: 1217.4697
  Processing request 2719/3000 (ID: vnr_2718)...
    -> Result: Success, Cost: 1409.8531
  Processing request 2720/3000 (ID: vnr_2719)...
    -> Result: Success, Cost: 507.3610
  Processing request 2721/3000 (ID: vnr_2720)...
    -> Result: Success, Cost: 234.1866
  Processing request 2722/3000 (ID: vnr_2721)...
    -> Result: Success, Cost: 959.3388
  Processing request 2723/3000 (ID: vnr_2722)...
    -> Result: Success, Cost: 246.6887
  Processing request 2724/3000 (ID: vnr_2723)...
    -> Result: Success, Cost: 937.2609
  Processing request 2725/3000 (ID: vnr_2724)...
    -> Result: Success, Cost: 1570.5789
  Processing request 2726/3000 (ID: vnr_2725)...
    -> Result: Success, Cost: 1242.8637
  Processing request 2727/3000 (ID: vnr_2726)...
    -> Result: Success, Cost: 839.1957
  Processing request 2728/3000 (ID: vnr_2727)...
    -> Result: Success, Cost: 1176.3427
  Processing request 2729/3000 (ID: vnr_2728)...
    -> Result: Success, Cost: 1114.9647
  Processing request 2730/3000 (ID: vnr_2729)...
    -> Result: Success, Cost: 2594.0643
  Processing request 2731/3000 (ID: vnr_2730)...
    -> Result: Success, Cost: 2014.9252
  Processing request 2732/3000 (ID: vnr_2731)...
    -> Result: Success, Cost: 162.3600
  Processing request 2733/3000 (ID: vnr_2732)...
    -> Result: Success, Cost: 880.1593
  Processing request 2734/3000 (ID: vnr_2733)...
    -> Result: Success, Cost: 3103.5600
  Processing request 2735/3000 (ID: vnr_2734)...
    -> Result: Success, Cost: 816.2760
  Processing request 2736/3000 (ID: vnr_2735)...
    -> Result: Success, Cost: 1053.0883
  Processing request 2737/3000 (ID: vnr_2736)...
    -> Result: Success, Cost: 2114.1326
  Processing request 2738/3000 (ID: vnr_2737)...
    -> Result: Failed, Cost: 0.0000
  Processing request 2739/3000 (ID: vnr_2738)...
    -> Result: Failed, Cost: 0.0000
  Processing request 2740/3000 (ID: vnr_2739)...
    -> Result: Success, Cost: 1351.9682
  Processing request 2741/3000 (ID: vnr_2740)...
    -> Result: Success, Cost: 879.6058
  Processing request 2742/3000 (ID: vnr_2741)...
    -> Result: Success, Cost: 629.3450
  Processing request 2743/3000 (ID: vnr_2742)...
    -> Result: Success, Cost: 326.3000
  Processing request 2744/3000 (ID: vnr_2743)...
    -> Result: Success, Cost: 722.0841
  Processing request 2745/3000 (ID: vnr_2744)...
    -> Result: Failed, Cost: 0.0000
  Processing request 2746/3000 (ID: vnr_2745)...
    -> Result: Success, Cost: 1287.8888
  Processing request 2747/3000 (ID: vnr_2746)...
    -> Result: Success, Cost: 2023.1848
  Processing request 2748/3000 (ID: vnr_2747)...
    -> Result: Success, Cost: 956.5037
  Processing request 2749/3000 (ID: vnr_2748)...
    -> Result: Success, Cost: 517.9369
  Processing request 2750/3000 (ID: vnr_2749)...
    -> Result: Success, Cost: 154.7908
  Processing request 2751/3000 (ID: vnr_2750)...
    -> Result: Success, Cost: 2274.2264
  Processing request 2752/3000 (ID: vnr_2751)...
    -> Result: Success, Cost: 346.7924
  Processing request 2753/3000 (ID: vnr_2752)...
    -> Result: Success, Cost: 939.6962
  Processing request 2754/3000 (ID: vnr_2753)...
    -> Result: Success, Cost: 622.5504
  Processing request 2755/3000 (ID: vnr_2754)...
    -> Result: Success, Cost: 892.6209
  Processing request 2756/3000 (ID: vnr_2755)...
    -> Result: Success, Cost: 637.6915
  Processing request 2757/3000 (ID: vnr_2756)...
    -> Result: Success, Cost: 282.7804
  Processing request 2758/3000 (ID: vnr_2757)...
    -> Result: Success, Cost: 245.3036
  Processing request 2759/3000 (ID: vnr_2758)...
    -> Result: Success, Cost: 994.5479
  Processing request 2760/3000 (ID: vnr_2759)...
    -> Result: Success, Cost: 143.0780
  Processing request 2761/3000 (ID: vnr_2760)...
    -> Result: Success, Cost: 97.8536
  Processing request 2762/3000 (ID: vnr_2761)...
    -> Result: Success, Cost: 2111.8183
  Processing request 2763/3000 (ID: vnr_2762)...
    -> Result: Success, Cost: 1427.6483
  Processing request 2764/3000 (ID: vnr_2763)...
    -> Result: Success, Cost: 2226.4302
  Processing request 2765/3000 (ID: vnr_2764)...
    -> Result: Success, Cost: 1988.5236
  Processing request 2766/3000 (ID: vnr_2765)...
    -> Result: Success, Cost: 215.2562
  Processing request 2767/3000 (ID: vnr_2766)...
    -> Result: Success, Cost: 333.8804
  Processing request 2768/3000 (ID: vnr_2767)...
    -> Result: Success, Cost: 552.6100
  Processing request 2769/3000 (ID: vnr_2768)...
    -> Result: Success, Cost: 946.4153
  Processing request 2770/3000 (ID: vnr_2769)...
    -> Result: Success, Cost: 1307.3766
  Processing request 2771/3000 (ID: vnr_2770)...
    -> Result: Success, Cost: 989.7523
  Processing request 2772/3000 (ID: vnr_2771)...
    -> Result: Failed, Cost: 0.0000
  Processing request 2773/3000 (ID: vnr_2772)...
    -> Result: Success, Cost: 447.4632
  Processing request 2774/3000 (ID: vnr_2773)...
    -> Result: Success, Cost: 317.1766
  Processing request 2775/3000 (ID: vnr_2774)...
    -> Result: Success, Cost: 670.4347
  Processing request 2776/3000 (ID: vnr_2775)...
    -> Result: Success, Cost: 1450.8175
  Processing request 2777/3000 (ID: vnr_2776)...
    -> Result: Success, Cost: 1024.4234
  Processing request 2778/3000 (ID: vnr_2777)...
    -> Result: Failed, Cost: 0.0000
  Processing request 2779/3000 (ID: vnr_2778)...
    -> Result: Success, Cost: 241.0430
  Processing request 2780/3000 (ID: vnr_2779)...
    -> Result: Success, Cost: 2793.2252
  Processing request 2781/3000 (ID: vnr_2780)...
    -> Result: Success, Cost: 1045.9655
  Processing request 2782/3000 (ID: vnr_2781)...
    -> Result: Success, Cost: 996.8648
  Processing request 2783/3000 (ID: vnr_2782)...
    -> Result: Success, Cost: 2407.8269
  Processing request 2784/3000 (ID: vnr_2783)...
    -> Result: Success, Cost: 2007.0647
  Processing request 2785/3000 (ID: vnr_2784)...
    -> Result: Success, Cost: 3066.5465
  Processing request 2786/3000 (ID: vnr_2785)...
    -> Result: Success, Cost: 567.6500
  Processing request 2787/3000 (ID: vnr_2786)...
    -> Result: Success, Cost: 1756.6800
  Processing request 2788/3000 (ID: vnr_2787)...
    -> Result: Success, Cost: 1115.5452
  Processing request 2789/3000 (ID: vnr_2788)...
    -> Result: Success, Cost: 399.3533
  Processing request 2790/3000 (ID: vnr_2789)...
    -> Result: Success, Cost: 255.3127
  Processing request 2791/3000 (ID: vnr_2790)...
    -> Result: Success, Cost: 315.1610
  Processing request 2792/3000 (ID: vnr_2791)...
    -> Result: Success, Cost: 1707.5031
  Processing request 2793/3000 (ID: vnr_2792)...
    -> Result: Success, Cost: 424.4992
  Processing request 2794/3000 (ID: vnr_2793)...
    -> Result: Success, Cost: 2029.8690
  Processing request 2795/3000 (ID: vnr_2794)...
    -> Result: Success, Cost: 1262.9444
  Processing request 2796/3000 (ID: vnr_2795)...
    -> Result: Success, Cost: 945.5530
  Processing request 2797/3000 (ID: vnr_2796)...
    -> Result: Success, Cost: 903.2831
  Processing request 2798/3000 (ID: vnr_2797)...
    -> Result: Success, Cost: 397.9157
  Processing request 2799/3000 (ID: vnr_2798)...
    -> Result: Success, Cost: 1337.5334
  Processing request 2800/3000 (ID: vnr_2799)...
    -> Result: Success, Cost: 299.6582
  Processing request 2801/3000 (ID: vnr_2800)...
    -> Result: Success, Cost: 551.8861
  Processing request 2802/3000 (ID: vnr_2801)...
    -> Result: Success, Cost: 1372.0762
  Processing request 2803/3000 (ID: vnr_2802)...
    -> Result: Success, Cost: 2261.3924
  Processing request 2804/3000 (ID: vnr_2803)...
    -> Result: Success, Cost: 290.6610
  Processing request 2805/3000 (ID: vnr_2804)...
    -> Result: Success, Cost: 2805.6647
  Processing request 2806/3000 (ID: vnr_2805)...
    -> Result: Success, Cost: 2147.9063
  Processing request 2807/3000 (ID: vnr_2806)...
    -> Result: Success, Cost: 125.3988
  Processing request 2808/3000 (ID: vnr_2807)...
    -> Result: Success, Cost: 2094.6172
  Processing request 2809/3000 (ID: vnr_2808)...
    -> Result: Success, Cost: 2982.0543
  Processing request 2810/3000 (ID: vnr_2809)...
    -> Result: Success, Cost: 843.5048
  Processing request 2811/3000 (ID: vnr_2810)...
    -> Result: Success, Cost: 426.0650
  Processing request 2812/3000 (ID: vnr_2811)...
    -> Result: Success, Cost: 1373.2723
  Processing request 2813/3000 (ID: vnr_2812)...
    -> Result: Success, Cost: 1093.9791
  Processing request 2814/3000 (ID: vnr_2813)...
    -> Result: Success, Cost: 1873.4917
  Processing request 2815/3000 (ID: vnr_2814)...
    -> Result: Success, Cost: 683.4473
  Processing request 2816/3000 (ID: vnr_2815)...
    -> Result: Success, Cost: 567.0867
  Processing request 2817/3000 (ID: vnr_2816)...
    -> Result: Success, Cost: 2338.7246
  Processing request 2818/3000 (ID: vnr_2817)...
    -> Result: Success, Cost: 405.2859
  Processing request 2819/3000 (ID: vnr_2818)...
    -> Result: Success, Cost: 349.1479
  Processing request 2820/3000 (ID: vnr_2819)...
    -> Result: Success, Cost: 297.0757
  Processing request 2821/3000 (ID: vnr_2820)...
    -> Result: Success, Cost: 2471.8893
  Processing request 2822/3000 (ID: vnr_2821)...
    -> Result: Success, Cost: 1198.5137
  Processing request 2823/3000 (ID: vnr_2822)...
    -> Result: Success, Cost: 959.6643
  Processing request 2824/3000 (ID: vnr_2823)...
    -> Result: Success, Cost: 2048.3778
  Processing request 2825/3000 (ID: vnr_2824)...
    -> Result: Success, Cost: 1605.5840
  Processing request 2826/3000 (ID: vnr_2825)...
    -> Result: Success, Cost: 760.7088
  Processing request 2827/3000 (ID: vnr_2826)...
    -> Result: Success, Cost: 566.5594
  Processing request 2828/3000 (ID: vnr_2827)...
    -> Result: Success, Cost: 136.5844
  Processing request 2829/3000 (ID: vnr_2828)...
    -> Result: Success, Cost: 1163.6743
  Processing request 2830/3000 (ID: vnr_2829)...
    -> Result: Success, Cost: 889.7059
  Processing request 2831/3000 (ID: vnr_2830)...
    -> Result: Success, Cost: 188.1644
  Processing request 2832/3000 (ID: vnr_2831)...
    -> Result: Success, Cost: 331.0041
  Processing request 2833/3000 (ID: vnr_2832)...
    -> Result: Success, Cost: 1503.0993
  Processing request 2834/3000 (ID: vnr_2833)...
    -> Result: Success, Cost: 245.6245
  Processing request 2835/3000 (ID: vnr_2834)...
    -> Result: Success, Cost: 967.2359
  Processing request 2836/3000 (ID: vnr_2835)...
    -> Result: Success, Cost: 2062.2624
  Processing request 2837/3000 (ID: vnr_2836)...
    -> Result: Success, Cost: 889.0194
  Processing request 2838/3000 (ID: vnr_2837)...
    -> Result: Success, Cost: 230.8664
  Processing request 2839/3000 (ID: vnr_2838)...
    -> Result: Success, Cost: 366.9811
  Processing request 2840/3000 (ID: vnr_2839)...
    -> Result: Success, Cost: 2090.7212
  Processing request 2841/3000 (ID: vnr_2840)...
    -> Result: Success, Cost: 2552.6580
  Processing request 2842/3000 (ID: vnr_2841)...
    -> Result: Success, Cost: 1105.1949
  Processing request 2843/3000 (ID: vnr_2842)...
    -> Result: Success, Cost: 2775.5354
  Processing request 2844/3000 (ID: vnr_2843)...
    -> Result: Success, Cost: 520.1044
  Processing request 2845/3000 (ID: vnr_2844)...
    -> Result: Success, Cost: 1370.9013
  Processing request 2846/3000 (ID: vnr_2845)...
    -> Result: Success, Cost: 2093.4452
  Processing request 2847/3000 (ID: vnr_2846)...
    -> Result: Success, Cost: 674.4873
  Processing request 2848/3000 (ID: vnr_2847)...
    -> Result: Success, Cost: 1156.2206
  Processing request 2849/3000 (ID: vnr_2848)...
    -> Result: Success, Cost: 269.3796
  Processing request 2850/3000 (ID: vnr_2849)...
    -> Result: Success, Cost: 1878.6953
  Processing request 2851/3000 (ID: vnr_2850)...
    -> Result: Success, Cost: 2071.4542
  Processing request 2852/3000 (ID: vnr_2851)...
    -> Result: Success, Cost: 2018.7052
  Processing request 2853/3000 (ID: vnr_2852)...
    -> Result: Success, Cost: 2433.0476
  Processing request 2854/3000 (ID: vnr_2853)...
    -> Result: Success, Cost: 1214.6616
  Processing request 2855/3000 (ID: vnr_2854)...
    -> Result: Success, Cost: 617.9083
  Processing request 2856/3000 (ID: vnr_2855)...
    -> Result: Success, Cost: 710.9169
  Processing request 2857/3000 (ID: vnr_2856)...
    -> Result: Success, Cost: 2533.2253
  Processing request 2858/3000 (ID: vnr_2857)...
    -> Result: Success, Cost: 1402.6019
  Processing request 2859/3000 (ID: vnr_2858)...
    -> Result: Success, Cost: 1372.2370
  Processing request 2860/3000 (ID: vnr_2859)...
    -> Result: Success, Cost: 852.1577
  Processing request 2861/3000 (ID: vnr_2860)...
    -> Result: Success, Cost: 1511.8100
  Processing request 2862/3000 (ID: vnr_2861)...
    -> Result: Success, Cost: 1061.5998
  Processing request 2863/3000 (ID: vnr_2862)...
    -> Result: Success, Cost: 582.3803
  Processing request 2864/3000 (ID: vnr_2863)...
    -> Result: Success, Cost: 135.3594
  Processing request 2865/3000 (ID: vnr_2864)...
    -> Result: Success, Cost: 2018.7388
  Processing request 2866/3000 (ID: vnr_2865)...
    -> Result: Success, Cost: 222.4741
  Processing request 2867/3000 (ID: vnr_2866)...
    -> Result: Success, Cost: 1584.3030
  Processing request 2868/3000 (ID: vnr_2867)...
    -> Result: Success, Cost: 601.6060
  Processing request 2869/3000 (ID: vnr_2868)...
    -> Result: Success, Cost: 389.7982
  Processing request 2870/3000 (ID: vnr_2869)...
    -> Result: Success, Cost: 2240.1930
  Processing request 2871/3000 (ID: vnr_2870)...
    -> Result: Success, Cost: 567.1575
  Processing request 2872/3000 (ID: vnr_2871)...
    -> Result: Success, Cost: 988.9427
  Processing request 2873/3000 (ID: vnr_2872)...
    -> Result: Success, Cost: 914.0520
  Processing request 2874/3000 (ID: vnr_2873)...
    -> Result: Success, Cost: 485.1298
  Processing request 2875/3000 (ID: vnr_2874)...
    -> Result: Success, Cost: 1694.6089
  Processing request 2876/3000 (ID: vnr_2875)...
    -> Result: Success, Cost: 1887.7457
  Processing request 2877/3000 (ID: vnr_2876)...
    -> Result: Success, Cost: 220.5686
  Processing request 2878/3000 (ID: vnr_2877)...
    -> Result: Success, Cost: 330.4365
  Processing request 2879/3000 (ID: vnr_2878)...
    -> Result: Success, Cost: 639.8432
  Processing request 2880/3000 (ID: vnr_2879)...
    -> Result: Success, Cost: 1265.5520
  Processing request 2881/3000 (ID: vnr_2880)...
    -> Result: Success, Cost: 179.7272
  Processing request 2882/3000 (ID: vnr_2881)...
    -> Result: Success, Cost: 896.7759
  Processing request 2883/3000 (ID: vnr_2882)...
    -> Result: Success, Cost: 1654.4820
  Processing request 2884/3000 (ID: vnr_2883)...
    -> Result: Success, Cost: 356.8313
  Processing request 2885/3000 (ID: vnr_2884)...
    -> Result: Success, Cost: 141.6392
  Processing request 2886/3000 (ID: vnr_2885)...
    -> Result: Success, Cost: 595.0427
  Processing request 2887/3000 (ID: vnr_2886)...
    -> Result: Success, Cost: 2435.1344
  Processing request 2888/3000 (ID: vnr_2887)...
    -> Result: Success, Cost: 2113.7756
  Processing request 2889/3000 (ID: vnr_2888)...
    -> Result: Success, Cost: 788.8189
  Processing request 2890/3000 (ID: vnr_2889)...
    -> Result: Success, Cost: 839.7622
  Processing request 2891/3000 (ID: vnr_2890)...
    -> Result: Success, Cost: 583.8809
  Processing request 2892/3000 (ID: vnr_2891)...
    -> Result: Success, Cost: 1211.2456
  Processing request 2893/3000 (ID: vnr_2892)...
    -> Result: Success, Cost: 2591.3004
  Processing request 2894/3000 (ID: vnr_2893)...
    -> Result: Failed, Cost: 0.0000
  Processing request 2895/3000 (ID: vnr_2894)...
    -> Result: Success, Cost: 694.9609
  Processing request 2896/3000 (ID: vnr_2895)...
    -> Result: Success, Cost: 555.5579
  Processing request 2897/3000 (ID: vnr_2896)...
    -> Result: Success, Cost: 1700.5210
  Processing request 2898/3000 (ID: vnr_2897)...
    -> Result: Success, Cost: 2454.4734
  Processing request 2899/3000 (ID: vnr_2898)...
    -> Result: Success, Cost: 528.6657
  Processing request 2900/3000 (ID: vnr_2899)...
    -> Result: Success, Cost: 433.8873
  Processing request 2901/3000 (ID: vnr_2900)...
    -> Result: Success, Cost: 1637.8679
  Processing request 2902/3000 (ID: vnr_2901)...
    -> Result: Success, Cost: 1152.7447
  Processing request 2903/3000 (ID: vnr_2902)...
    -> Result: Success, Cost: 713.5568
  Processing request 2904/3000 (ID: vnr_2903)...
    -> Result: Success, Cost: 278.9054
  Processing request 2905/3000 (ID: vnr_2904)...
    -> Result: Success, Cost: 1229.9237
  Processing request 2906/3000 (ID: vnr_2905)...
    -> Result: Success, Cost: 852.5890
  Processing request 2907/3000 (ID: vnr_2906)...
    -> Result: Success, Cost: 183.5072
  Processing request 2908/3000 (ID: vnr_2907)...
    -> Result: Success, Cost: 869.4413
  Processing request 2909/3000 (ID: vnr_2908)...
    -> Result: Success, Cost: 2129.3879
  Processing request 2910/3000 (ID: vnr_2909)...
    -> Result: Success, Cost: 2377.6994
  Processing request 2911/3000 (ID: vnr_2910)...
    -> Result: Success, Cost: 855.9450
  Processing request 2912/3000 (ID: vnr_2911)...
    -> Result: Success, Cost: 362.4401
  Processing request 2913/3000 (ID: vnr_2912)...
    -> Result: Success, Cost: 1108.7391
  Processing request 2914/3000 (ID: vnr_2913)...
    -> Result: Success, Cost: 783.8723
  Processing request 2915/3000 (ID: vnr_2914)...
    -> Result: Success, Cost: 265.4595
  Processing request 2916/3000 (ID: vnr_2915)...
    -> Result: Success, Cost: 147.5292
  Processing request 2917/3000 (ID: vnr_2916)...
    -> Result: Success, Cost: 148.8925
  Processing request 2918/3000 (ID: vnr_2917)...
    -> Result: Success, Cost: 744.2097
  Processing request 2919/3000 (ID: vnr_2918)...
    -> Result: Success, Cost: 2060.3705
  Processing request 2920/3000 (ID: vnr_2919)...
    -> Result: Success, Cost: 2332.0315
  Processing request 2921/3000 (ID: vnr_2920)...
    -> Result: Success, Cost: 734.0968
  Processing request 2922/3000 (ID: vnr_2921)...
    -> Result: Success, Cost: 1085.5541
  Processing request 2923/3000 (ID: vnr_2922)...
    -> Result: Success, Cost: 1417.8331
  Processing request 2924/3000 (ID: vnr_2923)...
    -> Result: Success, Cost: 435.2195
  Processing request 2925/3000 (ID: vnr_2924)...
    -> Result: Success, Cost: 530.8600
  Processing request 2926/3000 (ID: vnr_2925)...
    -> Result: Success, Cost: 364.5409
  Processing request 2927/3000 (ID: vnr_2926)...
    -> Result: Success, Cost: 1187.8626
  Processing request 2928/3000 (ID: vnr_2927)...
    -> Result: Success, Cost: 1582.7150
  Processing request 2929/3000 (ID: vnr_2928)...
    -> Result: Success, Cost: 2790.5663
  Processing request 2930/3000 (ID: vnr_2929)...
    -> Result: Success, Cost: 2045.5716
  Processing request 2931/3000 (ID: vnr_2930)...
    -> Result: Success, Cost: 792.9632
  Processing request 2932/3000 (ID: vnr_2931)...
    -> Result: Failed, Cost: 0.0000
  Processing request 2933/3000 (ID: vnr_2932)...
    -> Result: Success, Cost: 1244.9378
  Processing request 2934/3000 (ID: vnr_2933)...
    -> Result: Success, Cost: 487.4942
  Processing request 2935/3000 (ID: vnr_2934)...
    -> Result: Success, Cost: 140.9248
  Processing request 2936/3000 (ID: vnr_2935)...
    -> Result: Success, Cost: 1088.3479
  Processing request 2937/3000 (ID: vnr_2936)...
    -> Result: Success, Cost: 988.3730
  Processing request 2938/3000 (ID: vnr_2937)...
    -> Result: Success, Cost: 456.6661
  Processing request 2939/3000 (ID: vnr_2938)...
    -> Result: Success, Cost: 531.1333
  Processing request 2940/3000 (ID: vnr_2939)...
    -> Result: Success, Cost: 1848.0891
  Processing request 2941/3000 (ID: vnr_2940)...
    -> Result: Success, Cost: 541.2538
  Processing request 2942/3000 (ID: vnr_2941)...
    -> Result: Success, Cost: 899.6482
  Processing request 2943/3000 (ID: vnr_2942)...
    -> Result: Success, Cost: 810.1016
  Processing request 2944/3000 (ID: vnr_2943)...
    -> Result: Success, Cost: 257.2732
  Processing request 2945/3000 (ID: vnr_2944)...
    -> Result: Success, Cost: 532.0237
  Processing request 2946/3000 (ID: vnr_2945)...
    -> Result: Success, Cost: 140.4848
  Processing request 2947/3000 (ID: vnr_2946)...
    -> Result: Success, Cost: 565.2368
  Processing request 2948/3000 (ID: vnr_2947)...
    -> Result: Success, Cost: 113.6411
  Processing request 2949/3000 (ID: vnr_2948)...
    -> Result: Failed, Cost: 0.0000
  Processing request 2950/3000 (ID: vnr_2949)...
    -> Result: Success, Cost: 286.6776
  Processing request 2951/3000 (ID: vnr_2950)...
    -> Result: Success, Cost: 327.6572
  Processing request 2952/3000 (ID: vnr_2951)...
    -> Result: Success, Cost: 1078.0663
  Processing request 2953/3000 (ID: vnr_2952)...
    -> Result: Success, Cost: 1298.4185
  Processing request 2954/3000 (ID: vnr_2953)...
    -> Result: Success, Cost: 670.4248
  Processing request 2955/3000 (ID: vnr_2954)...
    -> Result: Success, Cost: 2078.9500
  Processing request 2956/3000 (ID: vnr_2955)...
    -> Result: Success, Cost: 2704.8994
  Processing request 2957/3000 (ID: vnr_2956)...
    -> Result: Success, Cost: 630.5116
  Processing request 2958/3000 (ID: vnr_2957)...
    -> Result: Success, Cost: 1629.3040
  Processing request 2959/3000 (ID: vnr_2958)...
    -> Result: Success, Cost: 1177.3581
  Processing request 2960/3000 (ID: vnr_2959)...
    -> Result: Success, Cost: 324.8616
  Processing request 2961/3000 (ID: vnr_2960)...
    -> Result: Success, Cost: 2760.6555
  Processing request 2962/3000 (ID: vnr_2961)...
    -> Result: Success, Cost: 983.8486
  Processing request 2963/3000 (ID: vnr_2962)...
    -> Result: Success, Cost: 1103.9469
  Processing request 2964/3000 (ID: vnr_2963)...
    -> Result: Success, Cost: 1447.3778
  Processing request 2965/3000 (ID: vnr_2964)...
    -> Result: Success, Cost: 407.4445
  Processing request 2966/3000 (ID: vnr_2965)...
    -> Result: Success, Cost: 1984.8939
  Processing request 2967/3000 (ID: vnr_2966)...
    -> Result: Success, Cost: 984.0561
  Processing request 2968/3000 (ID: vnr_2967)...
    -> Result: Success, Cost: 669.8077
  Processing request 2969/3000 (ID: vnr_2968)...
    -> Result: Success, Cost: 1223.5052
  Processing request 2970/3000 (ID: vnr_2969)...
    -> Result: Success, Cost: 2552.4705
  Processing request 2971/3000 (ID: vnr_2970)...
    -> Result: Success, Cost: 1559.5806
  Processing request 2972/3000 (ID: vnr_2971)...
    -> Result: Success, Cost: 1960.5248
  Processing request 2973/3000 (ID: vnr_2972)...
    -> Result: Success, Cost: 1292.4948
  Processing request 2974/3000 (ID: vnr_2973)...
    -> Result: Success, Cost: 1413.8420
  Processing request 2975/3000 (ID: vnr_2974)...
    -> Result: Success, Cost: 276.7782
  Processing request 2976/3000 (ID: vnr_2975)...
    -> Result: Success, Cost: 865.8401
  Processing request 2977/3000 (ID: vnr_2976)...
    -> Result: Success, Cost: 1264.3221
  Processing request 2978/3000 (ID: vnr_2977)...
    -> Result: Success, Cost: 588.1162
  Processing request 2979/3000 (ID: vnr_2978)...
    -> Result: Success, Cost: 725.1652
  Processing request 2980/3000 (ID: vnr_2979)...
    -> Result: Success, Cost: 568.5136
  Processing request 2981/3000 (ID: vnr_2980)...
    -> Result: Success, Cost: 304.1162
  Processing request 2982/3000 (ID: vnr_2981)...
    -> Result: Success, Cost: 355.1576
  Processing request 2983/3000 (ID: vnr_2982)...
    -> Result: Success, Cost: 1143.2325
  Processing request 2984/3000 (ID: vnr_2983)...
    -> Result: Success, Cost: 2227.2159
  Processing request 2985/3000 (ID: vnr_2984)...
    -> Result: Success, Cost: 2497.2618
  Processing request 2986/3000 (ID: vnr_2985)...
    -> Result: Success, Cost: 329.7567
  Processing request 2987/3000 (ID: vnr_2986)...
    -> Result: Success, Cost: 428.3386
  Processing request 2988/3000 (ID: vnr_2987)...
    -> Result: Success, Cost: 570.0444
  Processing request 2989/3000 (ID: vnr_2988)...
    -> Result: Success, Cost: 2257.6173
  Processing request 2990/3000 (ID: vnr_2989)...
    -> Result: Success, Cost: 1411.5036
  Processing request 2991/3000 (ID: vnr_2990)...
    -> Result: Success, Cost: 113.6350
  Processing request 2992/3000 (ID: vnr_2991)...
    -> Result: Success, Cost: 179.5903
  Processing request 2993/3000 (ID: vnr_2992)...
    -> Result: Success, Cost: 271.3477
  Processing request 2994/3000 (ID: vnr_2993)...
    -> Result: Success, Cost: 651.0361
  Processing request 2995/3000 (ID: vnr_2994)...
    -> Result: Success, Cost: 1382.4084
  Processing request 2996/3000 (ID: vnr_2995)...
    -> Result: Success, Cost: 297.8468
  Processing request 2997/3000 (ID: vnr_2996)...
    -> Result: Success, Cost: 992.1864
  Processing request 2998/3000 (ID: vnr_2997)...
    -> Result: Success, Cost: 909.1231
  Processing request 2999/3000 (ID: vnr_2998)...
    -> Result: Success, Cost: 350.4325
  Processing request 3000/3000 (ID: vnr_2999)...
    -> Result: Success, Cost: 1138.6733
Completed processing. Successfully calculated 2807 out of 3000 requests.
Saving solutions to results/scenario_stress/run_1/solutions_rl_oa_mp_vne.json...
Done!
