timestamp,avg_reward,total_loss,node_loss,link_loss,cand_loss
1777452080.60029,0.563536,-13.379852,-0.405844,-1.243295,-11.730713
1777452087.041878,0.501229,-7.975378,-0.247550,-0.831828,-6.895999
1777452091.741183,0.550866,-8.674616,-0.264955,-0.835092,-7.574569
1777452097.543245,0.518647,-11.823748,-0.367081,-1.280983,-10.175684
1777452103.0857441,0.567424,-16.411476,-0.495147,-1.657448,-14.258882
1777452108.3161259,0.530473,-6.765746,-0.221002,-0.756314,-5.788430
1777452115.000551,0.517053,-9.748840,-0.309172,-1.100949,-8.338718
1777452119.068819,0.575190,-10.281589,-0.307739,-0.752587,-9.221263
1777452125.05994,0.493416,-5.502067,-0.185617,-0.593233,-4.723217
1777452132.4946802,0.520859,-15.768634,-0.489486,-1.755144,-13.524004
1777452139.55557,0.521138,-12.361811,-0.377706,-1.355158,-10.628946
1777452143.278205,0.566247,-8.331682,-0.252649,-0.887717,-7.191316
1777452148.5206962,0.515739,-9.282863,-0.277735,-0.994949,-8.010178
1777452154.714554,0.539673,-15.185976,-0.475719,-1.797037,-12.913219
1777452160.3284218,0.534581,-12.949950,-0.407513,-1.162053,-11.380384
1777452166.071722,0.520240,-11.193362,-0.341453,-1.093038,-9.758871
1777452170.8855848,0.532793,-5.285222,-0.166184,-0.611194,-4.507843
1777452176.325096,0.555997,-14.329860,-0.440816,-1.499870,-12.389174
1777452181.222562,0.569411,-9.191986,-0.281850,-0.708017,-8.202118
1777452185.220187,0.544781,-9.737974,-0.298952,-0.919556,-8.519466
1777452191.1260102,0.466125,-3.533893,-0.115684,-0.401322,-3.016887
1777452195.883075,0.543858,-10.408735,-0.315147,-0.961162,-9.132426
1777452203.455828,0.522806,-13.484354,-0.408908,-1.527251,-11.548195
1777452207.020086,0.556107,-11.098783,-0.334353,-0.953380,-9.811050
1777452210.882308,0.591195,-7.134074,-0.211595,-0.687541,-6.234938
1777452216.268103,0.566152,-10.333540,-0.327509,-1.118155,-8.887877
1777452221.845533,0.551596,-13.037605,-0.397866,-1.184289,-11.455451
1777452228.428541,0.505325,-9.902792,-0.302359,-1.037513,-8.562921
1777452235.6092522,0.530525,-11.444560,-0.362258,-1.347590,-9.734713
1777452241.502364,0.500478,-7.621801,-0.244266,-0.688227,-6.689308
1777452246.781949,0.612760,-12.194281,-0.371656,-1.296800,-10.525825
1777452251.235772,0.534471,-4.855179,-0.141414,-0.409994,-4.303771
1777452256.101629,0.524101,-6.297357,-0.189728,-0.532587,-5.575042
1777452263.568415,0.479811,-4.828642,-0.151541,-0.559545,-4.117556
1777452269.338149,0.543405,-10.265900,-0.318317,-1.105052,-8.842531
1777452276.730975,0.553475,-17.514605,-0.545611,-2.025021,-14.943972
1777452283.9182699,0.522573,-10.159047,-0.328588,-1.230744,-8.599715
1777452289.244124,0.542268,-8.522793,-0.265702,-0.759033,-7.498057
1777452293.40206,0.552667,-10.252180,-0.319837,-0.856045,-9.076299
1777452300.322937,0.546390,-10.853542,-0.345625,-1.348517,-9.159401
1777452305.663689,0.524062,-5.816377,-0.186450,-0.638045,-4.991882
1777452311.596595,0.527546,-9.712301,-0.298213,-1.079529,-8.334558
1777452318.5487869,0.532173,-12.570230,-0.394726,-1.291988,-10.883515
1777452326.3665762,0.493454,-8.504046,-0.263209,-0.904171,-7.336667
1777452330.848292,0.574499,-11.978424,-0.359480,-1.227593,-10.391351
1777452335.415047,0.586178,-8.621870,-0.261853,-0.758769,-7.601248
1777452340.951741,0.565894,-13.622588,-0.408672,-1.299940,-11.913977
1777452347.1490529,0.524836,-6.278018,-0.203197,-0.760234,-5.314586
1777452355.245872,0.479889,-8.367486,-0.269508,-1.097510,-7.000469
1777452361.702178,0.530811,-9.088531,-0.275156,-0.976361,-7.837014
1777452367.718313,0.542992,-10.897867,-0.347701,-1.225442,-9.324724
1777452373.319254,0.549216,-12.224840,-0.372202,-1.259935,-10.592703
1777452379.745259,0.548485,-16.834202,-0.518489,-1.923500,-14.392214
1777452384.457716,0.541227,-4.912026,-0.153025,-0.502217,-4.256784
1777452392.537101,0.492757,-12.316955,-0.383692,-1.487435,-10.445827
1777452399.736725,0.535931,-12.511807,-0.385415,-1.417907,-10.708485
1777452407.930563,0.519180,-12.459382,-0.394837,-1.460412,-10.604133
1777452414.600297,0.524844,-8.725151,-0.260444,-0.975580,-7.489128
1777452421.9932082,0.571940,-16.331686,-0.505297,-1.703514,-14.122875
1777452430.3026319,0.521559,-12.176601,-0.377033,-1.375897,-10.423672
1777452439.3682518,0.509067,-10.724210,-0.328580,-1.129924,-9.265706
1777452444.936196,0.579555,-13.195584,-0.395378,-1.335919,-11.464288
1777452451.797809,0.489805,-6.962798,-0.214406,-0.926469,-5.821924
1777452458.410474,0.559542,-13.245507,-0.403967,-1.502330,-11.339211
1777452464.729478,0.514091,-10.314577,-0.332181,-1.100429,-8.881967
1777452472.198347,0.542977,-13.679646,-0.429035,-1.599200,-11.651411
1777452478.624017,0.546791,-10.252571,-0.318434,-0.943251,-8.990887
1777452485.213135,0.573480,-18.114531,-0.558408,-1.851490,-15.704633
1777452490.1960871,0.600783,-9.849652,-0.298704,-0.816239,-8.734710
1777452496.18683,0.589747,-13.580954,-0.400083,-1.419392,-11.761478
1777452502.862658,0.511060,-4.539468,-0.136313,-0.469619,-3.933536
1777452506.268128,0.585305,-10.531885,-0.312815,-0.917903,-9.301167
1777452511.531988,0.544815,-9.208727,-0.284872,-0.875129,-8.048726
1777452518.0479639,0.507983,-9.063289,-0.287411,-0.948027,-7.827851
1777452522.594194,0.556668,-6.116011,-0.180933,-0.591749,-5.343328
1777452527.5508192,0.531398,-5.252786,-0.176027,-0.712523,-4.364236
1777452534.443648,0.544195,-12.198990,-0.397521,-1.307495,-10.493975
1777452539.4305549,0.565979,-14.119173,-0.444457,-1.544351,-12.130366
1777452544.718668,0.567090,-6.542736,-0.199041,-0.528416,-5.815279
1777452550.164371,0.533366,-7.000939,-0.215592,-0.751012,-6.034335
1777452558.60182,0.513098,-6.661038,-0.218877,-0.896169,-5.545993
1777452563.716129,0.563584,-4.891320,-0.152683,-0.555638,-4.183000
1777452570.388018,0.559406,-13.666215,-0.416720,-1.288983,-11.960512
1777452580.326834,0.469807,-8.133007,-0.266135,-1.077866,-6.789005
1777452586.653009,0.511074,-6.145288,-0.197754,-0.758508,-5.189025
1777452593.2847202,0.515964,-10.142408,-0.323997,-1.108339,-8.710073
1777452597.328423,0.586571,-11.258236,-0.357413,-1.088156,-9.812667
1777452603.53161,0.540734,-10.328264,-0.326222,-1.079119,-8.922923
1777452609.983992,0.558052,-9.609046,-0.295044,-0.954232,-8.359770
1777452617.265567,0.521144,-10.671910,-0.331453,-1.173005,-9.167452
1777452626.8100102,0.514607,-7.805070,-0.238809,-0.971065,-6.595197
1777452634.588141,0.497661,-8.278607,-0.257858,-1.140771,-6.879979
1777452641.97215,0.492032,-10.031669,-0.311147,-1.145246,-8.575275
1777452646.111862,0.598536,-6.462831,-0.188695,-0.594162,-5.679974
1777452653.9552379,0.509751,-11.132093,-0.346141,-1.118409,-9.667543
1777452662.4271019,0.493490,-13.883356,-0.431806,-1.543474,-11.908076
1777452673.617573,0.465008,-10.996125,-0.331004,-1.193366,-9.471756
1777452679.5477571,0.568279,-13.878591,-0.418052,-1.381314,-12.079225
1777452685.935067,0.515688,-9.200654,-0.281539,-0.884725,-8.034390
1777452694.054071,0.498982,-8.815485,-0.270594,-0.899135,-7.645756
1777452700.7453299,0.544566,-11.231119,-0.346243,-1.214608,-9.670268
1777452706.753956,0.544072,-10.134530,-0.303714,-0.919053,-8.911764
1777452714.3410602,0.497718,-8.181296,-0.265231,-1.030236,-6.885829
1777452721.5240262,0.520718,-12.606392,-0.397663,-1.464600,-10.744129
1777452728.970686,0.537272,-13.404652,-0.425058,-1.392539,-11.587054
1777452733.736285,0.530261,-6.156717,-0.190667,-0.559681,-5.406368
1777452739.529962,0.566007,-6.055997,-0.182018,-0.556684,-5.317294
1777452745.844416,0.521534,-7.751287,-0.242367,-0.888239,-6.620682
1777452752.523422,0.550733,-8.015493,-0.244815,-0.743212,-7.027466
1777452760.436927,0.509372,-7.330987,-0.236340,-0.864244,-6.230402
1777452767.246528,0.526995,-8.286514,-0.263448,-0.774829,-7.248238
1777452773.490935,0.508218,-7.735405,-0.245472,-0.847312,-6.642621
1777452783.8750389,0.495395,-11.076184,-0.351197,-1.489363,-9.235624
1777452789.735563,0.545484,-7.173983,-0.213249,-0.566029,-6.394705
1777452797.269094,0.537120,-4.100512,-0.125152,-0.515208,-3.460151
1777452805.2344398,0.520102,-10.149784,-0.325286,-1.232667,-8.591831
1777452814.006485,0.486044,-8.577175,-0.270334,-0.950283,-7.356559
1777452823.7157109,0.482934,-11.569052,-0.362994,-1.385926,-9.820131
1777452832.926343,0.491473,-4.845868,-0.148987,-0.574447,-4.122434
1777452838.285076,0.600237,-10.918842,-0.329390,-1.178888,-9.410564
1777452845.972028,0.524719,-7.429843,-0.230541,-0.709902,-6.489400
1777452853.031219,0.512443,-7.520183,-0.228563,-0.790280,-6.501340
1777452860.56805,0.499724,-4.793225,-0.147532,-0.419914,-4.225780
1777452867.314965,0.516875,-9.843231,-0.304272,-1.021450,-8.517509
1777452873.512456,0.524659,-6.247212,-0.205904,-0.800775,-5.240533
1777452886.600024,0.396002,-2.918632,-0.108524,-0.528270,-2.281837
1777452900.75951,0.412188,-5.976883,-0.274826,-1.263693,-4.438364
1777452910.864814,0.464155,-9.605326,-0.392125,-2.264042,-6.949159
1777452920.964118,0.461545,-14.365679,-0.587533,-2.812311,-10.965836
1777452929.0336268,0.467634,-5.344686,-0.196247,-1.211573,-3.936866
1777452938.3820748,0.458532,-9.999617,-0.403486,-1.933964,-7.662167
1777452946.210346,0.513918,-14.262491,-0.587599,-2.949872,-10.725019
1777452957.1258628,0.401770,-5.789291,-0.234738,-1.069528,-4.485025
1777452965.5806432,0.465555,-4.698167,-0.209301,-1.056102,-3.432764
1777452974.64008,0.423459,-4.756780,-0.214030,-0.953348,-3.589402
1777452985.851702,0.421232,-7.217506,-0.339321,-1.762604,-5.115582
1777452994.957056,0.458163,-6.319326,-0.293020,-1.323371,-4.702936
1777453003.760671,0.446545,-4.933847,-0.244925,-1.252686,-3.436236
1777453013.510537,0.423609,-8.303196,-0.362455,-1.661990,-6.278750
1777453024.0441449,0.407218,-4.834445,-0.360234,-1.507859,-2.966351
1777453032.264259,0.371077,-0.548067,-0.052034,-0.188182,-0.307851
1777453040.226657,0.222140,-2.384485,-0.603245,-4.560922,2.779682
1777453051.207242,0.077820,3.671375,-0.210133,-0.768054,4.649562
1777453065.073401,0.231485,24.487276,0.871221,4.523466,19.092588
1777453071.800705,0.429550,-3.960648,-0.217724,-0.786937,-2.955986
1777453080.407118,0.404310,-2.707667,-0.183925,-0.721124,-1.802617
1777453088.8980951,0.400205,-2.564097,-0.147007,-0.744139,-1.672951
1777453096.057944,0.392999,-0.957764,-0.078722,-0.391824,-0.487218
1777453104.337709,0.223716,7.219972,0.044885,-0.087684,7.262771
1777453112.301646,0.432902,-2.315567,-0.199810,-1.002965,-1.112792
1777453123.4858298,0.405009,-2.056500,-0.181763,-0.682854,-1.191882
1777453134.754797,0.396261,-3.886753,-0.387043,-1.517485,-1.982225
1777453140.665031,-0.049037,2.261903,-0.783229,-2.945550,5.990682
1777453145.193732,-0.450455,14.265628,-0.217673,-1.642236,16.125536
1777453150.182335,-0.292911,-9.231150,-1.370143,-7.836273,-0.024734
1777453154.192961,0.026748,-5.282255,-1.419080,-4.942774,1.079599
1777453165.6106932,0.099470,8.565865,-0.473697,-4.290339,13.329900
1777453169.5269399,-0.275556,19.798185,-0.733274,-2.018292,22.549751
1777453177.4124649,0.144488,11.666718,0.171924,1.103247,10.391547
1777453180.181011,-0.311881,-22.055889,-1.786609,-8.619910,-11.649370
1777453184.6581728,-0.322491,-11.393578,-0.770116,-3.258643,-7.364820
1777453194.371336,-0.024134,-11.788567,-1.039217,-6.472055,-4.277294
1777453202.253901,-0.300859,24.279448,-0.144411,-0.926761,25.350620
1777453209.013828,-0.136641,13.155129,-0.476373,-1.855213,15.486715
1777453216.462411,0.292438,-11.456360,-1.038320,-4.804142,-5.613898
1777453226.947047,0.391566,-4.669925,-0.232389,-1.085089,-3.352447
1777453235.1156218,0.419381,-0.996287,-0.078032,-0.282137,-0.636118
1777453245.795767,0.414721,-2.153098,-0.152646,-0.769375,-1.231077
1777453258.591003,0.393410,-5.512166,-0.256147,-1.120616,-4.135403
1777453271.1502762,0.389272,-2.160287,-0.098119,-0.639599,-1.422569
1777453279.470078,0.414558,-0.926602,-0.047785,-0.220370,-0.658448
1777453287.6495821,0.462189,-6.558723,-0.297596,-1.584105,-4.677022
1777453296.694407,0.411724,-3.143582,-0.174473,-0.650942,-2.318167
1777453303.827174,0.439134,-5.953259,-0.254139,-0.916698,-4.782422
1777453316.7692008,0.385542,-3.541324,-0.165649,-0.802639,-2.573036
1777453329.612254,0.376158,-5.197994,-0.234028,-0.985438,-3.978528
1777453342.598688,0.383273,-2.397442,-0.125319,-0.703424,-1.568698
1777453353.418968,0.402845,-2.713204,-0.218306,-0.805423,-1.689475
1777453366.04546,0.415108,-2.958665,-0.183497,-1.049329,-1.725839
1777453377.1143832,0.412962,-4.469409,-0.260379,-1.177871,-3.031159
1777453391.1612291,0.448925,-13.243307,-0.579490,-2.762057,-9.901761
1777453406.5865338,0.392233,-7.893675,-0.397238,-2.286852,-5.209586
1777453419.1926389,0.430202,-10.624480,-0.568150,-2.564902,-7.491428
1777453431.4985862,0.364951,-1.949585,-0.152223,-0.716949,-1.080413
1777453438.3594759,-0.147677,0.407085,-0.108179,1.370703,-0.855439
1777453446.9234838,0.286647,-2.637450,-0.528533,-3.369264,1.260347
1777453458.714921,0.398299,-1.938897,-0.137485,-0.669368,-1.132045
1777453466.774721,0.083194,15.632468,-0.035371,1.119970,14.547870
1777453473.7295759,-0.024054,-26.526817,-1.856329,-5.961673,-18.708815
1777453485.6836522,0.288157,5.586634,0.129003,1.012510,4.445121
1777453494.300021,-0.010538,-0.624563,-0.648547,-3.406026,3.430009
1777453504.829921,0.405472,-3.899703,-0.285266,-1.363697,-2.250740
1777453517.2280838,0.399726,-5.907161,-0.286659,-1.352534,-4.267967
1777453527.050208,0.284412,1.946465,-0.124003,0.000247,2.070221
1777453539.2043772,0.371275,-2.732427,-0.131552,-0.823552,-1.777323
1777453548.857878,0.415211,-2.121346,-0.175699,-0.872018,-1.073629
1777453558.2853608,0.441464,-7.674411,-0.415736,-1.742208,-5.516467
1777453566.3876119,0.417230,-1.359598,-0.108488,-0.525059,-0.726051
1777453575.722187,0.459373,-7.052722,-0.352587,-1.398434,-5.301701
1777453586.71986,0.409415,-3.595546,-0.187668,-0.977598,-2.430281
1777453597.2867022,0.445028,-9.927298,-0.510853,-2.162967,-7.253478
1777453604.8984268,0.437852,-3.560946,-0.166402,-0.611616,-2.782929
1777453620.590796,0.410995,-9.284664,-0.474521,-2.137232,-6.672911
1777453627.142741,0.433592,-2.433060,-0.202013,-0.783119,-1.447927
1777453641.4692202,0.235545,2.515257,-0.027310,0.557734,1.984833
1777453653.471668,0.419572,-4.770722,-0.302929,-1.300490,-3.167303
1777453665.913425,0.394949,-1.091802,-0.148643,-0.743780,-0.199378
1777453673.645153,0.128468,17.597647,0.142486,0.177689,17.277472
1777453681.358618,-0.181109,1.638517,-0.654482,-3.399004,5.692003
1777453688.802311,-0.024335,-4.857625,-0.557597,-1.797583,-2.502445
1777453696.944323,0.444402,-1.130184,-0.145593,-0.519193,-0.465399
1777453707.66894,0.410673,-2.555970,-0.101013,-0.555246,-1.899710
1777453721.811518,0.346520,-2.117659,-0.099730,-0.453089,-1.564840
1777453732.661973,0.377388,-1.666030,-0.067571,-0.360706,-1.237754
1777453742.921557,0.393592,-0.828085,-0.101487,-0.601742,-0.124856
1777453749.444503,-0.011819,-6.371735,-0.755495,-5.080533,-0.535707
1777453756.7850392,0.298658,5.620958,0.232839,0.859930,4.528189
1777453773.9997408,0.415320,-7.686917,-0.489753,-2.638202,-4.558962
1777453786.785088,0.412866,-3.110461,-0.183095,-0.841630,-2.085737
1777453797.6004522,0.391155,-2.319544,-0.207065,-0.966269,-1.146210
1777453807.972718,0.423163,-6.046895,-0.281580,-1.466971,-4.298345
1777453819.913655,0.431315,-10.918516,-0.488459,-2.533452,-7.896605
1777453832.499317,0.386793,-3.342436,-0.214889,-0.975580,-2.151967
1777453842.1500428,0.439422,-6.706294,-0.413380,-1.602199,-4.690716
1777453853.964003,0.082511,10.375336,0.043668,1.470883,8.860785
1777453861.0889752,0.245249,3.225770,-0.418886,-0.863382,4.508038
1777453870.157975,0.285920,15.863507,0.369606,1.172953,14.320949
1777453881.947291,0.382906,0.178262,-0.022995,-0.273702,0.474959
1777453890.4435909,0.452745,-6.190269,-0.367018,-1.500138,-4.323112
1777453897.3225741,0.113208,-13.316191,-1.150207,-8.026175,-4.139809
1777453903.9922628,0.264143,-9.511433,-0.765337,-2.970044,-5.776052
1777453912.232966,0.082519,-21.186544,-1.626845,-7.881334,-11.678366
1777453918.567331,-0.300633,25.753277,0.048108,0.028301,25.676868
1777453924.766516,-0.468312,-2.267809,-0.157131,0.282751,-2.393429
1777453933.330148,0.284756,-22.067165,-0.930142,-4.339713,-16.797312
1777453948.866128,0.388716,-2.022443,-0.178045,-0.767030,-1.077369
1777453956.3128488,0.115822,-4.513416,-0.430787,-2.823189,-1.259440
1777453968.236521,0.283713,-3.136526,-0.375345,-1.671818,-1.089363
1777453979.177877,0.292451,-5.329340,-1.301551,-7.162697,3.134907
1777453991.733643,0.383050,-2.927345,-0.182649,-1.010445,-1.734251
1777454002.033071,0.098887,4.368754,-0.140237,-2.314762,6.823753
1777454009.688098,-0.181193,30.774349,1.037506,6.342536,23.394306
1777454014.773393,-0.277820,-1.471023,-0.316523,-3.668671,2.514171
1777454025.1613472,0.296802,9.438064,0.353394,1.751520,7.333150
1777454036.026964,0.102621,-7.792467,-0.374018,-3.936636,-3.481812
1777454045.39187,0.466432,-7.297326,-0.375100,-1.969071,-4.953155
1777454061.6641111,0.349158,-1.932688,-0.128506,-0.647564,-1.156618
1777454071.484533,0.223250,3.246087,-0.100978,0.798322,2.548743
1777454081.640491,0.122458,5.021908,0.040449,-0.425891,5.407350
1777454086.599948,-0.431513,9.709571,0.138375,2.285477,7.285719
1777454097.5887098,0.408468,-3.590623,-0.226542,-0.951000,-2.413082
1777454105.94502,0.413209,-4.052564,-0.192458,-0.746763,-3.113343
1777454115.835029,0.422947,-3.505770,-0.289615,-1.228928,-1.987227
1777454128.816926,0.392758,-5.070511,-0.220549,-1.073782,-3.776181
1777454138.8359559,0.388767,-1.385459,-0.097429,-0.447799,-0.840231
1777454145.548447,0.081605,-5.313640,-1.156342,-6.972280,2.814982
1777454153.512745,-0.317179,8.388753,0.207759,1.348482,6.832513
1777454166.756979,0.099215,25.317314,0.821562,5.556790,18.938961
1777454177.195594,0.132536,2.449542,-0.634905,-5.504386,8.588832
1777454188.286898,0.085830,22.116961,0.498715,1.879251,19.738995
1777454195.19112,0.305688,-11.697893,-0.781168,-5.014272,-5.902454
1777454210.285713,0.375658,-1.912643,-0.151830,-0.653731,-1.107082
1777454218.9447198,0.433824,-2.160818,-0.197870,-0.758546,-1.204401
1777454233.44505,0.369331,-2.030257,-0.080197,-0.358865,-1.591195
1777454251.53725,0.368923,-2.639615,-0.123930,-0.612543,-1.903143
1777454263.912639,0.393018,-6.656849,-0.342380,-1.420612,-4.893857
1777454274.822921,0.421212,-6.981631,-0.379607,-1.670553,-4.931470
1777454282.604736,0.395143,-1.529168,-0.074691,-0.277318,-1.177159
1777454293.466141,0.398552,-4.187802,-0.193397,-0.642437,-3.351968
1777454304.04203,0.409246,-6.987906,-0.326947,-1.566928,-5.094031
1777454312.223957,0.446090,-5.037188,-0.375471,-1.318811,-3.342906
1777454326.048362,0.211655,-6.468916,-0.480935,-2.189537,-3.798444
1777454333.720722,-0.046153,11.255170,0.095755,0.300624,10.858790
1777454340.667254,0.267993,-11.502471,-1.031891,-3.921965,-6.548615
1777454349.3149922,0.458586,-7.072345,-0.315310,-1.315372,-5.441663
1777454358.6216938,0.380235,-1.340668,-0.035809,-0.179373,-1.125485
1777454369.737663,0.391053,-3.175901,-0.148441,-0.711379,-2.316081
1777454379.79337,0.416552,-1.816552,-0.232327,-1.183797,-0.400427
1777454391.542251,0.076103,25.938181,0.590080,3.797147,21.550955
1777454396.248703,0.037530,10.139426,-0.604846,-1.345751,12.090022
1777454408.464679,0.430755,-3.311664,-0.155780,-0.992067,-2.163817
1777454416.30632,0.430580,-1.374732,-0.075253,-0.326769,-0.972710
1777454425.166579,0.479938,-7.274682,-0.406444,-1.807652,-5.060586
1777454435.378873,0.409122,-4.150170,-0.269784,-1.128077,-2.752308
1777454445.740521,0.259947,-5.682563,-0.647893,-2.109906,-2.924764
1777454454.566119,0.430752,-2.402480,-0.132811,-0.511684,-1.757986
1777454468.4971058,0.382242,-3.517650,-0.201660,-1.400444,-1.915546
1777454477.094784,0.101027,-20.396826,-1.141780,-3.635246,-15.619800
1777454487.462542,0.422036,-3.905602,-0.184983,-0.907214,-2.813405
1777454499.186372,0.386017,-2.908203,-0.134883,-0.547244,-2.226076
1777454508.667198,0.448402,-5.099836,-0.190262,-0.959255,-3.950320
1777454516.9283671,0.448335,-8.926678,-0.388670,-1.753217,-6.784791
1777454524.716676,0.420912,-3.974942,-0.170686,-0.698013,-3.106244
1777454535.790585,0.398250,-4.732227,-0.229707,-1.141212,-3.361308
1777454545.480829,0.389944,-1.205734,-0.060027,-0.278536,-0.867171
1777454557.238991,0.395298,-4.716704,-0.181301,-0.877912,-3.657490
1777454573.045842,0.392270,-8.546503,-0.443284,-2.310930,-5.792289
1777454587.450251,0.390341,-3.565908,-0.202413,-0.988829,-2.374666
1777454602.566375,0.409393,-2.961178,-0.167629,-0.783821,-2.009727
1777454627.6296692,0.412139,-2.261359,-0.132386,-0.879417,-1.249557
1777454664.311478,0.403043,-2.246231,-0.107592,-0.685914,-1.452725
1777454683.537915,0.400214,-5.926626,-0.290681,-1.345104,-4.290841
1777454696.28477,0.413798,-2.232175,-0.149628,-0.591016,-1.491531
1777454716.754534,0.383469,-3.795276,-0.199326,-0.894779,-2.701171
1777454729.42865,0.416767,-7.122702,-0.362773,-1.580816,-5.179113
1777454739.9241111,0.426980,-3.504005,-0.198425,-0.827739,-2.477841
1777454750.1680799,0.447294,-7.216119,-0.372571,-1.595586,-5.247962
1777454764.417451,0.365900,-5.313057,-0.256129,-1.100206,-3.956722
1777454776.128629,0.379463,0.196071,-0.043068,-0.122742,0.361881
1777454790.0488908,0.241160,9.818122,0.307326,1.712079,7.798717
1777454802.491054,0.410565,-1.841810,-0.117066,-0.535122,-1.189622
1777454815.236804,0.409026,-1.392915,-0.073629,-0.390424,-0.928862
1777454826.0242078,0.407865,-1.823841,-0.131857,-0.429036,-1.262949
1777454836.189728,0.466442,-8.237355,-0.470320,-2.283324,-5.483711
1777454842.608858,0.463933,-2.498330,-0.145688,-0.461654,-1.890988
1777454854.106019,0.461476,-10.427619,-0.496769,-2.631654,-7.299195
1777454862.9618309,0.416010,-3.405429,-0.178097,-0.850318,-2.377013
1777454872.680128,0.406485,-5.345315,-0.283274,-1.105417,-3.956625
1777454891.868271,0.357696,-0.530852,-0.023407,-0.041637,-0.465808
1777454903.271795,0.233302,-16.903776,-0.942741,-4.809218,-11.151817
1777454913.151851,0.242763,-3.124627,-0.524521,-3.895364,1.295258
1777454921.139421,0.400488,-0.917035,-0.045169,-0.136553,-0.735313
1777454930.459952,0.257153,6.439672,-0.311326,-0.065863,6.816861
1777454945.049263,0.386347,-2.763792,-0.260969,-1.076069,-1.426753
1777454956.038058,0.419906,-5.456462,-0.284686,-1.254969,-3.916807
1777454967.223457,0.439434,-4.547449,-0.262363,-1.133781,-3.151305
1777454980.149131,0.371425,-1.828000,-0.133578,-0.545991,-1.148431
1777454991.948164,0.441453,-3.994629,-0.218370,-0.905665,-2.870594
1777455007.073353,0.427778,-2.848530,-0.147273,-0.686353,-2.014904
1777455016.0695,0.413699,-1.897887,-0.101107,-0.406645,-1.390135
1777455026.498533,0.439093,-4.973829,-0.284029,-1.058847,-3.630952
1777455039.671718,0.371012,-2.231708,-0.128388,-0.678968,-1.424351
1777455053.679647,0.435239,-7.627356,-0.378625,-1.502950,-5.745781
1777455064.7551308,0.428121,-5.386938,-0.259083,-1.424318,-3.703536
1777455074.91605,0.426969,-7.152886,-0.379180,-1.454829,-5.318877
1777455088.2936242,0.386742,-3.468551,-0.176116,-0.917641,-2.374793
1777455099.442528,0.419799,-3.300166,-0.145056,-0.721178,-2.433933
1777455111.332907,0.403663,-1.860958,-0.070201,-0.307595,-1.483163
1777455121.608659,0.377618,-1.549736,-0.080441,-0.462296,-1.006998
1777455132.593596,0.422862,-5.684533,-0.293340,-1.487342,-3.903851
1777455145.154952,0.429846,-5.830744,-0.279056,-1.289286,-4.262403
1777455155.471481,0.421327,-2.820781,-0.135138,-0.437070,-2.248573
1777455165.150006,0.431805,-8.471306,-0.414236,-1.655015,-6.402055
1777455172.03711,0.472826,-6.280899,-0.297125,-1.084318,-4.899456
1777455182.896205,0.423994,-3.051383,-0.216557,-0.810873,-2.023953
1777455194.754158,0.420400,-7.847646,-0.378227,-1.641545,-5.827874
1777455208.866647,0.430851,-8.655796,-0.460236,-1.912789,-6.282771
1777455219.566921,0.400157,-2.966053,-0.111808,-0.406609,-2.447635
1777455231.8408709,0.427316,-7.518055,-0.314383,-1.484638,-5.719034
1777455244.7620249,0.406053,-4.507468,-0.216831,-0.776406,-3.514232
1777455259.857829,0.391770,-3.846059,-0.216441,-1.182052,-2.447565
1777455270.280915,0.452451,-10.117984,-0.457052,-2.037707,-7.623225
1777455278.988378,0.439026,-8.791435,-0.377618,-1.627968,-6.785848
1777455291.676186,0.387159,-2.476175,-0.139184,-0.682434,-1.654557
1777455304.060371,0.408877,-5.131331,-0.224026,-1.115708,-3.791597
1777455316.0665731,0.390673,-2.570321,-0.131995,-0.656728,-1.781599
1777455328.4571662,0.397706,-4.508937,-0.226788,-0.971936,-3.310213
1777455343.293822,0.366972,-2.897856,-0.155173,-0.695172,-2.047511
1777455355.90873,0.384797,-1.943871,-0.138192,-0.687722,-1.117957
1777455367.6071522,0.267293,-17.062279,-0.892144,-6.301367,-9.868769
1777455374.271326,0.433596,-2.421140,-0.082050,-0.298704,-2.040386
1777455385.328707,0.418788,-2.654379,-0.137101,-0.584442,-1.932836
1777455399.0018501,0.391404,-1.479748,-0.070243,-0.483261,-0.926243
1777455414.43225,0.399111,-4.781176,-0.257425,-1.079729,-3.444022
1777455424.152707,0.437271,-6.923714,-0.349963,-1.377700,-5.196052
1777455434.564646,0.379055,-0.774784,-0.085935,-0.471242,-0.217608
1777455447.126325,0.398399,-2.707279,-0.161146,-0.521930,-2.024204
1777455459.777023,0.386350,-0.542513,-0.019374,-0.422893,-0.100246
1777455475.283046,0.368557,-0.359421,-0.064762,-0.388428,0.093769
1777455486.1264892,0.406420,-1.728356,-0.165401,-0.629614,-0.933342
1777455496.885262,0.452722,-4.257260,-0.253611,-1.433585,-2.570064
1777455507.620884,0.432303,-5.420435,-0.323780,-1.484401,-3.612255
1777455517.8070269,0.374386,-1.279940,-0.108698,-0.412792,-0.758450
1777455532.175775,0.362723,-2.867768,-0.174154,-0.927966,-1.765648
1777455544.544569,0.369181,-2.308929,-0.188052,-0.883885,-1.236993
1777455557.042228,0.205941,3.518173,0.101374,0.548883,2.867916
1777455566.503762,0.272973,1.305152,0.101589,0.753813,0.449750
1777455578.490746,0.255055,-4.254078,-0.049840,0.831645,-5.035883
1777455589.8805099,0.295743,9.624177,0.391993,1.220253,8.011931
1777455598.2667048,0.487116,-5.025491,-0.315495,-1.335917,-3.374079
1777455609.114961,0.445120,-3.317252,-0.259237,-1.543714,-1.514302
1777455620.985303,0.253160,13.781631,0.054537,0.677115,13.049978
1777455632.4383621,0.287596,-4.587581,-0.887871,-6.443479,2.743768
1777455644.438733,0.408249,-1.934346,-0.108064,-0.606733,-1.219549
1777455656.949952,0.393721,-3.152720,-0.166589,-0.804274,-2.181857
1777455671.395969,-0.071732,35.465782,1.515344,8.488850,25.461590
1777455681.126679,0.268511,14.186474,0.180675,1.256427,12.749372
1777455694.018215,0.390844,-2.282716,-0.252744,-1.177808,-0.852164
1777455699.87968,-0.200336,3.356230,-0.590307,-4.379066,8.325603
1777455710.87804,0.285132,-9.436019,-0.978565,-4.563342,-3.894112
1777455719.950965,-0.137467,3.711929,-0.345762,2.909272,1.148420
1777455729.632788,-0.050168,-4.943187,-0.771976,-5.266394,1.095183
1777455745.838159,0.438397,-6.027742,-0.347328,-1.317361,-4.363053
1777455972.849889,0.395308,-4.109659,-0.199147,-1.054488,-2.856024
1777458949.326747,0.400391,-8.663551,-0.446917,-2.187988,-6.028646
1777462999.6594958,0.395255,-2.215395,-0.087920,-0.442821,-1.684654
1777463014.515598,0.405832,-1.288173,-0.094444,-0.368940,-0.824789
1777463032.5668359,0.425821,-6.252213,-0.344591,-1.651046,-4.256577
1777463977.475688,0.090609,11.692230,-0.043115,1.892715,9.842629
1777465864.553628,0.274294,-8.166348,-0.943106,-5.275468,-1.947773
1777466665.186035,0.394110,-0.777965,-0.223936,-0.792744,0.238714
1777466683.67989,0.401790,-6.007678,-0.385429,-1.694066,-3.928182
1777466693.3702888,0.079544,-13.932263,-1.507214,-8.866204,-3.558846
1777467030.16638,0.398474,-3.615543,-0.199807,-1.060044,-2.355691
1777469103.564331,0.422250,-4.207417,-0.208609,-0.780906,-3.217902
1777471199.58288,0.391582,-6.417864,-0.333279,-1.639308,-4.445277
1777471209.667192,0.408517,-2.301250,-0.136712,-0.720286,-1.444252
1777471219.359278,0.383717,-2.442455,-0.146258,-0.714800,-1.581397
1777471225.894927,0.431899,-4.953043,-0.240373,-1.215615,-3.497055
1777471236.341738,0.381284,-3.348515,-0.192401,-0.970233,-2.185880
1777471249.758881,0.370074,-0.789423,-0.046717,-0.264617,-0.478088
1777471258.6704462,0.414801,-3.866557,-0.191128,-0.839192,-2.836237
1777471265.599974,0.433197,-3.193051,-0.159133,-0.596426,-2.437492
1777471275.3036742,0.383427,-3.552866,-0.224342,-0.912240,-2.416284
1777471285.239562,0.273072,-5.800041,-0.375025,-1.106537,-4.318480
1777471296.924138,0.407576,-1.897211,-0.141851,-0.609352,-1.146008
1777471305.28275,0.450210,-6.911098,-0.399974,-1.809718,-4.701406
1777471315.913118,0.370726,-1.804513,-0.155769,-0.778726,-0.870018
1777471322.415544,0.246238,-6.360466,-0.675382,-2.041185,-3.643899
1777471327.1731699,0.300109,-29.152319,-1.439177,-8.320738,-19.392405
1777471337.84308,0.383101,-2.065787,-0.124231,-0.571339,-1.370218
1777471350.0543349,0.358396,-1.448728,-0.104620,-0.647870,-0.696238
1777471357.384277,0.413643,-2.308398,-0.121802,-0.462720,-1.723877
1777471367.380058,0.360769,-2.749102,-0.148756,-0.729221,-1.871125
1777471373.1003861,0.452202,-2.400180,-0.178254,-0.599139,-1.622787
1778645252.998797,0.536240,0.139051,0.522605,0.733451,2.486513,0.347935,-0.040917,3.491594,0.122720
1778645333.6204538,0.526195,0.121953,0.498198,0.733061,2.383454,0.313718,-0.024220,3.490595,0.104555
1778645423.969616,0.508362,0.103177,0.495754,0.728090,2.258107,0.276015,-0.007343,3.483008,0.101108
1778645520.507782,0.506645,0.095929,0.462472,0.662702,2.136742,0.261588,0.009205,3.486510,0.119860
1778645620.219797,0.510794,3.274064,0.453444,0.659085,2.070260,0.252152,0.025404,3.480083,0.129661
1778645724.007583,0.500098,3.215329,0.459126,0.668340,2.012798,0.219791,0.041301,3.483084,0.097178
1778645821.56867,0.499419,2.962303,0.412165,0.574158,1.906935,0.207802,0.057354,3.485642,0.112147
1778645928.0933719,0.515948,2.934840,0.405976,0.577992,1.879906,0.211572,0.072898,3.481990,0.124588
1778646051.371815,0.514645,2.810961,0.386130,0.554047,1.807798,0.195514,0.089407,3.477146,0.122149
1778646113.922656,0.502634,-0.000783,0.219370,0.301997,1.031209,0.068136,0.260588,3.485101,0.098498
1778646186.535061,0.522853,2.694871,0.362565,0.527355,1.745186,0.189190,0.106282,3.482999,0.126124
1778646264.3059578,0.496390,-0.005602,0.202731,0.291317,0.923170,0.058517,0.272177,3.486035,0.091527
1778646351.137596,0.508269,2.606856,0.367571,0.551223,1.640700,0.164318,0.121560,3.479568,0.122511
1778646398.989492,0.518169,-0.004591,0.194240,0.274916,0.935543,0.060437,0.294417,3.480944,0.102649
1778646495.40517,0.505801,2.471781,0.339866,0.507926,1.586317,0.144795,0.138718,3.472527,0.101017
1778646549.5100842,0.494724,-0.012952,0.187877,0.259987,0.817299,0.043813,0.305758,3.485863,0.090737
1778646624.7958632,0.506175,2.268376,0.317661,0.448306,1.469184,0.136177,0.153961,3.486289,0.110971
1778646663.8389518,0.523118,1.186193,0.167527,0.237293,0.792576,0.047088,0.333601,3.474774,0.106530
1778646745.343748,0.498031,2.135599,0.302461,0.428033,1.380545,0.118843,0.170637,3.486056,0.108814
1778646764.955161,0.535088,1.091724,0.151473,0.201595,0.751237,0.044638,0.348303,3.489958,0.099516
1778646868.366702,0.505129,1.991601,0.278958,0.393627,1.294755,0.118138,0.187930,3.480801,0.133422
1778646870.421312,0.519538,0.868829,0.122245,0.165210,0.598704,0.035094,0.366512,3.487722,0.108913
1778646992.014407,0.515009,0.639901,0.087597,0.105721,0.465765,0.031403,0.385282,3.488419,0.121679
1778647018.387149,0.485449,1.814179,0.259796,0.369229,1.176120,0.087603,0.206230,3.476675,0.098954
1778647124.923997,0.502655,0.449426,0.064243,0.075416,0.332753,0.023702,0.401253,3.483726,0.116758
1778647147.514643,0.490595,1.645435,0.232078,0.329427,1.076788,0.083911,0.223926,3.481275,0.114023
1778647240.800203,0.500802,0.382710,0.055804,0.063849,0.287888,0.019917,0.420693,3.478968,0.117105
1778647262.966012,0.498363,1.585652,0.223759,0.315122,1.042066,0.079201,0.241189,3.489602,0.115195
1778647344.720983,0.514411,0.247057,0.033852,0.016895,0.222891,0.016532,0.442046,3.484762,0.107119
1778647375.002177,0.508810,1.541085,0.217457,0.292770,1.028941,0.073460,0.259310,3.481135,0.106712
1778647441.3103292,0.517746,0.165396,0.024465,0.004819,0.164341,0.013226,0.464724,3.484128,0.102861
1778647487.207823,0.495843,1.234757,0.170498,0.227274,0.841939,0.059818,0.278535,3.486329,0.113116
1778647545.791622,0.516817,0.030218,0.005585,-0.018942,0.073400,0.009847,0.485795,3.474905,0.095005
1778647592.906176,0.513306,1.243084,0.172185,0.224650,0.849490,0.063360,0.297538,3.492126,0.130656
1778647649.063561,0.510807,-0.041455,-0.002962,-0.029472,0.021141,0.009379,0.495117,3.485250,0.096323
1778647676.7520158,0.559629,1.304236,0.164917,0.190172,0.945564,0.077048,0.316886,3.494051,0.135689
1778647748.984535,0.497332,-0.346285,-0.046120,-0.094209,-0.175610,0.008941,0.525172,3.481780,0.091082
1778647790.676167,0.509638,0.958842,0.134165,0.178214,0.657722,0.047241,0.337526,3.487986,0.133782
1778647848.8281422,0.497695,-0.387770,-0.054379,-0.104539,-0.197059,0.006104,0.525908,3.484528,0.073435
1778647898.715712,0.506746,0.801856,0.112258,0.148414,0.559166,0.033663,0.358571,3.481428,0.109056
1778647942.075836,0.514998,-0.412461,-0.057697,-0.119847,-0.207255,0.014284,0.541837,3.480411,0.117384
1778648010.246687,0.488427,0.566268,0.082789,0.097384,0.409985,0.021971,0.376875,3.487606,0.098381
1778648035.844918,0.533253,-0.438803,-0.061869,-0.136678,-0.211605,0.012408,0.558518,3.485363,0.109347
1778648102.182419,0.522716,0.572975,0.076889,0.083613,0.434418,0.026019,0.400265,3.495414,0.105828
1778648114.865885,0.521163,-0.476968,-0.064388,-0.118870,-0.266123,0.014637,0.567575,3.490650,0.112611
1778648203.78052,0.502463,0.258331,0.033791,0.019686,0.231031,0.017415,0.422165,3.488515,0.105553
1778648209.6646342,0.520592,-0.521085,-0.076367,-0.138233,-0.279879,0.016378,0.559022,3.479401,0.123036
1778648291.601664,0.535669,-0.518752,-0.073440,-0.134771,-0.282329,0.013284,0.573992,3.485335,0.109556
1778648308.313088,0.514499,0.175268,0.020961,0.001129,0.179550,0.016920,0.443035,3.483125,0.109544
1778648389.249861,0.519354,-0.613800,-0.089674,-0.163463,-0.333696,0.015872,0.569651,3.490298,0.116420
1778648406.001568,0.520405,0.095398,0.010631,-0.018704,0.129294,0.017965,0.461648,3.480546,0.121420
1778648468.596834,0.535972,-0.487306,-0.067412,-0.125503,-0.265218,0.011401,0.578251,3.487447,0.098825
1778648490.1768909,0.508981,-0.126467,-0.020686,-0.064836,-0.011273,0.010300,0.485753,3.482165,0.099576
1778648563.84967,0.537954,-0.481508,-0.071236,-0.141837,-0.239563,0.011874,0.564379,3.480946,0.106551
1778648577.6277068,0.520905,-0.175121,-0.028065,-0.075878,-0.042692,0.012830,0.501170,3.490152,0.112418
1778648654.367709,0.512950,-0.546857,-0.075208,-0.143425,-0.300243,0.013618,0.563545,3.478919,0.105987
1778648679.300544,0.504115,-0.375999,-0.055535,-0.114988,-0.176986,0.012629,0.517957,3.480491,0.112405
1778648747.510226,0.495067,-0.634755,-0.087880,-0.163229,-0.354465,0.011121,0.560743,3.474123,0.083163
1778648770.8841338,0.527586,-0.432582,-0.066003,-0.138583,-0.200907,0.015317,0.535610,3.474652,0.124476
1778648822.519711,0.513990,-0.502583,-0.067106,-0.133980,-0.272979,0.012773,0.561830,3.490476,0.103202
1778648876.271585,0.507899,-0.647393,-0.096697,-0.187693,-0.336996,0.017595,0.550508,3.480442,0.126610
1778648921.859487,0.508761,-0.434358,-0.060132,-0.108053,-0.236523,0.010130,0.549678,3.471474,0.092680
1778648972.459202,0.512421,-0.717170,-0.106809,-0.209065,-0.375062,0.017262,0.562965,3.486537,0.122232
1778648998.499627,0.502945,-0.549197,-0.076744,-0.146760,-0.297724,0.013692,0.547524,3.481527,0.109045
1778649068.326903,0.495760,-0.882085,-0.129485,-0.235503,-0.492287,0.019986,0.576278,3.480256,0.117118
1778649078.2382221,0.499568,-0.357494,-0.048257,-0.092249,-0.186810,0.009230,0.531009,3.479381,0.091502
1778649158.450021,0.536965,-0.187315,-0.025465,-0.065009,-0.067476,0.010826,0.534689,3.477725,0.104845
1778649173.32815,0.504501,-0.882456,-0.131889,-0.236124,-0.489803,0.020476,0.581057,3.487819,0.121850
1778649244.3367748,0.520358,-0.259306,-0.038402,-0.092251,-0.100712,0.013933,0.517271,3.490811,0.118932
1778649272.415781,0.504530,-0.888409,-0.132911,-0.231372,-0.498761,0.019053,0.587698,3.489054,0.111035
1778649338.424221,0.511044,-0.150666,-0.019134,-0.050152,-0.050351,0.007693,0.511385,3.487617,0.088403
1778649374.841183,0.495728,-0.949989,-0.138403,-0.242177,-0.543833,0.018427,0.588427,3.479021,0.099949
1778649436.1188512,0.504339,-0.231899,-0.033897,-0.071273,-0.096115,0.008624,0.504825,3.492487,0.093598
1778649475.288407,0.513171,-0.862705,-0.126423,-0.230477,-0.479133,0.016305,0.590225,3.482533,0.102627
1778649497.2099578,0.265039,-0.023303,-0.033081,-0.053354,-0.092007,0.000757,0.288597,2.368102,0.014966
1778649498.137312,0.403046,-0.023000,0.140892,0.210909,0.418702,0.015980,0.288629,3.099027,0.056655
1778649522.475563,0.253313,-0.022540,-0.034855,-0.066924,-0.073662,0.001937,0.263200,2.350862,0.045209
1778649524.978438,0.395142,-0.019060,0.059427,0.065806,0.230024,0.022260,0.304704,3.019045,0.125082
1778649542.56483,0.262325,-0.022260,0.008313,-0.001748,0.041386,0.001295,0.246768,2.290791,0.034202
1778649544.308238,0.425636,-0.023791,0.091554,0.129318,0.320882,0.013473,0.327896,3.052804,0.065999
1778649550.484491,0.515453,-0.021584,-0.001892,-0.018899,0.029114,0.010069,0.496481,3.494210,0.099314
1778649562.601215,0.295525,-0.016859,0.018898,0.019605,0.102281,0.012312,0.240526,2.301489,0.101580
1778649566.075406,0.396282,-0.025444,0.010942,-0.006937,0.087635,0.008523,0.348284,2.970565,0.083126
1778649580.8567061,0.288442,0.206302,0.038311,0.047272,0.138787,0.007747,0.243511,2.194195,0.079779
1778649583.932815,0.450729,0.294765,0.056726,0.036271,0.222134,0.017183,0.363841,2.895767,0.103460
1778649597.622347,0.282589,0.044868,0.009479,-0.022147,0.077068,0.004501,0.242973,2.178290,0.057076
1778649602.1561,0.410700,-0.095423,-0.012988,-0.097166,0.038354,0.011817,0.370766,2.953125,0.106575
1778649607.364481,0.496111,-0.902270,-0.131040,-0.235434,-0.511083,0.020277,0.585349,3.485107,0.111844
1778649612.9513102,0.274740,0.172522,0.032657,0.074724,0.086589,0.001330,0.259473,2.211216,0.034904
1778649619.674554,0.445275,-0.041650,-0.007841,-0.084991,0.074349,0.014141,0.395644,3.023839,0.113910
1778649642.8802629,0.288418,-0.025006,-0.001254,-0.014800,0.012195,0.003977,0.275186,2.313544,0.064996
1778649648.2098079,0.367679,-0.537677,-0.095380,-0.165665,-0.249811,0.006330,0.420896,2.998686,0.062346
1778649669.577921,0.280250,-0.053310,-0.006281,-0.015841,-0.011341,0.002033,0.283702,2.086288,0.047391
1778649674.703713,0.424028,-0.231722,-0.038360,-0.094890,-0.074177,0.006914,0.428297,2.775169,0.087533
1778649693.344012,0.498722,-0.227078,-0.031199,-0.069976,-0.095423,0.008730,0.504287,3.484576,0.094005
1778649706.2260349,0.398242,-0.591517,-0.105571,-0.221543,-0.242034,0.010884,0.437709,2.781076,0.101794
1778649706.833045,0.272821,-0.280833,-0.046669,-0.099994,-0.114051,0.002844,0.292893,2.154125,0.052079
1778649736.1561549,0.393192,-0.678512,-0.122701,-0.228890,-0.307184,0.018212,0.452319,2.884177,0.127870
1778649736.890749,0.261590,-0.310085,-0.052343,-0.088535,-0.148460,0.002641,0.303210,2.206733,0.031779
1778649758.512804,0.388324,-0.606854,-0.103135,-0.216934,-0.262859,0.007982,0.445828,2.791672,0.072077
1778649759.201031,0.286675,-0.180778,-0.029669,-0.061834,-0.069376,0.001832,0.298352,2.081474,0.043400
1778649778.022248,0.395058,-0.509080,-0.088395,-0.174146,-0.222682,0.007298,0.447163,2.750585,0.071357
1778649779.2065191,0.280151,-0.251217,-0.039432,-0.088789,-0.103430,0.001970,0.300005,2.055035,0.041838
1778649797.26791,0.500671,-0.972028,-0.146454,-0.261094,-0.540035,0.020856,0.584111,3.487386,0.118804
1778649800.518635,0.403500,-0.553240,-0.102808,-0.199832,-0.235086,0.021228,0.445515,2.612795,0.147056
1778649801.110563,0.291759,-0.190628,-0.034086,-0.068084,-0.069752,0.004425,0.298215,2.091770,0.069789
1778649833.442894,0.379635,-0.509966,-0.104019,-0.190832,-0.195729,0.013207,0.434129,2.598952,0.106654
1778649837.099668,0.283554,-0.126844,-0.022211,-0.043128,-0.041532,0.001790,0.291276,2.086818,0.043842
1778649853.622036,0.510063,-0.011540,0.000438,-0.019132,0.037083,0.009701,0.490345,3.477888,0.097263
1778649858.009708,0.368414,-0.466423,-0.093962,-0.159778,-0.194177,0.009881,0.427959,2.344727,0.083898
1778649864.7236328,0.258851,-0.212535,-0.038017,-0.061407,-0.094589,0.001866,0.290630,1.945528,0.030835
1778649884.707722,0.345502,-0.527381,-0.109852,-0.206125,-0.194632,0.011905,0.422133,2.272585,0.081874
1778649888.912658,0.143245,-1.038036,-0.261494,-0.588332,-0.256335,0.174486,0.287304,1.911847,0.413297
1778649927.117632,0.360326,-0.348877,-0.067770,-0.116746,-0.142698,0.003598,0.408315,2.346092,0.037931
1778649932.8465312,0.280500,-0.033058,-0.000558,-0.012751,-0.000112,0.001570,0.274264,2.042316,0.041245
1778649965.611019,0.337992,-0.381465,-0.072526,-0.138637,-0.148425,0.006342,0.397216,2.504786,0.056125
1778649968.9028711,0.270188,-0.012929,0.001130,0.000913,0.006371,0.001001,0.265620,2.184391,0.033003
1778649980.6283789,0.512251,-0.740386,-0.109572,-0.189576,-0.414698,0.016622,0.578365,3.485081,0.111561
1778649983.700414,0.354806,-0.228009,-0.042362,-0.078676,-0.087914,0.005280,0.375325,2.169819,0.073480
1778649991.168096,0.255869,0.007716,0.006055,0.009863,0.009444,0.000941,0.253944,1.811795,0.032279
1778650003.0736,0.287235,-1.090875,-0.301440,-0.551917,-0.315772,0.199862,0.359183,2.167650,0.465100
1778650019.893321,0.253954,0.050663,0.015126,0.015286,0.037939,0.002356,0.243183,1.886644,0.049894
1778650024.76729,0.537949,-0.018784,-0.006215,-0.043594,0.056590,0.018549,0.493851,3.483904,0.129878
1778650029.4799418,0.384400,0.223898,0.049179,0.065951,0.125178,0.009412,0.338590,2.111585,0.090147
1778650040.028179,0.272406,0.298073,0.063924,0.102456,0.147875,0.005189,0.231118,1.877617,0.062224
1778650040.5454452,0.142956,-0.981984,-0.256655,-0.419541,-0.462466,0.357780,0.339789,2.221231,0.595387
1778650054.0733042,0.158081,-0.888866,-0.217760,-0.414465,-0.315817,0.153946,0.237393,1.779786,0.405045
1778650060.156309,0.367270,0.166474,0.037428,0.031840,0.113927,0.005812,0.326871,1.962772,0.068150
1778650071.827261,0.289000,0.236841,0.053878,0.077239,0.120228,0.004521,0.231841,1.676414,0.037325
1778650080.795648,0.376822,0.171821,0.038878,0.026717,0.125567,0.005962,0.319153,2.232127,0.054118
1778650091.980233,0.288427,0.263571,0.054548,0.081561,0.142208,0.007872,0.230371,1.868126,0.070722
1778650104.43662,0.265668,-0.213155,-0.135744,-0.129455,-0.021148,0.188077,0.312392,2.084630,0.454477
1778650116.5194461,0.155271,-0.184951,-0.121076,-0.086762,-0.034443,0.153044,0.230125,1.919154,0.404751
1778650121.3508532,0.241691,-0.882187,-0.251021,-0.566687,-0.135929,0.182454,0.304820,1.977755,0.445307
1778650126.657888,0.534512,0.072060,0.010168,-0.009132,0.098720,0.014248,0.497518,3.481970,0.114384
1778650129.8033369,-0.280022,-2.633700,-0.838189,-1.251410,-0.949173,0.846286,0.292180,1.807053,0.759292
1778650139.934397,0.264342,0.193710,0.048415,0.075402,0.086956,0.002577,0.228329,1.835110,0.037717
1778650142.7412648,-0.196989,-2.050548,-0.607349,-0.926521,-0.827109,0.661342,0.274089,2.024028,0.698751
1778650145.949499,-0.491485,-2.959784,-0.953583,-1.438244,-0.998412,0.893290,0.224470,1.618986,0.650383
1778650151.820173,-0.623241,-3.799696,-1.093828,-1.751899,-1.452833,1.033242,0.210580,1.775769,0.612812
1778650152.758849,-0.309898,-3.559292,-0.911216,-1.650987,-1.380798,0.812245,0.260346,2.241332,0.735653
1778650155.582842,0.505298,-0.835351,-0.125880,-0.231697,-0.451251,0.016642,0.571988,3.484318,0.111300
1778650165.293334,0.238129,0.452131,0.036937,0.107554,0.237907,0.177865,0.244552,1.919966,0.444502
1778650167.5869892,-0.117827,-2.390273,-0.638605,-1.198420,-0.751273,0.436670,0.199206,2.031047,0.611156
1778650182.810045,0.141611,0.302855,0.000069,0.060812,0.181869,0.153809,0.188791,1.679955,0.410397
1778650183.14952,-0.212791,-1.981732,-0.575353,-1.053009,-0.644699,0.622348,0.236067,1.984508,0.683841
1778650187.4421299,-0.266390,-2.063162,-0.653366,-0.996495,-0.781871,0.772519,0.209336,1.768917,0.779033
1778650198.248229,-0.150255,-0.629844,-0.265830,-0.233842,-0.415448,0.611155,0.196350,2.030048,0.738632
1778650203.9580102,-0.432438,-3.520396,-0.861985,-1.692443,-1.376779,0.862093,0.173805,2.023509,0.741292
1778650204.41998,-0.114091,-0.865778,-0.339114,-0.470906,-0.245517,0.418719,0.180105,1.960010,0.607516
1778650210.397881,-0.215078,-1.424207,-0.570716,-0.927266,-0.187783,0.551810,0.160254,1.434653,0.675718
1778650215.7339468,-0.039948,-1.475127,-0.459248,-0.874745,-0.338642,0.431000,0.158499,1.799180,0.659645
1778650224.791709,-0.471121,-2.953847,-0.775901,-1.388157,-1.169498,0.799189,0.144334,1.988579,0.683458
1778650225.8100102,0.002010,0.018636,-0.035766,0.009450,-0.075696,0.275881,0.150222,1.729229,0.531157
1778650231.284244,-0.474109,-3.091532,-0.850862,-1.648795,-0.967966,0.789340,0.131395,1.857828,0.685326
1778650237.8484511,-0.315051,-1.843764,-0.610613,-1.011996,-0.537078,0.670395,0.128466,1.927446,0.725479
1778650240.9180212,-0.226981,-2.079298,-0.636560,-1.216660,-0.468263,0.518231,0.118308,1.693063,0.665838
1778650242.180254,0.523929,-0.115269,-0.019043,-0.058490,-0.009700,0.013539,0.496237,3.480631,0.113907
1778650248.6653,-0.375539,-2.968873,-0.831154,-1.608454,-0.824932,0.628149,0.105867,1.840689,0.663657
1778650251.088703,-0.022143,0.103778,-0.164706,-0.182011,0.255857,0.430389,0.106189,2.055610,0.678167
1778650268.125428,0.402272,1.615704,0.327621,0.496791,0.761306,0.104438,0.093026,2.223266,0.098911
1778650269.878592,-0.238569,-0.724852,-0.362113,-0.538136,-0.052925,0.495821,0.091322,1.958833,0.655739
1778650282.552046,-0.231889,-0.154260,-0.288338,-0.304940,0.213323,0.486715,0.073008,1.766193,0.661440
1778650283.4252841,0.514853,-0.731895,-0.111285,-0.202554,-0.391535,0.016559,0.566849,3.479994,0.118641
1778650283.92045,0.399287,1.770440,0.353568,0.563078,0.824845,0.105405,0.081021,2.375297,0.067593
1778650296.576612,0.392099,1.870162,0.348428,0.499247,0.994586,0.105448,0.072799,2.482167,0.062321
1778650297.195591,0.165816,0.170382,0.002565,-0.112581,0.218045,0.163352,0.061106,1.932229,0.411485
1778650314.094154,0.398189,2.037679,0.379400,0.596220,1.033367,0.109718,0.069287,2.616809,0.041399
1778650316.3703492,0.258239,1.312386,0.259614,0.433292,0.617162,0.045161,0.048512,2.026296,0.036138
1778650330.290712,0.274751,1.361499,0.250423,0.360147,0.742354,0.054936,0.040801,1.889354,0.015044
1778650334.9353049,0.376175,2.000749,0.383702,0.609268,0.985214,0.099617,0.063769,2.724311,0.047371
1778650347.635894,0.276615,1.558910,0.290042,0.466012,0.793668,0.059838,0.033811,2.073102,0.031339
1778650349.369986,0.508623,-0.125458,-0.017687,-0.068473,-0.010707,0.012443,0.490894,3.481110,0.110999
1778650356.547116,0.403899,2.162060,0.432645,0.651089,1.044307,0.120478,0.061929,2.622027,0.062663
1778650370.328948,0.273711,1.596787,0.306876,0.486728,0.793902,0.062436,0.026137,2.193637,0.035637
1778650371.377277,0.362876,1.732165,0.334142,0.518129,0.856661,0.093820,0.059771,2.367740,0.046514
1778650386.298752,0.487708,2.336039,0.407639,0.640758,1.211718,0.205821,0.060948,2.698652,0.162264
1778650394.252415,0.293361,1.766847,0.347331,0.535547,0.868543,0.074119,0.022607,2.163357,0.030015
1778650404.207105,0.515634,-0.604108,-0.092097,-0.174730,-0.310880,0.017015,0.553880,3.490870,0.125694
1778650406.084597,0.393227,1.999451,0.380323,0.577404,1.011718,0.110808,0.063770,2.539781,0.050177
1778650411.7715158,0.274767,1.471230,0.276758,0.427624,0.753943,0.064467,0.022527,1.932804,0.030583
1778650419.33611,0.376383,1.864431,0.330825,0.531288,0.979298,0.098668,0.065331,2.631430,0.046125
1778650430.980721,0.291114,1.775158,0.316137,0.532809,0.907980,0.080128,0.021107,2.183172,0.089591
1778650441.6836438,0.368520,1.965602,0.387771,0.637805,0.922042,0.088798,0.073203,2.641475,0.041977
1778650449.507179,0.240740,1.401301,0.268876,0.416811,0.711626,0.048226,0.022621,2.012542,0.026886
1778650453.519077,0.519546,-0.058563,-0.008705,-0.035878,0.013760,0.014187,0.496903,3.483305,0.117860
1778650460.7152262,0.380975,1.781353,0.351002,0.538388,0.865078,0.104630,0.073143,2.543015,0.104722
1778650463.00739,0.303547,1.671101,0.296438,0.466367,0.883977,0.089103,0.024096,2.023243,0.110602
1778650479.5223382,0.386165,1.809391,0.362628,0.563168,0.860555,0.095155,0.081173,2.453806,0.048700
1778650487.4817102,0.270043,1.694737,0.329062,0.551582,0.806299,0.060254,0.026469,2.233289,0.032066
1778650498.088831,0.353991,1.586424,0.337250,0.509194,0.725849,0.075165,0.083221,2.345227,0.045323
1778650506.0119581,0.295221,1.699352,0.330730,0.516567,0.836125,0.073581,0.027479,2.086131,0.045891
1778650516.392954,0.387681,1.844064,0.363925,0.592387,0.867531,0.090295,0.092224,2.492481,0.057730
1778650520.4634361,0.514133,-0.575838,-0.086601,-0.167040,-0.294880,0.015162,0.548251,3.489868,0.119249
1778650525.570834,0.268983,1.503540,0.298472,0.465755,0.731350,0.057174,0.033627,2.062433,0.044486
1778650534.6571882,0.362714,1.535128,0.315190,0.469882,0.735381,0.077187,0.094032,2.391853,0.074513
1778650541.716128,0.529397,-0.054552,-0.008894,-0.040700,0.023939,0.011672,0.504699,3.473218,0.106007
1778650544.275069,0.271460,1.503291,0.316228,0.486750,0.691504,0.057523,0.035614,1.995168,0.045936
1778650559.162244,0.395934,1.566321,0.312167,0.476164,0.752536,0.101491,0.105562,2.529208,0.138140
1778650565.92509,0.266133,1.456530,0.291215,0.483499,0.676906,0.051606,0.042230,2.089318,0.040464
1778650582.48479,0.373000,1.437301,0.292531,0.448834,0.683820,0.074362,0.113503,2.506581,0.088342
1778650583.4659462,0.274730,1.424984,0.282769,0.433632,0.701973,0.053834,0.044673,2.030708,0.031770
1778650602.4225001,0.383311,1.426579,0.283083,0.427383,0.697386,0.086369,0.115741,2.445774,0.128130
1778650605.007144,0.287304,1.445689,0.283305,0.450119,0.705574,0.056780,0.052954,2.169909,0.045459
1778650618.019239,0.248189,0.203544,0.048242,-0.066281,0.144560,0.196223,0.124513,2.108847,0.448363
1778650630.4552388,0.498109,-0.583501,-0.084184,-0.161493,-0.310305,0.014444,0.541136,3.474089,0.113104
1778650630.581231,0.259751,1.331674,0.263196,0.436447,0.632588,0.042711,0.058252,2.191277,0.048411
1778650632.838589,0.517721,0.051264,0.010467,-0.012686,0.082153,0.012482,0.490594,3.491174,0.109237
1778650635.429179,0.076422,0.193070,0.019716,0.155909,-0.109784,0.297095,0.131251,2.131880,0.571634
1778650650.215055,0.211613,0.190870,0.015194,-0.101071,0.212520,0.171451,0.143321,2.149783,0.430487
1778650650.935429,0.295807,1.424604,0.281397,0.454625,0.680212,0.058236,0.060904,2.074823,0.058274
1778650666.825425,0.248272,0.433064,0.083253,0.156610,0.116555,0.194716,0.144704,2.071142,0.452142
1778650667.442888,0.009579,0.094636,-0.085958,-0.207137,0.276337,0.260614,0.069067,1.891306,0.534452
1778650676.6700768,-0.173283,-0.769356,-0.346153,-0.439686,-0.243483,0.557810,0.147590,1.893891,0.710908
1778650680.115089,0.125500,-0.394285,-0.118356,-0.534244,0.203602,0.146764,0.076052,1.866887,0.400443
1778650689.698101,0.111176,-0.558863,-0.182763,-0.241748,-0.268337,0.308656,0.157462,2.034370,0.583584
1778650696.261388,0.017616,-0.138489,-0.092548,-0.201326,0.042119,0.264311,0.083957,1.888878,0.537391
1778650703.008825,-0.055126,-0.791123,-0.309275,-0.460508,-0.215053,0.428595,0.160933,2.058503,0.651420
1778650705.070068,-0.244364,-1.942005,-0.598758,-1.052078,-0.517095,0.488487,0.083732,1.831790,0.650504
1778650720.372961,0.010496,0.091544,-0.089566,-0.024658,0.094047,0.259544,0.084428,1.805147,0.531328
1778650722.6166441,0.054220,-0.850145,-0.216519,-0.368126,-0.387299,0.287864,0.165360,2.213344,0.553286
1778650725.1034648,0.504236,-0.176199,-0.023175,-0.054519,-0.068358,0.009406,0.506311,3.484927,0.097729
1778650732.0505521,-0.102031,-1.461919,-0.473231,-0.759512,-0.398902,0.376910,0.090104,1.872820,0.614631
1778650739.023197,0.498466,-0.559250,-0.082071,-0.154314,-0.293989,0.011788,0.535094,3.476950,0.103014
1778650739.468723,0.425965,1.393700,0.280131,0.397010,0.701342,0.077813,0.163909,2.369004,0.100777
1778650749.127746,0.013592,-0.156867,-0.165786,-0.309520,0.206177,0.262734,0.090251,1.910490,0.534226
1778650757.251468,0.369499,1.110505,0.227330,0.337509,0.547970,0.044429,0.165090,2.451859,0.054221
1778650767.5408158,0.009081,-0.356789,-0.133371,-0.269640,-0.064030,0.260366,0.091194,1.993165,0.530852
1778650773.380051,0.399641,1.187479,0.235875,0.345017,0.603672,0.053887,0.175445,2.402852,0.063444
1778650786.415498,0.272500,1.075022,0.219323,0.336255,0.522258,0.034465,0.089907,2.004702,0.035353
1778650791.0227041,0.369910,1.092070,0.220983,0.330601,0.545756,0.039250,0.180001,2.489491,0.059484
1778650801.227395,0.132513,0.154856,-0.070467,-0.236168,0.409774,0.144511,0.090133,2.053687,0.398211
1778650806.631739,0.227045,-0.129350,-0.039352,-0.147387,-0.005990,0.173224,0.174741,2.323261,0.435237
1778650817.7896252,0.279283,1.092327,0.216189,0.325420,0.552844,0.034862,0.096851,1.955575,0.041902
1778650818.693187,0.517927,-0.062850,-0.006497,-0.034871,0.008723,0.009324,0.503388,3.486688,0.096217
1778650822.231152,0.280435,0.793018,0.135822,0.212021,0.369836,0.199497,0.183903,2.441070,0.459685
1778650836.671152,0.366061,0.960585,0.183603,0.253449,0.532196,0.032775,0.189278,2.505007,0.041130
1778650838.171922,0.266480,0.973612,0.198796,0.289285,0.490780,0.030083,0.097626,2.029051,0.041778
1778650838.491748,0.518676,-0.321079,-0.046534,-0.104432,-0.142654,0.014553,0.524450,3.473537,0.121449
1778650850.881485,0.438020,1.362419,0.260614,0.380173,0.716511,0.062068,0.200107,2.591329,0.077926
1778650853.359775,0.268956,1.016439,0.207425,0.345426,0.466652,0.031320,0.093545,1.872406,0.024741
1778650868.275666,0.412464,1.077763,0.213795,0.288298,0.572386,0.057303,0.201050,2.536739,0.118355
1778650869.514625,0.291021,1.091825,0.219183,0.340038,0.533032,0.038054,0.099237,1.945523,0.037614
1778650883.603654,0.272714,1.007160,0.187214,0.283046,0.540892,0.030043,0.103399,1.901321,0.039099
1778650884.813903,0.380441,1.006624,0.192527,0.278522,0.546385,0.033641,0.209494,2.762979,0.070062
1778650894.808212,0.445905,1.333444,0.248266,0.382577,0.696741,0.061922,0.210140,2.510051,0.083906
1778650899.425416,0.264774,0.964852,0.183364,0.272741,0.516675,0.025313,0.110876,2.058488,0.042540
1778650913.026517,0.535972,-0.100294,-0.015315,-0.059446,0.003354,0.011978,0.511242,3.487559,0.107455
1778650916.554785,0.285143,1.085422,0.211692,0.324118,0.554301,0.032073,0.109500,2.072579,0.036853
1778650919.315962,0.349214,0.655785,0.137180,0.210961,0.325273,0.016810,0.232088,2.603385,0.058614
1778650929.432064,0.462568,0.983838,0.175641,0.230986,0.563266,0.073604,0.229104,2.285691,0.145670
1778650936.533605,0.266649,1.015022,0.192374,0.300619,0.532154,0.023402,0.115779,2.182585,0.026684
1778650948.2663832,0.301066,1.077149,0.199358,0.300122,0.579799,0.034899,0.118668,1.958010,0.042551
1778650948.5090308,0.380233,0.604118,0.120886,0.165260,0.331629,0.023273,0.251016,2.529299,0.085482
1778650962.568668,0.514361,-0.347779,-0.054357,-0.117267,-0.149966,0.017299,0.515206,3.483825,0.132563
1778650967.061567,0.408852,0.748976,0.148859,0.212732,0.391388,0.041484,0.245842,2.474469,0.128719
1778650971.975807,0.304661,1.032618,0.203430,0.323113,0.508993,0.039249,0.130701,2.254214,0.099928
1778650983.4628422,0.276694,0.757300,0.142369,0.214648,0.407601,0.021776,0.133353,1.820556,0.036959
1778650987.107372,0.377386,0.557051,0.121993,0.148819,0.293114,0.030593,0.248890,2.217199,0.125087
1778650995.92068,0.120498,-0.928947,-0.327432,-0.554476,-0.198489,0.342220,0.260899,1.965934,0.598617
1778651003.802644,0.133678,0.387966,0.009419,0.079681,0.246691,0.145841,0.146575,2.074494,0.402319
1778651005.556,-0.328187,-2.718078,-0.771636,-1.085613,-1.239476,0.798559,0.263264,2.063185,0.706120
1778651009.2893782,0.517348,-0.154560,-0.018522,-0.058268,-0.048825,0.011682,0.517427,3.478590,0.108936
1778651015.990005,-0.133909,-2.259042,-0.605464,-0.979370,-0.988293,0.671275,0.270630,2.155266,0.751016
1778651026.596281,0.248499,0.653966,0.129557,0.209339,0.330245,0.011352,0.142518,2.085260,0.011560
1778651027.4181461,0.448327,0.750049,0.130482,0.159183,0.460973,0.046932,0.274592,2.405582,0.136416
1778651043.014219,0.402429,0.756258,0.147543,0.215621,0.411445,0.017660,0.274142,2.718040,0.036546
1778651048.209302,0.279690,0.794829,0.168123,0.259990,0.377065,0.019502,0.143028,2.009995,0.030289
1778651060.069001,0.019445,-0.496601,-0.285393,-0.477692,0.144150,0.278374,0.152533,1.685342,0.538167
1778651063.140011,0.356534,0.444839,0.090426,0.137426,0.239756,0.007502,0.277855,2.651977,0.038180
1778651069.4816,-0.368787,-2.559728,-0.772377,-1.173638,-0.928960,0.668513,0.151746,1.900909,0.664629
1778651078.630805,0.420596,0.632047,0.121524,0.147934,0.372067,0.031585,0.275799,2.527066,0.108621
1778651082.507374,0.521875,-0.210805,-0.032614,-0.089304,-0.061607,0.015038,0.505479,3.479889,0.122489
1778651086.132184,0.022002,-0.758224,-0.245313,-0.392924,-0.245029,0.285845,0.156367,1.788105,0.545477
1778651091.607657,0.390226,0.642298,0.132542,0.182275,0.339652,0.022919,0.271656,2.362997,0.099218
1778651098.63293,0.253280,0.488198,0.095616,0.139042,0.266551,0.009538,0.161903,1.777968,0.036330
1778651105.145726,0.088495,-0.837748,-0.248921,-0.491970,-0.247452,0.345311,0.288586,2.206013,0.582403
1778651116.259841,0.261746,0.628244,0.124922,0.182807,0.335540,0.011624,0.159203,2.083679,0.035099
1778651117.3757231,0.296550,0.387752,0.054062,0.089216,0.169765,0.196903,0.283533,2.374271,0.467539
1778651119.5983622,0.514243,-0.273648,-0.041354,-0.088281,-0.115755,0.013203,0.514097,3.485947,0.115811
1778651138.23486,0.262658,0.621764,0.126449,0.195717,0.315462,0.011044,0.161221,2.138469,0.028947
1778651139.607299,0.403829,0.540821,0.107835,0.155235,0.293038,0.019591,0.289765,2.508250,0.085509
1778651156.3485398,0.277401,0.645855,0.127095,0.183921,0.347750,0.014712,0.161406,2.026656,0.037372
1778651159.179193,0.397569,0.618443,0.127147,0.191554,0.318706,0.013756,0.291764,2.584262,0.053343
1778651170.275737,0.008563,-0.116929,-0.150478,-0.205873,0.120438,0.275275,0.157951,1.865375,0.530156
1778651177.0639732,0.402457,0.427905,0.080085,0.087194,0.271807,0.027487,0.293521,2.492430,0.131741
1778651191.4649448,0.123230,0.443137,0.066659,0.148146,0.176525,0.143070,0.169041,1.972860,0.395772
1778651194.100464,0.388660,0.431727,0.088555,0.113158,0.249434,0.012370,0.296461,2.560388,0.065571
1778651198.2549288,0.505630,-0.288407,-0.044320,-0.097989,-0.117872,0.013214,0.501544,3.483321,0.115786
1778651208.43438,0.273777,0.595448,0.120963,0.180462,0.305019,0.016653,0.166442,1.932249,0.075511
1778651213.278239,0.407647,0.322154,0.064854,0.059466,0.210210,0.026099,0.296369,2.542612,0.123452
1778651223.786549,0.502535,-0.244576,-0.034438,-0.073523,-0.106827,0.009924,0.508507,3.474886,0.100224
1778651232.923271,0.352904,0.209107,0.046021,0.062691,0.121718,0.006128,0.302230,2.438718,0.062892
1778651233.738485,0.261557,0.619068,0.126297,0.213695,0.296324,0.009144,0.168648,2.181873,0.023859
1778651249.186799,0.350547,0.093175,0.020754,0.008868,0.083353,0.006949,0.303014,2.327535,0.072188
1778651254.9742389,0.271125,0.625597,0.124816,0.189353,0.326786,0.011937,0.168299,2.132660,0.038928
1778651268.841381,0.076543,-1.077059,-0.306576,-0.409482,-0.511267,0.346842,0.315002,2.315498,0.567626
1778651275.123192,0.261634,0.491259,0.094005,0.138234,0.274202,0.009770,0.173011,2.006730,0.046136
1778651281.170384,0.076618,-0.303419,-0.136851,-0.086338,-0.235157,0.348903,0.310242,1.952597,0.571861
1778651294.037363,0.282987,0.600550,0.114306,0.180490,0.318823,0.014680,0.173755,2.040910,0.055266
1778651295.0278301,0.107231,-0.184787,-0.126688,-0.100706,-0.113901,0.359793,0.308411,2.338835,0.595650
1778651314.0750022,0.264683,0.633767,0.123543,0.214811,0.312026,0.009554,0.174072,2.138946,0.038639
1778651316.712845,0.374633,0.255918,0.055660,0.064056,0.157357,0.008841,0.308598,2.557590,0.070555
1778651319.379379,0.501734,-0.188009,-0.026899,-0.071163,-0.059363,0.008409,0.494608,3.478826,0.092144
1778651328.491943,0.519304,-0.139811,-0.018714,-0.051188,-0.040617,0.011137,0.513519,3.485972,0.106207
1778651330.759648,0.424052,0.489462,0.100660,0.130250,0.271629,0.021136,0.308151,2.364417,0.092515
1778651337.662394,0.298755,0.664863,0.137223,0.201896,0.337716,0.017854,0.176529,2.089796,0.056905
1778651346.1495738,0.234177,-0.658242,-0.144360,-0.355931,-0.224490,0.180901,0.310429,2.391125,0.441068
1778651356.508351,0.251572,0.347930,0.071211,0.094656,0.198438,0.006087,0.180441,1.941784,0.033786
1778651362.029356,0.375512,0.273622,0.058550,0.069242,0.163325,0.008787,0.303308,2.188923,0.063017
1778651372.347958,-0.181561,-2.803917,-0.775909,-1.359871,-0.989058,0.682891,0.308357,2.052467,0.701483
1778651383.575465,0.266135,0.451767,0.102794,0.163913,0.201786,0.006847,0.187849,2.014966,0.028243
1778651384.592314,-0.035485,-2.044486,-0.637759,-1.135737,-0.513027,0.523748,0.296292,1.983716,0.677965
1778651391.172731,-0.096304,-1.700638,-0.556194,-1.265804,-0.078898,0.431949,0.188771,1.571649,0.624217
1778651399.332781,-0.312147,-2.117502,-0.721983,-0.947294,-0.849601,0.842319,0.296444,1.978294,0.724135
1778651407.6719842,0.273233,0.408114,0.085331,0.121464,0.215670,0.007766,0.188862,1.823298,0.026818
1778651408.6945438,-0.016177,-2.182934,-0.558555,-1.061315,-0.792946,0.503366,0.279509,2.180203,0.679817
1778651421.738403,0.543304,0.009649,-0.003817,-0.035149,0.074513,0.017835,0.493754,3.481531,0.124996
1778651431.51051,0.262123,0.391198,0.083468,0.126787,0.198804,0.005170,0.192194,2.044522,0.017620
1778651431.791342,0.235707,-0.109243,-0.028330,-0.022176,-0.121223,0.171767,0.279339,2.339689,0.434439
1778651448.932672,0.237786,0.453411,0.069774,0.134745,0.185952,0.169244,0.263290,2.168165,0.432813
1778651449.2714849,0.279997,0.427115,0.088645,0.136969,0.216143,0.008695,0.195122,1.898965,0.040713
1778651464.1239,0.492251,-0.283549,-0.039506,-0.080889,-0.132693,0.008834,0.509800,3.487848,0.093066
1778651467.907966,0.159522,0.256910,-0.015394,-0.024215,0.239748,0.152512,0.200705,1.948390,0.409357
1778651468.805899,0.408759,0.803536,0.158949,0.237278,0.419327,0.024687,0.259366,2.436202,0.051305
1778651482.666591,0.275355,0.388790,0.084516,0.129210,0.189194,0.006865,0.197761,1.756368,0.030630
1778651489.6885362,0.261159,0.299877,0.041167,0.105045,0.085959,0.181964,0.244625,2.327624,0.449309
1778651490.176178,-0.491706,-3.202891,-0.985594,-1.605545,-1.029346,0.871690,0.203527,1.825161,0.656879
1778651503.373937,-0.118355,-1.154928,-0.541821,-0.915790,0.103260,0.435300,0.195779,1.822641,0.611574
1778651508.727934,0.383566,0.751324,0.155310,0.235901,0.370829,0.024847,0.240078,2.313884,0.068786
1778651513.99782,-0.488492,-2.524602,-0.868608,-1.347236,-0.721971,0.862184,0.194723,1.787857,0.662824
1778651519.926375,-0.369963,-3.673402,-0.948545,-1.628559,-1.424900,0.694126,0.181975,1.846009,0.657851
1778651529.964227,0.206407,0.531100,0.080071,0.166907,0.224841,0.160411,0.234539,2.092336,0.421136
1778651535.0064378,0.500061,-0.107433,-0.013961,-0.053462,-0.009315,0.008346,0.485543,3.486803,0.090909
1778651547.530271,0.367398,0.627360,0.142679,0.221593,0.269803,0.025267,0.237273,1.934878,0.096229
1778651548.911958,0.272734,0.580265,0.127727,0.201021,0.268044,0.009509,0.178177,2.128065,0.025129
1778651558.623647,0.546194,-0.192459,-0.028585,-0.072399,-0.063001,0.012780,0.534641,3.486308,0.113344
1778651560.6209679,-0.186307,-2.197191,-0.572196,-0.957929,-0.954058,0.614750,0.231992,2.038436,0.699028
1778651566.751651,0.273438,0.553420,0.120518,0.183705,0.260708,0.014083,0.167340,1.855227,0.056034
1778651581.128221,0.393959,0.788983,0.170860,0.245108,0.375819,0.036756,0.224914,2.118183,0.095335
1778651586.7801652,0.278335,0.620317,0.132540,0.202936,0.296234,0.015162,0.163550,1.897327,0.046985
1778651594.6896782,-0.042050,-2.174584,-0.565434,-1.193363,-0.633002,0.478697,0.223661,2.213274,0.673378
1778651607.577622,0.147703,-0.223576,-0.106465,-0.285300,0.114003,0.147800,0.151251,1.971528,0.405227
1778651610.708564,0.414790,0.973106,0.192373,0.261309,0.521665,0.044266,0.218365,2.437270,0.079466
1778651630.8526452,0.124643,0.426811,0.036593,0.115653,0.222041,0.141366,0.148481,1.815967,0.395528
1778651637.440104,0.336384,0.580815,0.135665,0.208192,0.250516,0.015538,0.221080,2.132623,0.049920
1778651642.799318,-0.214708,-1.285549,-0.528747,-0.840622,-0.164505,0.533120,0.143310,1.823437,0.670773
1778651647.975562,-0.026651,-1.457500,-0.389388,-0.675885,-0.602623,0.464478,0.209921,2.184272,0.673722
1778651648.465773,0.545089,-0.030035,-0.011618,-0.054201,0.058658,0.024104,0.488569,3.492619,0.145743
1778651660.1644359,0.147209,0.486270,0.054961,0.193690,0.183813,0.144365,0.144436,1.837680,0.400496
1778651663.220984,0.243720,-0.447372,-0.130927,-0.460637,0.073418,0.183998,0.211210,2.122507,0.450853
1778651671.520405,0.500071,-0.359005,-0.050278,-0.095296,-0.183992,0.010624,0.526109,3.474954,0.100516
1778651677.4298508,-0.013113,-0.365820,-0.199537,-0.143879,-0.235151,0.464303,0.201750,1.940392,0.681613
1778651682.012199,0.150250,-0.155078,-0.091265,-0.259408,0.141642,0.147155,0.136086,1.962349,0.404083
1778651696.0831811,0.405439,0.952930,0.199773,0.295740,0.454312,0.051621,0.201031,2.270547,0.104553
1778651696.885858,0.035680,-0.390389,-0.180327,-0.473672,0.141021,0.283197,0.131845,1.901023,0.551714
1778651708.49698,0.240205,0.387777,0.024798,0.105735,0.195453,0.173621,0.204113,2.501875,0.437567
1778651714.780378,-0.122697,-0.888661,-0.282751,-0.575547,-0.206560,0.392996,0.127870,2.030030,0.605725
1778651725.002346,0.401736,1.038486,0.201982,0.279119,0.559913,0.045796,0.203201,2.542546,0.084193
1778651734.7771761,0.260312,0.838130,0.169201,0.283843,0.394461,0.019835,0.124399,1.929154,0.038906
1778651747.0933719,0.382912,1.127181,0.217261,0.329803,0.590460,0.035253,0.202346,2.797032,0.054253
1778651753.5876129,-0.116290,-0.798307,-0.298945,-0.457030,-0.217245,0.388982,0.121590,1.957784,0.607724
1778651761.9152482,0.508022,-0.102302,-0.014583,-0.059805,0.001963,0.010036,0.484726,3.489439,0.098206
1778651763.7347589,0.388119,1.081889,0.209655,0.314195,0.566038,0.035357,0.205238,2.567740,0.046089
1778651770.412569,-0.098462,-0.090064,-0.187902,0.000956,-0.078772,0.390053,0.113793,1.937258,0.619141
1778651779.183692,0.363861,0.806681,0.163105,0.229310,0.422057,0.029831,0.200520,2.270665,0.059163
1778651787.490609,0.010371,-0.743032,-0.299847,-0.621590,0.066140,0.263466,0.112176,1.946665,0.530305
1778651788.947766,0.501775,-0.323702,-0.045723,-0.086480,-0.161259,0.009060,0.522407,3.476979,0.093656
1778651791.9584699,-0.313259,-2.352903,-0.644602,-0.891847,-1.164464,0.743312,0.210000,2.364659,0.722274
1778651803.52275,-0.001215,-0.281868,-0.155941,-0.176372,-0.061017,0.259075,0.102820,1.807510,0.525200
1778651813.773489,0.364602,0.918233,0.197343,0.297752,0.433828,0.026104,0.206246,2.374299,0.033794
1778651818.370711,0.000195,-0.739261,-0.225551,-0.443379,-0.179825,0.258230,0.099037,1.962036,0.525421
1778651834.297197,0.273577,0.984894,0.181633,0.275815,0.531668,0.030922,0.099778,1.968304,0.028201
1778651836.590852,0.401902,1.058225,0.217969,0.314067,0.526529,0.048176,0.206420,2.442722,0.105214
1778651851.892216,0.258504,1.035177,0.202314,0.303650,0.535873,0.027498,0.093912,2.040808,0.021264
1778651856.0312881,0.192827,-0.049646,-0.059781,-0.132240,0.081913,0.162567,0.210671,2.082229,0.424590
1778651870.33615,0.396538,0.963818,0.185984,0.262582,0.520735,0.038576,0.211376,2.477062,0.069045
1778651873.906538,0.277909,1.312723,0.247847,0.399687,0.669350,0.036593,0.088692,2.245661,0.029626
1778651877.241162,0.526322,-0.027680,-0.005439,-0.057244,0.062256,0.015319,0.484280,3.491234,0.117331
1778651892.756358,0.369428,0.830971,0.170020,0.249677,0.424024,0.025603,0.221902,2.555157,0.065310
1778651893.2977269,0.268132,1.120227,0.218726,0.334721,0.570669,0.032329,0.089315,2.005285,0.019815
1778651902.739331,0.494428,-0.368981,-0.048810,-0.104112,-0.185181,0.007987,0.527289,3.487125,0.083765
1778651909.272596,0.394431,0.949476,0.177837,0.270760,0.510377,0.031667,0.221889,2.533057,0.045896
1778651911.110194,0.315362,1.177128,0.231510,0.355320,0.580242,0.058117,0.085192,1.900314,0.075563
1778651930.832312,0.384318,1.008655,0.199788,0.298831,0.524875,0.026096,0.227137,2.788618,0.039297
1778651931.9974961,-0.113306,-0.141336,-0.160351,-0.168962,0.020028,0.376691,0.084764,2.039649,0.612336
1778651958.6693382,0.253729,1.011754,0.217696,0.335496,0.463860,0.029477,0.083209,2.003594,0.021080
1778651962.166943,0.359201,0.763704,0.152926,0.239483,0.392353,0.014870,0.241791,2.849257,0.034712
1778651976.43788,0.532920,0.046135,0.003298,-0.021388,0.091628,0.014721,0.486294,3.476285,0.112897
1778651981.041975,0.267739,1.121763,0.235533,0.377391,0.512386,0.033452,0.086200,2.027261,0.023470
1778651981.197865,0.396635,0.851312,0.154765,0.228120,0.481108,0.030882,0.238868,2.812205,0.081593
1778651998.6444879,0.408305,0.926760,0.184586,0.270599,0.479845,0.034972,0.238718,2.575654,0.083079
1778652005.522764,0.281080,1.013542,0.236102,0.360608,0.416254,0.038203,0.087838,1.852404,0.030929
1778652010.100302,0.392456,0.853568,0.162999,0.232318,0.473605,0.021192,0.250885,2.594897,0.035734
1778652019.744682,0.154716,0.185676,-0.032058,-0.273565,0.432200,0.155271,0.091842,1.853643,0.410037
1778652020.939181,0.503806,-0.323403,-0.045559,-0.091825,-0.156577,0.010671,0.523747,3.477757,0.102158
1778652026.496641,0.400385,0.760373,0.143737,0.201566,0.429673,0.025074,0.255785,2.714036,0.068028
1778652044.652073,0.351635,0.451513,0.090620,0.138216,0.245742,0.006937,0.272087,2.653375,0.026024
1778652046.6860092,0.268612,1.088068,0.222076,0.346249,0.525115,0.031015,0.094104,2.087914,0.024979
1778652061.0709069,0.287994,1.132280,0.213052,0.334201,0.584810,0.039260,0.097358,1.941361,0.056936
1778652061.190711,0.366126,0.430942,0.086682,0.123625,0.236816,0.015263,0.268697,2.381330,0.080073
1778652080.93378,0.073674,-1.105650,-0.343617,-0.369160,-0.534517,0.328902,0.280790,2.280647,0.563722
1778652084.037191,0.271824,1.203113,0.234814,0.358931,0.615665,0.031470,0.096565,2.203206,0.028959
1778652093.761801,0.200159,-1.008692,-0.239899,-0.544987,-0.288167,0.169854,0.284990,2.056613,0.425124
1778652097.791594,0.492225,-0.245876,-0.036794,-0.090871,-0.088359,0.010007,0.486825,3.485535,0.100681
1778652106.7138188,0.376784,0.423055,0.091817,0.131115,0.215255,0.009876,0.290117,2.006936,0.051257
1778652113.2475572,0.287895,1.279785,0.250353,0.399484,0.636021,0.033980,0.105833,2.306345,0.030424
1778652120.447958,0.419263,0.540680,0.110750,0.124255,0.318358,0.023682,0.292055,2.452464,0.091289
1778652125.385012,0.519984,-0.201725,-0.028085,-0.074415,-0.071570,0.014331,0.516318,3.482082,0.120604
1778652131.7038,0.263043,1.126000,0.210577,0.346384,0.578026,0.025456,0.108336,2.171542,0.041114
1778652134.765843,0.381129,0.524669,0.108907,0.160976,0.274085,0.008887,0.290387,2.374249,0.026931
1778652151.625758,0.355096,0.202646,0.046258,0.059475,0.116814,0.006106,0.306514,2.295406,0.064512
1778652151.678974,0.276834,1.002886,0.192758,0.297301,0.518419,0.031282,0.107530,2.123280,0.053936
1778652167.422956,0.270554,0.818948,0.151437,0.214150,0.460233,0.024425,0.119271,1.908510,0.041345
1778652168.284571,0.408100,0.387776,0.082256,0.089396,0.228482,0.018872,0.306428,2.179469,0.097383
1778652179.731657,-0.201954,-3.401749,-0.813302,-1.393415,-1.526723,0.708973,0.323565,2.279604,0.693464
1778652185.219667,0.250145,0.840973,0.161566,0.246597,0.444801,0.017329,0.120023,2.065511,0.020994
1778652188.014432,0.022725,-1.468742,-0.436839,-0.635003,-0.644747,0.540721,0.311510,2.251299,0.712838
1778652200.468228,0.521665,-0.078636,-0.014213,-0.048604,0.011922,0.014125,0.491957,3.480428,0.115985
1778652203.7124789,0.263123,0.846073,0.162988,0.259755,0.434572,0.019753,0.129230,2.111874,0.045044
1778652206.449918,0.421068,0.515418,0.106692,0.143679,0.283030,0.015906,0.319907,2.593537,0.079388
1778652220.067768,0.265116,0.897661,0.185520,0.296128,0.426469,0.019666,0.127575,2.028853,0.028844
1778652221.406517,0.397059,0.210260,0.039938,0.044505,0.141139,0.014388,0.327416,2.251599,0.102945
1778652232.406326,0.511705,-0.207871,-0.026031,-0.067541,-0.084086,0.009161,0.521326,3.479325,0.095979
1778652233.9948149,0.437755,0.626811,0.117766,0.185378,0.339324,0.018708,0.319890,2.501014,0.073149
1778652242.95981,0.154804,-0.033160,-0.084944,-0.094972,0.090821,0.153257,0.132369,2.069272,0.411979
1778652250.282876,0.367119,0.218459,0.049445,0.058834,0.127881,0.007861,0.308893,2.163135,0.070477
1778652255.485183,0.044102,-0.218102,-0.119582,-0.203042,-0.021386,0.286442,0.140568,1.731367,0.554914
1778652261.338361,0.118900,-1.726603,-0.428744,-0.890767,-0.563251,0.359719,0.307225,2.370069,0.600234
1778652264.064904,-0.001922,-0.977080,-0.349647,-0.681281,-0.063250,0.266733,0.146264,1.626864,0.521508
1778652275.704154,0.280477,0.856876,0.163560,0.264623,0.438624,0.019272,0.146893,1.956726,0.039826
1778652276.127776,0.394025,0.398723,0.077811,0.103467,0.238555,0.009969,0.310564,2.609468,0.057768
1778652291.348038,0.260833,0.654724,0.130866,0.185686,0.350340,0.014049,0.145543,1.919272,0.029015
1778652296.302475,0.242118,-0.904345,-0.210557,-0.452209,-0.307731,0.181547,0.314347,2.462060,0.442631
1778652303.681206,0.514607,-0.139921,-0.021254,-0.072203,-0.018401,0.013361,0.491891,3.474296,0.114230
1778652308.165462,0.274695,0.681614,0.133865,0.215344,0.344660,0.014608,0.155520,1.956066,0.021220
1778652313.449091,0.222111,-0.563110,-0.160717,-0.216361,-0.250981,0.175588,0.312675,2.284455,0.431259
1778652324.573077,0.291626,0.735553,0.157222,0.228645,0.357315,0.022155,0.153100,1.870642,0.057397
1778652329.389348,0.385477,0.312688,0.063444,0.086647,0.184390,0.006051,0.315607,2.481855,0.036044
1778652334.985767,0.502234,-0.269465,-0.036745,-0.075545,-0.126968,0.009261,0.516955,3.483805,0.095856
1778652344.319554,0.159802,-0.233890,-0.131813,-0.303986,0.146083,0.150051,0.164457,1.919934,0.408288
1778652347.795746,0.385637,0.441724,0.089886,0.135543,0.238344,0.007759,0.308100,2.592788,0.044061
1778652353.362916,-0.088990,-0.651965,-0.364776,-0.507769,0.027067,0.419915,0.162486,1.644469,0.629528
1778652363.382425,0.393593,0.492159,0.093279,0.144998,0.276950,0.008046,0.317432,2.709159,0.049948
1778652373.329203,0.273250,0.605716,0.122960,0.190747,0.306796,0.011444,0.169120,2.050935,0.025836
1778652376.952524,0.422403,0.483100,0.089184,0.126545,0.288306,0.013806,0.326317,2.783748,0.071287
1778652388.280174,0.284211,0.576082,0.117270,0.191673,0.279058,0.012109,0.179426,1.797351,0.035425
1778652389.032035,0.404926,0.291525,0.052594,0.053900,0.203220,0.014919,0.327572,2.565009,0.099642
1778652398.97591,0.510653,-0.167567,-0.023802,-0.071494,-0.041946,0.009015,0.497728,3.483244,0.094809
1778652403.635308,0.282459,0.645876,0.129238,0.212370,0.318170,0.011817,0.177061,1.981083,0.028056
1778652407.4470332,0.367901,0.135960,0.029563,0.027039,0.103965,0.005090,0.325231,2.715312,0.060275
1778652415.756788,0.046388,-0.533300,-0.272910,-0.535771,0.149613,0.288152,0.171534,1.830874,0.550243
1778652421.09008,0.443299,0.698068,0.134180,0.192478,0.389023,0.020249,0.327913,2.773726,0.087784
1778652433.104766,0.154330,-0.366799,-0.143484,-0.451311,0.170970,0.153399,0.173295,1.967419,0.412364
1778652439.8001568,0.414496,0.472257,0.091571,0.126321,0.275572,0.013086,0.325957,2.774902,0.076351
1778652439.844737,0.519336,-0.175053,-0.026084,-0.057176,-0.062001,0.010148,0.511870,3.486631,0.101253
1778652448.567944,0.250831,0.436737,0.084768,0.130014,0.238149,0.006832,0.179227,1.961032,0.043528
1778652463.002887,0.365484,0.021109,0.008790,-0.019121,0.055492,0.005534,0.332688,2.681825,0.070380
1778652473.0735621,0.265895,0.535138,0.113323,0.189375,0.250012,0.007784,0.180095,2.146434,0.021671
1778652485.253221,0.381738,0.138389,0.032186,0.015514,0.112212,0.008972,0.335530,2.600883,0.087155
1778652490.0752268,-0.116459,-0.495990,-0.244412,-0.264347,-0.181272,0.427024,0.183503,1.947170,0.611961
1778652500.80895,0.368788,0.106708,0.025248,0.029640,0.075458,0.002655,0.344583,2.496575,0.047947
1778652503.2369778,0.521569,-0.116788,-0.020126,-0.059190,-0.011195,0.017260,0.497385,3.490750,0.130154
1778652504.5073578,0.284283,0.576150,0.110907,0.181293,0.298452,0.010888,0.187501,1.994599,0.041114
1778652518.3814552,0.421400,0.252664,0.046101,0.050739,0.176328,0.012917,0.348817,2.696246,0.092189
1778652518.930184,0.277089,0.678829,0.132553,0.221167,0.339603,0.011315,0.182595,2.015230,0.051491
1778652532.1616378,0.274956,0.489775,0.089127,0.134858,0.281691,0.008662,0.190477,2.023289,0.041166
1778652537.5268438,0.375802,0.085801,0.024165,0.012883,0.071388,0.005983,0.341597,2.562730,0.073130
1778652547.769517,0.252994,0.484907,0.094405,0.162459,0.246406,0.005395,0.198136,2.105944,0.051482
1778652553.9303129,0.494486,-0.259379,-0.034355,-0.070984,-0.125723,0.012913,0.514485,3.477358,0.112744
1778652555.439435,0.391223,0.073427,0.017098,0.013768,0.065730,0.004221,0.356458,2.528127,0.057858
1778652559.740581,0.282004,0.425140,0.075428,0.104127,0.258501,0.013342,0.199755,1.958726,0.085487
1778652568.4310908,0.407677,0.177654,0.034074,0.033193,0.128978,0.013910,0.357051,2.554448,0.112285
1778652580.865886,0.256104,0.302517,0.058645,0.088070,0.175604,0.004054,0.198265,2.182999,0.028064
1778652585.547907,0.394079,-0.031532,-0.004968,-0.035678,0.029115,0.009702,0.361180,2.485132,0.097867
1778652598.6578891,0.249968,0.316910,0.062637,0.099962,0.173941,0.003397,0.200500,2.132730,0.032494
1778652601.615096,0.410542,0.172578,0.039388,0.046304,0.107747,0.007831,0.368519,2.477677,0.082093
1778652613.851891,0.510785,-0.180334,-0.027040,-0.076041,-0.048119,0.011459,0.495947,3.486387,0.106850
1778652615.867109,0.375864,-0.065643,-0.011188,-0.020648,-0.010144,0.002754,0.376050,2.503958,0.055314
1778652618.846582,0.287007,0.522060,0.099826,0.147803,0.290674,0.010366,0.199323,2.142645,0.054541
1778652630.480971,0.406050,0.010075,0.004435,-0.013328,0.041722,0.004119,0.376350,2.481277,0.059969
1778652644.3766332,0.273429,0.427634,0.087839,0.138654,0.220581,0.006007,0.203098,2.244434,0.034328
1778652651.119322,0.351726,-0.249941,-0.047989,-0.090481,-0.089837,0.002213,0.373681,2.273984,0.043861
1778652662.008085,0.518377,-0.091675,-0.012222,-0.037423,-0.011719,0.009065,0.506330,3.484322,0.095193
1778652678.689023,0.134198,-0.363707,-0.088797,-0.150687,-0.176935,0.147864,0.206569,2.121968,0.398088
1778652678.864554,0.360297,-0.176768,-0.036500,-0.054992,-0.066351,0.004557,0.392658,2.120308,0.062444
1778652703.555582,0.272570,0.373554,0.073753,0.114329,0.202917,0.004368,0.212376,1.962888,0.028771
1778652705.148014,0.238213,-0.524124,-0.153654,-0.167568,-0.279123,0.198999,0.388958,2.327957,0.442562
1778652725.327254,0.414722,0.017604,0.006831,-0.011209,0.045296,0.004978,0.398268,2.580315,0.072317
1778652731.2207098,0.271161,0.310220,0.059822,0.099458,0.170430,0.003821,0.214717,2.140031,0.026555
1778652746.5637271,0.396221,-0.063142,-0.006436,-0.015381,-0.016223,0.001054,0.399498,2.563036,0.034055
1778652759.23121,0.270820,0.356378,0.075909,0.101834,0.195857,0.007095,0.207798,2.076941,0.058913
1778652761.677578,0.511726,-0.222588,-0.033838,-0.092428,-0.068600,0.014213,0.497758,3.482934,0.119333
1778652764.684839,0.422891,0.129222,0.025936,0.037922,0.087724,0.006319,0.392605,2.551914,0.077472
1778652783.6842968,0.394234,-0.282433,-0.051817,-0.118094,-0.090352,0.005273,0.402375,2.480667,0.076058
1778652786.868833,0.253663,0.285019,0.060475,0.107864,0.136576,0.002270,0.215899,2.103112,0.030612
1778652789.982251,0.506817,-0.011455,0.002039,-0.001728,0.017808,0.010532,0.501837,3.483951,0.103316
1778652793.29988,0.450827,0.118529,0.018003,0.001641,0.116810,0.016527,0.398126,2.618787,0.123603
1778652807.742115,0.268327,0.280951,0.055307,0.082687,0.159937,0.004981,0.216242,1.946950,0.050200
1778652818.1605198,0.440782,-0.148506,-0.025989,-0.098386,-0.008815,0.021657,0.409811,2.614448,0.151651
1778652829.9009888,0.269738,0.324758,0.069143,0.108329,0.165735,0.003484,0.219451,2.019035,0.032577
1778652833.0951629,0.426709,-0.133931,-0.023370,-0.090972,0.002775,0.006827,0.409951,2.577670,0.085282
1778652847.5806148,0.243520,-0.433315,-0.111921,-0.119137,-0.280035,0.202611,0.400273,2.352750,0.444771
1778652850.593704,0.301924,0.382327,0.075606,0.118020,0.202813,0.012489,0.222547,2.035625,0.082919
1778652869.2083452,0.253676,0.075917,0.016671,0.016135,0.061325,0.002240,0.228913,1.933340,0.042517
1778652873.904804,0.216428,-0.920298,-0.252644,-0.304303,-0.434613,0.189696,0.389209,2.358620,0.421429
1778652885.729462,0.534218,0.045932,0.008512,-0.001646,0.069356,0.009180,0.509117,3.488083,0.093195
1778652887.1324759,0.265383,0.157129,0.033249,0.045647,0.095502,0.004246,0.227327,1.939178,0.055757
1778652891.8039758,0.226496,-1.286596,-0.290631,-0.586882,-0.485306,0.195740,0.397188,2.164643,0.430251
1778652894.218399,0.493590,-0.309369,-0.044287,-0.101826,-0.132579,0.008466,0.502185,3.491021,0.092333
1778652907.447455,0.282620,0.236405,0.054414,0.084031,0.114217,0.006272,0.227206,1.939290,0.059637
1778652908.81869,0.210301,-0.840726,-0.208329,-0.341406,-0.374210,0.209955,0.386738,2.175947,0.445752
1778652920.476313,0.410281,0.056424,0.014160,0.000177,0.061360,0.006629,0.375819,2.258807,0.077753
1778652925.96227,0.259734,0.087425,0.020349,0.031958,0.052490,0.000724,0.239864,1.773467,0.019127
1778652935.555135,0.091934,-0.702243,-0.257948,-0.281757,-0.334359,0.388679,0.387054,2.251810,0.578872
1778652952.927497,0.261089,0.053448,0.015839,0.013700,0.043192,0.001584,0.238242,2.007490,0.034355
1778652958.85,0.364508,-0.041902,-0.008735,-0.017909,0.006712,0.002079,0.361385,2.300889,0.047952
1778652973.0010471,0.264430,0.040316,0.010995,0.014486,0.034146,0.002175,0.247062,2.039729,0.045624
1778652974.303679,0.413352,0.117814,0.026076,0.015717,0.097202,0.006172,0.362380,2.426747,0.063020
1778652991.2335622,0.391763,0.218240,0.047256,0.051624,0.142033,0.004501,0.339403,2.492414,0.044213
1778652992.527192,0.279070,0.090066,0.021960,0.018095,0.068007,0.003549,0.250618,1.977015,0.055174
1778653006.31565,0.227381,-1.155414,-0.246684,-0.516078,-0.461309,0.185270,0.341306,2.397756,0.437532
1778653007.795527,0.487615,-0.234790,-0.029399,-0.054816,-0.118572,0.005492,0.510787,3.474875,0.070947
1778653009.251509,0.297329,0.271749,0.057434,0.084932,0.147857,0.003228,0.249594,2.008853,0.032481
1778653015.4494998,0.501186,-0.321131,-0.047326,-0.101999,-0.142764,0.011566,0.507271,3.482530,0.108221
1778653022.9445078,0.396528,0.264884,0.053366,0.081360,0.152292,0.006782,0.345304,2.552387,0.067970
1778653025.04068,0.270805,0.088765,0.023286,0.039335,0.045587,0.001225,0.258653,2.005533,0.034605
1778653036.233163,0.259223,-0.002116,0.003544,0.001830,0.010405,0.000586,0.257109,1.818772,0.025419
1778653041.951126,0.390994,0.297458,0.061366,0.092137,0.168045,0.004161,0.335823,2.617145,0.035227
1778653054.071444,0.386978,0.267764,0.052704,0.083911,0.154642,0.004475,0.342710,2.573051,0.052861
1778653055.233026,0.281846,0.014163,0.005682,0.003287,0.025416,0.001497,0.267778,2.097075,0.037997
1778653069.102039,0.409839,0.272787,0.052309,0.052515,0.188360,0.012589,0.329516,2.669138,0.082581
1778653072.539648,0.255195,-0.106415,-0.016045,-0.028965,-0.042126,0.002014,0.269238,2.028585,0.044928
1778653090.589838,0.283423,0.091330,0.022496,0.031062,0.056407,0.000638,0.263142,1.895370,0.015861
1778653092.4543722,0.356446,0.143318,0.033339,0.041232,0.094773,0.001661,0.326198,2.685673,0.028796
1778653115.326304,0.388994,0.266956,0.054416,0.065286,0.171445,0.006299,0.327820,2.734059,0.053296
1778653119.196789,0.525317,-0.085489,-0.010204,-0.035084,-0.009902,0.009051,0.515883,3.482432,0.095418
1778653121.871867,0.134473,-0.544403,-0.188954,-0.212803,-0.198727,0.154341,0.259414,2.109049,0.392613
1778653129.9729311,0.518540,-0.214927,-0.031263,-0.091585,-0.063687,0.012960,0.507208,3.487208,0.114174
1778653135.209836,0.417101,0.325364,0.055728,0.045194,0.239867,0.024653,0.328281,2.775141,0.136481
1778653139.101088,0.026331,-0.703344,-0.255513,-0.324725,-0.268228,0.328455,0.268850,1.910548,0.547356
1778653153.7466838,0.388097,0.141098,0.029420,0.016367,0.117622,0.008177,0.331683,2.639849,0.074497
1778653160.729401,0.130384,-0.785537,-0.217331,-0.290151,-0.337182,0.155043,0.262636,1.839557,0.390943
1778653172.9791691,0.374390,0.274731,0.058637,0.075878,0.164833,0.004154,0.321169,2.669410,0.038318
1778653174.5538712,0.260509,-0.017105,0.001182,-0.001344,-0.000863,0.002732,0.257692,1.744715,0.055014
1778653189.9127722,0.386911,0.295963,0.058340,0.086091,0.175562,0.006484,0.329547,2.727106,0.059564
1778653190.517382,0.135460,-0.349475,-0.158892,-0.156572,-0.094433,0.159058,0.269228,1.910750,0.396041
1778653209.324755,0.410029,0.484410,0.096049,0.138341,0.271347,0.010125,0.328360,2.638955,0.061960
1778653216.185712,0.269305,0.117394,0.030492,0.048293,0.057267,0.002126,0.255026,1.972109,0.046215
1778653226.9267719,0.375597,0.139932,0.028202,0.033060,0.102279,0.003930,0.335160,2.557479,0.050500
1778653230.426403,0.534517,-0.019290,-0.001733,-0.026378,0.038679,0.009904,0.509027,3.481027,0.096959
1778653233.1084642,0.281682,0.052985,0.012741,0.009526,0.048032,0.003432,0.257307,1.902955,0.056149
1778653244.60213,0.509438,-0.292355,-0.043334,-0.097428,-0.121174,0.008962,0.511319,3.490018,0.095398
1778653245.5549598,0.418387,0.207094,0.032150,0.026742,0.160969,0.027961,0.338237,2.674870,0.154692
1778653252.564843,0.262328,0.069469,0.017019,0.022819,0.047844,0.002692,0.243209,1.955810,0.050837
1778653687.263087,0.419767,0.162463,0.031114,0.011177,0.141828,0.012849,0.350370,2.808042,0.094477
1778653696.071475,0.152331,-0.278877,-0.125549,-0.111644,-0.098044,0.150773,0.247652,1.902709,0.396775
1778653707.484365,0.410270,0.336591,0.061715,0.088687,0.208259,0.010027,0.343333,2.708380,0.078506
1778656232.527924,0.154630,0.108250,0.000614,0.036179,0.010457,0.162299,0.251618,2.014895,0.412166
1778656236.663454,0.374012,-0.035600,-0.001953,-0.028447,0.019627,0.002592,0.354362,2.612315,0.049509
1778656243.584127,0.422148,0.443796,0.080164,0.122667,0.263562,0.010822,0.355794,2.800802,0.084456
1778656244.7130072,0.287922,0.232421,0.048259,0.073939,0.129285,0.002343,0.245972,2.023320,0.025456
1778656253.540627,0.373385,-0.015601,-0.003036,-0.000405,0.012389,0.003347,0.376269,2.622250,0.060903
1778656254.0546718,0.253369,0.063285,0.018152,0.025917,0.037782,0.001991,0.250237,1.956095,0.046915
1778656257.570035,0.510616,-0.217247,-0.027911,-0.066633,-0.092777,0.009897,0.520494,3.487564,0.099774
1778656264.2239842,0.261315,0.071141,0.016910,0.021651,0.051995,0.002130,0.241460,2.048049,0.043920
1778656265.269501,0.399757,-0.145657,-0.025934,-0.076191,-0.026748,0.017296,0.371723,2.543188,0.135441
1778656272.07144,0.523819,-0.196988,-0.029936,-0.076162,-0.062317,0.012600,0.512357,3.487297,0.112545
1778656277.074906,0.265144,0.151699,0.033793,0.046343,0.091908,0.001172,0.237939,2.093148,0.021914
1778656278.330761,0.406083,-0.016922,-0.004599,-0.024260,0.034567,0.010594,0.375490,2.792769,0.103593
1778656289.275847,0.270631,0.260837,0.053419,0.091382,0.136268,0.002629,0.239915,2.154725,0.043277
1778656289.281573,0.368769,-0.168111,-0.026532,-0.046111,-0.069283,0.000740,0.385573,2.655462,0.022538
1778656300.6951392,0.392418,-0.039677,-0.002079,-0.021702,0.012191,0.001388,0.382690,2.878026,0.037910
1778656301.061904,0.289191,0.239161,0.047064,0.054018,0.156317,0.006861,0.238496,2.166846,0.069050
1778656311.811593,0.370476,-0.226411,-0.039297,-0.069710,-0.092505,0.005431,0.390204,2.761458,0.074844
1778656312.4906728,0.251642,0.090510,0.025631,0.032006,0.052799,0.001259,0.239341,2.055535,0.035082
1778656323.871674,0.474745,-0.288426,-0.035661,-0.067325,-0.153796,0.006285,0.508072,3.478626,0.072504
1778656327.764599,0.310204,0.355552,0.071690,0.099989,0.199523,0.011607,0.232319,2.145248,0.078462
1778656328.530446,0.372831,-0.190569,-0.032002,-0.062225,-0.069106,0.002214,0.389904,2.834190,0.046218
1778656339.584298,0.434479,0.036156,0.008760,-0.040078,0.089723,0.009967,0.390558,2.723385,0.094505
1778656339.59632,0.258233,0.152629,0.031615,0.054765,0.086670,0.001775,0.237467,2.130816,0.038640
1778656341.317508,0.510424,-0.350384,-0.053477,-0.113930,-0.154671,0.013330,0.514782,3.497124,0.116285
1778656349.456047,0.289985,0.272263,0.054196,0.070779,0.163821,0.007038,0.234774,2.005149,0.066585
1778656349.728086,0.380876,-0.236749,-0.041956,-0.081655,-0.088105,0.003116,0.394665,2.659064,0.057020
1778656360.400386,0.280890,0.258015,0.050491,0.084047,0.140131,0.007142,0.236984,2.022424,0.076118
1778656363.7692358,0.373034,-0.259207,-0.046593,-0.084271,-0.103616,0.001873,0.402486,2.566432,0.033426
1778656380.7840378,0.283485,0.223592,0.041902,0.070995,0.129705,0.004330,0.239504,2.117431,0.051589
1778656381.4288251,0.365535,-0.368686,-0.060136,-0.122726,-0.160508,0.004398,0.405854,2.751539,0.055500
1778656393.526567,0.395593,-0.139198,-0.022851,-0.056557,-0.033706,0.003869,0.397953,2.801800,0.065517
1778656393.776022,0.275085,0.141252,0.028296,0.043238,0.089835,0.003077,0.246215,2.165504,0.049924
1778656404.968919,0.262963,0.100745,0.021640,0.031909,0.065993,0.002175,0.238990,1.988372,0.042164
1778656406.7829309,0.383419,-0.227619,-0.040843,-0.068458,-0.094261,0.003957,0.406371,2.603556,0.061739
1778656408.7778099,0.507210,-0.164074,-0.021539,-0.053208,-0.060122,0.011207,0.507737,3.480820,0.106697
1778656408.900846,0.559592,-0.133968,-0.024906,-0.082265,-0.001334,0.018784,0.520674,3.485459,0.132451
1778656415.4753358,0.174003,0.021886,0.008132,0.030670,-0.079077,0.164692,0.245073,2.018531,0.421163
1778656423.090076,0.360538,-0.248169,-0.048846,-0.077363,-0.098607,0.002455,0.392994,2.458062,0.039465
1778656425.013577,0.282805,0.180240,0.033394,0.041819,0.122775,0.004171,0.243602,1.983338,0.054098
1778656436.965992,0.380738,-0.224426,-0.041176,-0.085069,-0.074105,0.003071,0.403621,2.561178,0.053198
1778656438.585609,0.276189,0.152248,0.030178,0.058796,0.081808,0.003132,0.255771,2.009990,0.054925
1778656452.692771,0.274806,0.130506,0.027601,0.039134,0.082842,0.002440,0.249658,2.029141,0.044819
1778656456.192151,0.353440,-0.328194,-0.062345,-0.118806,-0.123923,0.003362,0.388107,2.480191,0.048990
1778656466.0897448,0.408171,0.013388,0.008323,-0.017217,0.043324,0.005920,0.391342,2.400144,0.079139
1778656468.758176,0.297328,0.221738,0.043914,0.068334,0.128717,0.005413,0.252501,2.193323,0.061492
1778656479.29377,0.399244,-0.082676,-0.014143,-0.040192,-0.004939,0.006696,0.391482,2.675053,0.085868
1778656481.2293482,0.271873,0.045863,0.012754,0.015757,0.036426,0.002195,0.254287,2.017164,0.045776
1778656496.051003,0.272782,0.034343,0.009685,0.001002,0.044418,0.002582,0.252165,2.205251,0.048952
1778656496.092597,0.383817,-0.105004,-0.015198,-0.032985,-0.031064,0.002672,0.391770,2.709260,0.053834
1778656499.557817,0.518280,-0.325555,-0.049546,-0.106668,-0.140214,0.011328,0.519734,3.479199,0.107262
1778656501.567022,0.490654,-0.140264,-0.016478,-0.047253,-0.045945,0.008522,0.492815,3.484837,0.093017
1778656510.4749608,0.270799,0.055887,0.014568,0.016648,0.045567,0.000876,0.255099,2.133334,0.026437
1778656510.934412,0.359190,-0.232046,-0.042836,-0.069154,-0.096858,0.002102,0.387392,2.424895,0.038105
1778656520.405204,0.224969,-1.587216,-0.349254,-0.596060,-0.713230,0.193529,0.390557,2.543599,0.429612
1778656531.670047,0.267311,0.039841,0.013064,0.017064,0.032307,0.000458,0.256965,2.282391,0.019751
1778656533.31665,0.395484,-0.047593,-0.006886,-0.040638,0.020984,0.006862,0.385764,2.448373,0.086713
1778656545.538912,0.301150,0.125384,0.022180,0.007865,0.111707,0.010476,0.255086,2.160536,0.096342
1778656548.4160252,0.375430,-0.150572,-0.028172,-0.050477,-0.049672,0.003479,0.380589,2.399070,0.061935
1778656556.6973178,0.273223,0.075929,0.018555,0.021859,0.055708,0.001860,0.258589,2.112481,0.042769
1778656563.058439,0.354308,-0.190526,-0.031573,-0.061105,-0.073233,0.001398,0.381385,2.531385,0.027180
1778656571.135254,0.278305,0.099296,0.025662,0.039491,0.052502,0.004753,0.264333,2.073584,0.071164
1778656576.874741,0.246542,-0.808768,-0.212506,-0.414324,-0.256459,0.197801,0.377326,2.437911,0.448078
1778656585.86268,0.510097,-0.321327,-0.045676,-0.105045,-0.143173,0.014810,0.518596,3.483737,0.122359
1778656586.9193091,0.271055,-0.082304,-0.011416,-0.034713,-0.015062,0.001048,0.267686,2.163747,0.033944
1778656588.00319,0.373426,-0.021312,-0.000679,-0.010179,0.012253,0.002007,0.372636,2.371063,0.047220
1778656592.863564,0.502024,-0.100000,-0.011799,-0.034964,-0.022051,0.007255,0.497411,3.481394,0.085724
1778656601.3205912,0.264841,0.005320,0.004015,0.006006,0.016385,0.000732,0.262243,2.145212,0.028387
1778656601.362785,0.400976,0.078324,0.018179,0.007185,0.075860,0.005120,0.374854,2.546039,0.070221
1778656611.6364532,0.427112,0.085094,0.013010,-0.006098,0.098608,0.010745,0.373006,2.580029,0.093201
1778656613.1940842,0.295046,0.035293,0.010182,0.005445,0.038798,0.003262,0.269947,2.076321,0.054077
1778656622.298083,0.338974,-0.200431,-0.036766,-0.061439,-0.081502,0.001734,0.370164,2.159067,0.029087
1778656631.0833778,0.273355,0.006585,0.005982,0.005125,0.016272,0.000762,0.263829,2.117515,0.027310
1778656637.088341,0.373609,0.019534,0.010676,-0.014449,0.045671,0.004686,0.349844,2.470717,0.067673
1778656645.050617,0.267533,-0.059630,-0.006943,-0.019352,-0.013450,0.001956,0.272658,2.086404,0.046300
1778656650.6387782,0.377300,-0.016016,0.001327,-0.014655,0.020306,0.002489,0.359496,2.423874,0.049127
1778656662.332947,0.267005,-0.027900,0.000180,-0.008777,0.002145,0.000828,0.265269,2.186146,0.030279
1778656665.594589,0.358076,0.057277,0.015690,0.029292,0.033631,0.002515,0.350379,2.259278,0.052236
1778656668.387743,0.508980,-0.171660,-0.022666,-0.055579,-0.062495,0.007833,0.510593,3.483575,0.089188
1778656669.94987,0.269198,0.006185,0.003487,0.001796,0.017760,0.001802,0.263540,1.775917,0.044349
1778656670.431254,0.508602,-0.355261,-0.050905,-0.116114,-0.159965,0.013001,0.520025,3.477698,0.114345
1778656678.568822,0.247840,-0.259447,-0.074807,-0.064160,-0.195161,0.189413,0.358948,2.002565,0.443557
1778656683.927486,0.283600,0.020585,0.007217,-0.002539,0.035518,0.001700,0.268724,2.046146,0.040538
1778656688.9946408,0.250117,-1.366537,-0.291541,-0.640712,-0.506178,0.191113,0.346165,2.366377,0.449553
1778656700.802508,0.262549,-0.090057,-0.011409,-0.026316,-0.031411,0.001383,0.272239,2.161183,0.037844
1778656703.080288,0.409012,0.239247,0.051482,0.059353,0.149550,0.006475,0.345402,2.437531,0.051947
1778656712.307034,0.418836,0.261075,0.051240,0.057156,0.171367,0.008782,0.348492,2.307883,0.065264
1778656714.015887,0.282572,0.032844,0.009362,0.003739,0.038593,0.002418,0.269291,2.005847,0.049908
1778656724.166547,0.410029,0.265248,0.053149,0.046541,0.184352,0.010451,0.341959,2.401961,0.080397
1778656724.937723,0.296127,0.012298,0.005394,-0.011077,0.035221,0.004808,0.272484,1.964461,0.068710
1778656735.6764338,0.096273,-0.758348,-0.302761,-0.310525,-0.302875,0.359429,0.330525,2.190221,0.581717
1778656737.8784142,0.260168,-0.084771,-0.013096,-0.018252,-0.034742,0.002248,0.273092,1.980571,0.048082
1778656744.5575218,0.512243,-0.126880,-0.017042,-0.048870,-0.029622,0.007138,0.503882,3.491553,0.084737
1778656747.0422652,0.513262,-0.214441,-0.028863,-0.065994,-0.089291,0.008977,0.519860,3.478148,0.095264
1778656748.663744,0.263447,-0.797546,-0.200573,-0.513989,-0.148220,0.180226,0.335890,2.487741,0.440931
1778656751.985616,0.246424,-0.134969,-0.020976,-0.028699,-0.066810,0.001984,0.272271,1.947616,0.038245
1778656757.058441,0.526174,-0.479182,-0.074568,-0.175767,-0.202647,0.017281,0.521145,3.483962,0.140430
1778656762.3104398,0.391024,0.198265,0.044331,0.043797,0.131609,0.007768,0.337594,2.535644,0.073884
1778656766.3247502,0.291605,0.057421,0.018270,0.013013,0.046124,0.002104,0.277595,2.103936,0.046046
1778656773.887208,0.395857,0.282085,0.060726,0.064080,0.177502,0.010508,0.329116,2.547637,0.082016
1778656782.585123,0.260855,-0.096423,-0.014281,-0.015011,-0.046981,0.001193,0.278895,2.074652,0.031054
1778656787.974613,0.326343,-0.031318,-0.001584,-0.006219,-0.001627,0.001369,0.327173,2.257304,0.038995
1778656795.598589,0.269339,-0.064095,-0.009107,-0.012267,-0.023878,0.000876,0.276837,1.928135,0.030172
1778656800.99579,0.370773,0.238431,0.049437,0.060292,0.146507,0.008878,0.325941,2.224332,0.087357
1778656807.142837,0.283293,-0.039299,-0.003707,-0.015067,-0.000986,0.001513,0.280071,2.029528,0.040861
1778656814.005522,0.206938,-0.060417,-0.043288,0.003398,-0.086297,0.173710,0.321485,2.108600,0.422412
1778656815.803047,0.525704,-0.148431,-0.021405,-0.058131,-0.038809,0.009614,0.513808,3.489368,0.098097
1778656817.612551,0.269298,-0.072747,-0.009006,-0.013118,-0.031177,0.001478,0.280486,2.018548,0.038772
1778656823.109695,-0.038153,-0.821942,-0.302068,-0.378374,-0.391562,0.538903,0.324839,1.938825,0.672590
1778656827.278214,0.270814,-0.086148,-0.015432,-0.029109,-0.025841,0.002943,0.281684,1.723768,0.056020
1778656835.789581,0.263277,0.038983,-0.011110,0.016632,-0.047707,0.205733,0.322015,2.169750,0.474087
1778656839.679574,0.259477,-0.082356,-0.012042,-0.020365,-0.030218,0.001161,0.270730,2.031160,0.033898
1778656841.737613,-0.295454,-2.860112,-0.840771,-1.280641,-1.141749,0.846654,0.295143,2.027902,0.743751
1778656850.553493,-0.041488,-1.647770,-0.490514,-0.879800,-0.509940,0.504225,0.287475,1.962923,0.663331
1778656853.3035011,0.265574,-0.064359,-0.008137,-0.009402,-0.027735,0.001451,0.279295,1.980991,0.037455
1778656860.709609,0.409678,0.617920,0.120177,0.176864,0.334724,0.021327,0.284868,2.450866,0.079926
1778656867.832261,0.277084,-0.007066,0.003419,0.008725,-0.000315,0.000873,0.274486,1.933034,0.031025
1778656873.01613,0.378061,0.573962,0.114690,0.172243,0.308100,0.011459,0.275700,2.680076,0.033028
1778656875.1663702,0.150967,-0.814255,-0.294266,-0.468235,-0.116476,0.163554,0.278560,1.705569,0.404521
1778656887.457518,0.278065,-0.029712,-0.000907,-0.017323,0.007221,0.001745,0.269911,1.957565,0.043189
1778656888.1816478,0.367998,0.571863,0.115619,0.177165,0.298824,0.013978,0.261789,2.673402,0.054749
1778656892.499033,0.507810,-0.112448,-0.015565,-0.038281,-0.028390,0.009096,0.498183,3.475981,0.095638
1778656894.8355079,-0.087955,-1.467732,-0.413711,-0.719479,-0.559895,0.491146,0.272662,2.022034,0.633422
1778656898.762422,0.371209,0.627881,0.121807,0.187468,0.339309,0.012807,0.266254,2.710706,0.044615
1778656904.271849,0.281684,-0.019279,-0.001254,-0.013854,0.013633,0.001444,0.269416,1.852566,0.037910
1778656907.125389,0.393892,0.804862,0.150774,0.238839,0.431173,0.019605,0.257071,2.572645,0.031352
1778656916.191593,0.262323,-0.016181,0.000920,-0.002391,0.004726,0.001135,0.262681,2.000332,0.035516
1778656920.9492102,0.416623,0.852660,0.171516,0.235466,0.446250,0.047874,0.242386,2.450862,0.139503
1778656930.147701,0.280029,0.118253,0.027913,0.035754,0.072743,0.001964,0.252252,1.913922,0.036398
1778656930.3551302,-0.176129,-2.153048,-0.560936,-0.684879,-1.199629,0.632899,0.246117,2.405451,0.710717
1778656939.705544,0.378643,0.652240,0.139129,0.197514,0.324279,0.025069,0.237520,2.121711,0.075670
1778656944.346975,0.302261,0.173816,0.039371,0.056950,0.095292,0.006479,0.254003,2.103719,0.067910
1778656946.328348,0.404015,0.656241,0.126873,0.159001,0.367756,0.044086,0.244307,1.943188,0.143678
1778656953.16299,0.161976,-0.190631,-0.125585,-0.161377,0.038047,0.156310,0.252856,1.987122,0.405587
1778656956.7263732,0.299441,-0.208481,-0.088649,-0.221170,0.018884,0.211911,0.236748,2.350277,0.480718
1778656958.373775,0.515662,-0.057548,-0.005234,-0.027230,0.005423,0.008769,0.504926,3.489139,0.093761
1778656964.6903749,0.269995,0.147272,0.034004,0.053166,0.079868,0.001549,0.246879,2.053939,0.033582
1778656965.876983,0.542704,0.059582,0.008124,-0.035130,0.105415,0.031640,0.497749,3.464614,0.183983
1778656966.209907,0.113238,0.287763,0.031065,0.106658,0.001748,0.338259,0.238183,2.083770,0.598747
1778656977.236628,0.130921,-0.441731,-0.136838,-0.231362,-0.133588,0.160054,0.247269,1.997028,0.403481
1778656979.041632,0.376521,0.791157,0.164865,0.247957,0.388989,0.026731,0.229054,2.401959,0.074419
1778656985.245625,0.003401,-1.105224,-0.369534,-0.696756,-0.176364,0.313095,0.241490,1.911872,0.533759
1778656988.6449149,0.401632,0.906718,0.172132,0.253086,0.494089,0.028646,0.242295,2.691231,0.060165
1778656995.773354,0.143757,-0.004704,-0.018174,0.039243,-0.082600,0.151429,0.234497,1.888725,0.398880
1778657000.35549,-0.360786,-2.236002,-0.681970,-1.225008,-0.693945,0.765408,0.232925,1.778348,0.677344
1778657001.372554,0.384668,0.795879,0.153812,0.235764,0.420595,0.025753,0.238588,2.716766,0.070028
1778657010.4776452,0.378138,0.865244,0.165104,0.244738,0.471381,0.021569,0.234648,2.676292,0.032989
1778657011.969903,0.267149,0.272037,0.064992,0.104431,0.120906,0.002608,0.226118,1.959674,0.032043
1778657019.730145,-0.087262,-1.386776,-0.462044,-0.854339,-0.277451,0.453328,0.203799,1.960694,0.639975
1778657021.7910788,0.357381,0.668525,0.136667,0.205168,0.344933,0.014844,0.244963,2.566506,0.049509
1778657028.797336,-0.126235,-1.332053,-0.496789,-0.718506,-0.313648,0.430265,0.195752,1.824217,0.602392
1778657029.197888,0.430763,0.905865,0.162260,0.252352,0.499012,0.035675,0.254671,2.559508,0.072004
1778657038.216848,0.289007,0.492647,0.096943,0.140766,0.268050,0.012748,0.190845,1.948555,0.058804
1778657041.346046,0.364900,0.636662,0.133761,0.202813,0.318428,0.013690,0.253158,2.518622,0.036570
1778657048.5988731,0.274634,0.572486,0.111153,0.174407,0.303585,0.010079,0.182185,2.169926,0.041258
1778657056.665657,0.356612,0.545160,0.116245,0.172178,0.277873,0.010288,0.263005,2.627910,0.041168
1778657060.6584141,0.257892,0.619385,0.125358,0.213133,0.299414,0.007947,0.170670,2.249339,0.019420
1778657066.3936179,0.426701,0.771599,0.139053,0.201724,0.437053,0.041532,0.263253,2.699623,0.128308
1778657071.230665,0.260632,0.519481,0.101098,0.150716,0.284326,0.008549,0.173040,2.093425,0.031208
1778657073.5490181,0.408207,0.740146,0.137036,0.198073,0.421187,0.021485,0.278317,2.689260,0.071594
1778657080.50437,0.256229,0.556317,0.104645,0.161094,0.305865,0.009841,0.165375,2.020693,0.041985
1778657083.725984,0.343261,0.244390,0.051310,0.067674,0.143879,0.007523,0.282427,2.223431,0.065168
1778657091.640918,0.305159,0.853679,0.171088,0.253882,0.436779,0.025170,0.156286,2.065405,0.057799
1778657095.021763,0.354764,0.371337,0.087076,0.110478,0.189849,0.011074,0.283134,2.160290,0.081261
1778657103.8951838,0.273197,0.670209,0.143558,0.219314,0.320127,0.014538,0.156915,2.005877,0.033612
1778657106.468346,0.379151,0.421134,0.092383,0.135568,0.209898,0.011397,0.297912,2.241261,0.073010
1778657108.318676,-0.093598,-1.939976,-0.540407,-1.006093,-0.585373,0.417459,0.151539,1.683223,0.630138
1778657113.91589,0.407469,0.424305,0.090291,0.103677,0.247797,0.012539,0.308844,2.372859,0.055896
1778657115.254362,0.287754,0.607616,0.128528,0.196608,0.289425,0.018523,0.155021,1.620621,0.031710
1778657123.777264,0.369257,0.196662,0.046665,0.057349,0.111557,0.005264,0.318091,2.154048,0.054223
1778657126.6176152,0.291147,0.666775,0.144118,0.211473,0.318867,0.022967,0.151530,1.916657,0.062124
1778657131.816673,0.354907,0.131928,0.027359,0.030363,0.090191,0.006035,0.322438,1.900331,0.074392
1778657133.0506,0.042356,-1.433488,-0.360622,-0.897128,-0.298470,0.282500,0.152384,1.851862,0.548122
1778657138.523498,0.144488,-0.995457,-0.317544,-0.411799,-0.423995,0.358289,0.334555,2.126316,0.598297
1778657146.784719,0.259582,0.727450,0.151869,0.252407,0.336944,0.013681,0.147723,2.061037,0.036025
1778657150.942484,0.361968,0.036780,0.014482,0.013980,0.030994,0.002985,0.343767,2.416890,0.054298
1778657155.051157,0.267444,0.780625,0.151134,0.238409,0.404860,0.013776,0.153951,2.066710,0.031541
1778657163.007457,0.371663,0.143228,0.034956,0.040871,0.090603,0.002670,0.343130,2.453676,0.045405
1778657167.442424,0.301356,0.890221,0.172377,0.277820,0.448354,0.027690,0.151883,2.217496,0.077084
1778657171.716355,0.379251,0.165496,0.037095,0.053148,0.097220,0.004274,0.347457,2.410433,0.060215
1778657177.7879732,0.267251,0.742743,0.144658,0.226491,0.384654,0.014543,0.148907,2.033148,0.024440
1778657182.024647,0.329656,-0.164908,-0.029966,-0.041232,-0.071085,0.002553,0.360163,2.390112,0.042455
1778657188.16237,0.287779,0.810858,0.160194,0.242403,0.419450,0.019388,0.155556,2.088334,0.046003
1778657188.214752,0.409789,0.114850,0.027317,0.014823,0.091512,0.008537,0.367021,2.307100,0.086335
1778657195.361609,0.300222,0.764323,0.140618,0.205165,0.426711,0.023468,0.160351,1.990567,0.065866
1778657205.7211032,0.282299,0.729858,0.148689,0.227972,0.366763,0.014895,0.161526,2.101419,0.018523
1778657218.744572,0.275759,0.719701,0.146496,0.231277,0.357779,0.012194,0.168360,2.194871,0.027072
1778657228.244731,0.278385,0.681401,0.126599,0.198521,0.370588,0.014445,0.165577,2.152889,0.043713
1778657235.5830789,0.278126,0.629600,0.115154,0.175526,0.353072,0.012447,0.174955,2.037514,0.044760
1778657244.1220832,0.275666,0.518615,0.105553,0.152790,0.273726,0.012346,0.176657,1.962640,0.053158
1778657255.2149818,0.261779,0.494595,0.109890,0.174812,0.225845,0.008026,0.177779,1.996466,0.032836
1778657265.934743,0.296692,0.569573,0.125770,0.193200,0.264124,0.013371,0.188558,2.020514,0.043174
1778657273.188141,0.307284,0.502692,0.099249,0.127223,0.285669,0.019230,0.191830,1.906311,0.080968
1778657281.3132238,0.165370,-0.052428,-0.132800,-0.203899,0.227383,0.150316,0.197439,1.827045,0.407278
1778657287.889301,0.128193,-0.209366,-0.082706,-0.161216,-0.023951,0.151337,0.201028,1.716199,0.402812
1778657293.901846,0.275900,0.375587,0.083655,0.118556,0.187924,0.007044,0.206788,1.806962,0.050192
1778657304.082593,0.274404,0.295614,0.063060,0.095184,0.155434,0.004680,0.215164,2.040335,0.036062
1778657313.31135,0.149950,-0.497168,-0.132681,-0.235392,-0.183558,0.149934,0.215350,2.050389,0.402295
1778657321.503049,0.292259,0.425473,0.087386,0.126533,0.227144,0.008298,0.218125,1.973996,0.055802
1778657331.454774,0.251991,0.150728,0.032856,0.053207,0.084568,0.001285,0.225491,2.054564,0.025448
1778657337.5647192,0.266801,0.201167,0.040761,0.062013,0.114964,0.002476,0.227408,1.780890,0.032051
1778666436.158582,0.256922,-0.118388,-0.318872,-0.711839,-0.596837,0.003484,0.297801,2.367768,0.044879,0.050000,0.001000
1778666437.3289,0.388253,-0.154932,-0.457269,-0.900453,-0.873312,0.009971,0.297861,3.098635,0.044727,0.050000,0.001000
1778666449.7989419,0.251893,-0.115246,-0.300358,-0.679829,-0.569535,0.004019,0.291878,2.352294,0.051857,0.049100,0.001000
1778666451.846574,0.410329,-0.146886,-0.356658,-0.752430,-0.490917,0.021008,0.291736,3.018317,0.087836,0.049100,0.001000
1778666460.5452092,0.289238,-0.110223,-0.475704,-1.103366,-0.898138,0.002740,0.277253,2.293896,0.053711,0.048200,0.000999
1778666463.262304,0.439322,-0.143098,-0.503319,-1.241740,-0.960734,0.031163,0.309155,3.049660,0.125695,0.048200,0.000999
1778666470.505276,0.290684,-0.108424,-0.587848,-1.125618,-1.192152,0.002304,0.271874,2.301398,0.046547,0.047300,0.000997
1778666474.1926389,0.443835,-0.134788,-0.697422,-1.451577,-1.379841,0.032429,0.325352,2.978184,0.142947,0.047300,0.000997
1778666479.2103639,0.289203,-1.970245,-0.319646,-0.872182,-0.677350,0.004537,0.273591,2.202600,0.069070,0.046400,0.000994
1778666482.009084,0.452332,-2.781456,-0.457138,-1.327484,-0.869212,0.024790,0.338834,2.884064,0.115027,0.046400,0.000994
1778666487.175203,0.282562,-2.095989,-0.354796,-0.915021,-0.727275,0.001963,0.270804,2.187037,0.045029,0.045500,0.000991
1778666490.882268,0.414113,-3.332153,-0.554290,-1.592358,-1.055165,0.010094,0.344225,2.933951,0.076084,0.045500,0.000991
1778666495.000542,0.287864,-1.840141,-0.306418,-0.842988,-0.593183,0.002914,0.286694,2.211776,0.056891,0.044600,0.000987
1778666499.7607071,0.484521,-3.887847,-0.665860,-1.923954,-1.173442,0.023585,0.368448,2.991833,0.105997,0.044600,0.000987
1778666506.8192818,0.267271,-2.088373,-0.367845,-0.914525,-0.705661,0.002429,0.300847,2.320469,0.038028,0.043700,0.000982
1778666510.9798641,0.396206,-2.461708,-0.459388,-0.966827,-0.909955,0.010644,0.396734,2.979289,0.108750,0.043700,0.000982
1778666514.786918,0.302769,-1.703691,-0.319136,-0.726688,-0.569487,0.002792,0.291865,2.097562,0.054495,0.042800,0.000977
1778666519.720454,0.395429,-1.339497,-0.234171,-0.659914,-0.328654,0.003455,0.405690,2.768347,0.061008,0.042800,0.000977
1778666522.279972,0.274291,-1.455892,-0.274298,-0.528270,-0.564088,0.002523,0.288619,2.159829,0.050744,0.041900,0.000971
1778666527.979667,0.396840,-3.180394,-0.552075,-1.483752,-1.030450,0.004384,0.417223,2.775881,0.066407,0.041900,0.000971
1778666532.614395,0.295109,-2.511832,-0.455789,-1.170731,-0.794878,0.000750,0.287857,2.214887,0.027846,0.041000,0.000964
1778666538.475074,0.394829,-2.257809,-0.414425,-1.015580,-0.715052,0.009764,0.435542,2.869132,0.094904,0.041000,0.000964
1778666540.481656,0.276964,-1.205963,-0.244717,-0.583140,-0.295612,0.002571,0.280778,2.089246,0.053293,0.040100,0.000957
1778666547.016115,0.403553,-3.086986,-0.543300,-1.574112,-0.862214,0.004766,0.428623,2.736744,0.067804,0.040100,0.000957
1778666549.7539961,0.302708,-2.111446,-0.360277,-0.963996,-0.710636,0.009616,0.279289,2.075121,0.100374,0.039200,0.000948
1778666555.538601,0.421737,-2.319846,-0.402514,-1.226602,-0.589807,0.013204,0.433606,2.743007,0.120478,0.039200,0.000948
1778666559.311111,0.302540,-1.423940,-0.247365,-0.602560,-0.497510,0.007652,0.279715,2.097439,0.089014,0.038300,0.000940
1778666565.2672079,0.391574,-2.054938,-0.335254,-0.906506,-0.717940,0.010496,0.436250,2.623617,0.097182,0.038300,0.000940
1778666570.138597,0.263719,0.040184,0.020704,0.198524,-0.100541,0.000633,0.279762,2.107482,0.020428,0.037400,0.000930
1778666574.461171,0.358745,-2.013664,-0.422156,-1.040348,-0.456670,0.008598,0.427596,2.641415,0.065472,0.037400,0.000930
1778666579.940326,0.284398,-1.373911,-0.260052,-0.685916,-0.356816,0.001543,0.283275,1.969805,0.041383,0.036500,0.000920
1778666582.588829,0.379867,-1.825568,-0.342653,-0.888002,-0.508805,0.003118,0.421271,2.401855,0.039490,0.036500,0.000920
1778666590.6819499,0.270008,-0.346628,-0.049994,-0.267762,0.038992,0.001866,0.286707,1.932520,0.042000,0.035600,0.000910
1778666592.8194292,0.347947,-1.327593,-0.281556,-0.947332,-0.023146,0.008229,0.415693,2.238013,0.063596,0.035600,0.000910
1778666603.190691,0.263136,-0.051754,0.075378,-0.040182,-0.017780,0.002279,0.281570,2.026198,0.046413,0.034700,0.000899
1778666603.1906922,0.068138,0.428780,0.005876,0.146921,0.166950,0.385010,0.402507,2.405504,0.550966,0.034700,0.000899
1778666617.466655,0.283047,-1.855002,-0.338900,-0.831575,-0.613467,0.004253,0.277847,2.165274,0.068521,0.033800,0.000887
1778666617.4958699,0.236924,1.299906,0.236621,0.496821,0.560989,0.185801,0.391078,2.586550,0.424314,0.033800,0.000887
1778666623.50141,0.271690,-0.235867,-0.078023,-0.204241,0.025314,0.192639,0.365391,2.286839,0.451982,0.032900,0.000875
1778666625.485999,0.125152,0.388335,-0.031321,-0.109163,0.506820,0.160745,0.273011,1.774266,0.392828,0.032900,0.000875
1778666631.735918,0.002755,-0.766083,-0.389314,-0.833911,0.358557,0.316063,0.259566,1.857697,0.527163,0.032000,0.000862
1778666632.172271,0.400276,-1.802371,-0.403786,-0.943580,-0.386465,0.008712,0.346760,2.277993,0.080606,0.032000,0.000862
1778666639.922863,0.273281,0.837356,0.176122,0.372719,0.345735,0.003331,0.241633,1.893410,0.050873,0.031100,0.000848
1778666640.363688,0.376308,-2.375909,-0.481317,-1.244702,-0.582220,0.005098,0.327488,2.257833,0.054921,0.031100,0.000848
1778666646.4843671,0.260724,0.792528,0.145946,0.415922,0.209606,0.181649,0.327531,2.310289,0.443704,0.030200,0.000835
1778666647.345491,0.151955,1.496031,0.203705,0.441894,0.826841,0.152976,0.242261,1.751579,0.401139,0.030200,0.000835
1778666652.7276769,0.245836,-2.421879,-0.418070,-1.395415,-0.641257,0.187581,0.318806,2.079433,0.450008,0.029300,0.000820
1778666654.915201,0.128782,0.467655,0.039494,0.027204,0.372117,0.155555,0.232809,1.670232,0.401017,0.029300,0.000820
1778666661.8101492,0.428791,-1.954948,-0.385445,-1.221379,-0.290567,0.017774,0.312421,2.339583,0.068576,0.028400,0.000806
1778666663.237395,0.321483,-1.685697,-0.337285,-0.763208,-0.541839,0.021602,0.223478,1.907257,0.115456,0.028400,0.000806
1778666671.6422138,0.262285,-0.584836,-0.148590,-0.494101,0.025627,0.188245,0.308681,2.250711,0.454719,0.027500,0.000791
1778666677.1584902,0.255522,-0.051718,0.080708,-0.038806,-0.041017,0.002028,0.215492,1.949707,0.021755,0.027500,0.000791
1778666682.2787578,0.365683,-1.430984,-0.372936,-0.778093,-0.226181,0.008656,0.302195,2.184292,0.071691,0.026600,0.000775
1778666685.404116,-0.141178,-0.957565,-0.450063,-0.889365,0.086726,0.684666,0.293119,1.836412,0.742407,0.025700,0.000759
1778666688.123304,-0.588031,0.328856,-0.114014,-0.345157,0.260906,1.161322,0.281385,2.158852,0.671182,0.024800,0.000743
1778666688.7168489,0.274201,0.211438,0.103392,0.166642,-0.012618,0.005656,0.211256,1.834811,0.043387,0.026600,0.000775
1778666693.147841,-0.501075,1.133984,-0.130363,-0.206309,1.079679,0.862178,0.205638,1.560767,0.634852,0.025700,0.000759
1778666696.745744,0.083255,-0.466516,-0.228666,-0.439728,0.087653,0.340534,0.273247,2.344891,0.581604,0.023900,0.000726
1778666697.733341,-0.369788,0.605063,-0.218789,-0.505823,1.012028,0.723322,0.193071,1.774798,0.672072,0.024800,0.000743
1778666703.092306,0.274295,0.687596,0.061362,0.189190,0.388799,0.191300,0.261268,2.061068,0.460833,0.023000,0.000710
1778666704.158567,-0.236304,-0.550928,-0.420094,-0.955928,0.586550,0.570873,0.184072,1.962054,0.661780,0.023900,0.000726
1778666709.796132,0.038858,-0.028724,-0.170472,-0.380103,0.410529,0.298297,0.176681,1.644650,0.557078,0.023000,0.000710
1778666711.6760802,-0.196848,-0.132849,-0.194842,-0.635596,0.417379,0.651281,0.261920,2.055662,0.699852,0.022100,0.000693
1778666714.5906692,-0.317185,0.655403,-0.175413,-0.313175,0.796114,0.771825,0.237455,1.794147,0.718176,0.021200,0.000675
1778666718.732778,-0.266544,0.380653,-0.030601,-0.239418,0.295505,0.795545,0.231123,2.098844,0.780223,0.020300,0.000658
1778666721.211318,-0.559735,0.228802,-0.107022,-0.277387,0.120831,1.064710,0.213784,2.060529,0.719859,0.019400,0.000640
1778666723.0682921,-0.122941,1.388031,0.139922,0.406051,0.679802,0.412115,0.169670,1.981968,0.602305,0.022100,0.000693
1778666726.827322,-0.233457,0.531828,-0.218191,-0.457398,0.970237,0.534225,0.153009,1.411918,0.653935,0.021200,0.000675
1778666730.493172,0.086039,-0.940121,-0.210010,-0.501060,-0.352571,0.314772,0.205416,1.830562,0.577852,0.018500,0.000622
1778666732.9287,-0.106772,0.376658,-0.066915,-0.257925,0.530279,0.411063,0.145977,1.690269,0.621094,0.020300,0.000658
1778666736.000289,-0.877213,4.286993,0.399982,0.960346,2.388275,1.148520,0.128914,1.849026,0.389058,0.019400,0.000640
1778666739.103426,-0.174815,-0.487592,-0.127883,-0.464553,-0.163289,0.606075,0.197106,1.983244,0.720918,0.017600,0.000604
1778666742.1905432,-0.356581,-0.666939,-0.279021,-0.698994,0.022281,0.640578,0.119580,1.702329,0.678109,0.018500,0.000622
1778666747.8744268,-0.337296,-0.595094,-0.352568,-0.812711,0.276952,0.652466,0.110065,1.874989,0.708939,0.017600,0.000604
1778666748.7054772,-0.178547,0.194126,-0.083406,-0.287655,0.299250,0.599538,0.188180,2.025908,0.718834,0.016700,0.000586
1778666756.071607,-0.021330,1.106734,-0.007727,0.092207,0.829190,0.451361,0.169834,2.064332,0.678902,0.015800,0.000568
1778666759.6629398,-0.099894,0.775728,-0.055860,-0.136590,0.806364,0.388833,0.099323,1.952261,0.622848,0.016700,0.000586
1778666766.722841,0.394787,-1.305249,-0.325381,-0.763486,-0.213626,0.058966,0.162456,2.163701,0.074446,0.014900,0.000550
1778666768.919195,-0.112668,1.331639,0.011815,0.147628,1.011169,0.378533,0.086252,1.787315,0.613698,0.015800,0.000568
1778666774.9132469,0.244849,-0.262454,-0.119930,-0.151711,-0.050877,0.185529,0.156028,2.335793,0.444272,0.014000,0.000532
1778666776.713526,0.156536,-0.748430,-0.282412,-0.706614,0.191842,0.154905,0.079373,1.926055,0.406818,0.014900,0.000550
1778666782.616467,0.392255,-0.472677,-0.135941,-0.350486,0.014236,0.060911,0.147956,2.361861,0.036954,0.013100,0.000514
1778666787.944371,0.252046,0.060051,-0.006009,0.111348,-0.032769,0.033009,0.071476,2.073112,0.021180,0.014000,0.000532
1778666793.9003599,0.414682,-1.810540,-0.388249,-1.036872,-0.392794,0.076110,0.150398,2.514698,0.083427,0.012200,0.000496
1778666797.4932742,0.267272,-1.293084,-0.229827,-0.588544,-0.471539,0.043214,0.067657,1.891623,0.061172,0.013100,0.000514
1778666805.709305,0.445608,-2.221784,-0.494492,-1.019396,-0.732549,0.110279,0.145431,2.697889,0.149716,0.011300,0.000478
1778666808.7399502,0.265029,-0.812947,-0.151619,-0.476735,-0.180128,0.041939,0.063739,2.084760,0.039741,0.012200,0.000496
1778666819.1503098,0.391317,-1.267482,-0.210692,-0.709050,-0.351748,0.062014,0.145388,2.595967,0.041275,0.010400,0.000460
1778666822.045032,0.290899,-1.625961,-0.338577,-0.714941,-0.576539,0.058313,0.057550,2.217835,0.065503,0.011300,0.000478
1778666828.9565408,0.402509,-0.918060,-0.225459,-0.497965,-0.209528,0.075055,0.139525,2.382767,0.080929,0.009500,0.000442
1778666835.461851,0.290708,0.248190,0.077313,0.049269,0.115853,0.056600,0.054747,2.167764,0.032005,0.010400,0.000460
1778666837.7023602,0.429484,-2.922430,-0.572591,-1.332088,-1.042051,0.094352,0.141509,2.659934,0.112659,0.008600,0.000425
1778666845.73731,0.273030,-1.167626,-0.238882,-0.621400,-0.313532,0.049156,0.054385,1.935893,0.038729,0.009500,0.000442
1778666846.989006,0.409041,-1.438472,-0.335830,-0.662150,-0.460699,0.079687,0.143053,2.550209,0.099653,0.007700,0.000407
1778666854.1974442,0.410117,-1.893491,-0.368552,-0.940526,-0.605543,0.079192,0.140192,2.715599,0.083884,0.006800,0.000390
1778666856.491755,0.285912,-0.122058,-0.028612,-0.061281,-0.041791,0.056844,0.053486,2.185683,0.055995,0.008600,0.000425
1778666865.641581,0.270019,-0.495846,-0.114314,-0.204408,-0.185309,0.047664,0.054352,2.032046,0.035783,0.007700,0.000407
1778666867.907124,0.361390,-0.553485,-0.135480,-0.211944,-0.213192,0.046086,0.149484,2.696832,0.036241,0.005900,0.000374
1778666874.932092,0.257187,-0.264854,-0.040996,-0.066744,-0.164461,0.042589,0.053791,2.051258,0.036803,0.006800,0.000390
1778666880.689057,0.363012,-2.003579,-0.388248,-0.873089,-0.754253,0.049578,0.143414,2.555407,0.038796,0.005000,0.000357
1778666890.450526,0.258103,1.584999,0.302883,0.832992,0.441537,0.041642,0.055130,2.242945,0.022223,0.005900,0.000374
1778666891.80583,0.386676,-1.373606,-0.294273,-0.869586,-0.226963,0.058538,0.149409,2.410659,0.049919,0.005000,0.000341
1778666902.4310222,0.269059,0.249529,0.070907,0.127283,0.038030,0.047701,0.052609,2.108200,0.030732,0.005000,0.000357
1778666902.933665,0.370331,-1.986842,-0.475156,-0.899449,-0.628385,0.055339,0.145242,2.304241,0.072066,0.005000,0.000325
1778666913.6559958,0.403528,-1.219095,-0.291014,-0.638681,-0.312694,0.071157,0.151337,2.457141,0.091634,0.005000,0.000309
1778666913.813909,0.288444,0.242348,0.125116,0.015101,0.084806,0.055106,0.056821,2.045526,0.040226,0.005000,0.000341
1778666924.149046,0.379709,-1.761338,-0.344646,-0.884084,-0.548479,0.056097,0.146708,2.435470,0.044815,0.005000,0.000294
1778666924.479419,0.296669,-1.095895,-0.265387,-0.509599,-0.343895,0.065980,0.054463,2.000937,0.090161,0.005000,0.000325
1778666935.338892,0.265049,0.519424,0.133937,0.200362,0.172980,0.045219,0.058032,2.092897,0.051236,0.005000,0.000309
1778666938.530124,0.416988,-2.739549,-0.567005,-1.211099,-0.992957,0.088850,0.155266,2.582575,0.150376,0.005000,0.000280
1778666946.191359,0.280868,-1.092866,-0.237199,-0.583861,-0.287790,0.052141,0.056414,2.017368,0.044245,0.005000,0.000294
1778666952.315732,0.360057,-2.624495,-0.524458,-1.296699,-0.813568,0.046490,0.159202,2.603044,0.082649,0.005000,0.000265
1778666960.0160909,0.285855,-1.494792,-0.305450,-0.626473,-0.578471,0.052788,0.061491,2.158271,0.052159,0.005000,0.000280
1778666964.521384,0.403300,-2.209217,-0.471101,-1.036573,-0.727814,0.078176,0.154080,2.563272,0.133604,0.005000,0.000252
1778666976.403429,0.264529,-0.906404,-0.144723,-0.516963,-0.255208,0.042643,0.062042,2.166310,0.042712,0.005000,0.000265
1778666979.6226509,0.343999,-1.694844,-0.375709,-0.915178,-0.411837,0.038032,0.157471,2.227234,0.059989,0.005000,0.000238
1778666989.4007869,0.261324,0.567510,0.107010,0.213107,0.237248,0.040877,0.060743,2.058621,0.026755,0.005000,0.000252
1778666989.9390159,0.377646,-2.957629,-0.633750,-1.592011,-0.748275,0.054414,0.158172,2.159948,0.083300,0.005000,0.000225
1778666997.587469,0.011551,-1.105250,-0.369904,-1.037896,0.182175,0.259463,0.064283,1.871360,0.534044,0.005000,0.000238
1778666998.161448,0.220711,-0.625680,-0.213974,-0.620199,0.131190,0.176406,0.166212,2.179907,0.438983,0.005000,0.000213
1778667005.047586,0.111781,-1.553913,-0.440299,-1.585995,0.411619,0.140337,0.067781,1.881183,0.392146,0.005000,0.000225
1778667006.6925251,0.234073,-0.598312,-0.181294,-0.460842,-0.039795,0.189153,0.162727,2.191328,0.452232,0.005000,0.000201
1778667015.701422,0.140089,0.121113,-0.157538,-0.494840,0.707298,0.151305,0.072991,1.892011,0.403874,0.005000,0.000213
1778667015.986965,-0.052097,1.546381,0.146380,0.432333,0.764866,0.425616,0.160275,2.001306,0.650226,0.005000,0.000190
1778667022.304469,-0.021025,-1.432827,-0.399246,-0.664960,-0.579906,0.443936,0.167983,2.136492,0.673475,0.005000,0.000180
1778667025.4163032,0.015217,-0.117156,-0.133681,-0.400850,0.294921,0.263788,0.068906,1.888123,0.538419,0.005000,0.000201
1778667031.2121642,0.132333,-0.299098,-0.190882,-0.440825,0.179006,0.329268,0.168533,2.206212,0.603654,0.005000,0.000170
1778667036.092672,0.142444,1.005510,0.029158,0.182745,0.727506,0.149979,0.068100,1.777849,0.400628,0.005000,0.000190
1778667042.2246752,0.225612,-1.038087,-0.202824,-0.687890,-0.224188,0.176704,0.170947,2.307514,0.439338,0.005000,0.000160
1778667042.946885,-0.114202,-0.316445,-0.373312,-0.581070,0.464609,0.365052,0.071776,1.839766,0.605956,0.005000,0.000180
1778667051.589509,0.430801,-1.304425,-0.291898,-0.740070,-0.299413,0.078035,0.167972,2.412328,0.099753,0.005000,0.000152
1778667052.533532,0.019529,0.878215,-0.048032,-0.072706,0.877012,0.263151,0.072337,1.926996,0.537858,0.005000,0.000170
1778667061.038144,-0.112078,0.675097,-0.166094,-0.537617,1.201917,0.372418,0.072622,1.863353,0.613101,0.005000,0.000160
1778667062.6764328,0.359107,-1.269644,-0.266477,-0.852072,-0.158359,0.038838,0.167397,2.430957,0.048135,0.005000,0.000143
1778667074.356141,0.378156,-1.792498,-0.369141,-0.858604,-0.574653,0.043528,0.175203,2.373133,0.050973,0.005000,0.000136
1778667074.751123,0.253428,0.200590,0.072568,0.226704,-0.105584,0.033420,0.071314,1.961694,0.016825,0.005000,0.000152
1778667085.9099798,0.285350,-1.379538,-0.305081,-0.595502,-0.492082,0.046776,0.070989,2.052193,0.030291,0.005000,0.000143
1778667086.239177,0.367155,-2.099462,-0.361234,-1.237679,-0.508677,0.040414,0.176117,2.416040,0.065986,0.005000,0.000129
1778667095.218405,0.271540,-0.325895,-0.048153,-0.251902,-0.035269,0.038490,0.077580,1.962903,0.031073,0.005000,0.000136
1778667096.144039,0.363522,-2.000501,-0.436597,-1.140329,-0.435021,0.045260,0.166884,2.236870,0.085591,0.005000,0.000123
1778667105.913095,0.428930,-2.162627,-0.442525,-0.989319,-0.758746,0.079105,0.172431,2.317654,0.121624,0.005000,0.000118
1778667106.405558,0.273139,0.063080,0.063474,-0.056484,0.046518,0.039701,0.077332,2.055683,0.038884,0.005000,0.000129
1778667113.915343,0.399382,-1.621663,-0.298243,-0.824102,-0.514326,0.054381,0.173768,2.436631,0.062180,0.005000,0.000113
1778667116.472254,0.259179,0.122764,-0.003380,0.214402,-0.096512,0.035878,0.071781,1.936813,0.029055,0.005000,0.000123
1778667123.441761,0.405808,-2.215899,-0.466987,-0.953910,-0.809977,0.056046,0.181455,2.609581,0.079663,0.005000,0.000109
1778667125.1155698,0.317752,-1.768490,-0.354203,-0.751332,-0.684799,0.063299,0.075548,1.961146,0.071779,0.005000,0.000118
1778667132.7633789,0.268122,-0.089049,0.034677,-0.102012,-0.031139,0.037916,0.077132,1.906724,0.039990,0.005000,0.000113
1778667134.4451451,0.395636,-1.599368,-0.293445,-0.800495,-0.520309,0.055502,0.177264,2.573914,0.093187,0.005000,0.000106
1778667143.966625,0.288079,-0.866193,-0.180824,-0.472163,-0.225410,0.044951,0.081254,2.054305,0.049151,0.005000,0.000109
1778667145.091847,0.405457,-2.734878,-0.556268,-1.317522,-0.874279,0.054491,0.180224,2.810806,0.064649,0.005000,0.000103
1778667151.597934,0.398348,-0.626144,-0.124251,-0.361028,-0.154337,0.051971,0.175468,2.502689,0.050506,0.005000,0.000101
1778667154.0149279,0.308713,-0.395138,-0.073211,-0.261865,-0.080442,0.061772,0.077366,2.101223,0.095743,0.005000,0.000106
1778667164.170639,0.277267,0.545356,0.105760,0.207851,0.221779,0.041944,0.079505,2.201188,0.056124,0.005000,0.000103
1778667166.854615,0.360243,-2.499027,-0.555254,-1.117974,-0.828649,0.031920,0.190203,2.621914,0.057791,0.005000,0.000100
1778667171.480674,0.267585,-0.255335,-0.051971,-0.115919,-0.095858,0.036447,0.079365,1.962007,0.033661,0.005000,0.000101
1778667173.384325,0.407524,-1.870035,-0.388101,-0.949175,-0.551942,0.060651,0.181533,2.228581,0.103170,0.005000,0.000100
1778667184.066981,0.223833,0.315633,0.007581,0.140290,0.094387,0.171852,0.192636,2.510145,0.435735,0.005000,0.000100
1778667186.109313,0.246877,1.916463,0.413819,0.771200,0.728902,0.027480,0.084185,2.239663,0.033523,0.005000,0.000100
1778667193.182401,0.313200,-1.977608,-0.371086,-0.873907,-0.752099,0.057196,0.084243,1.823017,0.072835,0.005000,0.000100
1778667193.925266,0.279329,0.324850,-0.008645,0.186188,0.058823,0.201999,0.182915,2.503130,0.462726,0.005000,0.000100
1778667205.894777,0.360265,-1.300110,-0.300693,-0.838974,-0.167686,0.037175,0.179100,2.269036,0.069559,0.005000,0.000100
1778667206.257739,0.281956,-2.025274,-0.380519,-1.055952,-0.597502,0.038596,0.088876,2.119865,0.038239,0.005000,0.000100
1778667211.933629,0.089357,-0.472769,-0.262504,-0.514769,0.160612,0.307917,0.182028,2.013163,0.576705,0.005000,0.000100
1778667218.8171442,0.267014,-0.178001,-0.023628,-0.128672,-0.033069,0.035719,0.082973,2.098393,0.045315,0.005000,0.000100
1778667221.386569,-0.056913,1.512025,0.174909,0.549603,0.579937,0.435733,0.179022,2.058117,0.649844,0.005000,0.000100
1778667227.74881,-0.047115,-0.484037,-0.166577,-0.285855,-0.243473,0.442946,0.181977,1.920889,0.658671,0.005000,0.000100
1778667230.527306,0.282428,0.624888,0.125003,0.407719,0.080922,0.042585,0.077919,2.009608,0.029081,0.005000,0.000100
1778667234.380702,0.421989,-1.211411,-0.290876,-0.667155,-0.271861,0.060516,0.188311,2.355349,0.081039,0.005000,0.000100
1778667238.46551,0.144792,0.444794,-0.050045,-0.225054,0.654193,0.148111,0.083304,1.671138,0.400459,0.005000,0.000100
1778667245.4173582,0.421801,-1.141756,-0.146389,-0.816738,-0.193895,0.057630,0.187833,2.709871,0.056654,0.005000,0.000100
1778667245.658924,-0.366961,0.571209,-0.032077,-0.082900,0.397245,0.596524,0.078273,1.864205,0.665241,0.005000,0.000100
1778667254.681393,-0.097595,0.120511,-0.092257,-0.141704,0.172175,0.382435,0.082741,1.783884,0.623533,0.005000,0.000100
1778667262.267339,0.343405,-0.696227,-0.158654,-0.439428,-0.097582,0.025357,0.191032,2.648690,0.048759,0.005000,0.000100
1778667263.3729541,0.248052,1.362484,0.330561,0.649167,0.378799,0.025730,0.090943,1.781870,0.034111,0.005000,0.000100
1778667274.85401,0.395567,-2.053736,-0.436977,-1.066790,-0.563420,0.052306,0.188097,2.540283,0.101444,0.005000,0.000100
1778667275.837912,0.275222,-0.443218,-0.067455,-0.268397,-0.115600,0.037396,0.087306,2.092833,0.048120,0.005000,0.000100
1778667285.225675,0.378150,-0.366747,-0.128200,-0.335434,0.087458,0.042095,0.183369,2.323652,0.067946,0.005000,0.000100
1778667289.481836,0.290672,-0.135163,-0.042708,-0.125628,0.023164,0.041644,0.088127,2.162643,0.026231,0.005000,0.000100
1778667296.616835,0.225046,1.322905,0.221858,0.416518,0.611159,0.168578,0.195786,2.183677,0.431692,0.005000,0.000100
1778667299.657015,0.259019,0.038910,0.028711,0.015729,-0.010823,0.030927,0.088635,2.034047,0.045897,0.005000,0.000100
1778667305.0550988,0.376212,-1.652704,-0.316219,-0.961192,-0.383090,0.038679,0.191822,2.308603,0.072108,0.005000,0.000100
1778667308.883318,0.277976,-0.237885,-0.061040,-0.289340,0.102732,0.038251,0.085608,1.872534,0.037199,0.005000,0.000100
1778667319.12059,0.223055,-0.595614,-0.219553,-0.480525,0.031027,0.172192,0.196407,2.531815,0.436504,0.005000,0.000100
1778667321.222734,0.165651,1.517507,0.267700,0.514811,0.666084,0.157100,0.093793,1.927567,0.410875,0.005000,0.000100
1778667332.8030038,0.378504,-0.946360,-0.186030,-0.557102,-0.209452,0.038920,0.196191,2.647139,0.079459,0.005000,0.000100
1778667332.865431,0.278050,-0.292568,-0.023855,-0.070132,-0.207801,0.037337,0.093323,1.889716,0.059748,0.005000,0.000100
1778667343.500171,0.407452,-0.858098,-0.206291,-0.673243,0.008376,0.051164,0.196472,2.504296,0.085968,0.005000,0.000100
1778667348.219605,0.258418,2.338836,0.518132,1.197560,0.619595,0.028860,0.091603,2.176354,0.033882,0.005000,0.000100
1778667353.502988,0.409664,-2.740458,-0.514044,-1.447259,-0.790885,0.048745,0.196126,2.528695,0.059128,0.005000,0.000100
1778667360.519936,0.263957,0.826620,0.185195,0.355594,0.281285,0.030328,0.092370,2.123554,0.031369,0.005000,0.000100
1778667365.223486,0.408017,-3.148408,-0.549345,-1.502619,-1.108231,0.049167,0.194957,2.559273,0.064737,0.005000,0.000100
1778667369.95213,0.277834,0.942758,0.157498,0.233286,0.544819,0.034184,0.095785,1.987583,0.034028,0.005000,0.000100
1778667376.625372,0.377337,-1.311156,-0.310870,-0.647698,-0.360582,0.039556,0.195759,2.356812,0.085537,0.005000,0.000100
1778667378.815789,0.300465,-1.519456,-0.242883,-0.969400,-0.318857,0.043875,0.094462,2.050799,0.039973,0.005000,0.000100
1778667386.563352,0.402557,-2.456149,-0.556597,-1.232248,-0.680811,0.050069,0.194709,2.305460,0.087358,0.005000,0.000100
1778667389.6479201,0.278245,-0.289565,-0.017903,-0.111764,-0.167505,0.036544,0.092993,2.133073,0.049734,0.005000,0.000100
1778667396.811156,0.064165,0.591827,0.020756,0.190003,0.240722,0.302584,0.202643,2.189352,0.561157,0.005000,0.000100
1778667401.9701571,0.299789,-2.560678,-0.552914,-1.161372,-0.858921,0.045786,0.092586,2.072851,0.056304,0.005000,0.000100
1778667404.05691,0.092758,0.997814,0.131583,0.408822,0.307791,0.317541,0.196797,1.830464,0.583778,0.005000,0.000100
1778667411.305314,0.262481,0.187100,0.049674,0.084057,0.048382,0.029038,0.095648,1.906458,0.036583,0.005000,0.000100
1778667411.989207,0.287714,0.826339,0.063806,0.240435,0.432169,0.202409,0.196721,2.254985,0.464434,0.005000,0.000100
1778667422.489611,-0.233231,2.567747,0.275163,0.824220,1.228456,0.499609,0.097647,1.979204,0.658389,0.005000,0.000100
1778667422.587268,0.389102,-1.709228,-0.322424,-0.960694,-0.433358,0.039431,0.199109,2.493413,0.060863,0.005000,0.000100
1778667429.195308,-0.109391,1.830395,-0.021906,0.273823,1.395513,0.382437,0.097657,1.650650,0.614245,0.005000,0.000100
1778667431.104963,0.428374,-1.699644,-0.452807,-0.925867,-0.339585,0.059882,0.200733,2.265064,0.094640,0.005000,0.000100
1778667438.740872,0.271770,0.656173,0.080317,0.240179,0.328951,0.031693,0.096949,1.823949,0.035439,0.005000,0.000100
1778667441.335762,0.233872,0.240095,0.026829,-0.005637,0.142569,0.176088,0.203999,2.342031,0.441204,0.005000,0.000100
1778667448.1297972,0.237317,-0.884784,-0.243387,-0.574390,-0.143061,0.173743,0.200881,2.163452,0.437690,0.005000,0.000100
1778667450.369343,0.285304,-1.014184,-0.216600,-0.498242,-0.307524,0.037075,0.095936,2.071151,0.036739,0.005000,0.000100
1778667455.103602,-0.056333,-1.114534,-0.407968,-0.930749,0.007891,0.452758,0.204501,2.017380,0.653812,0.005000,0.000100
1778667460.197335,0.279611,-0.771565,-0.169009,-0.320914,-0.289398,0.034619,0.099588,1.910988,0.049564,0.005000,0.000100
1778667462.010616,-0.037210,-0.103798,-0.276146,-0.494158,0.446223,0.459681,0.198035,1.911308,0.670274,0.005000,0.000100
1778667468.118894,-0.448606,0.932479,0.011357,0.223315,0.263902,0.886364,0.204782,1.855332,0.714492,0.005000,0.000100
1778667472.156213,-0.162067,-1.505445,-0.455235,-1.002258,-0.336480,0.598970,0.198884,2.191406,0.721637,0.005000,0.000100
1778667472.517386,0.256516,-0.152175,-0.045162,-0.193626,0.084009,0.024800,0.100718,1.959334,0.024207,0.005000,0.000100
1778667482.453126,0.277837,-0.394016,-0.079769,-0.234115,-0.087780,0.032954,0.100652,1.765921,0.041625,0.005000,0.000100
1778667486.612652,-0.499197,1.048468,-0.227871,-0.449579,1.368562,0.732959,0.100213,1.824685,0.644349,0.005000,0.000100
1778667488.3113852,0.347584,-1.445600,-0.278219,-0.616744,-0.548807,0.020357,0.207851,2.401887,0.030408,0.005000,0.000100
1778667494.545748,-0.121527,-0.287173,-0.304809,-0.599148,0.436226,0.380035,0.097132,1.892027,0.607567,0.005000,0.000100
1778667498.08238,0.379818,-0.637720,-0.175008,-0.442442,-0.028538,0.038589,0.201140,2.205003,0.086041,0.005000,0.000100
1778667499.6993961,-0.484766,0.756428,-0.024590,-0.130725,0.547182,0.746810,0.099974,1.768920,0.670729,0.005000,0.000100
1778667504.482135,-0.128750,-1.515996,-0.521831,-1.203846,0.032198,0.373104,0.097490,1.813864,0.598070,0.005000,0.000100
1778667508.5423691,0.267496,-0.102425,-0.127425,-0.223330,0.166205,0.187929,0.204713,2.368140,0.452140,0.005000,0.000100
1778667518.8004951,0.245118,-1.339565,-0.329415,-0.867206,-0.221393,0.181311,0.199809,2.441410,0.446292,0.005000,0.000100
1778667520.112861,0.276884,-0.875765,-0.181791,-0.222958,-0.476821,0.032386,0.100321,2.077559,0.036692,0.005000,0.000100
1778667526.692169,0.010420,-1.124825,-0.327520,-0.969453,0.048140,0.266553,0.099534,1.853639,0.536047,0.005000,0.000100
1778667529.551884,0.397331,-1.821096,-0.388845,-0.856859,-0.586300,0.046767,0.200954,2.495089,0.095471,0.005000,0.000100
1778667536.1935492,0.144247,0.674630,-0.038307,-0.017201,0.666863,0.146244,0.100881,1.969427,0.400505,0.005000,0.000100
1778667541.601928,0.209977,-0.733977,-0.226144,-0.189604,-0.386469,0.159891,0.200148,2.340861,0.421366,0.005000,0.000100
1778667549.468197,0.264174,0.911681,0.226038,0.436567,0.244524,0.029598,0.094689,2.049145,0.031137,0.005000,0.000100
1778667552.437632,0.355883,-1.980280,-0.359820,-0.947317,-0.675539,0.026465,0.205540,2.167263,0.065506,0.005000,0.000100
1778667561.544964,0.282866,-1.399101,-0.313524,-0.666865,-0.428905,0.040072,0.097684,1.968717,0.080136,0.005000,0.000100
1778667561.6188731,0.265638,-0.974044,-0.289647,-0.753374,-0.014033,0.188751,0.204391,2.272976,0.453382,0.005000,0.000100
1778667570.8121831,-0.006607,0.705292,0.022488,-0.182788,0.746384,0.257870,0.096256,1.945425,0.524181,0.005000,0.000100
1778667573.18985,0.397005,-2.127201,-0.464734,-1.144818,-0.529161,0.045523,0.202343,2.249896,0.092070,0.005000,0.000100
1778667579.625534,-0.148236,-0.445490,-0.182042,-0.627470,0.066164,0.618528,0.205407,2.281373,0.740469,0.005000,0.000100
1778667581.190519,0.282764,-1.676240,-0.315907,-0.736811,-0.631289,0.034087,0.102562,1.855406,0.042354,0.005000,0.000100
1778667588.3031712,0.413568,-3.164946,-0.603958,-1.547131,-1.025827,0.049468,0.203700,2.552817,0.077627,0.005000,0.000100
1778667590.182095,0.033420,-0.410385,-0.243138,-0.605678,0.312825,0.270769,0.098810,1.955562,0.544154,0.005000,0.000100
1778667597.788438,-0.100808,0.468873,-0.112696,-0.352905,0.748377,0.391156,0.098950,1.896081,0.624724,0.005000,0.000100
1778667601.766649,0.227548,0.640085,0.068793,0.273136,0.228532,0.161895,0.210279,2.264778,0.423736,0.005000,0.000100
1778667611.331302,0.144850,1.650416,0.259007,0.619126,0.709670,0.146249,0.099471,2.102376,0.400264,0.005000,0.000100
1778667612.345369,0.359436,-1.108749,-0.295999,-0.721757,-0.093543,0.028143,0.201674,2.304335,0.060129,0.005000,0.000100
1778667621.369632,0.094608,-0.251636,-0.131144,-0.210223,-0.058138,0.317561,0.206435,2.182290,0.582195,0.005000,0.000100
1778667621.405688,0.255885,1.482710,0.279000,0.718294,0.483007,0.024799,0.100702,1.998200,0.028234,0.005000,0.000100
1778667628.128373,-0.028568,0.188738,-0.082512,-0.066911,0.113580,0.468216,0.199229,1.905142,0.680134,0.005000,0.000100
1778667633.0246952,0.142723,-0.331731,-0.206486,-0.481947,0.293930,0.145467,0.101326,1.992511,0.399657,0.005000,0.000100
1778667638.797909,0.395182,-3.405795,-0.679826,-1.578806,-1.156828,0.042354,0.201859,2.302379,0.074387,0.005000,0.000100
1778667643.716702,0.276006,0.935837,0.210758,0.372126,0.345733,0.033882,0.097468,1.944129,0.047218,0.005000,0.000100
1778667646.4764218,0.396138,-1.257805,-0.292040,-0.686180,-0.288389,0.041579,0.205124,2.396936,0.075220,0.005000,0.000100
1778667653.574661,0.174045,-0.767721,-0.249631,-0.544222,-0.045627,0.162735,0.101271,1.921704,0.418249,0.005000,0.000100
1778667654.8941498,0.390727,-1.799079,-0.413347,-0.975316,-0.417249,0.037644,0.204818,2.397627,0.058522,0.005000,0.000100
1778667660.325612,-0.241928,0.653720,-0.099409,-0.228471,0.742012,0.495958,0.096928,1.678161,0.650756,0.005000,0.000100
1778667665.818063,0.398954,-2.579493,-0.533944,-1.078210,-0.973950,0.039894,0.205650,2.667235,0.053001,0.005000,0.000100
1778667671.4219031,0.257412,0.358606,0.114644,0.147105,0.093488,0.026317,0.097719,1.957927,0.030090,0.005000,0.000100
1778667674.6000772,0.393179,-1.095602,-0.227873,-0.538820,-0.336465,0.039850,0.206067,2.473740,0.073324,0.005000,0.000100
1778667679.568933,0.270197,-1.029082,-0.199196,-0.491423,-0.343774,0.030099,0.102306,1.947539,0.046089,0.005000,0.000100
1778667683.161963,0.362395,-2.067391,-0.458662,-1.386093,-0.227635,0.031203,0.198663,2.120656,0.069874,0.005000,0.000100
1778667689.5782988,0.270318,-1.470409,-0.281750,-0.706962,-0.486214,0.029208,0.101726,2.017481,0.029527,0.005000,0.000100
1778667693.935669,-0.057372,-0.051998,-0.034859,-0.243100,0.007532,0.457793,0.207327,2.093574,0.656360,0.005000,0.000100
1778667701.3575082,0.271750,-0.501699,-0.109942,-0.198405,-0.197468,0.030471,0.099289,2.224004,0.028445,0.005000,0.000100
1778667702.586279,0.091660,-1.287279,-0.306916,-0.966067,-0.160355,0.314339,0.203773,2.222131,0.579050,0.005000,0.000100
1778667710.630971,0.267896,0.173796,0.027086,0.124731,0.017734,0.028365,0.101845,1.987676,0.029671,0.005000,0.000100
1778667714.491897,0.216988,1.000522,0.196309,0.417965,0.316715,0.161348,0.205309,2.228131,0.423231,0.005000,0.000100
1778667718.966486,0.267565,1.026718,0.215829,0.306458,0.498584,0.030270,0.096684,1.857527,0.034469,0.005000,0.000100
1778667725.273092,-0.063183,1.508880,0.272376,0.672233,0.353151,0.441364,0.206151,1.912501,0.640159,0.005000,0.000100
1778667730.2178261,-0.127514,0.796869,0.055452,0.013706,0.549464,0.376227,0.099398,1.973352,0.600683,0.005000,0.000100
1778667731.368753,0.310372,-1.255108,-0.259849,-0.977355,-0.111067,0.210242,0.205021,2.391637,0.470394,0.005000,0.000100
1778667740.7615192,-0.121906,1.457663,0.050245,0.081772,1.145803,0.379108,0.097712,1.942335,0.606334,0.005000,0.000100
1778667744.374709,0.355274,-1.449001,-0.313818,-0.831710,-0.301232,0.021035,0.214454,2.551790,0.036595,0.005000,0.000100
1778667750.7660968,0.007714,0.408996,-0.014294,-0.381743,0.683693,0.262185,0.099550,1.950536,0.530986,0.005000,0.000100
1778667752.9960582,0.402056,-1.220569,-0.307443,-0.560243,-0.361281,0.042242,0.209681,2.544485,0.076258,0.005000,0.000100
1778667759.53483,-0.099887,1.124591,0.048044,0.002634,0.885683,0.394734,0.100643,1.827246,0.627625,0.005000,0.000100
1778667765.0601358,0.358828,0.248219,0.051101,-0.047599,0.247669,0.022412,0.214329,2.831578,0.041266,0.005000,0.000100
1778667768.38766,0.275221,-0.633662,-0.110453,-0.187351,-0.343103,0.033794,0.102446,1.930275,0.066190,0.005000,0.000100
1778667781.89111,0.352200,-1.319750,-0.252939,-0.606498,-0.454277,0.016682,0.226117,2.875413,0.029538,0.005000,0.000100
1778667783.2280698,0.255054,-0.670384,-0.175071,-0.172551,-0.323771,0.023023,0.105109,2.100395,0.024475,0.005000,0.000100
1778667792.0727072,0.251428,0.014362,0.082654,0.018676,-0.088173,0.021874,0.103861,1.946470,0.010412,0.005000,0.000100
1778667792.459955,0.358370,-1.394498,-0.308009,-0.686740,-0.396860,0.022425,0.214339,2.820276,0.043210,0.005000,0.000100
1778667802.0680408,0.389544,-2.040105,-0.428469,-0.977544,-0.641754,0.042169,0.208995,2.684402,0.103125,0.005000,0.000100
1778667804.341708,0.274496,-0.718258,-0.139543,-0.327413,-0.256042,0.031647,0.102558,2.216570,0.048123,0.005000,0.000100
1778667809.0114481,0.403174,-1.261065,-0.222563,-0.541353,-0.502677,0.037942,0.212609,2.688448,0.042523,0.005000,0.000100
1778667818.525735,0.392171,-2.153183,-0.433019,-0.968613,-0.756153,0.036841,0.211263,2.763701,0.067604,0.005000,0.000100
1778667820.578102,0.263593,-0.179987,0.011566,-0.300217,0.108277,0.023952,0.110187,2.317972,0.021584,0.005000,0.000100
1778667827.767315,0.399124,-1.971146,-0.373882,-0.993299,-0.608548,0.036344,0.219718,2.717967,0.067970,0.005000,0.000100
1778667830.741299,0.256002,0.316054,0.055763,0.030685,0.228919,0.023193,0.105930,2.181891,0.027319,0.005000,0.000100
1778667837.8049548,0.361506,-1.609702,-0.382701,-0.781610,-0.445210,0.024684,0.210791,2.504561,0.046774,0.005000,0.000100
1778667841.7076428,0.265282,0.574143,0.123827,0.219932,0.226974,0.028371,0.101609,2.155243,0.041933,0.005000,0.000100
1778668858.062,0.288680,-1.011940,-0.150711,-0.476095,-0.392871,0.035085,0.107667,1.961108,0.050764,0.005000,0.000100
1778670211.759747,0.339869,-0.827841,-0.178422,-0.570346,-0.077339,0.019522,0.215953,2.299126,0.068040,0.005000,0.000100
1778670242.03872,0.252679,0.249279,0.083497,0.052234,0.112624,0.022956,0.104671,2.110746,0.034154,0.005000,0.000100
1778670242.654921,0.219006,-1.399153,-0.327983,-0.902100,-0.243883,0.169837,0.212421,2.020968,0.434350,0.005000,0.000100
1778673109.302329,0.411907,-1.269438,-0.321736,-0.570326,-0.387797,0.041063,0.213059,2.022020,0.041131,0.005000,0.000100
1778676161.0454872,0.289772,-1.918831,-0.391190,-0.895499,-0.638712,0.034587,0.109651,2.144703,0.048803,0.005000,0.000100
1778678163.085516,0.406756,-2.201013,-0.406558,-1.166464,-0.635098,0.038697,0.213013,2.448231,0.035913,0.005000,0.000100
1778678769.9409962,0.267235,0.472414,0.160577,0.275224,0.033174,0.027470,0.103731,2.059243,0.028614,0.005000,0.000100
1778678778.441646,0.379067,-0.527360,-0.070547,-0.269382,-0.190906,0.031229,0.208513,2.427697,0.048763,0.005000,0.000100
1778684464.305293,0.362922,-1.402518,-0.214148,-0.771571,-0.418101,0.026171,0.217904,2.356739,0.075578,0.005000,0.000100
1778684470.477188,0.267926,0.207761,0.042250,0.109496,0.052711,0.027226,0.104624,2.061862,0.024913,0.005000,0.000100
1778685412.304141,-0.367204,0.050577,-0.219423,-0.527900,0.494087,0.624833,0.107332,1.720698,0.666374,0.005000,0.000100
1778686092.304848,0.387135,-1.330218,-0.307237,-0.802501,-0.229767,0.040398,0.212584,2.182254,0.105042,0.005000,0.000100
1778686096.196616,0.006905,-0.431304,-0.281112,-0.671370,0.398704,0.262115,0.109324,1.716732,0.528756,0.005000,0.000100
1778689746.5973508,0.280098,-1.262743,-0.284217,-0.430284,-0.553958,0.031230,0.106831,1.979908,0.036647,0.005000,0.000100
1778689761.263117,0.339745,-0.892018,-0.265611,-0.638215,0.015135,0.015272,0.224835,2.192448,0.047928,0.005000,0.000100
1778689776.60728,-0.022229,0.396991,-0.143925,-0.180646,0.498727,0.465162,0.212712,1.949273,0.674920,0.005000,0.000100
1778689778.1446981,0.248616,1.274850,0.250404,0.636910,0.386167,0.022097,0.103949,1.935983,0.036025,0.005000,0.000100
1778689971.397577,0.385819,-1.395293,-0.308868,-0.809787,-0.278182,0.027566,0.224237,2.447713,0.040240,0.005000,0.000100
1778689972.3910558,0.264145,-0.207759,-0.013701,-0.067189,-0.129557,0.025094,0.109862,1.971912,0.037873,0.005000,0.000100
1778689994.236144,0.375724,-0.806957,-0.197467,-0.388171,-0.223019,0.024661,0.229286,2.125971,0.059786,0.005000,0.000100
1778690274.051441,0.255855,-0.139666,-0.011914,-0.036873,-0.093064,0.023158,0.104635,1.878706,0.017973,0.005000,0.000100
1778690292.646296,0.443870,-1.542754,-0.362707,-0.781220,-0.414513,0.055710,0.225959,2.433653,0.095599,0.005000,0.000100
1778691268.4043798,0.142173,0.877734,0.107162,0.268907,0.439355,0.144289,0.112192,1.967196,0.399153,0.005000,0.000100
1778691270.183001,0.134267,-0.567217,-0.253789,-0.635564,0.163633,0.338193,0.219559,2.118829,0.606372,0.005000,0.000100
1778693403.305428,-0.104215,0.762864,-0.152011,-0.192983,0.922045,0.387899,0.106872,1.627497,0.617649,0.005000,0.000100
1778693410.508379,0.112134,-1.125543,-0.319378,-0.886834,-0.073521,0.331539,0.220483,2.315828,0.596098,0.005000,0.000100
1778694352.753237,0.395111,-0.844317,-0.200595,-0.329951,-0.317492,0.032980,0.222228,2.553833,0.058608,0.005000,0.000100
1778695379.0029922,0.269629,-0.750741,-0.030651,-0.505744,-0.217078,0.026096,0.111976,2.063207,0.037143,0.005000,0.000100
1778695904.148396,0.294186,-1.365670,-0.276794,-0.610271,-0.485573,0.032406,0.117555,1.846946,0.036630,0.005000,0.000100
1778696861.174429,0.355907,-2.518523,-0.498222,-1.282527,-0.735111,0.019097,0.228696,2.442431,0.056902,0.005000,0.000100
1778697073.4552882,0.300730,-3.025903,-0.617930,-1.480293,-0.936191,0.037233,0.115001,2.021005,0.055151,0.005000,0.000100
1778697082.7089841,-0.010260,0.863063,0.040436,0.185437,0.403836,0.489403,0.226868,2.269611,0.693761,0.005000,0.000100
1778700729.381032,0.127662,0.290242,-0.072969,-0.216542,0.517911,0.142300,0.107403,1.861575,0.397058,0.005000,0.000100
1778700733.155114,0.406205,-2.485228,-0.436971,-1.257795,-0.794521,0.033439,0.228815,2.532144,0.046812,0.005000,0.000100
1778703576.981174,0.150388,-0.232374,-0.176578,-0.253411,0.132237,0.150169,0.108475,1.941198,0.406082,0.005000,0.000100
1778703577.834507,0.377223,-0.972411,-0.203081,-0.517259,-0.251139,0.024160,0.225113,2.602438,0.033699,0.005000,0.000100
1778706375.223927,0.268593,-0.207236,-0.032076,0.037556,-0.215391,0.024958,0.111822,1.960886,0.020583,0.005000,0.000100
1778706378.760301,0.414779,-1.769830,-0.320328,-0.835852,-0.620468,0.040961,0.231468,2.732491,0.090422,0.005000,0.000100
1778708067.364579,0.441468,-1.738050,-0.340089,-0.839487,-0.570397,0.051885,0.238746,2.803794,0.109488,0.005000,0.000100
1778708076.152674,0.163567,-0.988816,-0.262344,-0.623966,-0.170298,0.157036,0.111984,2.145151,0.414160,0.005000,0.000100
1778708088.994316,0.375059,0.035993,0.024283,-0.093496,0.107565,0.021800,0.237337,2.651556,0.056097,0.005000,0.000100
1778711705.778054,0.141123,-0.171972,-0.107265,-0.104493,-0.023369,0.145921,0.113300,1.961199,0.401590,0.005000,0.000100
1778711723.4197912,0.370008,-1.346270,-0.244382,-0.762503,-0.336432,0.021420,0.239384,2.732588,0.069579,0.005000,0.000100
1778711733.291353,0.288343,0.466453,0.106989,0.306749,0.046634,0.032170,0.115567,2.000719,0.050758,0.005000,0.000100
1778711750.5444422,0.399637,-0.623555,-0.162255,-0.253282,-0.208974,0.029893,0.239510,2.797847,0.068738,0.005000,0.000100
1778713690.374169,0.285413,0.207810,-0.002179,0.225731,-0.020857,0.030663,0.112541,2.043465,0.029413,0.005000,0.000100
1778715387.307456,0.279981,-0.218787,-0.034682,-0.018972,-0.168831,0.027855,0.118161,2.046023,0.043075,0.005000,0.000100
1778715391.617311,0.395246,-1.553895,-0.271289,-0.745067,-0.539776,0.032534,0.236403,2.806156,0.090079,0.005000,0.000100
1778717554.3413608,0.257533,1.956683,0.392546,0.893158,0.672231,0.018837,0.123624,2.134076,0.031714,0.005000,0.000100
1778718751.608201,0.294970,-0.764623,-0.160359,-0.353635,-0.256720,0.031813,0.123501,1.962824,0.051759,0.005000,0.000100
1778718753.484108,0.356036,-1.978604,-0.419631,-1.101318,-0.452556,0.016860,0.241553,2.705763,0.064580,0.005000,0.000100
1778719104.6601229,0.257182,-0.546501,-0.090678,-0.276076,-0.179243,0.020852,0.122470,2.186139,0.054818,0.005000,0.000100
1778719105.813007,0.395433,-1.741567,-0.358073,-0.745428,-0.640831,0.031649,0.240871,2.611950,0.092856,0.005000,0.000100
1778721151.09118,0.086335,0.484050,0.002237,-0.034841,0.370212,0.318061,0.241446,2.517826,0.571549,0.005000,0.000100
1778722135.4146361,0.281289,0.052525,0.001393,-0.050789,0.099066,0.027101,0.122312,2.139207,0.045059,0.005000,0.000100
1778722161.81893,0.399528,-2.402194,-0.470802,-1.273066,-0.658866,0.028561,0.244730,2.747983,0.071484,0.005000,0.000100
1778722691.7668102,0.251309,1.508252,0.300326,0.608419,0.601223,0.017998,0.120759,2.142881,0.032561,0.005000,0.000100
1778723522.447788,0.387608,-1.789694,-0.345978,-0.950079,-0.492875,0.024187,0.236258,2.571187,0.037717,0.005000,0.000100
1778723559.099808,0.284621,-0.681081,-0.185527,-0.290065,-0.208189,0.027811,0.122311,2.241300,0.040371,0.005000,0.000100
1778723779.8582149,0.359634,-2.758231,-0.566971,-1.256358,-0.929836,0.015648,0.242218,2.577808,0.045474,0.005000,0.000100
1778723791.820519,0.358494,0.303066,0.027697,0.115725,0.161584,0.021758,0.237066,2.563884,0.088274,0.005000,0.000100
1778723795.09284,0.260861,-0.446526,-0.073483,-0.202106,-0.170261,0.019924,0.123184,2.127509,0.032806,0.005000,0.000100
1778723802.271499,0.381138,-1.775412,-0.371364,-0.829701,-0.573530,0.023580,0.240497,2.521379,0.064984,0.005000,0.000100
1778723804.328956,0.274648,0.790638,0.156959,0.254471,0.377993,0.022088,0.126612,1.965917,0.013883,0.005000,0.000100
1778723812.8997161,0.368288,-0.669246,-0.140582,-0.310035,-0.214804,0.017237,0.241692,2.488834,0.036677,0.005000,0.000100
1778723816.0590951,0.266299,0.185348,0.036853,-0.051828,0.200504,0.021137,0.127140,2.149818,0.044374,0.005000,0.000100
1778723822.704633,0.383999,-1.361040,-0.300332,-0.664036,-0.395335,0.022760,0.243364,2.543317,0.057562,0.005000,0.000100
1778723827.760592,0.285213,-1.713086,-0.331863,-0.853101,-0.533116,0.030745,0.121093,2.075731,0.065065,0.005000,0.000100
1778723832.7048059,0.380144,-1.693047,-0.326980,-0.864695,-0.502685,0.027105,0.239498,2.447862,0.090209,0.005000,0.000100
1778723841.3532631,0.272151,-0.886472,-0.181990,-0.418322,-0.287311,0.023384,0.125382,2.107996,0.045250,0.005000,0.000100
1778723845.542872,0.361961,-1.846892,-0.419910,-0.942173,-0.486170,0.025193,0.239055,2.247103,0.105869,0.005000,0.000100
1778723850.3790112,0.280475,-0.317408,-0.071696,-0.246038,-0.002921,0.026271,0.125097,1.977700,0.048631,0.005000,0.000100
1778723855.557206,0.345539,0.140995,-0.056451,-0.033584,0.235840,0.012700,0.246369,2.231934,0.056426,0.005000,0.000100
1778723861.554216,0.288413,-0.288244,-0.021267,-0.150046,-0.120564,0.027648,0.126726,2.038226,0.040904,0.005000,0.000100
1778723868.5622861,0.359755,-1.822891,-0.406206,-0.876830,-0.535789,0.016190,0.246350,2.432277,0.060822,0.005000,0.000100
1778723872.98332,0.298451,-0.928763,-0.187767,-0.387933,-0.358842,0.032151,0.126925,2.059245,0.055072,0.005000,0.000100
1778723879.045891,0.403389,-0.975549,-0.170006,-0.559077,-0.246099,0.025481,0.251272,2.621452,0.051004,0.005000,0.000100
1778723882.5586581,0.273589,0.140362,0.045992,-0.019504,0.112547,0.022131,0.129441,1.947685,0.038766,0.005000,0.000100
1778723890.219587,0.395283,-1.002189,-0.166701,-0.481392,-0.352931,0.023415,0.252158,2.574513,0.057056,0.005000,0.000100
1778723891.121811,0.279075,0.059397,-0.004363,0.040262,0.020944,0.024967,0.126937,1.986054,0.044988,0.005000,0.000100
1778723900.4782789,0.373668,-0.910965,-0.209939,-0.545246,-0.151860,0.017404,0.250570,2.524397,0.050009,0.005000,0.000100
1778723903.456602,0.266797,-1.464527,-0.306268,-0.637651,-0.521499,0.021702,0.125979,1.991968,0.045615,0.005000,0.000100
1778723910.466264,0.416262,-2.311173,-0.489359,-1.204270,-0.624974,0.039432,0.255689,2.457301,0.123144,0.005000,0.000100
1778723914.556672,0.254023,0.606149,0.157594,0.277297,0.172496,0.015305,0.132542,1.778051,0.024668,0.005000,0.000100
1778723915.516144,0.448508,-1.110845,-0.217428,-0.567339,-0.336476,0.046777,0.248245,2.598065,0.086100,0.005000,0.000100
1778723926.087048,0.395329,-2.052768,-0.415431,-1.007381,-0.629159,0.024045,0.262231,2.563752,0.083866,0.005000,0.000100
1778723927.5419788,0.139696,0.880867,0.115970,0.318063,0.384488,0.145091,0.130955,2.039874,0.401407,0.005000,0.000100
1778723933.589321,0.395869,-1.972721,-0.386928,-1.078071,-0.504895,0.020415,0.260637,2.607082,0.048620,0.005000,0.000100
1778723937.0876899,0.300489,-1.063534,-0.212003,-0.430674,-0.425467,0.029772,0.136402,2.055140,0.056251,0.005000,0.000100
1778723941.4142048,0.254548,0.017696,-0.061038,-0.012242,0.011864,0.182007,0.253772,2.378514,0.449699,0.005000,0.000100
1778723946.8112419,0.276354,0.445055,0.075663,0.163078,0.206209,0.020179,0.137135,1.996832,0.029761,0.005000,0.000100
1778723956.408472,0.275467,-0.092494,0.013173,-0.008442,-0.097426,0.020692,0.135826,2.029079,0.036404,0.005000,0.000100
1778723957.281707,0.339266,0.165333,0.078646,-0.059231,0.153499,0.007797,0.256907,2.295846,0.033564,0.005000,0.000100
1778723965.978137,0.266690,1.945002,0.391882,0.953056,0.601432,0.017483,0.141208,2.021870,0.043938,0.005000,0.000100
1778723966.457269,0.080487,-0.380149,-0.149580,-0.382466,-0.001643,0.328846,0.261607,2.176528,0.573529,0.005000,0.000100
1778723971.0452359,0.273445,-0.875382,-0.193833,-0.385044,-0.296987,0.019212,0.138773,1.824825,0.034576,0.005000,0.000100
1778723977.340597,0.216756,0.109304,-0.005412,-0.039522,0.077363,0.176197,0.256926,2.244684,0.440433,0.005000,0.000100
1778723981.9466398,0.262208,1.011695,0.212449,0.410066,0.391396,0.016786,0.145205,2.121907,0.058650,0.005000,0.000100
1778723983.643223,0.391993,-0.262631,0.026813,-0.158573,-0.131343,0.024032,0.251527,2.308554,0.069129,0.005000,0.000100
1778723990.108852,0.293715,-0.019126,0.029997,-0.191112,0.140327,0.024016,0.146110,2.069295,0.049765,0.005000,0.000100
1778723990.445327,0.106699,1.469488,0.110457,0.459300,0.745400,0.331623,0.267274,2.296149,0.582941,0.005000,0.000100
1778723998.8636868,0.259612,0.784242,0.168719,0.398590,0.218905,0.015720,0.139432,1.966306,0.037664,0.005000,0.000100
1778724002.2124548,0.366550,-0.587588,-0.170931,-0.417997,0.002948,0.019537,0.262323,2.275165,0.098170,0.005000,0.000100
1778724011.1582751,0.381449,-1.084394,-0.214930,-0.784600,-0.083281,0.020869,0.263271,2.403469,0.087575,0.005000,0.000100
1778724014.73591,0.270718,0.309073,0.096583,-0.010401,0.223999,0.018978,0.136431,2.119343,0.032401,0.005000,0.000100
1778724021.095674,0.372685,-2.228089,-0.486704,-1.082836,-0.654094,0.015556,0.253976,2.446796,0.040341,0.005000,0.000100
1778724025.6163871,0.277626,-0.622874,-0.103622,-0.336946,-0.182220,0.018730,0.144472,1.889985,0.033328,0.005000,0.000100
1778724031.992661,0.381676,-0.840602,-0.237359,-0.478405,-0.124721,0.023043,0.261724,2.327535,0.098058,0.005000,0.000100
1778724035.212283,0.143646,-0.162969,-0.071566,-0.158715,0.003859,0.145369,0.141738,1.846140,0.401892,0.005000,0.000100
1778724040.63537,0.153742,0.678915,-0.156190,-0.151920,0.920627,0.149726,0.140482,1.693042,0.407636,0.005000,0.000100
1778724041.359477,0.396166,-0.776018,-0.162988,-0.495926,-0.114453,0.020059,0.268625,2.535974,0.064912,0.005000,0.000100
1778724048.353885,0.161106,0.805719,-0.024729,0.257537,0.507666,0.149288,0.151339,1.879819,0.407148,0.005000,0.000100
1778724051.348833,0.398220,-1.661345,-0.322809,-0.779657,-0.557711,0.023487,0.267650,2.582446,0.084582,0.005000,0.000100
1778724059.274434,0.137913,-0.169094,-0.157610,-0.400759,0.326912,0.143890,0.145314,1.916471,0.399771,0.005000,0.000100
1778724059.5527291,0.364486,-0.338535,-0.035187,-0.238408,-0.058175,0.012519,0.272504,2.604733,0.067156,0.005000,0.000100
1778724068.102918,0.398514,-1.869845,-0.369499,-0.914790,-0.583215,0.022398,0.268432,2.708239,0.078009,0.005000,0.000100
1778724068.400197,0.287432,-2.258260,-0.445556,-0.950398,-0.863515,0.021376,0.148358,1.895591,0.047545,0.005000,0.000100
1778724076.56041,0.281258,-2.089479,-0.453615,-0.968601,-0.667511,0.020247,0.141338,1.974973,0.027275,0.005000,0.000100
1778724078.872915,0.368197,-0.428347,-0.070714,-0.322085,-0.027603,0.011282,0.270047,2.717203,0.042792,0.005000,0.000100
1778724087.544962,0.266026,0.227352,0.115180,0.063917,0.049853,0.016150,0.147378,1.934704,0.047983,0.005000,0.000100
1778724090.143069,0.374542,-1.752792,-0.313608,-0.899882,-0.531011,0.010944,0.274425,2.752733,0.031974,0.005000,0.000100
1778724096.59486,0.280446,-2.017769,-0.338892,-0.937867,-0.739637,0.017627,0.152698,2.037234,0.038118,0.005000,0.000100
1778724100.280648,0.405258,-2.424875,-0.458745,-1.202490,-0.760614,0.022146,0.273371,2.819715,0.072662,0.005000,0.000100
1778724106.990366,0.273558,-0.568523,-0.129858,-0.212412,-0.223925,0.015786,0.151913,2.044250,0.033148,0.005000,0.000100
1778724108.7716448,0.434961,-2.671611,-0.544847,-1.249833,-0.880165,0.033248,0.274277,2.678116,0.090853,0.005000,0.000100
1778724115.344543,0.262533,0.745169,0.170380,0.328259,0.249800,0.013176,0.157438,1.971446,0.048660,0.005000,0.000100
1778724121.2280462,0.388440,-1.591110,-0.340854,-0.856114,-0.390625,0.019895,0.271670,2.692930,0.083397,0.005000,0.000100
1778724123.650461,0.267694,-1.283553,-0.288419,-0.427450,-0.564784,0.014668,0.153751,2.046679,0.043272,0.005000,0.000100
1778724131.8649511,0.397627,-1.247397,-0.240788,-0.589767,-0.413642,0.021081,0.276320,2.748123,0.084104,0.005000,0.000100
1778724134.456827,0.274346,0.666278,0.116920,0.343781,0.208144,0.015844,0.152933,2.097739,0.035015,0.005000,0.000100
1778724142.457011,0.381308,-1.983373,-0.375766,-0.822588,-0.779809,0.016031,0.272103,2.645378,0.067539,0.005000,0.000100
1778724146.0677671,0.286371,-1.222490,-0.275509,-0.481887,-0.463509,0.018359,0.156480,2.152785,0.040652,0.005000,0.000100
1778724152.407685,0.356667,-0.688832,-0.135219,-0.390741,-0.154538,0.008944,0.274489,2.561023,0.049337,0.005000,0.000100
1778724155.699147,0.285713,1.074053,0.255742,0.385615,0.434198,0.018689,0.157421,2.169413,0.049772,0.005000,0.000100
1778724162.4956968,0.384812,-1.173715,-0.230371,-0.752846,-0.184017,0.013579,0.278540,2.653996,0.050394,0.005000,0.000100
1778724163.912744,0.290865,-2.901765,-0.595495,-1.349268,-0.956129,0.018897,0.159896,2.064135,0.044021,0.005000,0.000100
1778724171.2036438,0.419501,-2.812639,-0.530832,-1.323593,-0.955507,0.022258,0.285325,2.767112,0.068755,0.005000,0.000100
1778724176.516335,0.263852,0.614087,0.099338,0.247383,0.271789,0.012597,0.154505,2.144383,0.026668,0.005000,0.000100
1778724178.949845,0.389611,-0.634552,-0.169998,-0.228074,-0.231642,0.017121,0.276041,2.679765,0.068498,0.005000,0.000100
1778724186.489279,0.267689,-1.772939,-0.314751,-0.828345,-0.625195,0.012004,0.160740,2.129893,0.025083,0.005000,0.000100
1778724187.0902588,0.439852,-2.431175,-0.474387,-1.268454,-0.691958,0.033585,0.280268,2.633762,0.094973,0.005000,0.000100
1778724194.59066,0.388994,-1.655902,-0.346012,-0.779907,-0.524813,0.017087,0.278491,2.742842,0.073607,0.005000,0.000100
1778724195.036298,0.286705,0.702958,0.154290,0.263419,0.286591,0.017438,0.157298,2.012075,0.027724,0.005000,0.000100
1778724204.424354,0.268794,-0.110873,0.018894,-0.206138,0.079631,0.013800,0.160067,2.032100,0.046887,0.005000,0.000100
1778724204.449624,0.393056,-1.888528,-0.434412,-0.846534,-0.602946,0.016416,0.292791,2.568650,0.084082,0.005000,0.000100
1778724214.630431,0.412172,-2.053747,-0.422746,-0.900053,-0.736704,0.036525,0.286352,2.501220,0.151637,0.005000,0.000100
1778724215.9948869,0.270746,0.314645,0.019230,0.163773,0.135779,0.012877,0.162134,2.115041,0.034652,0.005000,0.000100
1778724225.890163,0.402434,-2.095580,-0.430992,-1.005446,-0.652460,0.014188,0.293248,2.755110,0.050179,0.005000,0.000100
1778724226.805523,0.259198,0.150505,0.071799,0.136643,-0.051997,0.009643,0.167207,2.152312,0.036212,0.005000,0.000100
1778724234.705894,0.268707,1.279561,0.257923,0.509556,0.516068,0.011843,0.161317,1.981529,0.018575,0.005000,0.000100
1778724235.7127821,0.384360,-2.050734,-0.414275,-0.856829,-0.771469,0.010386,0.291903,2.670793,0.045189,0.005000,0.000100
1778724243.57954,0.288936,-1.903697,-0.340196,-0.799463,-0.762370,0.016795,0.165148,2.013065,0.040430,0.005000,0.000100
1778724246.7201312,0.429953,-2.470850,-0.467695,-1.155634,-0.848306,0.030243,0.290787,2.867327,0.109928,0.005000,0.000100
1778724252.124751,0.262069,0.943794,0.193258,0.393171,0.361865,0.010714,0.165995,1.971374,0.040596,0.005000,0.000100
1778724257.180039,0.407939,-1.301590,-0.267310,-0.568012,-0.464333,0.023635,0.293879,2.750311,0.108652,0.005000,0.000100
1778724262.469461,0.262454,0.414234,0.074830,0.193315,0.151978,0.008322,0.174359,2.009731,0.024970,0.005000,0.000100
1778724272.4488971,0.372858,-0.637720,-0.100606,-0.384944,-0.143172,0.010584,0.299352,2.857914,0.075869,0.005000,0.000100
1778724273.740799,0.261062,0.852607,0.180979,0.282598,0.394112,0.009956,0.169259,2.011953,0.041203,0.005000,0.000100
1778724282.077634,0.431578,-2.526202,-0.465851,-1.322490,-0.737363,0.026881,0.292518,2.787537,0.091551,0.005000,0.000100
1778724286.179979,0.279495,-0.432521,-0.108840,-0.060735,-0.258413,0.012904,0.172238,2.196998,0.039445,0.005000,0.000100
1778724290.673562,0.383665,-2.665909,-0.489355,-1.193390,-0.975030,0.010769,0.293468,2.703424,0.054089,0.005000,0.000100
1778724295.489401,0.282221,-1.570191,-0.286181,-0.699744,-0.580866,0.013390,0.172827,2.018876,0.039763,0.005000,0.000100
1778724301.9226902,0.385963,-1.357219,-0.299675,-0.664435,-0.385910,0.011580,0.300500,2.597561,0.068928,0.005000,0.000100
1778724307.098909,0.275267,-1.618981,-0.296730,-0.752356,-0.565997,0.014185,0.171173,2.198025,0.061005,0.005000,0.000100
1778724311.812403,0.388947,-2.399296,-0.484822,-1.035518,-0.871512,0.012899,0.302990,2.778610,0.078250,0.005000,0.000100
1778724317.382833,0.289022,-1.794060,-0.367830,-0.747402,-0.677994,0.019731,0.173422,2.140012,0.084112,0.005000,0.000100
1778724323.1365461,0.361312,-0.988580,-0.198040,-0.656280,-0.124380,0.008364,0.296452,2.812417,0.067961,0.005000,0.000100
1778724333.642082,0.271837,-1.026882,-0.159603,-0.491727,-0.369841,0.011330,0.173509,2.275339,0.042971,0.005000,0.000100
1778724333.7669818,0.395569,-2.733751,-0.554522,-1.192395,-0.980166,0.013082,0.303855,2.642005,0.072038,0.005000,0.000100
1778724343.850958,0.284500,-2.694793,-0.509147,-1.373042,-0.808318,0.012938,0.172586,2.151082,0.021439,0.005000,0.000100
1778724347.502035,0.363145,-1.063069,-0.205596,-0.481145,-0.367691,0.007519,0.300293,2.479063,0.062966,0.005000,0.000100
1778724353.4378822,0.150651,0.083701,0.012431,0.091519,-0.084895,0.150296,0.174914,2.100346,0.407849,0.005000,0.000100
1778724358.251203,0.385002,-0.397559,-0.113764,-0.449855,0.175795,0.007168,0.305965,2.663609,0.032000,0.005000,0.000100
1778724364.335417,0.266553,-0.751679,-0.147157,-0.281285,-0.317040,0.008364,0.178477,2.075803,0.025953,0.005000,0.000100
1778724370.738861,0.421965,-1.782768,-0.342557,-0.956546,-0.482994,0.024595,0.302531,2.593646,0.107137,0.005000,0.000100
1778724376.330539,0.276130,-1.747373,-0.304256,-0.889171,-0.548436,0.010553,0.180868,2.157141,0.040522,0.005000,0.000100
1778724376.99925,0.451851,-1.756658,-0.309593,-0.939936,-0.511677,0.033506,0.291169,2.441078,0.092422,0.005000,0.000100
1778724386.344903,0.258232,-0.831411,-0.144983,-0.216635,-0.463361,0.008469,0.176298,2.133205,0.044171,0.005000,0.000100
1778724387.616496,0.350896,-1.357624,-0.274797,-0.746191,-0.325237,0.004462,0.300997,2.725938,0.046811,0.005000,0.000100
1778724396.86898,0.286407,-0.811259,-0.178990,-0.277815,-0.350324,0.012329,0.181366,2.058906,0.037937,0.005000,0.000100
1778724398.619393,0.379044,-1.502612,-0.278214,-0.801160,-0.413438,0.007290,0.307607,2.688870,0.049292,0.005000,0.000100
1778724408.47592,0.384882,-1.392486,-0.298133,-0.592345,-0.496259,0.012779,0.302668,2.427680,0.081787,0.005000,0.000100
1778724410.5742369,0.286372,-0.072901,0.016501,-0.036664,-0.049252,0.014077,0.176769,2.104949,0.047888,0.005000,0.000100
1778724417.602905,0.412383,-1.985556,-0.437440,-0.996013,-0.549796,0.020452,0.304385,2.506722,0.098819,0.005000,0.000100
1778724420.24285,0.323112,-1.843621,-0.349864,-0.772497,-0.723876,0.026014,0.183018,2.078140,0.084243,0.005000,0.000100
1778724426.863301,0.385135,-1.565665,-0.320336,-0.922727,-0.315199,0.009449,0.305070,2.425563,0.058101,0.005000,0.000100
1778724435.245238,0.261187,-0.827795,-0.110087,-0.444366,-0.266201,0.007484,0.177228,2.176436,0.021991,0.005000,0.000100
1778724438.0822752,0.381719,-0.920915,-0.228342,-0.434098,-0.249975,0.007377,0.304797,2.437680,0.040271,0.005000,0.000100
1778724442.266849,0.267269,-0.044174,0.018514,-0.248660,0.189497,0.010560,0.176402,1.760906,0.050592,0.005000,0.000100
1778724449.970755,0.366201,-1.860708,-0.328236,-1.030919,-0.492572,0.007154,0.311589,2.511407,0.068078,0.005000,0.000100
1778724453.747255,0.266517,-0.617921,-0.101482,-0.446937,-0.063574,0.008568,0.180500,2.042501,0.036033,0.005000,0.000100
1778724464.1202729,0.340351,-1.529851,-0.330135,-0.775918,-0.412689,0.002066,0.314543,2.428242,0.039443,0.005000,0.000100
1778724467.1944268,0.286522,-0.692017,-0.143722,-0.378964,-0.164595,0.012191,0.184079,2.166221,0.043418,0.005000,0.000100
1778724473.33248,0.399589,-1.148290,-0.275750,-0.677057,-0.189667,0.012250,0.310704,2.388115,0.069515,0.005000,0.000100
1778724477.927695,0.259791,1.031440,0.232238,0.624699,0.180921,0.007325,0.181860,2.016047,0.037295,0.005000,0.000100
1778724483.6668,0.381235,-2.071070,-0.404512,-1.191219,-0.466521,0.007094,0.314070,2.473051,0.053567,0.005000,0.000100
1778724487.7883909,0.295289,-2.623079,-0.554950,-1.238381,-0.827124,0.014552,0.185467,1.979894,0.052608,0.005000,0.000100
1778724491.771704,0.446124,-2.789345,-0.620051,-1.434611,-0.735358,0.026677,0.315064,2.532609,0.102739,0.005000,0.000100
1778724497.920259,0.285743,-0.295075,-0.046347,-0.246579,0.001833,0.011620,0.184163,1.958434,0.038031,0.005000,0.000100
1778724499.850152,0.386414,-0.020996,-0.038418,-0.233625,0.256692,0.009644,0.315285,2.093466,0.071372,0.005000,0.000100
1778724507.7975738,0.274366,0.029942,-0.011139,0.040786,0.005160,0.009682,0.184318,1.941072,0.041816,0.005000,0.000100
1778724512.060638,0.372632,-1.247642,-0.267255,-0.700798,-0.273802,0.012340,0.309626,2.391375,0.096439,0.005000,0.000100
1778724520.991134,0.268164,-1.319669,-0.387787,-0.918880,-0.093622,0.184700,0.319603,2.346075,0.449758,0.005000,0.000100
1778724521.113628,0.257896,-0.777892,-0.097817,-0.282229,-0.390086,0.005568,0.187962,2.108849,0.027433,0.005000,0.000100
1778724533.637196,0.333052,1.335211,0.258386,0.438082,0.649495,0.001225,0.316819,2.272928,0.032680,0.005000,0.000100
1778724534.151739,0.294959,-0.655214,-0.138143,-0.446017,-0.067512,0.013822,0.190116,2.090715,0.056076,0.005000,0.000100
1778724542.930621,0.245332,0.360498,0.036945,0.130462,0.111358,0.184580,0.317704,2.111618,0.446396,0.005000,0.000100
1778724545.2168908,0.271671,0.153596,0.087882,0.051899,0.018987,0.008712,0.188819,1.905361,0.045304,0.005000,0.000100
1778724551.905119,0.246133,-2.154675,-0.381650,-1.318792,-0.541898,0.199117,0.313653,2.378654,0.464947,0.005000,0.000100
1778724554.8679638,0.279977,-0.788056,-0.138723,-0.503289,-0.140985,0.010081,0.192651,2.020058,0.052233,0.005000,0.000100
1778724562.126209,0.405328,-1.110968,-0.277559,-0.488243,-0.343381,0.021605,0.319736,2.517584,0.125959,0.005000,0.000100
1778724564.554059,0.256351,0.396075,0.109571,0.217856,0.076403,0.004653,0.193809,2.016372,0.028712,0.005000,0.000100
1778724569.5401301,0.428737,-1.827765,-0.401222,-0.920148,-0.505567,0.021491,0.318630,2.314873,0.102020,0.005000,0.000100
1778724573.22264,0.273550,-0.847472,-0.202424,-0.444645,-0.196115,0.008836,0.194787,1.741249,0.054085,0.005000,0.000100
1778724580.5769322,0.381051,-2.043957,-0.409435,-1.250900,-0.374652,0.006551,0.319723,2.449214,0.055674,0.005000,0.000100
1778724584.409546,0.273744,0.660326,0.119374,0.359441,0.187573,0.008297,0.187791,2.042096,0.031789,0.005000,0.000100
1778724588.931365,0.083466,-0.145380,-0.099835,-0.371134,0.155754,0.361823,0.314459,2.215436,0.585440,0.005000,0.000100
1778724594.974268,0.292689,0.485781,0.113535,0.233900,0.142690,0.011085,0.195946,1.977248,0.043792,0.005000,0.000100
1778724601.639505,0.409870,-2.811081,-0.566077,-1.404230,-0.836568,0.016311,0.321988,2.472414,0.097681,0.005000,0.000100
1778724608.6338,0.266593,-1.432741,-0.246395,-0.599691,-0.580060,0.006276,0.192868,1.946527,0.030561,0.005000,0.000100
1778724612.4311051,0.418583,-1.204642,-0.239127,-0.695120,-0.266513,0.017224,0.322209,2.498935,0.093901,0.005000,0.000100
1778724617.7255092,0.262897,-0.178609,-0.051031,-0.238544,0.116776,0.005765,0.197388,1.738585,0.040469,0.005000,0.000100
1778724623.994984,0.389061,-1.191626,-0.237987,-0.725277,-0.222294,0.011929,0.318435,2.406450,0.087817,0.005000,0.000100
1778724628.602544,0.277601,-0.985028,-0.174105,-0.468096,-0.337820,0.009572,0.192728,1.958618,0.051305,0.005000,0.000100
1778724639.3814452,0.018534,-1.074944,-0.454035,-0.882787,0.127338,0.288940,0.196243,1.986134,0.534747,0.005000,0.000100
1778724640.143617,0.187112,1.437578,0.203089,0.494074,0.664143,0.173510,0.325449,2.096613,0.414156,0.005000,0.000100
1778724645.742305,0.163845,-0.304626,-0.225990,-0.613391,0.356079,0.380384,0.319246,2.303001,0.629139,0.005000,0.000100
1778724648.665659,0.270106,0.518951,0.129616,0.299796,0.095810,0.005717,0.199701,1.825767,0.029062,0.005000,0.000100
1778724657.301203,0.226999,0.448037,-0.004978,0.086957,0.288796,0.176786,0.319212,2.226163,0.432413,0.005000,0.000100
1778724660.7662988,0.275844,-0.568286,-0.096841,-0.306195,-0.160243,0.009584,0.198845,1.959852,0.063733,0.005000,0.000100
1778724662.629125,-0.449119,1.502878,0.114326,0.046787,0.825886,1.052392,0.321972,2.063376,0.713217,0.005000,0.000100
1778724672.356245,0.018865,1.204562,0.080691,0.267245,0.718021,0.296140,0.193758,1.893000,0.543192,0.005000,0.000100
1778724674.388261,0.100924,1.095868,0.157189,0.379229,0.391381,0.359339,0.328757,2.319933,0.584457,0.005000,0.000100
1778724685.191087,0.266577,-1.202355,-0.273515,-0.936221,-0.081387,0.199940,0.312939,2.240271,0.468793,0.005000,0.000100
1778724687.149718,0.266306,0.438219,0.149459,0.055145,0.241196,0.005977,0.199643,2.113799,0.041271,0.005000,0.000100
1778724693.185411,-0.176369,0.224326,-0.123367,-0.360733,0.367315,0.701141,0.313174,1.892197,0.716076,0.005000,0.000100
1778724698.214447,0.271671,0.358511,0.065971,0.179972,0.119397,0.006571,0.201190,2.022855,0.042212,0.005000,0.000100
1778724702.978103,0.376498,-0.502892,-0.190685,-0.367222,0.064365,0.005877,0.315298,2.457549,0.048667,0.005000,0.000100
1778724710.410948,0.286011,-1.170446,-0.236454,-0.529571,-0.399669,0.010865,0.198323,2.036913,0.059407,0.005000,0.000100
1778724718.11102,0.413961,-2.611920,-0.517956,-1.378162,-0.708188,0.012417,0.319327,2.764554,0.062019,0.005000,0.000100
1778724727.95819,0.148961,-0.131523,-0.079148,-0.293904,0.175329,0.152549,0.202442,2.014927,0.407825,0.005000,0.000100
1778724734.351188,0.391152,-1.868703,-0.383901,-0.981302,-0.496910,0.013932,0.316479,2.711281,0.096356,0.005000,0.000100
1778724740.6815329,0.126641,1.586445,0.171898,0.470269,0.878956,0.149556,0.200425,1.891068,0.400156,0.005000,0.000100
1778724746.436034,0.361066,0.035667,-0.032744,0.007531,0.073419,0.002196,0.323067,2.727266,0.028900,0.005000,0.000100
1778724749.4977229,0.009986,-0.837588,-0.321373,-0.766670,0.113616,0.292490,0.199726,1.881055,0.533842,0.005000,0.000100
1778724756.170169,0.349902,-1.214184,-0.286681,-0.528952,-0.387173,0.003157,0.313425,2.591464,0.045048,0.005000,0.000100
1778724757.2154062,0.027465,-0.842674,-0.249215,-0.968210,0.232581,0.302264,0.202921,1.792293,0.549221,0.005000,0.000100
1778724769.986037,0.155882,0.723534,0.031111,0.178811,0.447483,0.151676,0.207323,1.941696,0.406927,0.005000,0.000100
1778724770.539972,0.400849,-1.587314,-0.333448,-0.838834,-0.411026,0.016684,0.309438,2.469695,0.096194,0.005000,0.000100
1778724777.9165719,-0.079081,-0.876007,-0.397648,-0.955041,0.263449,0.446018,0.194706,1.955149,0.642096,0.005000,0.000100
1778724778.0643861,-0.195661,0.193604,-0.139964,-0.247967,0.245247,0.696639,0.313890,2.406256,0.696815,0.005000,0.000100
1778724785.484309,0.086243,0.014584,-0.028428,-0.193894,0.074966,0.347089,0.302592,2.320959,0.577622,0.005000,0.000100
1778724786.940947,-0.363416,1.333472,0.019890,-0.076308,1.037030,0.724371,0.195690,1.865062,0.676405,0.005000,0.000100
1778724792.546557,0.392978,-1.821359,-0.417871,-0.970975,-0.430239,0.017501,0.305340,2.204850,0.104458,0.005000,0.000100
1778724798.052181,0.251994,1.403768,0.285449,0.605584,0.521401,0.002807,0.200698,2.013650,0.013953,0.005000,0.000100
1778724805.615127,0.410683,-2.018143,-0.446260,-1.023044,-0.551684,0.028634,0.308059,2.294311,0.141824,0.005000,0.000100
1778724809.105003,0.264452,-0.512252,-0.081819,-0.172073,-0.249866,0.004935,0.201599,2.192414,0.033072,0.005000,0.000100
1778724816.043657,0.245188,0.414532,0.068688,0.051566,0.211668,0.186321,0.307521,2.110028,0.450230,0.005000,0.000100
1778724824.071153,0.256981,0.202538,0.058083,0.136121,0.015975,0.007460,0.197118,2.274220,0.065627,0.005000,0.000100
1778724829.871625,0.379277,-1.940929,-0.414699,-1.076874,-0.442895,0.010963,0.304178,2.388591,0.076903,0.005000,0.000100
1778724835.8394802,0.264133,0.619720,0.151796,0.351187,0.124867,0.004834,0.204954,2.109255,0.038462,0.005000,0.000100
1778724840.4937768,0.432834,-1.664047,-0.408841,-0.705791,-0.545687,0.018793,0.310325,2.625066,0.064847,0.005000,0.000100
1778724846.429708,0.293201,-2.129185,-0.434294,-0.951932,-0.740696,0.015813,0.200387,2.033651,0.089432,0.005000,0.000100
1778724854.211272,0.382436,-2.110945,-0.447397,-1.107433,-0.546085,0.006850,0.313104,2.690985,0.047641,0.005000,0.000100
1778724859.924282,0.273253,-0.453849,-0.064778,-0.255141,-0.127320,0.007442,0.193911,2.066264,0.035700,0.005000,0.000100
1778724864.304529,0.396926,-2.549569,-0.456272,-1.233513,-0.852363,0.011173,0.299524,2.601691,0.043283,0.005000,0.000100
1778724873.624085,0.148992,0.231946,-0.075013,0.113145,0.129281,0.149405,0.197402,2.034094,0.404229,0.005000,0.000100
1778724876.2969139,0.411453,-1.595093,-0.364106,-0.851453,-0.375185,0.016711,0.308987,2.540933,0.083079,0.005000,0.000100
1778724883.981177,0.149137,0.994313,0.067877,0.281081,0.581431,0.146075,0.191157,1.822886,0.400429,0.005000,0.000100
1778724884.563835,0.424288,-2.226954,-0.469321,-1.071299,-0.683611,0.020329,0.306937,2.577553,0.085362,0.005000,0.000100
1778724891.4899478,0.138501,0.317507,0.047825,0.088449,0.114161,0.150499,0.196286,1.635438,0.404364,0.005000,0.000100
1778724897.361526,0.333967,-1.348915,-0.288123,-0.736172,-0.313167,0.002625,0.310446,2.553186,0.047983,0.005000,0.000100
1778724903.9492102,0.262369,-1.181155,-0.245093,-0.588498,-0.340842,0.005800,0.195716,1.924386,0.038840,0.005000,0.000100
1778724911.539669,-0.116114,-0.185928,-0.285461,-0.834940,0.730914,0.425416,0.196070,1.829997,0.603653,0.005000,0.000100
1778724912.795428,0.356570,0.031424,0.002398,0.053150,-0.011843,0.002748,0.319288,2.730863,0.038842,0.005000,0.000100
1778724924.2091079,0.414085,-2.545644,-0.455334,-1.290336,-0.795840,0.019311,0.302927,2.758050,0.087910,0.005000,0.000100
1778724926.315178,0.271546,0.154885,0.058159,-0.082665,0.186080,0.007535,0.192622,2.091117,0.038091,0.005000,0.000100
1778724932.546852,0.407468,-1.474760,-0.292676,-0.713535,-0.464072,0.018966,0.305885,2.791999,0.098021,0.005000,0.000100
1778724937.1894689,0.265556,-0.319425,-0.092285,-0.111473,-0.107632,0.004660,0.200250,2.073123,0.020961,0.005000,0.000100
1778724943.862838,0.361252,-2.462684,-0.560106,-1.288141,-0.606746,0.007904,0.304589,2.328627,0.072216,0.005000,0.000100
1778724951.0309289,0.267100,-0.376822,-0.078911,-0.115411,-0.174520,0.006483,0.199456,2.244155,0.046039,0.005000,0.000100
1778724956.009092,0.365480,-1.416427,-0.233208,-0.738202,-0.436326,0.004925,0.304245,2.230670,0.036140,0.005000,0.000100
1778724961.877509,0.271750,1.237172,0.213465,0.629684,0.400900,0.006890,0.191513,2.064399,0.022411,0.005000,0.000100
1778724966.480063,-0.043094,1.757585,0.221074,0.584228,0.703902,0.521366,0.311642,2.460537,0.662930,0.005000,0.000100
1778724974.554989,0.268291,-0.193125,-0.015582,-0.192410,0.022736,0.005369,0.198652,2.110620,0.024014,0.005000,0.000100
1778724975.391129,0.430604,-2.651276,-0.526604,-1.296709,-0.828586,0.026085,0.304449,2.483946,0.106303,0.005000,0.000100
1778724984.374319,0.281094,0.357637,0.110432,0.083606,0.170130,0.007182,0.198631,2.024332,0.020601,0.005000,0.000100
1778724987.033448,0.390566,-2.105136,-0.415837,-1.267223,-0.416472,0.011091,0.306690,2.229945,0.067132,0.005000,0.000100
1778724996.531734,0.346039,-0.931972,-0.257201,-0.535870,-0.131318,0.005325,0.300267,2.048863,0.059901,0.005000,0.000100
1778724998.4870121,0.261907,0.983089,0.219208,0.408913,0.363212,0.004863,0.198271,2.135201,0.030064,0.005000,0.000100
1778725005.5313568,0.399712,-1.618501,-0.375156,-0.898210,-0.342654,0.017139,0.301917,2.209999,0.091744,0.005000,0.000100
1778725014.8905332,0.273955,0.470661,0.093474,0.245254,0.140400,0.005319,0.204103,2.225371,0.022093,0.005000,0.000100
1778725020.461115,0.359208,-1.439311,-0.292602,-0.684624,-0.451895,0.004293,0.313538,2.467290,0.049528,0.005000,0.000100
1778725027.7173839,0.253378,1.213235,0.260002,0.499539,0.462370,0.004423,0.193815,2.177401,0.031193,0.005000,0.000100
1778725034.2811038,0.379591,-1.171568,-0.250218,-0.883693,-0.029959,0.009812,0.310422,2.520849,0.074745,0.005000,0.000100
1778725036.591369,0.286667,1.748449,0.332546,0.750284,0.670722,0.010433,0.198007,2.063700,0.053461,0.005000,0.000100
1778725044.668774,0.372990,-1.295576,-0.242323,-0.651495,-0.392734,0.006627,0.305420,2.467428,0.047854,0.005000,0.000100
1778725047.147521,0.272189,1.077939,0.236952,0.523717,0.323863,0.006764,0.195431,1.994770,0.031130,0.005000,0.000100
1778725057.049626,0.353741,-1.249498,-0.273356,-0.450104,-0.515435,0.003396,0.311988,2.460276,0.042856,0.005000,0.000100
1778725060.897003,0.290039,-1.275413,-0.223189,-0.594364,-0.452780,0.010543,0.193140,2.070309,0.035794,0.005000,0.000100
1778725064.0841339,0.403202,-1.527960,-0.310489,-0.839618,-0.374378,0.015910,0.305241,2.286158,0.083760,0.005000,0.000100
1778725074.476623,0.283746,-1.235521,-0.255214,-0.575718,-0.399770,0.011185,0.199626,2.082297,0.067567,0.005000,0.000100
1778725082.674458,0.302088,-2.266490,-0.462499,-1.043006,-0.758036,0.013655,0.195892,1.955219,0.051393,0.005000,0.000100
1778725093.076931,0.284629,-0.526399,-0.104349,-0.372203,-0.045218,0.009663,0.196850,1.892176,0.046639,0.005000,0.000100
1778725099.472914,0.180053,0.470432,-0.007874,-0.120051,0.526175,0.161501,0.194074,1.713847,0.423352,0.005000,0.000100
1778725105.068938,0.143371,-2.412661,-0.490927,-1.844676,-0.142663,0.149228,0.197212,1.801784,0.403222,0.005000,0.000100
1778725115.658937,0.276404,-1.102061,-0.141645,-0.589255,-0.364321,0.006924,0.202813,2.060426,0.040933,0.005000,0.000100
1778725127.8097742,0.271200,0.101597,0.006836,0.049492,0.052854,0.005575,0.200197,2.074360,0.024343,0.005000,0.000100
1778725137.836139,0.275466,-1.444594,-0.272046,-0.693835,-0.472008,0.006423,0.198606,1.983511,0.023942,0.005000,0.000100
1778725147.440278,0.285442,-1.768073,-0.331752,-0.738215,-0.691697,0.007680,0.203152,2.049825,0.031761,0.005000,0.000100
1778725153.46821,0.270876,-0.464928,-0.039880,-0.437492,0.018354,0.006130,0.201481,1.795010,0.038221,0.005000,0.000100
1778732505.58811,0.262795,-0.118370,-0.273200,-0.725331,-0.536756,0.003418,0.301193,2.367409,0.046476,0.050000,0.001000
1778732507.3026218,0.394369,-0.154936,-0.417996,-0.709525,-0.749315,0.015063,0.301509,3.098720,0.084591,0.050000,0.001000
1778732517.4948769,0.280009,-0.115216,-0.478399,-0.957060,-1.081745,0.004193,0.296417,2.350836,0.066032,0.049100,0.001000
1778732520.574377,0.421995,-0.146698,-0.445727,-0.907361,-0.737520,0.027174,0.296840,3.015415,0.113088,0.049100,0.001000
1778732528.316461,0.288946,-0.110453,-0.566904,-1.508429,-1.093899,0.002219,0.273439,2.296153,0.046890,0.048200,0.000999
1778732532.2926269,0.450482,-0.143869,-0.494771,-1.353427,-0.940277,0.030747,0.308563,3.048626,0.108554,0.048200,0.000999
1778732538.384976,0.291789,-0.108009,-0.539069,-1.059702,-1.125328,0.004439,0.276737,2.297566,0.068413,0.047300,0.000997
1778732543.776055,0.405183,-0.138174,-0.685770,-1.470019,-1.373712,0.014718,0.326468,2.967895,0.097310,0.047300,0.000997
1778732548.043744,0.290829,-0.100847,-0.351618,-0.950451,-0.651012,0.004455,0.288062,2.192636,0.070294,0.046400,0.000994
1778732552.9711528,0.493469,-0.124573,-0.540150,-1.520566,-1.018830,0.045472,0.345982,2.880768,0.162342,0.046400,0.000994
1778732556.368514,0.278112,-1.465099,-0.200982,-0.875897,-0.289860,0.001960,0.295998,2.172527,0.042688,0.045500,0.000991
1778732563.118655,0.398539,-3.786709,-0.625194,-1.798759,-1.230258,0.005914,0.362579,2.944553,0.071658,0.045500,0.000991
1778732564.4849339,0.283713,-1.160392,-0.203731,-0.601752,-0.257003,0.001343,0.287767,2.204244,0.038397,0.044600,0.000987
1778732573.074038,0.465053,-4.127656,-0.726502,-1.937919,-1.333153,0.016443,0.381129,3.027231,0.102194,0.044600,0.000987
1778732577.3197598,0.276723,1.303126,0.273162,0.536954,0.593806,0.000922,0.286726,2.313939,0.030229,0.043700,0.000982
1778732586.852245,0.384473,-2.935305,-0.538313,-1.164770,-1.102344,0.004540,0.415839,3.008384,0.062858,0.043700,0.000982
1778732587.194339,0.279925,-2.685656,-0.464555,-1.183772,-0.947851,0.000904,0.268664,2.099066,0.029379,0.042800,0.000977
1778732597.440243,0.437264,-2.165583,-0.373026,-0.989247,-0.688391,0.011687,0.417619,2.794255,0.112055,0.042800,0.000977
1778732598.147062,0.245429,-0.206849,0.026647,-0.078808,-0.064752,0.001836,0.265614,2.166178,0.039847,0.041900,0.000971
1778732609.7861419,0.396083,-2.107852,-0.388209,-1.020640,-0.586739,0.009435,0.434785,2.780667,0.093911,0.041900,0.000971
1778732612.7509608,0.275380,-0.398632,-0.079072,-0.036625,-0.192908,0.001643,0.259729,2.215791,0.039407,0.041000,0.000964
1778732622.074763,0.286377,-3.348223,-0.592966,-1.698075,-0.974720,0.003188,0.251073,2.096149,0.046452,0.040100,0.000957
1778732624.607567,0.379347,-2.161355,-0.407912,-0.968964,-0.671770,0.009999,0.451641,2.870936,0.072819,0.041000,0.000964
1778732633.838989,0.276032,-1.585437,-0.228361,-0.777102,-0.499933,0.002550,0.259320,2.074387,0.050235,0.039200,0.000948
1778732638.495554,0.407888,-2.951937,-0.544488,-1.421706,-0.885082,0.019328,0.436395,2.751231,0.143430,0.040100,0.000957
1778732646.961795,0.293230,-1.104299,-0.225859,-0.394810,-0.404821,0.004645,0.269248,2.118299,0.067248,0.038300,0.000940
1778732650.9426649,0.447469,-2.029281,-0.366841,-0.952636,-0.610049,0.016457,0.433492,2.754669,0.134421,0.039200,0.000948
1778732665.702234,0.261621,0.523283,0.163082,0.186019,0.252497,0.001134,0.280379,2.109134,0.029488,0.037400,0.000930
1778732669.030446,0.386536,-2.658699,-0.500297,-1.112216,-0.953254,0.011962,0.431492,2.582596,0.105099,0.038300,0.000940
1778732678.072,0.279237,-1.645286,-0.319593,-0.673640,-0.582406,0.002765,0.284165,1.946056,0.055184,0.036500,0.000920
1778732680.679919,0.250545,-1.040946,-0.276296,-0.426080,-0.350867,0.217398,0.424235,2.577580,0.456106,0.037400,0.000930
1778732691.656097,0.224801,-0.885445,-0.144912,-0.445163,-0.312142,0.209137,0.405132,2.405388,0.442992,0.036500,0.000920
1778732691.68222,0.272377,-0.271932,-0.084488,-0.073004,-0.046336,0.001127,0.288813,1.928852,0.030858,0.035600,0.000910
1778732700.787162,0.093776,-1.553627,-0.321353,-1.005832,-0.341766,0.397232,0.389526,2.339698,0.586670,0.035600,0.000910
1778732708.914025,0.264510,0.110102,-0.034693,0.074724,0.139342,0.001164,0.292519,2.013072,0.020531,0.034700,0.000899
1778732714.573219,0.225842,0.290733,0.013740,0.084528,0.183952,0.190298,0.373861,2.496737,0.432549,0.034700,0.000899
1778732726.8991098,0.255557,1.385207,0.249068,0.637380,0.570342,0.002009,0.291670,2.147534,0.027982,0.033800,0.000887
1778732732.4125319,0.365344,-2.627356,-0.460957,-1.251218,-0.828138,0.002665,0.357262,2.614670,0.053750,0.033800,0.000887
1778732735.346501,0.276826,0.387858,0.113225,0.160733,0.170196,0.003926,0.273948,1.770805,0.065981,0.032900,0.000875
1778732741.2372532,0.267822,-0.261460,-0.077976,-0.208625,0.006896,0.189484,0.328756,2.325151,0.454326,0.032900,0.000875
1778732744.560174,0.171446,-1.520113,-0.387631,-0.715784,-0.441198,0.167433,0.270144,1.850507,0.418585,0.032000,0.000862
1778732751.9832692,0.273776,-1.859451,-0.457318,-0.866601,-0.555619,0.193867,0.315715,2.401430,0.462010,0.032000,0.000862
1778732752.8399339,0.171599,-2.248504,-0.420914,-1.393908,-0.458476,0.166582,0.258308,1.880943,0.420401,0.031100,0.000848
1778732760.740887,0.208791,-2.425401,-0.426744,-1.430891,-0.582362,0.177524,0.300832,2.384750,0.433400,0.031100,0.000848
1778732760.994357,0.296283,-1.379728,-0.275509,-0.710387,-0.342893,0.004409,0.243382,1.759758,0.042301,0.030200,0.000835
1778732768.157099,0.151216,-2.614560,-0.423984,-1.428831,-0.792021,0.158159,0.235608,1.665661,0.409657,0.029300,0.000820
1778732768.197454,-0.025623,0.282412,-0.025297,0.000363,0.128877,0.505014,0.284091,2.451619,0.674200,0.030200,0.000835
1778732775.635659,-0.157448,-0.556669,-0.129781,-0.649945,-0.039797,0.659674,0.268617,2.286110,0.728883,0.029300,0.000820
1778732779.407617,0.299017,-0.537444,-0.106095,-0.417520,0.033016,0.011190,0.226595,1.846474,0.081274,0.028400,0.000806
1778732786.340559,0.429413,-2.196871,-0.428181,-0.995232,-0.718812,0.041405,0.256393,2.653099,0.112885,0.028400,0.000806
1778732795.413632,0.136683,0.171103,-0.060568,0.168199,0.040439,0.151421,0.222269,1.915538,0.400133,0.027500,0.000791
1778732802.4218292,0.371696,-1.878552,-0.411108,-0.973066,-0.435461,0.018116,0.247259,2.471794,0.054076,0.027500,0.000791
1778732808.868238,0.137839,-0.519895,-0.081168,-0.261411,-0.204619,0.153938,0.212578,1.867202,0.406000,0.026600,0.000775
1778732815.6482859,-0.226202,-1.075132,-0.338382,-0.733836,-0.253023,0.585994,0.201506,1.668828,0.669212,0.025700,0.000759
1778732815.864042,0.236070,-0.295207,-0.071013,-0.249995,0.001922,0.172603,0.234776,2.346701,0.437925,0.026600,0.000775
1778732820.167495,-0.488519,-0.448069,-0.156739,-0.423124,-0.250303,0.856925,0.191489,1.869531,0.662079,0.024800,0.000743
1778732822.520683,-0.011775,-1.344028,-0.428747,-0.826052,-0.277961,0.484527,0.224511,2.082950,0.690166,0.025700,0.000759
1778732829.0607429,-0.579540,0.307044,-0.056627,-0.132329,0.026627,1.050174,0.218435,2.246551,0.677750,0.024800,0.000743
1778732830.012337,-0.224233,-0.545528,-0.157158,-0.361895,-0.261210,0.566994,0.180308,2.040261,0.669445,0.023900,0.000726
1778732838.5615308,0.010026,-0.289724,-0.111514,-0.206638,-0.073464,0.281016,0.162032,1.679009,0.535319,0.023000,0.000710
1778732839.79215,-0.152757,1.994436,0.350815,0.716383,0.681338,0.610273,0.210274,2.478530,0.729140,0.023900,0.000726
1778732847.423776,0.163388,-0.794077,-0.236921,-0.513378,-0.169373,0.350584,0.188954,2.160765,0.623548,0.023000,0.000710
1778732850.7497,-0.242266,-0.107052,-0.075480,-0.058103,-0.198887,0.539970,0.153482,2.016600,0.652648,0.022100,0.000693
1778732855.356113,-0.098625,-0.983551,-0.246639,-0.534174,-0.375758,0.410649,0.134675,1.523802,0.629126,0.021200,0.000675
1778732859.299205,-0.322277,0.092558,-0.060506,-0.083050,-0.074014,0.720447,0.186479,2.266785,0.716174,0.022100,0.000693
1778732864.116311,0.023569,0.913605,0.187062,0.371244,0.253284,0.274901,0.122733,1.745643,0.542697,0.020300,0.000658
1778732864.4041018,-0.170143,-0.291662,-0.167295,-0.424467,0.056655,0.576607,0.166280,2.115969,0.717578,0.021200,0.000675
1778732867.463755,-0.490556,-1.202584,-0.291017,-0.609271,-0.641518,0.753591,0.111783,1.936740,0.658937,0.019400,0.000640
1778732872.808463,0.153625,0.864324,0.160345,0.293639,0.291093,0.338413,0.155892,2.461067,0.613195,0.020300,0.000658
1778732873.946377,-0.359909,-1.309022,-0.285361,-0.706891,-0.595635,0.621446,0.098155,1.722046,0.676284,0.018500,0.000622
1778732880.811986,-0.304794,-1.535938,-0.345367,-0.931509,-0.560393,0.692974,0.147416,2.327592,0.736720,0.019400,0.000640
1778732884.016011,-0.243694,-1.109517,-0.304233,-0.718118,-0.300095,0.491989,0.086371,1.878688,0.652385,0.017600,0.000604
1778732889.670039,-0.193939,-0.310080,-0.085038,-0.386258,-0.073962,0.545532,0.136841,2.031787,0.696113,0.018500,0.000622
1778732895.456821,-0.348652,0.456167,0.037155,0.007494,0.142148,0.604848,0.074621,1.979226,0.687740,0.016700,0.000586
1778732898.245717,-0.454727,-0.081148,-0.093405,-0.315007,-0.025411,0.787682,0.128365,2.338935,0.705286,0.017600,0.000604
1778732906.959069,-0.091821,1.126703,0.137154,0.338024,0.492605,0.376126,0.060771,1.844535,0.626136,0.015800,0.000568
1778732909.871018,-0.314036,-0.024793,-0.100796,-0.205433,-0.007867,0.660429,0.118417,2.449772,0.725268,0.016700,0.000586
1778732919.747373,0.299566,-1.965858,-0.424792,-0.919705,-0.626411,0.068489,0.049534,1.959359,0.081465,0.014900,0.000550
1778732921.431246,0.098734,0.536050,0.012471,0.052626,0.355689,0.303133,0.105117,2.297593,0.580319,0.015800,0.000568
1778732929.717185,0.159321,-2.016153,-0.491185,-1.094876,-0.568875,0.351769,0.095363,2.489989,0.621538,0.014900,0.000550
1778732933.595117,0.264521,-1.233117,-0.236737,-0.606919,-0.385682,0.050835,0.041211,2.085395,0.032792,0.014000,0.000532
1778732941.8767612,0.380606,-1.778977,-0.368848,-0.721510,-0.697054,0.089221,0.087534,2.583957,0.060819,0.014000,0.000532
1778732943.008883,0.274899,0.888165,0.199455,0.307764,0.376669,0.058786,0.034400,1.917193,0.032427,0.013100,0.000514
1778732952.277216,0.381753,-0.559888,-0.118207,-0.369574,-0.086413,0.093383,0.080892,2.472220,0.056422,0.013100,0.000514
1778732956.984092,0.299072,-0.683631,-0.153079,-0.323941,-0.218618,0.074700,0.030289,2.077301,0.052234,0.012200,0.000496
1778732967.143884,0.286479,0.401826,0.059785,0.102071,0.153128,0.235630,0.077255,2.538709,0.461706,0.012200,0.000496
1778732973.475304,0.309164,-2.858943,-0.571157,-1.255220,-1.049317,0.083427,0.026923,2.208945,0.064692,0.011300,0.000478
1778732982.838206,0.399036,-2.853204,-0.618077,-1.240421,-1.019760,0.110998,0.074609,2.694188,0.079894,0.011300,0.000478
1778732989.471206,0.272952,0.034126,0.014920,0.018895,-0.008960,0.063465,0.023924,2.159703,0.040129,0.010400,0.000460
1778732998.7769349,0.376997,-0.424376,-0.067037,-0.210074,-0.166474,0.093070,0.073849,2.627541,0.036078,0.010400,0.000460
1778733001.54647,0.268073,0.919950,0.174435,0.529781,0.203678,0.060594,0.023327,1.920036,0.027755,0.009500,0.000442
1778733010.3618932,0.384095,0.007057,-0.052083,-0.026916,0.058481,0.099849,0.071351,2.352627,0.047608,0.009500,0.000442
1778733015.798831,0.290135,-1.691333,-0.280411,-0.853704,-0.575878,0.074486,0.024449,2.160868,0.065805,0.008600,0.000425
1778733024.3956668,0.412694,-1.623074,-0.297961,-0.865176,-0.498280,0.122629,0.072086,2.671163,0.085734,0.008600,0.000425
1778733031.48331,0.269870,-0.889175,-0.231770,-0.403258,-0.269352,0.061419,0.025554,2.013530,0.043822,0.007700,0.000407
1778733040.656651,0.418388,-1.529388,-0.358220,-0.712876,-0.502932,0.129030,0.074329,2.581195,0.108801,0.007700,0.000407
1778733044.382545,0.276072,0.349776,0.126101,0.063741,0.142644,0.062217,0.027680,2.032041,0.023995,0.006800,0.000390
1778733050.726806,0.432182,-0.840685,-0.216627,-0.277874,-0.393757,0.131453,0.075087,2.669618,0.066138,0.006800,0.000390
1778733065.205451,0.274460,-2.025632,-0.421790,-0.835701,-0.785183,0.060399,0.029471,2.230291,0.020534,0.005900,0.000374
1778733069.833048,0.382167,-1.457086,-0.242427,-0.811651,-0.434073,0.093884,0.078645,2.691019,0.044201,0.005900,0.000374
1778733081.636723,0.286541,-2.074412,-0.447707,-0.843560,-0.808034,0.070607,0.031240,2.082911,0.077659,0.005000,0.000357
1778733085.385538,0.392050,-2.058589,-0.439763,-0.871563,-0.786822,0.105395,0.081182,2.627539,0.098640,0.005000,0.000357
1778733099.131048,0.274438,1.813175,0.374716,0.902175,0.517105,0.058732,0.033246,2.037495,0.024908,0.005000,0.000341
1778733099.509822,0.256792,0.892286,0.161168,0.308918,0.331572,0.206234,0.083898,2.498031,0.442645,0.005000,0.000341
1778733112.173984,0.294324,-0.805579,-0.148835,-0.339381,-0.342142,0.069356,0.036266,1.979793,0.055395,0.005000,0.000325
1778733112.303413,0.232693,-0.045932,-0.026735,0.008106,-0.111624,0.192783,0.086939,2.414086,0.436576,0.005000,0.000325
1778733124.9732978,0.286145,-1.427057,-0.316537,-0.665744,-0.547293,0.231328,0.089566,2.629323,0.462703,0.005000,0.000309
1778733128.706678,0.272211,-0.506821,-0.087700,-0.268193,-0.167869,0.054859,0.039569,2.097732,0.028613,0.005000,0.000309
1778733137.612267,0.260760,-0.485938,-0.170917,-0.351070,-0.054855,0.207926,0.092005,2.611766,0.446527,0.005000,0.000294
1778733142.147808,0.282744,-1.123377,-0.225066,-0.406431,-0.511704,0.059874,0.042632,2.022535,0.049674,0.005000,0.000294
1778733154.657278,0.402224,-1.356951,-0.283589,-0.556458,-0.556254,0.106227,0.095619,2.752784,0.116522,0.005000,0.000280
1778733158.141037,0.274966,-0.837196,-0.158178,-0.361313,-0.334135,0.054259,0.046640,2.139990,0.048602,0.005000,0.000280
1778733176.320332,0.404830,-2.404438,-0.495883,-1.148389,-0.804337,0.114951,0.098947,2.660992,0.154153,0.005000,0.000265
1778733182.763364,0.263201,0.696863,0.174219,0.309208,0.201275,0.046013,0.050032,2.169103,0.025206,0.005000,0.000265
1778733192.547672,0.404208,-2.104834,-0.466392,-0.989431,-0.687734,0.102508,0.100965,2.506192,0.108277,0.005000,0.000252
1778733199.927114,0.255312,2.292125,0.453359,1.028880,0.799313,0.041884,0.052765,2.073946,0.030893,0.005000,0.000252
1778733203.292873,0.117125,-1.749804,-0.380343,-1.053763,-0.462647,0.316461,0.103026,2.256258,0.592792,0.005000,0.000238
1778733213.723556,0.110298,-1.744121,-0.367621,-1.221676,-0.299990,0.313453,0.104631,2.311887,0.590123,0.005000,0.000225
1778733215.873379,0.151019,-0.159365,-0.082139,-0.016124,-0.130082,0.157000,0.054591,1.904024,0.405109,0.005000,0.000238
1778733226.155702,-0.221845,-0.008239,-0.038386,-0.300635,0.096479,0.487407,0.057145,1.880069,0.674596,0.005000,0.000225
1778733228.712835,0.243874,-0.885011,-0.196224,-0.625765,-0.148029,0.195210,0.107365,2.519480,0.442938,0.005000,0.000213
1778733239.934052,-0.048722,-0.516452,-0.181784,-0.397062,-0.133134,0.414731,0.109268,2.367542,0.658087,0.005000,0.000201
1778733240.1646101,0.006644,-0.367680,-0.136842,-0.460901,0.111133,0.257257,0.058937,1.939710,0.531792,0.005000,0.000213
1778733252.5889401,-0.044449,0.838312,0.053761,0.349346,0.238320,0.417520,0.110077,2.374813,0.661347,0.005000,0.000190
1778733256.4312232,0.154344,-0.155329,-0.013323,-0.135214,-0.075990,0.157520,0.060177,1.912359,0.406410,0.005000,0.000201
1778733261.7475111,0.001348,-0.887900,-0.293678,-0.434778,-0.372595,0.451147,0.111801,2.484371,0.698369,0.005000,0.000180
1778733270.2341561,0.039433,0.488777,-0.026774,0.132497,0.255011,0.274075,0.060933,1.799033,0.551375,0.005000,0.000190
1778733277.031717,0.236719,-1.114802,-0.258704,-0.617688,-0.320337,0.189115,0.112990,2.526094,0.439452,0.005000,0.000170
1778733287.231817,0.158628,-0.206072,-0.065762,0.018879,-0.230827,0.162118,0.062551,1.884037,0.412159,0.005000,0.000180
1778733290.885401,-0.296951,-0.195109,-0.118773,-0.200523,-0.197137,0.668300,0.113894,2.565174,0.744988,0.005000,0.000160
1778734431.754689,-0.120044,0.529923,0.060960,0.135264,0.160589,0.365766,0.063985,1.954839,0.607270,0.005000,0.000170
1778734432.291996,0.429057,-1.649695,-0.388973,-0.798232,-0.502449,0.106486,0.114188,2.656780,0.090331,0.005000,0.000152
1778735268.424572,0.260719,-1.544485,-0.351434,-0.914303,-0.365666,0.200602,0.114857,2.676610,0.446375,0.005000,0.000143
1778735321.9490829,-0.106724,1.031147,0.174478,0.454787,0.225607,0.372616,0.064963,2.006658,0.617468,0.005000,0.000160
1778735357.6734028,0.392675,-1.038530,-0.221492,-0.475655,-0.368785,0.080548,0.114976,2.574325,0.061743,0.005000,0.000136
1778735365.294462,0.283439,-0.682180,-0.190165,-0.264414,-0.242807,0.050550,0.064902,2.013609,0.055693,0.005000,0.000152
1778735510.184222,0.378316,-1.260090,-0.233677,-0.757060,-0.293580,0.074555,0.116017,2.609936,0.079964,0.005000,0.000129
1778735515.825323,0.277114,-1.204985,-0.237319,-0.545558,-0.436215,0.048919,0.066134,2.070402,0.069976,0.005000,0.000143
1778735524.903701,0.415171,-1.653860,-0.348040,-0.865845,-0.474830,0.094678,0.115675,2.496904,0.074387,0.005000,0.000123
1778735580.99194,0.299665,-0.438689,-0.080021,-0.168022,-0.211348,0.061021,0.067001,1.961927,0.087490,0.005000,0.000136
1778735585.9815428,0.271537,0.498614,0.076667,0.130760,0.201162,0.205678,0.117191,2.562934,0.449513,0.005000,0.000118
1778735591.905021,0.270499,-1.030214,-0.206229,-0.480283,-0.354809,0.042739,0.067884,2.052208,0.043279,0.005000,0.000129
1778735594.252352,0.406833,-0.883135,-0.218473,-0.464528,-0.233730,0.093585,0.118447,2.639447,0.107594,0.005000,0.000113
1778735603.513746,0.255578,-0.368930,-0.062159,-0.138833,-0.176239,0.035789,0.068114,1.918780,0.026799,0.005000,0.000123
1778735604.301266,0.418859,-1.359082,-0.292455,-0.622149,-0.477516,0.093446,0.120340,2.736756,0.069380,0.005000,0.000109
1778735611.09234,0.138374,-1.607781,-0.376956,-0.926540,-0.369366,0.149911,0.069502,1.974986,0.401619,0.005000,0.000118
1778735614.627819,0.405541,-1.435157,-0.283782,-0.670479,-0.511070,0.087128,0.121563,2.677996,0.084881,0.005000,0.000106
1778735618.806381,0.283658,0.313805,0.055803,0.126446,0.117221,0.048006,0.070735,1.933579,0.054463,0.005000,0.000113
1778735624.48503,0.420757,-2.513160,-0.523128,-1.091769,-0.934938,0.101882,0.123060,2.853151,0.121373,0.005000,0.000103
1778735628.702881,0.286540,-1.345862,-0.276466,-0.593343,-0.490245,0.049023,0.072166,2.063937,0.058369,0.005000,0.000109
1778735631.4918258,0.403576,1.030841,0.166907,0.534620,0.301579,0.080790,0.123304,2.532007,0.049862,0.005000,0.000101
1778735638.723555,0.283053,0.041498,-0.008880,-0.034925,0.071991,0.047337,0.073141,2.071423,0.060320,0.005000,0.000106
1778735646.70095,0.359451,-2.127147,-0.467282,-0.942587,-0.732988,0.058130,0.126640,2.670906,0.066073,0.005000,0.000100
1778735649.789376,0.262165,1.494656,0.264183,0.556933,0.666697,0.035610,0.074475,2.192375,0.020614,0.005000,0.000103
1778735651.584238,0.146414,-1.506398,-0.329159,-0.918949,-0.412913,0.333003,0.123461,2.375679,0.607798,0.005000,0.000100
1778735656.8179998,0.296639,0.367482,0.072519,0.159328,0.119873,0.051143,0.075170,1.961929,0.048236,0.005000,0.000101
1778735664.3916411,0.367468,-1.748180,-0.389630,-0.837223,-0.539094,0.061998,0.126632,2.646660,0.066632,0.005000,0.000100
1778735678.1946828,0.272685,0.565892,0.133021,0.254297,0.170659,0.038504,0.077712,2.267402,0.023319,0.005000,0.000100
1778735684.3660212,0.383744,-1.896905,-0.389792,-0.910969,-0.617963,0.069613,0.127469,2.597658,0.066136,0.005000,0.000100
1778735687.1102579,0.276700,-0.726585,-0.134793,-0.324609,-0.279593,0.043463,0.076323,1.864065,0.060661,0.005000,0.000100
1778735691.4347498,-0.144156,-1.190334,-0.353190,-0.808942,-0.300989,0.569914,0.128686,2.434022,0.741973,0.005000,0.000100
1778735698.2546299,0.000945,0.070963,-0.122076,-0.206511,0.184552,0.453178,0.127235,2.318150,0.697001,0.005000,0.000100
1778735699.331738,0.280956,-0.211987,-0.040523,-0.214773,0.033032,0.042052,0.078746,2.149779,0.035954,0.005000,0.000100
1778735709.415738,0.081882,0.133419,-0.049287,0.128622,-0.082394,0.296096,0.129967,2.314134,0.571337,0.005000,0.000100
1778735711.047856,0.260459,0.469582,0.084108,0.240588,0.138760,0.033343,0.079629,2.109104,0.026740,0.005000,0.000100
1778735717.3664582,-0.159834,-0.321235,-0.129908,-0.286332,-0.173128,0.558480,0.129158,2.221606,0.726456,0.005000,0.000100
1778735724.200663,0.266238,0.676631,0.156854,0.318390,0.193454,0.036145,0.080231,2.027802,0.041455,0.005000,0.000100
1778735724.677474,0.400355,-1.299427,-0.320049,-0.688251,-0.317170,0.076771,0.128350,2.468673,0.055628,0.005000,0.000100
1778735732.1510148,0.156317,-0.216094,-0.103699,-0.325953,0.144182,0.156131,0.079801,1.737859,0.408624,0.005000,0.000100
1778735735.252949,0.382189,-0.646201,-0.143047,-0.410213,-0.111124,0.064189,0.131238,2.782165,0.036708,0.005000,0.000100
1778735742.53933,-0.109422,0.308996,-0.059990,0.204455,-0.014534,0.377225,0.081630,1.909685,0.615291,0.005000,0.000100
1778735747.4174778,0.378539,-1.492583,-0.325522,-0.738323,-0.446139,0.061442,0.133136,2.664028,0.036816,0.005000,0.000100
1778735751.3123379,0.024437,-0.214579,-0.021903,-0.099906,-0.217072,0.267028,0.081785,1.842401,0.541335,0.005000,0.000100
1778735756.9788458,0.393115,-2.126069,-0.458245,-1.071586,-0.621856,0.076459,0.132054,2.522410,0.096068,0.005000,0.000100
1778735758.054933,0.265155,0.665360,0.110885,0.249871,0.296469,0.034160,0.082962,1.788932,0.032748,0.005000,0.000100
1778735764.677678,0.104874,0.468099,0.025201,0.054311,0.247060,0.307514,0.132755,2.446130,0.583797,0.005000,0.000100
1778735768.533797,0.258686,-1.574955,-0.259749,-0.922755,-0.397462,0.030732,0.084892,2.071280,0.024220,0.005000,0.000100
1778735772.787518,-0.010435,-0.782647,-0.214263,-0.530725,-0.252461,0.453431,0.134631,2.382537,0.693130,0.005000,0.000100
1778735779.565619,0.278971,0.482960,0.076317,0.146709,0.167832,0.209565,0.133497,2.535974,0.457533,0.005000,0.000100
1778735781.3641222,0.270525,-0.596256,-0.118220,-0.307008,-0.177704,0.034631,0.086494,2.128052,0.029118,0.005000,0.000100
1778735791.5778391,0.278966,-0.328152,-0.062411,-0.299988,0.024960,0.038371,0.086228,1.979608,0.036873,0.005000,0.000100
1778735792.601172,0.416583,-2.141505,-0.468907,-1.087390,-0.615603,0.087524,0.137353,2.673043,0.103036,0.005000,0.000100
1778735799.273609,0.142541,-0.294527,-0.067732,-0.136063,-0.156376,0.149764,0.086784,1.847576,0.403671,0.005000,0.000100
1778735803.9878788,0.400149,-1.309945,-0.305179,-0.678311,-0.350844,0.075362,0.138232,2.658333,0.086672,0.005000,0.000100
1778735807.023201,0.162441,-1.070140,-0.265365,-0.680156,-0.193343,0.156704,0.088240,1.925637,0.409876,0.005000,0.000100
1778735814.036629,0.385677,-1.779141,-0.406586,-0.848802,-0.544273,0.066454,0.137217,2.541571,0.072434,0.005000,0.000100
1778735816.7694578,0.286359,-0.892174,-0.144986,-0.436581,-0.324505,0.046399,0.088483,1.860173,0.089718,0.005000,0.000100
1778735823.453404,0.398445,-1.875548,-0.298649,-1.220425,-0.379997,0.073141,0.137946,2.609371,0.076602,0.005000,0.000100
1778735832.563473,0.254744,0.645833,0.112981,0.187321,0.342196,0.028053,0.091748,2.138300,0.040622,0.005000,0.000100
1778735834.7390249,0.386918,-3.051168,-0.523869,-1.398308,-1.147447,0.063577,0.139089,2.666605,0.048971,0.005000,0.000100
1778735845.4567978,0.272875,0.305066,0.111039,0.051940,0.135873,0.033273,0.093346,2.084649,0.034034,0.005000,0.000100
1778735846.439692,0.236218,0.702649,0.099995,0.275696,0.247001,0.184943,0.140954,2.503070,0.442051,0.005000,0.000100
1778735856.066483,0.250769,0.709901,0.135461,0.321177,0.171058,0.189327,0.140215,2.491777,0.443602,0.005000,0.000100
1778735857.050672,0.263759,-1.173739,-0.244665,-0.587260,-0.348337,0.032856,0.093263,1.980876,0.064870,0.005000,0.000100
1778735866.8006258,0.280815,-0.366202,-0.032224,-0.228511,-0.113814,0.036941,0.094371,2.024545,0.049211,0.005000,0.000100
1778735866.9148958,-0.058401,0.790464,0.084106,0.303557,0.204203,0.420855,0.142521,2.365842,0.650201,0.005000,0.000100
1778735873.1594071,-0.178347,1.214897,0.114637,0.459371,0.375419,0.552463,0.140378,2.152164,0.707796,0.005000,0.000100
1778735878.525894,0.297126,-0.191228,0.019638,-0.193819,-0.027604,0.042279,0.095854,2.116505,0.044328,0.005000,0.000100
1778735882.283914,0.266367,0.520510,0.036352,0.175653,0.217642,0.205641,0.142078,2.391466,0.459701,0.005000,0.000100
1778735891.430449,0.137638,0.896797,0.168905,0.439912,0.225474,0.145684,0.097027,2.067366,0.400048,0.005000,0.000100
1778735893.580578,0.323041,0.166724,0.023951,0.005783,0.133485,0.032488,0.144449,2.547795,0.025673,0.005000,0.000100
1778735899.83433,0.280747,0.091539,0.015729,0.032246,0.035181,0.035815,0.096412,1.904823,0.045162,0.005000,0.000100
1778735900.721747,0.261843,-1.227636,-0.365318,-0.700662,-0.248506,0.197358,0.143818,2.365922,0.451453,0.005000,0.000100
1778735910.169655,0.251706,-0.645640,-0.123024,-0.470712,-0.134831,0.190417,0.145821,2.456249,0.446225,0.005000,0.000100
1778735912.1311822,0.009696,0.438262,0.071476,0.223953,0.021313,0.263056,0.098578,2.001587,0.532454,0.005000,0.000100
1778735916.463928,-0.041569,0.715478,0.101870,0.134003,0.277232,0.428310,0.143959,2.356328,0.661555,0.005000,0.000100
1778735916.809673,-0.226928,0.767165,0.073430,0.456945,-0.007314,0.505069,0.097659,1.686072,0.666427,0.005000,0.000100
1778735925.392925,0.140745,0.910770,0.177666,0.320110,0.348757,0.146549,0.098244,1.807456,0.401030,0.005000,0.000100
1778735926.384681,0.081467,0.448267,0.073337,0.131503,0.104755,0.300009,0.145648,2.266313,0.573381,0.005000,0.000100
1778735931.936658,-0.289378,-1.113431,-0.385215,-0.834660,-0.233830,0.701747,0.144926,2.119887,0.755076,0.005000,0.000100
1778735938.404474,0.258008,0.020003,0.025087,0.112773,-0.120489,0.025715,0.100076,2.045075,0.029304,0.005000,0.000100
1778735939.8699698,-0.180219,0.250257,-0.047546,-0.082873,0.113593,0.556421,0.146380,2.225481,0.706914,0.005000,0.000100
1778735945.2830348,-0.160292,-3.210133,-0.704315,-1.728972,-1.051653,0.572883,0.144584,2.326719,0.730246,0.005000,0.000100
1778735948.667389,0.285457,0.014270,0.001800,0.010164,-0.007308,0.038341,0.100405,1.911206,0.067472,0.005000,0.000100
1778735959.2921169,0.366939,-1.219236,-0.278206,-0.603944,-0.351314,0.053422,0.147661,2.496465,0.077019,0.005000,0.000100
1778735961.089395,0.264156,-0.452957,-0.031336,-0.172775,-0.252630,0.027275,0.101094,1.970603,0.027599,0.005000,0.000100
1778735968.486542,0.111328,0.611044,0.090633,0.206543,0.169803,0.311031,0.144440,2.290244,0.586832,0.005000,0.000100
1778735970.340178,0.162818,0.723960,0.165113,0.301482,0.189020,0.154518,0.100881,1.782758,0.409175,0.005000,0.000100
1778735976.085865,-0.239890,-1.659101,-0.426545,-0.864412,-0.610849,0.504384,0.102743,1.897421,0.655733,0.005000,0.000100
1778735980.520597,0.262032,0.549023,0.056302,0.188015,0.218334,0.197339,0.145231,2.459558,0.451783,0.005000,0.000100
1778735981.790375,-0.224253,-1.464074,-0.454188,-0.874863,-0.383249,0.515199,0.102591,1.874534,0.673607,0.005000,0.000100
1778735987.8627672,-0.359629,-0.825417,-0.256475,-0.498960,-0.373729,0.625708,0.102914,1.821411,0.676397,0.005000,0.000100
1778735990.055003,-0.062338,-0.634288,-0.216598,-0.516235,-0.100039,0.422281,0.145876,2.511367,0.648869,0.005000,0.000100
1778735996.188194,0.014430,-0.504752,-0.119574,-0.261987,-0.246980,0.266138,0.101912,1.855841,0.535915,0.005000,0.000100
1778736000.6272871,0.386390,-2.078394,-0.437075,-1.050827,-0.608316,0.060909,0.144684,2.526082,0.052568,0.005000,0.000100
1778736010.920404,0.173918,-0.916978,-0.235446,-0.431996,-0.324235,0.170145,0.104206,2.074950,0.428545,0.005000,0.000100
1778736011.977462,0.106028,1.083279,0.145145,0.447725,0.347715,0.309235,0.144151,2.384769,0.584790,0.005000,0.000100
1778736020.244096,0.137743,0.323723,0.052658,0.125076,0.081810,0.146268,0.101887,1.791242,0.401362,0.005000,0.000100
1778736021.8885188,0.227426,0.840339,0.095384,0.412682,0.255366,0.176666,0.143349,2.285102,0.434098,0.005000,0.000100
1778736030.6357372,0.265044,0.282968,0.148971,0.213275,-0.082981,0.026970,0.102708,1.956393,0.026184,0.005000,0.000100
1778736032.976442,0.260334,-0.585261,-0.084480,-0.479282,-0.106070,0.193248,0.144941,2.410496,0.447129,0.005000,0.000100
1778736040.941376,0.167142,-0.804652,-0.155910,-0.605676,-0.207932,0.353656,0.143425,2.392296,0.626360,0.005000,0.000100
1778736041.139103,0.184426,-1.204479,-0.315562,-0.813850,-0.150231,0.170779,0.103426,2.045286,0.427159,0.005000,0.000100
1778736049.849477,-0.042330,-1.860761,-0.420360,-1.114368,-0.532695,0.437428,0.144832,2.410146,0.668662,0.005000,0.000100
1778736051.935969,0.272397,-0.262005,-0.058512,-0.118468,-0.089842,0.029680,0.102951,2.004477,0.032804,0.005000,0.000100
1778736059.3956218,0.403185,-2.908310,-0.538245,-1.475738,-0.916861,0.070606,0.143857,2.553842,0.061055,0.005000,0.000100
1778736064.461489,0.261473,1.293255,0.279044,0.722770,0.288223,0.026356,0.102855,1.991944,0.036467,0.005000,0.000100
1778736073.7757561,0.210158,0.648450,0.087836,0.303164,0.185146,0.167693,0.145056,2.308559,0.426165,0.005000,0.000100
1778736074.0992131,0.152613,-0.241236,-0.076196,-0.148732,-0.084156,0.154692,0.102722,1.899554,0.411236,0.005000,0.000100
1778736080.930183,-0.019814,-0.533580,-0.164553,-0.356600,-0.220785,0.441022,0.144377,2.430463,0.678285,0.005000,0.000100
1778736084.8093078,0.144032,-1.113598,-0.250062,-0.673302,-0.254560,0.148298,0.104136,1.964513,0.403741,0.005000,0.000100
1778736089.252543,0.117412,-0.967029,-0.291844,-0.460817,-0.361793,0.319400,0.144778,2.455103,0.595027,0.005000,0.000100
1778736096.725896,-0.048039,-1.752344,-0.398839,-0.968708,-0.588136,0.428576,0.144009,2.189512,0.659708,0.005000,0.000100
1778736098.259742,0.267645,-1.375206,-0.302464,-0.779478,-0.297860,0.028049,0.103329,1.885583,0.034151,0.005000,0.000100
1778736104.761162,0.141464,-1.875763,-0.446154,-0.876678,-0.708522,0.336138,0.144582,2.495728,0.611126,0.005000,0.000100
1778736111.255504,-0.121930,2.234101,0.469013,1.043923,0.541194,0.380133,0.104649,2.019030,0.604423,0.005000,0.000100
1778736113.352053,0.406542,-1.603339,-0.351096,-0.692500,-0.583752,0.073948,0.145038,2.593023,0.078623,0.005000,0.000100
1778736121.3170948,0.139580,-1.957340,-0.423311,-1.214443,-0.383622,0.147269,0.103900,1.919567,0.402763,0.005000,0.000100
1778736122.9894888,0.407444,-2.233736,-0.445886,-1.123219,-0.686755,0.070314,0.145959,2.606363,0.046421,0.005000,0.000100
1778736131.7566369,0.019495,-1.374841,-0.342141,-0.653914,-0.503564,0.269587,0.104980,2.003134,0.539835,0.005000,0.000100
1778736134.7461529,0.392224,-2.494428,-0.474412,-1.152727,-0.885072,0.063562,0.147344,2.799541,0.063210,0.005000,0.000100
1778736143.3405921,0.132443,0.922414,0.086316,0.458363,0.315843,0.143179,0.104381,1.939512,0.397760,0.005000,0.000100
1778736145.036902,0.372358,-1.036393,-0.238680,-0.479214,-0.331536,0.051860,0.146428,2.578556,0.030112,0.005000,0.000100
1778736152.454296,0.251002,-2.512084,-0.531184,-1.543576,-0.520106,0.188667,0.144784,2.310109,0.443953,0.005000,0.000100
1778736152.7655969,0.131280,-1.501305,-0.302934,-1.010041,-0.250922,0.144518,0.105111,1.933516,0.399768,0.005000,0.000100
1778736159.021858,-0.225371,-0.419491,-0.065842,-0.146793,-0.452879,0.509838,0.104127,1.779158,0.667723,0.005000,0.000100
1778736165.106116,-0.191991,1.475873,0.249629,0.565944,0.397459,0.549267,0.147019,2.358566,0.694694,0.005000,0.000100
1778736170.204865,0.298607,-0.813904,-0.165328,-0.340438,-0.321927,0.047057,0.104540,1.947920,0.102169,0.005000,0.000100
1778736177.358044,0.232784,-0.555518,-0.173181,-0.256143,-0.202870,0.177818,0.146672,2.446517,0.435128,0.005000,0.000100
1778736179.6121202,0.287451,-2.647983,-0.516689,-1.330144,-0.809354,0.035864,0.104947,1.945409,0.053294,0.005000,0.000100
1778736190.443989,0.272092,-1.048487,-0.214786,-0.461509,-0.376801,0.028997,0.104966,1.978073,0.034409,0.005000,0.000100
1778736190.458663,0.222511,1.130793,0.217382,0.468739,0.370432,0.173379,0.147181,2.489842,0.431669,0.005000,0.000100
1778736202.576065,0.086554,0.756882,0.105557,0.153524,0.358765,0.299012,0.147452,2.093987,0.572813,0.005000,0.000100
1778736203.599417,0.295103,-1.815728,-0.377166,-0.622893,-0.822628,0.035991,0.106745,2.207219,0.023862,0.005000,0.000100
1778736211.2075899,0.238194,-0.130642,-0.047302,-0.070048,-0.091256,0.180801,0.147661,2.487085,0.437930,0.005000,0.000100
1778736215.216463,0.257091,-1.101554,-0.245942,-0.542765,-0.314892,0.023946,0.106231,1.985603,0.036329,0.005000,0.000100
1778736224.400355,0.285121,-0.363190,-0.100089,-0.345029,0.074539,0.033458,0.105599,1.867941,0.036961,0.005000,0.000100
1778736225.927735,0.213914,0.164374,0.007136,0.044898,0.040450,0.169688,0.151484,2.590921,0.429199,0.005000,0.000100
1778736235.47574,0.268783,0.960735,0.122107,0.286840,0.467519,0.194447,0.149937,2.590904,0.447614,0.005000,0.000100
1778736236.880812,-0.245124,1.120223,0.249254,0.576466,0.053375,0.502493,0.107037,2.023667,0.648481,0.005000,0.000100
1778736247.834374,0.015539,-0.067951,-0.041746,-0.258275,0.108354,0.267211,0.107496,1.978015,0.536196,0.005000,0.000100
1778736248.086127,0.392772,-0.044587,-0.040962,-0.143005,0.123462,0.060025,0.155479,2.819061,0.064265,0.005000,0.000100
1778736259.9515898,0.024960,-0.234913,-0.031958,-0.413327,0.084718,0.271182,0.107427,1.987159,0.541994,0.005000,0.000100
1778736268.854998,0.384093,-1.035354,-0.239343,-0.424378,-0.387270,0.060112,0.156562,2.883799,0.096272,0.005000,0.000100
1778736272.9841762,0.137122,-0.353154,-0.101250,-0.308946,-0.006451,0.145309,0.107147,1.832163,0.400569,0.005000,0.000100
1778736280.4781141,0.365058,-2.658483,-0.575888,-1.205780,-0.885673,0.045793,0.154077,2.807910,0.037710,0.005000,0.000100
1778736282.839369,0.287009,-1.286735,-0.248473,-0.700417,-0.345583,0.034344,0.106648,1.886998,0.044895,0.005000,0.000100
1778736290.938873,0.236042,-0.690300,-0.181291,-0.236272,-0.351209,0.183126,0.153716,2.618130,0.442654,0.005000,0.000100
1778736296.5887868,0.136648,0.216499,0.029182,0.110478,0.014920,0.144485,0.108665,2.064644,0.399585,0.005000,0.000100
1778736298.568921,0.379947,-1.776766,-0.318653,-0.729136,-0.742449,0.053004,0.153006,2.605910,0.040851,0.005000,0.000100
1778736303.92677,0.287451,-0.037196,0.003548,-0.142565,0.094864,0.033514,0.108217,1.960367,0.039296,0.005000,0.000100
1778736309.4745972,0.403103,-2.153351,-0.486225,-0.932591,-0.756366,0.070586,0.155009,2.692449,0.100199,0.005000,0.000100
1778736318.060398,0.256423,-0.623309,-0.128724,-0.258299,-0.236263,0.022029,0.111748,2.207396,0.034931,0.005000,0.000100
1778736320.180727,0.380870,-1.134547,-0.210219,-0.665742,-0.271587,0.052574,0.155366,2.657161,0.043746,0.005000,0.000100
1778736331.463028,0.425909,-2.359761,-0.541270,-1.056653,-0.799534,0.100068,0.154752,2.467691,0.171731,0.005000,0.000100
1778736335.560286,0.262940,-0.389101,-0.068690,-0.060170,-0.260463,0.023519,0.112495,2.307594,0.031370,0.005000,0.000100
1778736344.589889,0.072697,-0.004633,-0.109350,0.166020,-0.197727,0.295466,0.156665,2.261850,0.566093,0.005000,0.000100
1778736348.197361,0.264339,-1.431125,-0.292107,-0.596143,-0.544790,0.025545,0.111070,2.171631,0.047768,0.005000,0.000100
1778736352.6304371,0.068889,-1.505424,-0.387881,-0.873565,-0.381246,0.295550,0.153402,2.101410,0.566085,0.005000,0.000100
1778736358.611396,0.121098,-1.244790,-0.324711,-0.751799,-0.316439,0.318896,0.154074,2.257752,0.594239,0.005000,0.000100
1778736358.949604,0.315951,-0.989284,-0.215074,-0.387290,-0.401048,0.049465,0.110040,2.121070,0.088606,0.005000,0.000100
1778736367.4882581,0.285977,-0.143866,0.023592,-0.246988,0.073236,0.031892,0.109551,1.930227,0.029173,0.005000,0.000100
1778736368.10914,0.378729,-1.852791,-0.372269,-0.934136,-0.561273,0.055738,0.157260,2.596482,0.086213,0.005000,0.000100
1778736377.631198,0.358713,-0.676423,-0.130828,-0.318895,-0.234991,0.041824,0.158839,2.524298,0.045635,0.005000,0.000100
1778736378.202921,0.278846,-0.865323,-0.182179,-0.281989,-0.406561,0.031608,0.110856,2.079557,0.061346,0.005000,0.000100
1778736386.424891,0.253078,-1.917856,-0.334055,-1.152262,-0.514109,0.189251,0.160534,2.411047,0.448066,0.005000,0.000100
1778736390.680501,0.265843,0.399236,0.075029,0.199473,0.123097,0.024426,0.112296,2.115122,0.030727,0.005000,0.000100
1778736394.907448,0.121247,0.278557,0.005755,0.150670,-0.026368,0.319973,0.160798,2.297297,0.594801,0.005000,0.000100
1778736399.828546,0.288417,-0.427221,-0.100351,-0.267777,-0.065739,0.033386,0.111855,2.009271,0.049575,0.005000,0.000100
1778736404.740583,-0.166687,-0.670159,-0.187014,-0.506447,-0.250902,0.572598,0.161824,2.419041,0.718547,0.005000,0.000100
1778736411.589205,0.159546,-0.550691,-0.180778,-0.426997,-0.110890,0.359538,0.159236,2.358937,0.632049,0.005000,0.000100
1778736414.8767219,0.136560,-0.649249,-0.210764,-0.201123,-0.299367,0.144589,0.113347,2.058006,0.400070,0.005000,0.000100
1778736420.849471,-0.258798,-0.310069,-0.096813,-0.284099,-0.172663,0.504355,0.111686,1.734411,0.638659,0.005000,0.000100
1778736423.794081,0.415383,-1.279128,-0.279473,-0.797333,-0.223950,0.069245,0.162307,2.599102,0.075992,0.005000,0.000100
1778736427.5580318,0.136101,-1.621686,-0.363636,-0.941685,-0.380599,0.144975,0.111660,1.650599,0.400524,0.005000,0.000100
1778736431.1346729,0.156944,-1.008627,-0.275087,-0.438052,-0.453138,0.339612,0.161239,2.431315,0.614269,0.005000,0.000100
1778736436.4082391,0.295954,-0.780184,-0.109024,-0.389865,-0.288636,0.034436,0.114270,1.975487,0.039810,0.005000,0.000100
1778736439.260782,0.425555,-2.321951,-0.512911,-1.130928,-0.701194,0.072774,0.162576,2.660924,0.063384,0.005000,0.000100
1778736445.552809,0.272537,-0.053818,0.013529,0.045290,-0.115940,0.026057,0.114375,1.945167,0.034022,0.005000,0.000100
1778736449.005614,0.242391,-0.715610,-0.147352,-0.386897,-0.260290,0.181802,0.163335,2.394493,0.441654,0.005000,0.000100
1778736455.878455,0.274085,-0.745410,-0.185053,-0.227603,-0.336218,0.026472,0.116039,1.954371,0.040734,0.005000,0.000100
1778736458.834782,0.117084,-0.636327,-0.141603,-0.526812,-0.113801,0.317523,0.164400,2.574393,0.591875,0.005000,0.000100
1778736466.2959292,0.282289,-0.338753,-0.078240,-0.179100,-0.086937,0.029784,0.116191,1.873364,0.049395,0.005000,0.000100
1778736466.914814,0.386711,-1.231639,-0.277140,-0.489381,-0.476897,0.050430,0.165358,2.687368,0.039899,0.005000,0.000100
1778736477.798267,0.169240,-1.351521,-0.294069,-0.751093,-0.375015,0.157053,0.117334,1.973930,0.414137,0.005000,0.000100
1778736478.2615712,0.093449,-0.408386,-0.159825,-0.268780,-0.120578,0.307944,0.167518,2.635127,0.579711,0.005000,0.000100
1778736484.905508,0.018012,-0.042521,-0.051897,0.044150,-0.160949,0.269015,0.116375,1.666527,0.536801,0.005000,0.000100
1778736489.253914,0.257528,0.550387,0.059011,0.120912,0.289507,0.187935,0.167313,2.602439,0.446961,0.005000,0.000100
1778736496.8496482,0.269809,0.192500,0.099548,-0.056872,0.148145,0.023922,0.120111,2.056310,0.040999,0.005000,0.000100
1778736499.502571,0.385122,-2.030121,-0.369253,-1.113644,-0.559019,0.049399,0.167510,2.581188,0.047649,0.005000,0.000100
1778736507.2984781,0.266490,-0.409417,-0.069698,-0.216678,-0.125722,0.023322,0.118947,1.796130,0.041546,0.005000,0.000100
1778736511.194974,0.218031,0.820908,0.128934,0.371192,0.250009,0.167859,0.168871,2.631279,0.428747,0.005000,0.000100
1778736517.136147,0.309152,-0.260157,-0.096195,-0.042228,-0.132990,0.042132,0.120063,1.962096,0.084176,0.005000,0.000100
1778736520.48546,0.404410,-0.620950,-0.090097,-0.368550,-0.177669,0.058561,0.169182,2.782967,0.059896,0.005000,0.000100
1778736528.50129,0.132324,-0.749725,-0.171970,-0.438912,-0.201455,0.143712,0.120142,1.848796,0.399394,0.005000,0.000100
1778736528.898047,0.427546,-3.062639,-0.599234,-1.339629,-1.145074,0.071237,0.169915,2.863976,0.073508,0.005000,0.000100
1778736536.518744,0.412832,-1.691114,-0.322654,-0.863820,-0.523384,0.063932,0.171064,2.644418,0.078035,0.005000,0.000100
1778736536.916668,0.013058,-1.438955,-0.315751,-0.859505,-0.388660,0.270048,0.121549,2.012442,0.535701,0.005000,0.000100
1778736545.5023081,0.269675,-0.121804,-0.014472,-0.063572,-0.045003,0.022218,0.123439,1.973211,0.030427,0.005000,0.000100
1778736548.568943,0.398812,-2.104445,-0.435260,-1.011958,-0.671998,0.056980,0.174635,2.743809,0.086438,0.005000,0.000100
1778736557.6360042,0.423747,-0.954521,-0.201538,-0.478724,-0.296661,0.072695,0.175827,2.788966,0.111706,0.005000,0.000100
1778736561.4627662,0.265553,-1.675851,-0.313948,-0.796713,-0.564745,0.020722,0.125689,2.161125,0.035905,0.005000,0.000100
1778736568.5004458,0.397104,-1.131818,-0.199274,-0.546292,-0.397855,0.050889,0.176627,2.768420,0.050325,0.005000,0.000100
1778736573.2260108,0.160891,-0.436351,-0.141029,-0.166110,-0.196776,0.154712,0.123936,1.958118,0.412776,0.005000,0.000100
1778736583.672418,0.247524,-0.589489,-0.213935,-0.376182,-0.077496,0.182885,0.178881,2.663463,0.444939,0.005000,0.000100
1778736583.880748,0.263485,-0.651613,-0.135735,-0.351928,-0.164321,0.020486,0.124783,1.974341,0.037229,0.005000,0.000100
1778736595.101763,0.285579,0.435046,0.023665,0.206964,0.200670,0.027529,0.125768,2.003557,0.047009,0.005000,0.000100
1778736597.1418931,0.228252,-1.029365,-0.288294,-0.545976,-0.268113,0.172430,0.179096,2.639457,0.434631,0.005000,0.000100
1778736604.537788,0.299508,-1.710517,-0.299635,-0.755702,-0.662479,0.034793,0.126577,2.019470,0.073694,0.005000,0.000100
1778736606.571975,0.262100,-0.423986,-0.128934,-0.386797,0.010683,0.187425,0.179665,2.530180,0.447995,0.005000,0.000100
1778736614.148716,0.273213,-0.973717,-0.132484,-0.468688,-0.372655,0.021347,0.128066,2.112660,0.017618,0.005000,0.000100
1778736618.301244,0.398706,-1.739139,-0.348357,-0.905058,-0.498575,0.053794,0.180945,2.809164,0.084158,0.005000,0.000100
1778736622.184086,0.276227,-0.607100,-0.114868,-0.278724,-0.215959,0.024420,0.129309,1.951658,0.056127,0.005000,0.000100
1778736629.661033,0.395124,-1.499347,-0.259131,-0.922042,-0.329615,0.049048,0.182258,2.616722,0.064433,0.005000,0.000100
1778736634.621372,0.281874,-1.761064,-0.392472,-0.763409,-0.606587,0.024671,0.131696,2.186504,0.048506,0.005000,0.000100
1778736641.497688,0.423146,-2.371960,-0.487846,-1.085974,-0.825945,0.081284,0.183472,2.567358,0.162756,0.005000,0.000100
1778736646.897799,0.261148,0.934456,0.187077,0.497007,0.252307,0.017505,0.132755,2.137261,0.033667,0.005000,0.000100
1778736650.133625,0.394427,-2.011977,-0.415666,-0.904411,-0.704419,0.050401,0.182871,2.536108,0.079194,0.005000,0.000100
1778736659.297375,0.118176,-0.517226,-0.164119,-0.219274,-0.283075,0.323533,0.185884,2.504899,0.595304,0.005000,0.000100
1778736659.438698,0.268971,-0.051943,0.035840,-0.060697,-0.025781,0.018762,0.133498,2.137292,0.021314,0.005000,0.000100
1778736669.1899872,0.412951,-2.376979,-0.509293,-1.050599,-0.832422,0.056004,0.187173,2.533404,0.074747,0.005000,0.000100
1778736675.205329,0.262739,1.924910,0.341093,0.893433,0.693020,0.017053,0.135591,2.232409,0.031382,0.005000,0.000100
1778736678.297677,0.395183,-1.145488,-0.203496,-0.620102,-0.331161,0.044343,0.188254,2.580153,0.041145,0.005000,0.000100
1778736686.001764,0.273857,-2.242767,-0.471445,-1.235863,-0.621626,0.197434,0.188447,2.509803,0.459637,0.005000,0.000100
1778736687.911187,0.283073,-0.216333,-0.061360,-0.148067,-0.007844,0.022818,0.134748,2.094060,0.030137,0.005000,0.000100
1778736695.568306,0.028829,-1.578925,-0.336028,-0.856215,-0.516207,0.278522,0.135133,1.947202,0.544897,0.005000,0.000100
1778736695.6370418,-0.143522,0.452714,0.001470,0.064566,0.096222,0.605492,0.189032,2.457984,0.741545,0.005000,0.000100
1778736706.1702259,0.234764,-0.023351,-0.048482,-0.041222,-0.008643,0.173902,0.190557,2.391007,0.437096,0.005000,0.000100
1778736708.5886312,0.274602,-0.948943,-0.185420,-0.300135,-0.463199,0.021149,0.137146,2.152666,0.050055,0.005000,0.000100
1778736719.567494,0.368267,-2.313861,-0.460726,-1.005683,-0.850250,0.031781,0.193360,2.618494,0.036341,0.005000,0.000100
1778736721.102415,0.269664,-1.455902,-0.273024,-0.669418,-0.512419,0.018805,0.138009,2.088696,0.040440,0.005000,0.000100
1778736729.658819,0.396938,-1.106080,-0.219971,-0.599515,-0.294858,0.043913,0.195025,2.738525,0.059106,0.005000,0.000100
1778736735.207272,0.279199,0.268273,0.036014,0.079472,0.152844,0.021319,0.139044,2.143088,0.043147,0.005000,0.000100
1778736740.763541,0.387355,-0.772041,-0.126434,-0.381768,-0.269962,0.039007,0.194740,2.675832,0.046020,0.005000,0.000100
1778736745.601592,0.248812,-0.818298,-0.139731,-0.353596,-0.321654,0.013234,0.139479,1.986863,0.037723,0.005000,0.000100
1778736751.506119,0.370433,-1.313774,-0.281062,-0.584623,-0.451138,0.032617,0.194765,2.651861,0.044191,0.005000,0.000100
1778736755.927831,0.294790,-1.012087,-0.206356,-0.510395,-0.297629,0.025169,0.140851,2.058328,0.040443,0.005000,0.000100
1778736760.873981,0.395577,-2.071202,-0.418961,-1.035196,-0.626675,0.045217,0.194294,2.595807,0.072285,0.005000,0.000100
1778736765.9882848,0.427459,-1.773949,-0.383071,-0.887398,-0.520375,0.060336,0.194240,2.654777,0.081273,0.005000,0.000100
1778736768.234715,0.292004,-1.343140,-0.271487,-0.580753,-0.493311,0.025575,0.142273,2.075445,0.059215,0.005000,0.000100
1778736777.813889,0.403849,-1.972874,-0.416509,-0.932130,-0.636120,0.049911,0.198425,2.613914,0.092567,0.005000,0.000100
1778736778.217567,0.278893,-0.124904,-0.038772,-0.157999,0.072298,0.018930,0.143212,1.979283,0.024059,0.005000,0.000100
1778736787.462486,0.400018,-3.227429,-0.652499,-1.605145,-0.980067,0.046892,0.197499,2.632858,0.080818,0.005000,0.000100
1778736787.6843011,0.267461,-1.459335,-0.308697,-0.704710,-0.444144,0.016464,0.143656,2.003257,0.035540,0.005000,0.000100
1778736796.084642,0.411683,-1.733980,-0.370993,-0.770643,-0.610540,0.060917,0.198452,2.452593,0.131020,0.005000,0.000100
1778736800.293411,0.281414,-1.743967,-0.318447,-0.803121,-0.622139,0.019509,0.144212,2.002969,0.027593,0.005000,0.000100
1778736811.8528671,0.281171,-0.366522,-0.032913,-0.160394,-0.174232,0.020181,0.144662,1.814669,0.041452,0.005000,0.000100
1778736813.238416,0.079419,0.242929,-0.012890,0.186980,-0.073042,0.308340,0.202748,2.457692,0.570701,0.005000,0.000100
1778736823.619058,-0.046920,-1.177956,-0.278897,-0.767794,-0.347052,0.455220,0.202490,2.364601,0.660820,0.005000,0.000100
1778736825.371454,0.138719,0.745763,0.103221,0.321603,0.258773,0.144929,0.147289,2.059847,0.401187,0.005000,0.000100
1778736835.1597812,0.254278,-0.909769,-0.193372,-0.680761,-0.118546,0.189941,0.202037,2.412122,0.456084,0.005000,0.000100
1778736839.948995,0.236381,-0.356899,-0.052699,0.007525,-0.305555,0.008339,0.149093,2.067798,0.028274,0.005000,0.000100
1778736843.346287,0.415868,-0.962852,-0.198346,-0.384854,-0.392875,0.050787,0.201549,2.434395,0.073445,0.005000,0.000100
1778736850.968842,0.270601,-0.496706,-0.051599,-0.259757,-0.182997,0.015379,0.150100,2.008504,0.030882,0.005000,0.000100
1778736852.2638268,-0.032101,2.057245,0.278701,0.816303,0.746370,0.456022,0.202287,2.428033,0.667569,0.005000,0.000100
1778736862.2391272,0.272296,-0.045679,-0.012872,-0.129988,0.099057,0.016504,0.150425,2.025654,0.042839,0.005000,0.000100
1778736866.052393,0.380124,-1.823030,-0.437071,-0.904745,-0.487331,0.037138,0.206260,2.490355,0.087622,0.005000,0.000100
1778736872.4791958,0.288977,-0.896410,-0.164472,-0.503687,-0.229471,0.022729,0.150777,2.028965,0.063502,0.005000,0.000100
1778736877.260549,0.389356,-1.921783,-0.375510,-0.997284,-0.554353,0.035742,0.205439,2.501428,0.046145,0.005000,0.000100
1778736878.767763,0.287375,-1.891004,-0.390408,-0.807086,-0.694684,0.020592,0.151370,1.824546,0.048238,0.005000,0.000100
1778736888.4065962,0.421242,-1.001145,-0.223068,-0.505441,-0.292175,0.065010,0.206842,2.593332,0.145461,0.005000,0.000100
1778736890.896478,0.259092,0.432902,0.131014,0.140067,0.166058,0.012517,0.155086,2.099039,0.043454,0.005000,0.000100
1778736899.395453,0.241421,-0.338849,-0.068751,-0.060940,-0.285894,0.178455,0.208216,2.498091,0.443912,0.005000,0.000100
1778736900.9955149,0.303788,-1.382145,-0.292047,-0.636688,-0.457844,0.029433,0.154575,2.056243,0.089244,0.005000,0.000100
1778736910.5518029,0.393586,-1.120679,-0.245907,-0.631112,-0.249746,0.038019,0.208730,2.584674,0.065377,0.005000,0.000100
1778736911.5647,0.288556,0.825623,0.201976,0.247516,0.376405,0.018815,0.155705,1.936321,0.035991,0.005000,0.000100
1778736920.4020522,0.308702,-1.330215,-0.320212,-0.786684,-0.319650,0.218918,0.210554,2.625654,0.482223,0.005000,0.000100
1778736926.976598,0.151420,0.037576,-0.049767,0.129809,-0.105559,0.147430,0.158917,2.124350,0.404659,0.005000,0.000100
1778736928.83775,0.253031,1.103279,0.219171,0.387374,0.421063,0.177486,0.210047,2.614661,0.441763,0.005000,0.000100
1778736939.383883,0.382955,-1.180023,-0.260100,-0.620427,-0.302782,0.033341,0.212179,2.676981,0.068119,0.005000,0.000100
1778736940.817343,0.267571,-0.857480,-0.174054,-0.380951,-0.299347,0.012726,0.157748,1.898316,0.027174,0.005000,0.000100
1778736951.167489,0.014160,-0.521923,-0.102125,-0.430001,-0.120250,0.279495,0.158096,1.858898,0.536218,0.005000,0.000100
1778736952.4856691,0.377741,-0.955848,-0.210493,-0.512907,-0.232050,0.026629,0.215256,2.742347,0.015906,0.005000,0.000100
1778736958.562735,0.279899,-0.021090,-0.010010,-0.070613,0.060221,0.015878,0.157893,1.725249,0.033202,0.005000,0.000100
1778736965.566143,0.405168,-1.786520,-0.391639,-0.782753,-0.620062,0.042867,0.215653,2.700069,0.087885,0.005000,0.000100
1778736966.956411,0.152904,0.117183,-0.079866,0.109379,0.020963,0.152379,0.158891,1.896515,0.411425,0.005000,0.000100
1778736977.379296,0.402929,-2.368464,-0.467071,-1.313527,-0.594947,0.041804,0.216803,2.764390,0.089203,0.005000,0.000100
1778736978.5400681,0.150939,-0.514366,-0.152550,-0.401828,-0.024520,0.148754,0.160730,1.968945,0.406418,0.005000,0.000100
1778736987.270755,0.402907,-2.143471,-0.487842,-0.973774,-0.694161,0.050331,0.216659,2.571799,0.131837,0.005000,0.000100
1778736988.926753,0.136965,1.220949,0.256950,0.536470,0.364942,0.144160,0.161729,1.898726,0.399370,0.005000,0.000100
1778736999.664968,0.246097,-0.218448,-0.115697,-0.043718,-0.135231,0.178715,0.218748,2.631856,0.444681,0.005000,0.000100
1778737000.8214731,0.255126,-1.951841,-0.434182,-0.993073,-0.519214,0.008935,0.162705,1.967803,0.020910,0.005000,0.000100
1778737011.525258,0.404565,-1.631927,-0.332012,-0.724364,-0.584681,0.045434,0.219528,2.717466,0.111529,0.005000,0.000100
1778737012.916882,0.270734,-1.087345,-0.160321,-0.618916,-0.304405,0.012092,0.164079,1.949916,0.028217,0.005000,0.000100
1778737022.337974,0.393614,-1.570130,-0.286087,-0.643162,-0.644264,0.032795,0.221150,2.602853,0.058231,0.005000,0.000100
1778737025.156352,0.288647,-2.086673,-0.369783,-0.880990,-0.834725,0.017995,0.165020,2.034446,0.054891,0.005000,0.000100
1778737033.3849442,0.366060,-2.124522,-0.412342,-1.128817,-0.582343,0.023072,0.221976,2.511062,0.050680,0.005000,0.000100
1778737036.223216,0.281972,-0.998808,-0.195725,-0.554994,-0.245555,0.015222,0.166575,2.028969,0.046019,0.005000,0.000100
1778737045.079825,0.267456,-0.589075,-0.117878,-0.204955,-0.262412,0.012005,0.166777,1.966337,0.045565,0.005000,0.000100
1778737045.5397198,0.383360,-2.323828,-0.489506,-0.998045,-0.839464,0.032666,0.224346,2.629222,0.090556,0.005000,0.000100
1778737054.299854,0.284690,-0.536370,-0.119608,-0.203353,-0.210862,0.015283,0.167480,2.037932,0.041427,0.005000,0.000100
1778737056.370219,0.375630,-1.056383,-0.243577,-0.469035,-0.342860,0.025258,0.228799,2.708166,0.064106,0.005000,0.000100
1778737065.185607,0.381975,-0.701970,-0.185522,-0.282609,-0.233821,0.026265,0.228357,2.629901,0.054429,0.005000,0.000100
1778737066.686686,0.248394,0.319961,0.096891,0.187866,0.042228,0.006917,0.169370,2.096502,0.027334,0.005000,0.000100
1778737074.416446,0.429989,-2.578676,-0.513470,-1.356652,-0.720088,0.048294,0.226601,2.522455,0.087732,0.005000,0.000100
1778737078.4938948,0.271267,-1.162406,-0.244139,-0.446713,-0.466325,0.010938,0.170710,2.139538,0.030297,0.005000,0.000100
1778737082.171475,0.393993,-0.786452,-0.177180,-0.382735,-0.228496,0.031159,0.228007,2.724081,0.063312,0.005000,0.000100
1778737090.09192,0.292954,-2.378025,-0.425746,-1.112644,-0.836834,0.016106,0.171710,2.170798,0.039530,0.005000,0.000100
1778737091.592027,0.229535,0.395346,-0.022539,0.122083,0.223467,0.170329,0.230765,2.565708,0.435031,0.005000,0.000100
1778737098.752213,0.279318,0.572083,0.160831,0.160226,0.254576,0.013479,0.171130,2.057925,0.044401,0.005000,0.000100
1778737102.079155,0.287504,-0.246928,-0.122107,-0.130848,-0.086158,0.209482,0.231913,2.511297,0.478877,0.005000,0.000100
1778737114.75087,0.277189,0.314900,0.153445,0.043631,0.122008,0.013226,0.173305,2.159437,0.052002,0.005000,0.000100
1778737116.6219132,0.411874,-1.836990,-0.377791,-0.827440,-0.637510,0.038880,0.236159,2.738019,0.094307,0.005000,0.000100
1778737125.6803122,0.289203,-0.248698,-0.052862,-0.093011,-0.099857,0.015307,0.173878,2.124276,0.047228,0.005000,0.000100
1778737127.2931042,0.380768,-0.853225,-0.127327,-0.476314,-0.247787,0.022904,0.236573,2.649761,0.048441,0.005000,0.000100
1778737136.36673,0.281948,-1.931182,-0.357393,-0.810019,-0.760464,0.013455,0.174727,2.006700,0.046654,0.005000,0.000100
1778737139.645977,0.393712,-2.603088,-0.484211,-1.307007,-0.810607,0.025990,0.238925,2.851578,0.047504,0.005000,0.000100
1778737146.821486,0.262218,1.085278,0.247166,0.405139,0.438802,0.008695,0.175816,2.035267,0.036968,0.005000,0.000100
1778737152.198285,0.355530,-0.619727,-0.071126,-0.381797,-0.160223,0.014294,0.240944,2.745598,0.035954,0.005000,0.000100
1778737158.720269,0.261559,2.428001,0.429612,1.190401,0.814436,0.008372,0.178143,2.126806,0.039638,0.005000,0.000100
1778737168.536038,0.380511,-0.960619,-0.198759,-0.554902,-0.205106,0.024381,0.246155,2.808294,0.083861,0.005000,0.000100
1778737171.132616,0.277607,-1.468913,-0.290519,-0.546225,-0.626576,0.010474,0.182484,2.166231,0.039796,0.005000,0.000100
1778737179.5449028,0.429886,-1.846093,-0.367163,-0.979663,-0.509258,0.047474,0.244028,2.749201,0.119866,0.005000,0.000100
1778737180.3205361,0.264570,-0.432335,-0.088654,-0.121003,-0.217402,0.009457,0.182857,2.000759,0.055574,0.005000,0.000100
1778737189.745159,0.396716,-2.414886,-0.459861,-1.054216,-0.899858,0.025028,0.243285,2.693066,0.040644,0.005000,0.000100
1778737191.276026,0.285388,-2.252131,-0.466345,-0.828183,-0.953688,0.012341,0.181760,2.017134,0.042191,0.005000,0.000100
1778737200.501274,0.274004,-0.156690,-0.039784,-0.035504,-0.076167,0.009505,0.183184,1.997574,0.037369,0.005000,0.000100
1778737201.729841,0.375419,-1.163284,-0.263596,-0.584071,-0.311252,0.017523,0.246122,2.625499,0.029909,0.005000,0.000100
1778737212.576616,0.273839,-1.517854,-0.316368,-0.663472,-0.532122,0.008430,0.185008,2.021519,0.024482,0.005000,0.000100
1778737214.098176,0.280201,0.387663,-0.017198,0.019682,0.294754,0.208242,0.247775,2.739137,0.479804,0.005000,0.000100
1778737223.827455,0.289949,-1.980496,-0.390892,-0.838723,-0.747798,0.014087,0.185478,2.025242,0.059377,0.005000,0.000100
1778737226.650988,0.381048,-1.495726,-0.294305,-0.820448,-0.377319,0.020489,0.249283,2.779677,0.058944,0.005000,0.000100
1778737237.431715,0.308129,-2.018415,-0.406029,-0.948195,-0.662215,0.018030,0.187628,2.198300,0.062447,0.005000,0.000100
1778737238.2176461,0.390464,-1.752968,-0.362433,-0.784460,-0.606261,0.026456,0.251259,2.608390,0.088679,0.005000,0.000100
1778737247.673368,0.260336,-0.177375,0.005690,-0.098603,-0.077724,0.006880,0.187509,2.035513,0.041848,0.005000,0.000100
1778737252.152846,0.233873,-0.686264,-0.186845,-0.456304,-0.116953,0.172605,0.254846,2.493172,0.437372,0.005000,0.000100
1778737259.021217,0.273913,1.057430,0.222624,0.464609,0.376693,0.008895,0.189167,2.188617,0.043634,0.005000,0.000100
1778737264.2705972,0.365508,-0.458836,-0.132257,-0.395817,0.073709,0.017451,0.255158,2.639167,0.076547,0.005000,0.000100
1778737271.430537,0.261961,-0.260444,0.000065,-0.192927,-0.059904,0.005867,0.190589,2.122399,0.029315,0.005000,0.000100
1778737276.8160708,0.267679,-1.172008,-0.226525,-0.711888,-0.313706,0.185619,0.256485,2.539702,0.453987,0.005000,0.000100
1778737283.7417789,0.392505,-1.297985,-0.234016,-0.532845,-0.533730,0.029784,0.251315,2.457205,0.104612,0.005000,0.000100
1778737288.449383,0.263892,0.140257,0.092045,0.091300,-0.034582,0.005680,0.194260,2.269370,0.030391,0.005000,0.000100
1778737294.564049,0.408709,-1.912239,-0.398729,-0.947818,-0.566640,0.028260,0.255723,2.636516,0.073450,0.005000,0.000100
1778737300.116514,0.269912,-1.006653,-0.192897,-0.529403,-0.278058,0.008809,0.193252,2.139947,0.057083,0.005000,0.000100
1778737307.975116,0.376845,0.049854,0.002376,0.086736,-0.034738,0.017460,0.258323,2.649798,0.061577,0.005000,0.000100
1778737312.056674,0.283134,-1.495829,-0.281487,-0.682716,-0.527981,0.013676,0.192399,2.096708,0.077772,0.005000,0.000100
1778737317.437741,0.272721,-0.712958,-0.159200,-0.258229,-0.377123,0.187058,0.255495,2.386960,0.455536,0.005000,0.000100
1778737323.6091409,0.283205,0.349694,0.065812,0.259304,0.030380,0.009335,0.193959,2.093918,0.039023,0.005000,0.000100
1778737325.833323,0.309412,-1.464399,-0.349625,-0.799538,-0.404843,0.204760,0.257731,2.554645,0.473860,0.005000,0.000100
1778737335.396111,0.391484,-1.362417,-0.265479,-0.799891,-0.295521,0.021887,0.258419,2.493634,0.068152,0.005000,0.000100
1778737336.404533,0.126115,-0.438958,-0.048519,-0.322144,-0.130871,0.146864,0.195959,2.171017,0.397193,0.005000,0.000100
1778737346.085598,0.248383,-0.623012,-0.175783,-0.286302,-0.237218,0.177330,0.258928,2.474855,0.443745,0.005000,0.000100
1778737348.635909,0.280332,-1.566652,-0.270975,-0.873677,-0.415383,0.008220,0.196994,2.145349,0.037638,0.005000,0.000100
1778737357.336268,0.242281,0.761861,0.161205,0.279822,0.247997,0.172510,0.260952,2.683697,0.437368,0.005000,0.000100
1778737360.346406,0.269495,-0.039483,-0.000854,0.037691,-0.069584,0.007328,0.196914,2.079956,0.047841,0.005000,0.000100
1778737369.1755798,0.235173,-1.566156,-0.302181,-0.697740,-0.640438,0.173796,0.264212,2.538999,0.438372,0.005000,0.000100
1778737375.993969,0.244282,1.083174,0.226636,0.551207,0.314812,0.002374,0.198054,2.133834,0.016220,0.005000,0.000100
1778737378.361374,0.392411,-1.166203,-0.243808,-0.509063,-0.410917,0.019928,0.265752,2.475770,0.065706,0.005000,0.000100
1778737388.73956,0.395197,-1.305276,-0.261055,-0.790579,-0.251131,0.020373,0.265205,2.539624,0.062144,0.005000,0.000100
1778737388.80657,0.268868,-0.494916,-0.112667,-0.272595,-0.102469,0.006648,0.198630,2.101608,0.043647,0.005000,0.000100
1778737397.9283159,0.432259,-2.793340,-0.599518,-1.331533,-0.868063,0.037482,0.266653,2.593449,0.105709,0.005000,0.000100
1778737405.227054,0.281459,-1.130889,-0.155894,-0.707616,-0.260176,0.007626,0.200428,2.203339,0.034325,0.005000,0.000100
1778737406.888698,0.223933,-0.332650,-0.057833,-0.206915,-0.142081,0.171011,0.263790,2.265340,0.433874,0.005000,0.000100
1778737411.44626,0.262525,-0.296454,-0.014173,-0.247513,-0.029040,0.006424,0.197932,1.788138,0.050023,0.005000,0.000100
1778737419.325192,0.344972,-0.592175,-0.091884,-0.429968,-0.061283,0.007440,0.267507,2.552064,0.039989,0.005000,0.000100
1778737421.2920861,0.285155,-0.167706,-0.037498,-0.040368,-0.083825,0.008486,0.201893,2.051615,0.041551,0.005000,0.000100
1778737429.7468429,0.127162,-0.720909,-0.247025,-0.501694,-0.130470,0.342256,0.267847,2.569613,0.598576,0.005000,0.000100
1778737437.018857,0.266858,0.853921,0.135598,0.525797,0.200791,0.005124,0.203919,2.165282,0.035945,0.005000,0.000100
1778737442.006468,0.227809,-0.803671,-0.149389,-0.688690,-0.039198,0.171696,0.268385,2.448504,0.434677,0.005000,0.000100
1778737449.65137,0.277153,-0.878459,-0.196681,-0.343244,-0.332165,0.007450,0.200724,2.018613,0.042279,0.005000,0.000100
1778737451.631697,0.288045,0.739617,0.106158,0.201971,0.348130,0.189522,0.265094,2.280632,0.458251,0.005000,0.000100
1778737459.1101398,0.309954,-1.385122,-0.250228,-0.508066,-0.627684,0.021631,0.202915,1.991829,0.106318,0.005000,0.000100
1778737462.2963998,0.392972,-2.384599,-0.495141,-1.205961,-0.681357,0.020261,0.268384,2.454062,0.072562,0.005000,0.000100
1778737470.38779,0.283264,-0.168317,-0.003057,-0.082895,-0.076097,0.007200,0.203513,1.973616,0.030545,0.005000,0.000100
1778737471.5951428,-0.029756,-0.117141,0.024653,-0.322033,-0.056331,0.498409,0.270183,2.526724,0.673667,0.005000,0.000100
1778737479.8282418,0.257898,0.322509,0.025739,0.148653,0.071650,0.177413,0.268278,2.447851,0.443853,0.005000,0.000100
1778737482.600457,0.258125,0.911018,0.246834,0.346659,0.325496,0.003458,0.205295,1.939960,0.027213,0.005000,0.000100
1778737491.160125,0.423780,-2.029023,-0.429833,-1.196569,-0.404773,0.030321,0.269804,2.601863,0.085713,0.005000,0.000100
1778737496.669916,0.286109,-1.829095,-0.285695,-0.900500,-0.636187,0.007793,0.206988,2.122132,0.041273,0.005000,0.000100
1778737501.008227,0.116189,0.680451,-0.011538,0.265804,0.270153,0.336038,0.270549,2.397314,0.588983,0.005000,0.000100
1778737511.899456,0.270586,-1.710024,-0.334863,-0.814899,-0.552855,0.006139,0.208163,2.095132,0.049912,0.005000,0.000100
1778737515.0108008,0.384700,-2.017721,-0.407938,-0.997416,-0.611127,0.023706,0.271718,2.618709,0.110260,0.005000,0.000100
1778737524.750143,0.280443,-1.683437,-0.348125,-0.703310,-0.627253,0.009801,0.207451,1.930112,0.070501,0.005000,0.000100
1778737527.028707,0.369556,-2.042605,-0.384303,-1.096132,-0.554791,0.011249,0.273790,2.600822,0.048052,0.005000,0.000100
1778737536.927871,0.274004,-1.533592,-0.274191,-0.748600,-0.503218,0.004938,0.209159,2.010427,0.028550,0.005000,0.000100
1778737538.760864,0.388122,-1.800984,-0.341697,-0.902040,-0.553545,0.018649,0.272765,2.605355,0.077041,0.005000,0.000100
1778737546.475544,0.278593,-1.214042,-0.241636,-0.528420,-0.437162,0.006334,0.209354,1.998280,0.041367,0.005000,0.000100
1778737548.8620968,-0.186245,1.389327,0.150943,0.375064,0.549480,0.651341,0.273418,2.366170,0.699246,0.005000,0.000100
1778737555.900786,0.264057,0.938395,0.233327,0.490292,0.221191,0.004478,0.207445,1.730876,0.037613,0.005000,0.000100
1778737559.2539861,0.237620,0.621129,0.078874,0.250443,0.217345,0.172960,0.270803,2.402639,0.436983,0.005000,0.000100
1778737570.064723,-0.191584,-0.135177,-0.162010,-0.402742,0.115139,0.651317,0.271004,2.244541,0.697080,0.005000,0.000100
1778737570.818233,0.248107,0.471935,0.112648,0.196567,0.171695,0.002277,0.210544,2.022724,0.031021,0.005000,0.000100
1778737576.848039,-0.311570,-0.366266,-0.140445,-0.520008,-0.101062,0.813210,0.269608,2.271190,0.726821,0.005000,0.000100
1778737582.381998,0.159438,-1.251682,-0.366033,-0.855035,-0.097768,0.154312,0.211469,2.000364,0.410426,0.005000,0.000100
1778737590.0863302,0.398833,-1.374089,-0.361478,-0.656943,-0.359790,0.032621,0.271256,2.437630,0.134764,0.005000,0.000100
1778737596.0162659,0.147680,1.019000,0.213142,0.411306,0.328963,0.151028,0.211444,1.985010,0.404093,0.005000,0.000100
1778737600.400863,-0.142504,0.319223,-0.075454,0.212291,-0.143183,0.675274,0.269515,2.413682,0.749455,0.005000,0.000100
1778737605.6838121,0.268949,-2.415654,-0.478678,-1.320732,-0.609709,0.005167,0.210543,1.823710,0.044174,0.005000,0.000100
1778737608.661654,-0.461252,0.474278,-0.054390,-0.128460,0.183706,0.969668,0.268832,2.282362,0.696535,0.005000,0.000100
1778737616.8413382,0.266361,0.877339,0.215215,0.268663,0.400721,0.005701,0.211927,2.021985,0.055156,0.005000,0.000100
1778737619.799062,0.415941,-1.782556,-0.374599,-0.760666,-0.651748,0.034820,0.264902,2.590567,0.115508,0.005000,0.000100
1778737627.536028,0.151051,-0.987277,-0.321721,-0.353712,-0.377790,0.152674,0.212749,2.078125,0.406704,0.005000,0.000100
1778737633.903476,0.359260,-1.978860,-0.404844,-0.998239,-0.568583,0.012649,0.265977,2.703765,0.066228,0.005000,0.000100
1778737637.17869,0.280554,-0.098307,-0.031420,-0.173823,0.112899,0.006549,0.212311,1.847439,0.045844,0.005000,0.000100
1778737648.600657,0.240733,1.193329,0.214636,0.414781,0.489354,0.175709,0.264693,2.659403,0.441128,0.005000,0.000100
1778737649.2100558,0.277438,0.291189,0.052495,0.099028,0.146785,0.005548,0.213232,1.978424,0.039800,0.005000,0.000100
1778737659.663157,0.033663,-0.248672,-0.079052,-0.336331,0.024507,0.303544,0.214556,1.913646,0.548555,0.005000,0.000100
1778737660.15978,0.370198,-1.726193,-0.318092,-0.816584,-0.584956,0.014403,0.262040,2.752357,0.054822,0.005000,0.000100
1778737669.409697,0.390603,-0.878118,-0.226730,-0.358269,-0.292653,0.025345,0.258460,2.627505,0.093588,0.005000,0.000100
1778737676.1836102,0.262976,-0.339044,-0.059123,-0.400806,0.130010,0.003008,0.216023,2.125817,0.029886,0.005000,0.000100
1778737683.364916,0.400082,-1.515328,-0.330348,-0.728449,-0.459210,0.030608,0.258567,2.525071,0.108432,0.005000,0.000100
1778737687.4512892,0.267297,0.076310,-0.006546,0.105394,-0.013964,0.002984,0.216422,2.013255,0.020964,0.005000,0.000100
1778737690.736215,-0.138456,-2.109411,-0.507023,-1.202245,-0.724696,0.673560,0.258121,2.445369,0.757398,0.005000,0.000100
1778737699.246155,0.278687,0.427879,0.007266,0.124982,0.209808,0.195345,0.254972,2.369929,0.465215,0.005000,0.000100
1778737699.519528,0.277494,-1.905732,-0.366654,-0.990754,-0.540973,0.005451,0.216293,2.015209,0.043533,0.005000,0.000100
1778737707.0955899,0.361854,-1.610546,-0.368626,-0.935502,-0.302877,0.014788,0.250806,2.186924,0.052245,0.005000,0.000100
1778737711.850294,0.017054,-0.752728,-0.167039,-0.602206,-0.123533,0.299865,0.216382,1.976428,0.537621,0.005000,0.000100
1778737718.721936,0.117084,-0.264729,-0.083299,-0.211409,-0.132494,0.348160,0.252393,2.321489,0.605394,0.005000,0.000100
1778737722.7145479,0.146456,0.844196,0.125584,0.362253,0.290305,0.151226,0.215439,1.911817,0.403413,0.005000,0.000100
1778737725.740617,-0.289052,0.186622,-0.028418,-0.283819,0.109639,0.801397,0.252160,2.295501,0.751655,0.005000,0.000100
1778737731.0118551,0.008941,-1.445914,-0.347620,-0.818611,-0.420186,0.300081,0.216315,1.907473,0.534454,0.005000,0.000100
1778737740.6722078,0.381429,-2.051850,-0.413014,-1.130578,-0.505482,0.020153,0.255241,2.570507,0.068550,0.005000,0.000100
1778737740.818086,-0.230030,1.709522,0.255388,0.647400,0.519381,0.593435,0.215348,1.872916,0.662549,0.005000,0.000100
1778737752.010326,0.412793,-2.625635,-0.492459,-1.143215,-0.990365,0.028169,0.255422,2.736229,0.061497,0.005000,0.000100
1778737754.830847,0.171218,0.090619,-0.033948,0.043247,0.011773,0.158890,0.215183,1.979693,0.417608,0.005000,0.000100
1778737764.5488472,-0.081201,-0.285775,-0.114405,-0.226701,-0.161018,0.452861,0.213748,2.016153,0.637587,0.005000,0.000100
1778737766.508268,0.428567,-2.502575,-0.526171,-1.108636,-0.879950,0.051655,0.255485,2.728953,0.155270,0.005000,0.000100
1778737774.905205,-0.245759,-0.139007,-0.058798,-0.206427,-0.159050,0.589369,0.212291,1.883504,0.649409,0.005000,0.000100
1778737776.819011,0.382459,-1.373074,-0.231982,-0.695393,-0.443018,0.021435,0.251862,2.679509,0.069758,0.005000,0.000100
1778737785.607161,0.307049,-1.810246,-0.361021,-0.783300,-0.662807,0.013645,0.211067,1.988106,0.070176,0.005000,0.000100
1778737789.951413,0.372447,-1.276343,-0.339507,-0.630193,-0.301497,0.015650,0.253476,2.594152,0.040767,0.005000,0.000100
1778737798.6599538,0.264077,-2.588034,-0.476988,-1.127437,-0.974288,0.003436,0.212739,2.207870,0.029821,0.005000,0.000100
1778737799.871667,0.410099,-1.713000,-0.315264,-0.899551,-0.503078,0.035763,0.251891,2.597493,0.109203,0.005000,0.000100
1778737812.7221062,0.369164,-1.998961,-0.433656,-1.032109,-0.528223,0.015800,0.252852,2.574778,0.050236,0.005000,0.000100
1778737813.132927,0.283096,-2.159828,-0.432143,-0.916646,-0.802695,0.006193,0.213194,2.288242,0.038101,0.005000,0.000100
1778737824.175261,0.292864,-0.187920,-0.050091,-0.013050,-0.118525,0.008648,0.211521,2.115409,0.047504,0.005000,0.000100
1778737830.766915,0.352384,-0.843699,-0.182696,-0.427735,-0.224831,0.010471,0.254981,2.734460,0.033068,0.005000,0.000100
1778737833.972613,0.261911,0.217822,0.055220,-0.010958,0.181451,0.004527,0.210116,2.031028,0.045266,0.005000,0.000100
1778737842.130023,0.395230,-0.906054,-0.158951,-0.494702,-0.250017,0.023261,0.252526,2.802913,0.056733,0.005000,0.000100
1778737846.26986,0.282016,0.914536,0.206706,0.359864,0.355050,0.006772,0.208989,2.094131,0.039992,0.005000,0.000100
1778737851.769415,0.403599,-1.568574,-0.299086,-0.685350,-0.587578,0.035159,0.251725,2.827896,0.115916,0.005000,0.000100
1778737860.259856,0.104068,-1.405498,-0.355677,-0.777440,-0.426451,0.332478,0.252024,2.433853,0.587450,0.005000,0.000100
1778737861.722371,0.253263,0.626239,0.123619,0.308279,0.203195,0.002678,0.207258,2.038572,0.024982,0.005000,0.000100
1778737879.41913,0.231711,-1.551677,-0.281744,-1.011684,-0.331089,0.170789,0.252644,2.511059,0.435062,0.005000,0.000100
1778737879.510716,0.137194,0.909629,0.133191,0.424735,0.286393,0.148852,0.204756,1.823331,0.400399,0.005000,0.000100
1778737892.135975,0.150669,0.875672,0.172180,0.336296,0.299121,0.152672,0.203088,1.652203,0.408145,0.005000,0.000100
1778737897.780406,0.389321,-1.898304,-0.387430,-0.786418,-0.723346,0.022918,0.252957,2.513783,0.069305,0.005000,0.000100
1778737905.733206,0.300306,-2.176890,-0.456110,-1.119365,-0.598459,0.013564,0.203713,1.947707,0.068585,0.005000,0.000100
1778737908.1985888,0.389369,-1.657990,-0.285130,-0.889494,-0.483351,0.024432,0.250998,2.446181,0.076635,0.005000,0.000100
1778737921.608448,0.013722,1.164743,0.317116,0.658750,0.051308,0.293118,0.202900,1.797940,0.534717,0.005000,0.000100
1778737923.5966551,0.265619,-0.629291,-0.170567,-0.324708,-0.215124,0.185153,0.252968,2.293541,0.453374,0.005000,0.000100
1778737933.75324,0.101851,-1.563726,-0.354177,-0.923841,-0.440125,0.330558,0.251312,2.172371,0.585206,0.005000,0.000100
1778737944.164922,0.272255,-0.623979,-0.099745,-0.211696,-0.305108,0.005465,0.203610,2.032597,0.028931,0.005000,0.000100
1778737945.251303,0.388329,-2.171252,-0.411461,-1.055481,-0.703030,0.021113,0.250666,2.367028,0.049008,0.005000,0.000100
1778737955.8979142,0.263746,0.682364,0.126052,0.356228,0.208239,0.004181,0.205144,2.049007,0.028813,0.005000,0.000100
1778737962.118922,0.373596,-1.580077,-0.326834,-0.765821,-0.484064,0.018811,0.254299,2.552766,0.071329,0.005000,0.000100
1778737973.256282,0.274197,-2.288174,-0.459687,-1.013485,-0.806784,0.005796,0.206806,2.223192,0.037337,0.005000,0.000100
1778737974.477372,0.103336,-0.738609,-0.191536,-0.648937,-0.049932,0.329491,0.257327,2.589885,0.582884,0.005000,0.000100
1778737986.54232,0.282987,-0.379045,-0.057945,-0.223908,-0.178262,0.188411,0.257213,2.627121,0.456736,0.005000,0.000100
1778737988.35045,0.273836,-1.027212,-0.154740,-0.647140,-0.218005,0.005915,0.204453,2.056961,0.034973,0.005000,0.000100
1778737997.5351171,0.107020,-1.399931,-0.314715,-0.858130,-0.379691,0.331300,0.256805,2.609029,0.585818,0.005000,0.000100
1778738005.761419,0.288619,-1.383525,-0.241530,-0.840487,-0.387265,0.196275,0.255126,2.476197,0.465657,0.005000,0.000100
1778738005.991301,0.261630,-0.327595,-0.114887,-0.091694,-0.112367,0.003591,0.205115,2.088607,0.021011,0.005000,0.000100
1778738014.102738,0.287823,-0.648184,-0.085418,-0.410616,-0.146773,0.009266,0.204844,2.001992,0.051427,0.005000,0.000100
1778738027.821155,0.268264,-1.672736,-0.327282,-0.624362,-0.713724,0.006380,0.203632,2.111637,0.049475,0.005000,0.000100
1778738042.5008051,0.258880,-0.533718,-0.117504,-0.306011,-0.100727,0.003102,0.206578,2.205361,0.020184,0.005000,0.000100
1778738053.010426,0.254314,0.415206,0.024460,0.313103,0.087009,0.002916,0.206142,2.164618,0.025722,0.005000,0.000100
1778738061.8243032,0.282101,-0.985964,-0.168422,-0.406422,-0.404720,0.007437,0.205128,2.023501,0.040990,0.005000,0.000100
1778738069.8033988,0.137574,-1.883029,-0.379425,-1.065900,-0.502726,0.149297,0.204204,1.925108,0.401188,0.005000,0.000100
1778738082.255989,0.265287,-0.379688,-0.057189,-0.278242,-0.037012,0.005377,0.204265,1.986582,0.042859,0.005000,0.000100
1778738091.0981781,0.040633,-0.750513,-0.159850,-0.326078,-0.405467,0.302186,0.204519,2.042193,0.553100,0.005000,0.000100
1778738098.1264389,0.143474,-0.384415,-0.094052,-0.267015,-0.088325,0.149923,0.204262,1.996989,0.403082,0.005000,0.000100
1778738108.5814888,0.289427,-1.351948,-0.283242,-0.711363,-0.352706,0.010451,0.205296,1.972654,0.061224,0.005000,0.000100
1778738116.5850801,0.259016,0.771886,0.186485,0.482624,0.109713,0.003956,0.203439,1.782798,0.031049,0.005000,0.000100
1778738124.6512718,0.288064,-1.319803,-0.241796,-0.667992,-0.407511,0.013677,0.202437,1.868585,0.083961,0.005000,0.000100
1778738135.9402251,0.253709,-1.095441,-0.168808,-0.680831,-0.236883,0.002981,0.205250,2.081680,0.026522,0.005000,0.000100
1778738149.28839,0.267020,0.183208,-0.009916,0.253826,-0.052538,0.004516,0.205631,2.084475,0.028819,0.005000,0.000100
1778738159.823081,0.267847,0.368909,0.113010,0.115718,0.147732,0.004636,0.205601,1.973695,0.029086,0.005000,0.000100
1778738169.6840372,0.267383,1.387348,0.274712,0.816358,0.304463,0.004223,0.206070,2.059485,0.022702,0.005000,0.000100
1778738176.134314,0.280143,-1.582712,-0.303602,-0.722494,-0.552558,0.009819,0.204838,1.793509,0.067889,0.005000,0.000100
1778743776.3059509,-2.284280,-0.118431,-0.475241,-0.978529,-0.892581,1.477266,-1.435951,2.368623,0.917487,0.050000,0.001000
1778743776.8237078,-1.798920,-0.154949,-0.486448,-0.981799,-0.889702,0.723657,-1.435893,3.098975,0.810945,0.050000,0.001000
1778743787.3074508,-1.784949,-0.062334,-0.593352,-1.338228,-1.067387,1.063130,-1.415899,2.352155,1.014852,0.049100,0.001000
1778743791.103632,-1.430181,-0.118999,-0.604545,-1.338378,-1.046753,0.587312,-1.406350,3.021679,0.807427,0.049100,0.001000
1778743797.379562,-1.671027,-0.017486,-0.568038,-1.528273,-1.089514,0.931172,-1.439016,2.294683,0.987333,0.048200,0.000999
1778743800.528926,-1.208125,-0.072950,-0.564759,-1.545430,-1.090191,0.744971,-1.430681,3.059078,0.879040,0.048200,0.000999
1778743807.148433,-1.581232,0.088804,-0.778364,-1.824736,-1.586115,1.317056,-1.479241,2.299252,1.204922,0.047300,0.000997
1778743812.5944068,-1.329571,0.020472,-0.795852,-1.785758,-1.548936,1.073882,-1.382359,2.972723,1.090920,0.047300,0.000997
1778743816.1454551,-1.342230,0.037510,-0.619699,-1.741183,-1.209105,0.696742,-1.520194,2.194782,0.859632,0.046400,0.000994
1778743821.680075,-1.041117,-0.010689,-0.596555,-1.684809,-1.175919,0.615512,-1.340478,2.883440,0.764413,0.046400,0.000994
1778743824.487285,-1.246542,-3.805707,-0.690875,-1.993950,-1.275672,1.015363,-1.519269,2.176934,1.022515,0.045500,0.000991
1778743831.120824,-0.997741,-3.926435,-0.689969,-1.998384,-1.299661,0.782480,-1.298721,2.945977,0.876794,0.045500,0.000991
1778743832.611684,-1.231335,-4.077978,-0.764905,-2.080498,-1.403830,0.898772,-1.479690,2.205762,0.964418,0.044600,0.000987
1778743841.113146,-0.829551,-4.123450,-0.754795,-2.068214,-1.378575,0.707050,-1.247567,3.004051,0.769063,0.044600,0.000987
1778743845.8209522,-1.621885,-3.013016,-0.597537,-1.354736,-1.204103,0.698689,-1.458592,2.315348,0.864114,0.043700,0.000982
1778743854.970099,-1.322113,-3.016846,-0.575072,-1.324009,-1.172470,0.528486,-1.222198,2.980895,0.759022,0.043700,0.000982
1778743855.3136609,-1.202347,-3.073190,-0.571305,-1.560245,-1.084468,0.581840,-1.414957,2.100658,0.772181,0.042800,0.000977
1778743866.104487,-1.184443,-3.819922,-0.747397,-2.010354,-1.393305,0.936662,-1.395757,2.156662,0.995551,0.041900,0.000971
1778743867.606553,-1.008973,-3.098481,-0.576846,-1.529781,-1.066833,0.484769,-1.161708,2.778705,0.716039,0.042800,0.000977
1778743879.755224,-1.571913,-2.466305,-0.518310,-1.351495,-0.903148,0.794187,-1.375700,2.205991,0.916326,0.041000,0.000964
1778743880.521148,-0.923964,-3.963440,-0.747515,-2.069538,-1.334630,0.675509,-1.136863,2.762199,0.836782,0.041900,0.000971
1778743890.553963,-1.040298,-4.256653,-0.813621,-2.299678,-1.438084,0.757995,-1.330134,2.101465,0.865377,0.040100,0.000957
1778743898.099794,-1.269911,-2.551009,-0.512760,-1.336524,-0.895518,0.622903,-1.109786,2.869742,0.814632,0.041000,0.000964
1778743899.9333131,-1.231719,-2.671893,-0.506585,-1.525643,-0.871455,0.626736,-1.315028,2.081048,0.829857,0.039200,0.000948
1778743909.377874,-0.802656,-4.413335,-0.825051,-2.335978,-1.412364,0.540204,-1.057983,2.744229,0.726492,0.040100,0.000957
1778743910.874929,-1.402269,-3.041856,-0.655380,-1.444632,-1.143455,0.565389,-1.296026,2.117057,0.784645,0.038300,0.000940
1778743919.560647,-0.873373,-2.731684,-0.502228,-1.500547,-0.839003,0.434704,-1.034382,2.736159,0.673943,0.039200,0.000948
1778743921.4907331,-1.542597,-2.197300,-0.549356,-1.455567,-0.663212,1.099029,-1.273714,2.103736,1.068088,0.037400,0.000930
1778743930.508013,-1.278649,-2.386289,-0.480717,-1.252209,-0.850217,0.536593,-1.255770,1.957351,0.771773,0.036500,0.000920
1778743930.5535948,-1.068208,-3.189770,-0.652173,-1.514609,-1.091385,0.335235,-1.009483,2.590600,0.607167,0.038300,0.000940
1778743940.570359,-1.467757,-1.847785,-0.424933,-1.167892,-0.429936,0.489013,-1.254401,1.953122,0.701976,0.035600,0.000910
1778743942.072514,-1.314960,-2.307195,-0.586191,-1.473732,-0.578412,0.854739,-0.984400,2.572988,0.910109,0.037400,0.000930
1778743951.8856268,-1.024016,-2.465513,-0.473297,-1.223135,-0.846407,0.327491,-0.964032,2.367627,0.599901,0.036500,0.000920
1778743952.029218,-2.572147,3.241030,-0.165666,-0.469379,-0.240241,8.373611,-1.271265,2.031419,2.724644,0.034700,0.000899
1778743958.9223318,-4.588979,15.256436,-0.183609,-0.596459,-0.224335,32.689308,-0.957681,2.354344,4.655103,0.035600,0.000910
1778743966.37515,-1.930334,-2.020389,-0.478846,-1.314489,-0.863707,1.420777,-1.308870,2.181519,1.072152,0.033800,0.000887
1778743970.713977,-4.055881,12.321534,-0.006408,0.012873,-0.064030,24.933775,-0.987636,2.529907,4.152596,0.034700,0.000899
1778743972.8415518,-0.963441,-2.753306,-0.620769,-1.412038,-0.943187,0.564521,-1.293293,1.810703,0.711586,0.032900,0.000875
1778743980.5142882,-1.108443,-2.492296,-0.564437,-1.342911,-0.785470,0.521191,-1.322189,1.877307,0.726868,0.032000,0.000862
1778743986.04004,-1.539988,-2.334363,-0.492264,-1.375539,-0.843661,0.933548,-1.026798,2.653013,0.862930,0.033800,0.000887
1778743987.530692,-1.295147,-2.909211,-0.646952,-1.770079,-0.940078,1.012923,-1.338684,1.883050,1.059889,0.031100,0.000848
1778743991.625443,-2.497963,6.022042,-0.429260,-0.937000,-0.659150,16.252115,-1.018111,2.389214,3.952798,0.032900,0.000875
1778743993.910599,-0.949162,-2.373660,-0.519874,-1.385592,-0.657516,0.483082,-1.340680,1.729071,0.605342,0.030200,0.000835
1778743999.755442,-1.745013,2.993909,-0.251628,-0.685136,-0.190425,8.401037,-1.064347,2.481904,2.969798,0.032000,0.000862
1778743999.904702,-1.942326,2.967602,-0.158491,-0.177322,-0.605498,7.915494,-1.346600,1.666722,2.898391,0.029300,0.000820
1778744008.1665332,-1.244331,-2.392792,-0.537679,-1.594697,-0.642584,0.870650,-1.375709,1.871768,0.973762,0.028400,0.000806
1778744008.6202939,-1.035277,-3.262399,-0.645974,-1.803731,-1.111191,0.754438,-1.085583,2.531234,0.914031,0.031100,0.000848
1778744014.829582,-1.688409,4.832552,0.142793,0.253958,0.362780,8.297909,-1.098940,2.514340,2.972174,0.030200,0.000835
1778744019.218379,-1.709276,-1.781681,-0.486962,-1.127324,-0.421449,0.612163,-1.393865,1.891907,0.754748,0.027500,0.000791
1778744024.1758358,-0.820840,-2.642819,-0.488898,-1.467334,-0.758223,0.273907,-1.129640,2.229279,0.445407,0.029300,0.000820
1778744028.5259461,-2.191128,1.931410,-0.441631,-1.120549,-0.299201,7.681359,-1.392567,1.800320,2.797551,0.026600,0.000775
1778744034.828794,-4.565604,13.286916,-0.345238,-0.752499,-0.411001,29.679129,-1.395706,1.708549,4.670341,0.025700,0.000759
1778744037.056654,-0.954109,-2.501915,-0.507072,-1.588409,-0.657437,0.646705,-1.170062,2.547487,0.816544,0.028400,0.000806
1778744039.396267,-5.666776,17.688044,-0.147934,-0.391399,-0.081788,36.707485,-1.442967,1.797559,4.578565,0.024800,0.000743
1778744045.0909262,-4.740011,12.208474,-0.497169,-1.139120,-0.692702,29.171789,-1.504628,2.026387,4.558763,0.023900,0.000726
1778744050.227284,-2.782918,6.406949,-0.247140,-0.523583,-0.197407,14.828290,-1.501807,1.698519,3.827828,0.023000,0.000710
1778744050.2779222,-1.290826,-2.039963,-0.505341,-1.122735,-0.564930,0.441102,-1.211938,2.454804,0.695125,0.027500,0.000791
1778744060.983667,-2.035712,3.861623,-0.070805,-0.089706,0.005747,8.159458,-1.213741,2.381274,2.883636,0.026600,0.000775
1778744061.114314,-3.560476,6.439011,-0.179361,-0.585281,-0.205753,14.905769,-1.591720,1.967350,3.500757,0.022100,0.000693
1778744063.63167,-5.417487,16.592766,-0.196063,-0.395628,-0.657588,35.751511,-1.572469,1.590092,4.826702,0.021200,0.000675
1778744067.2190871,-3.514832,9.688108,-0.491163,-0.980033,-0.426675,23.282244,-1.210551,2.145627,4.468723,0.025700,0.000759
1778744068.0118861,-4.625142,13.843378,-0.066174,-0.239829,-0.110215,28.588367,-1.623294,1.703830,4.663961,0.020300,0.000658
1778744070.1817842,-8.346158,27.921268,0.083936,0.119433,-0.087669,55.689320,-1.686994,2.014959,3.550409,0.019400,0.000640
1778744073.449551,-6.488518,19.253365,-0.208863,-0.494558,-0.524275,41.026878,-1.746106,1.750242,4.538282,0.018500,0.000622
1778744074.998404,-5.682177,19.915739,0.124319,0.210735,0.365423,38.541496,-1.253415,2.237386,4.585917,0.024800,0.000743
1778744079.988681,-5.021617,13.052594,-0.096166,-0.341276,-0.112494,27.270498,-1.805143,1.858935,4.336510,0.017600,0.000604
1778744085.311648,-3.963229,11.426761,-0.056604,-0.142235,0.067455,23.233368,-1.297418,2.449343,4.233047,0.023900,0.000726
1778744085.593632,-6.782646,20.412605,0.048321,0.136916,0.212828,40.094337,-1.869215,1.953864,4.210112,0.016700,0.000586
1778744091.8767328,-3.927975,10.498200,-0.024703,0.050414,0.360618,20.281204,-1.895291,1.818408,4.236009,0.015800,0.000568
1778744092.077216,-2.745731,8.208727,0.064501,0.232547,0.130286,15.664331,-1.292614,2.207485,3.880547,0.023000,0.000710
1778744099.2981498,-5.493389,16.996283,-0.329701,-1.050712,-0.138338,37.127949,-1.370507,2.214519,4.729317,0.022100,0.000693
1778744099.971076,-1.317833,-2.781852,-0.704296,-1.601761,-0.977092,1.060833,-1.945754,1.954343,0.860587,0.014900,0.000550
1778744103.388166,-6.258400,22.505068,-0.049284,-0.097570,0.194168,45.003777,-1.360281,2.081790,4.831861,0.021200,0.000675
1778744109.373125,-1.504766,-2.636125,-0.605877,-1.625029,-0.973155,1.192982,-2.012471,2.039675,1.019377,0.014000,0.000532
1778744109.7097018,-1.780497,3.622262,-0.068138,-0.200543,-0.076074,8.028234,-1.410532,2.320208,2.961111,0.020300,0.000658
1778744115.054344,-6.303765,20.506618,-0.286962,-0.689673,-0.466411,43.987843,-1.463969,2.281340,4.780077,0.019400,0.000640
1778744115.751151,-0.960653,-1.759474,-0.453981,-1.023551,-0.932245,1.350344,-2.039762,1.898393,0.454444,0.013100,0.000514
1778744121.962812,-3.769913,9.322853,-0.347683,-0.742266,-0.363426,21.628948,-1.520168,2.067400,4.290505,0.018500,0.000622
1778744123.9566941,-1.383209,-2.161039,-0.517825,-1.376078,-0.722597,0.962205,-2.090498,2.101733,0.716432,0.012200,0.000496
1778744128.976156,-6.548181,21.454947,0.052181,-0.112411,0.212324,42.685364,-1.577557,2.262987,4.469435,0.017600,0.000604
1778744133.983327,-1.599672,-2.802258,-0.656840,-1.440584,-1.221320,1.083446,-2.121852,2.233308,0.949136,0.011300,0.000478
1778744137.8793118,-4.903397,14.170985,-0.036184,-0.095265,0.068218,28.545481,-1.613641,2.306834,4.437591,0.016700,0.000586
1778744143.401744,-6.387605,21.267279,0.014299,-0.076114,0.259852,42.210850,-1.639195,2.290000,4.674214,0.015800,0.000568
1778744144.612937,-1.705465,-1.454589,-0.319272,-1.062781,-0.512785,0.925762,-2.131397,2.176107,0.909422,0.010400,0.000460
1778744150.327174,-2.833447,6.691638,-0.111371,-0.349431,-0.111015,14.599585,-1.685127,2.438673,3.841433,0.014900,0.000550
1778744151.8866072,-1.203958,-1.927873,-0.480282,-1.218536,-0.809961,1.198691,-2.087101,1.940897,0.682112,0.009500,0.000442
1778744159.871022,-1.237888,-2.949477,-0.647310,-1.671515,-1.094787,0.999738,-1.737127,2.552465,0.913174,0.014000,0.000532
1778744160.2424371,-1.547109,-3.528343,-0.847665,-2.134187,-1.516566,1.977657,-2.100012,2.180671,1.362985,0.008600,0.000425
1778744167.064747,-0.814598,-1.667864,-0.399210,-0.935671,-0.824965,1.050877,-1.766810,2.553945,0.400235,0.013100,0.000514
1778744167.294663,-1.322927,-2.032283,-0.530827,-1.220926,-0.819289,1.108814,-2.124255,2.032181,0.720098,0.007700,0.000407
1778744173.297516,-1.126229,-2.943242,-0.729319,-1.654791,-1.330944,1.571512,-2.097658,2.050586,0.835223,0.006800,0.000390
1778744176.611896,-1.159117,-2.185648,-0.526067,-1.418850,-0.622819,0.829169,-1.825098,2.663632,0.654589,0.012200,0.000496
1778744184.0741189,-1.935693,-2.537105,-0.647056,-1.491186,-1.170178,1.569204,-2.107847,2.251838,1.307910,0.005900,0.000374
1778744187.345937,-1.335005,-2.900699,-0.662494,-1.469102,-1.202083,0.928331,-1.864160,2.759749,0.848742,0.011300,0.000478
1778744193.340487,-1.555353,-2.488234,-0.606887,-1.332205,-1.072675,1.068160,-2.080460,2.109411,0.938333,0.005000,0.000357
1778744198.1238139,-2.167357,2.727841,-0.186474,-0.411930,-0.293418,7.295133,-1.882455,2.683024,2.831168,0.010400,0.000460
1778744202.3268301,-1.488702,-2.331996,-0.516291,-1.338478,-0.884531,0.835440,-2.059796,2.083251,0.752250,0.005000,0.000341
1778744205.648119,-0.993116,-2.108135,-0.499997,-1.244089,-0.862944,1.044449,-1.851235,2.455828,0.585074,0.009500,0.000442
1778744210.825551,-1.477755,-2.533026,-0.647743,-1.251426,-1.087390,0.927402,-2.043858,2.033730,0.821198,0.005000,0.000325
1778744213.709363,-1.127186,-3.853426,-0.875969,-2.146056,-1.565708,1.515823,-1.879177,2.744691,1.027582,0.008600,0.000425
1778744219.8659992,-1.655213,-2.602613,-0.651341,-1.451317,-1.096206,1.213765,-2.033023,2.126316,1.090884,0.005000,0.000309
1778744221.078623,-2.836347,6.840338,-0.107971,-0.136819,-0.000497,14.211409,-1.894873,2.607713,3.847804,0.007700,0.000407
1778744227.985784,-1.360513,-2.359705,-0.600738,-1.453443,-0.811138,1.031430,-2.007417,2.020262,0.825258,0.005000,0.000294
1778744228.149481,-0.867737,-2.754350,-0.686165,-1.716662,-1.108701,1.551254,-1.890184,2.713146,0.749708,0.006800,0.000390
1778744238.183119,-1.691606,-2.511721,-0.600048,-1.375508,-1.082292,1.114021,-2.012277,2.176562,1.059974,0.005000,0.000280
1778744240.126291,-1.366546,-2.790693,-0.638435,-1.526686,-1.165838,1.112747,-1.918792,2.730175,0.947377,0.005900,0.000374
1778744250.028557,-1.866970,-2.488616,-0.595371,-1.511391,-0.882471,1.023015,-2.003424,2.178335,1.056407,0.005000,0.000265
1778744250.0748549,-2.056012,1.847034,-0.434231,-0.781793,-0.641353,7.434445,-1.907998,2.562489,2.869870,0.005000,0.000357
1778744259.389087,-1.586987,-2.690806,-0.637974,-1.522716,-1.009393,0.979287,-1.962720,2.073152,0.965005,0.005000,0.000252
1778744261.370622,-1.202312,-2.222780,-0.505424,-1.308755,-0.807095,0.822011,-1.899062,2.502306,0.611509,0.005000,0.000341
1778744265.219201,-3.036518,4.516583,-0.419068,-1.140325,-0.591388,13.354151,-1.951433,1.942380,3.678275,0.005000,0.000238
1778744270.13072,-1.930280,2.408182,-0.316422,-0.504224,-0.508571,7.499247,-1.894603,2.444873,2.886361,0.005000,0.000325
1778744270.240512,-1.946743,0.463436,-0.610774,-1.959789,-0.722863,7.533134,-1.923025,1.940971,2.893013,0.005000,0.000225
1778744275.924201,-3.084776,5.680249,-0.235640,-0.671830,-0.214909,13.625059,-1.930548,1.980263,3.695766,0.005000,0.000213
1778744280.902527,-2.976489,4.463957,-0.401256,-1.233238,-0.711404,13.639028,-1.930206,1.931730,3.733381,0.005000,0.000201
1778744281.352895,-1.452731,-2.986236,-0.682693,-1.541252,-1.240116,0.981697,-1.903178,2.604676,0.930230,0.005000,0.000309
1778744286.48721,-3.124104,6.065735,-0.181653,-0.364383,-0.210638,13.662938,-1.917241,1.811746,3.682755,0.005000,0.000190
1778744291.525619,-1.186133,-2.496833,-0.586370,-1.475903,-0.911741,0.980112,-1.885323,2.575008,0.738802,0.005000,0.000294
1778744292.876821,-3.076917,5.481070,-0.306654,-0.537795,-0.600489,13.871017,-1.919616,1.900351,3.731498,0.005000,0.000180
1778744300.160296,-3.247973,5.952179,-0.217708,-0.493793,-0.118232,13.582634,-1.933053,1.880873,3.629144,0.005000,0.000170
1778744304.102885,-1.379588,-2.646092,-0.605940,-1.411780,-1.131783,1.033691,-1.901762,2.686817,0.919557,0.005000,0.000280
1778744305.2704482,-4.850810,12.089411,-0.196173,-0.553382,-0.258486,26.214533,-1.945633,1.962721,4.444032,0.005000,0.000160
1778744313.513383,-1.596627,-1.987205,-0.538690,-1.348820,-0.548344,0.916924,-1.946035,1.962663,0.939762,0.005000,0.000152
1778744317.625068,-1.569118,-2.753890,-0.614276,-1.541504,-0.998096,0.826685,-1.901742,2.671165,0.891968,0.005000,0.000265
1778744322.9671822,-1.563992,-3.040629,-0.685136,-1.718605,-1.109589,0.965948,-1.963730,2.054537,0.946430,0.005000,0.000143
1778744328.6939788,-1.320143,-2.786106,-0.639764,-1.526981,-1.058709,0.904604,-1.871685,2.591004,0.816773,0.005000,0.000252
1778744331.3536232,-1.488414,-2.513208,-0.591879,-1.366483,-0.966319,0.842655,-1.976680,1.970683,0.819384,0.005000,0.000136
1778744338.326921,-2.894428,6.182617,-0.143528,-0.437597,-0.149620,13.850494,-1.858170,2.377221,3.767797,0.005000,0.000238
1778744341.5027242,-1.655530,-2.203441,-0.495335,-1.563767,-0.785021,1.301927,-2.003936,2.056295,1.145300,0.005000,0.000129
1778744347.000919,-2.823244,7.351406,-0.005140,0.072769,0.053509,14.484413,-1.829726,2.387717,3.872601,0.005000,0.000225
1778744349.371132,-1.226820,-2.548959,-0.608040,-1.728134,-0.762671,1.119007,-1.962187,1.923627,0.801557,0.005000,0.000123
1778744354.5903308,-2.794299,6.109098,-0.202188,-0.603663,-0.077979,14.011724,-1.835828,2.586940,3.814163,0.005000,0.000213
1778744356.9688268,-1.297804,-2.387323,-0.595830,-1.316633,-0.965965,1.001889,-1.962061,1.967837,0.789269,0.005000,0.000118
1778744364.050399,-1.184547,-1.855103,-0.407005,-1.205614,-0.655575,0.845221,-1.965364,1.903954,0.511583,0.005000,0.000113
1778744365.180249,-1.171018,-2.185394,-0.504295,-1.372200,-0.735527,0.877672,-1.838268,2.441553,0.693181,0.005000,0.000201
1778744372.402448,-1.479918,-2.562466,-0.598261,-1.321283,-1.052854,0.840450,-1.991034,2.058424,0.802226,0.005000,0.000109
1778744372.680893,-2.946394,6.808882,-0.104479,-0.094798,-0.036020,14.110906,-1.825130,2.254725,3.779135,0.005000,0.000190
1778744379.876786,-2.821701,5.488746,-0.353784,-0.677461,-0.535747,14.135035,-1.839355,2.355675,3.825359,0.005000,0.000180
1778744381.3163579,-1.463475,-2.483429,-0.567630,-1.406403,-0.936912,0.875767,-1.990724,2.073440,0.814982,0.005000,0.000106
1778744389.131383,-2.910393,5.774240,-0.259550,-0.641971,-0.249157,13.873830,-1.853553,2.399309,3.764884,0.005000,0.000170
1778744390.890134,-1.716545,-2.922884,-0.697160,-1.534673,-1.258223,1.156159,-1.987563,2.181646,1.096818,0.005000,0.000103
1778744396.673984,-1.071816,-2.792608,-0.668905,-1.580475,-1.218768,1.370570,-1.969267,1.948999,0.792430,0.005000,0.000101
1778744398.4135969,-4.737948,13.011564,-0.074852,-0.172330,-0.155574,26.852844,-1.865275,2.420433,4.546133,0.005000,0.000160
1778744407.168169,-1.186586,-2.223483,-0.579965,-1.366340,-0.761117,0.993323,-1.862142,2.544497,0.772404,0.005000,0.000152
1778744408.8240151,-1.892709,-2.697429,-0.689621,-1.410472,-1.133544,1.094824,-2.018680,2.240843,1.094915,0.005000,0.000100
1778744413.9613829,-1.031314,-3.106579,-0.766991,-1.903084,-1.174271,1.493744,-1.938377,1.821241,0.863443,0.005000,0.000100
1778744416.854413,-2.063903,1.520727,-0.479690,-1.224343,-0.516394,7.507267,-1.870055,2.495922,2.880912,0.005000,0.000143
1778744423.86399,-1.586151,-2.717666,-0.653051,-1.592927,-0.926068,0.929837,-1.973035,2.107762,0.931044,0.005000,0.000100
1778744426.3664901,-2.037223,3.437743,-0.112621,-0.165751,-0.065065,7.586820,-1.872247,2.445795,2.898199,0.005000,0.000136
1778744432.873311,-2.427935,3.306229,-0.066444,0.035357,-0.233760,7.163021,-1.967005,2.087043,2.779001,0.005000,0.000100
1778744435.157619,-3.029088,6.257369,-0.189829,-0.387003,-0.184328,14.062529,-1.892871,2.547085,3.767041,0.005000,0.000129
1778744443.395623,-1.660886,-2.013902,-0.469074,-1.321470,-0.576001,0.725579,-1.973598,2.029147,0.835191,0.005000,0.000100
1778744444.227849,-0.907768,-2.557467,-0.607615,-1.777533,-0.760259,1.199564,-1.865986,2.368527,0.559149,0.005000,0.000123
1778744450.3876631,-2.164286,2.916025,-0.177325,-0.468449,-0.074886,7.290844,-1.929490,1.747475,2.835434,0.005000,0.000100
1778744454.30768,-1.053486,-2.481038,-0.651700,-1.410795,-0.979482,1.146174,-1.871606,2.429733,0.727900,0.005000,0.000118
1778744456.876043,-5.009931,12.598993,-0.099836,-0.193754,-0.208320,26.220984,-1.953570,1.917561,4.330722,0.005000,0.000100
1778744463.0544682,-3.045294,5.302419,-0.298772,-0.604540,-0.587729,13.605374,-1.931266,1.845600,3.706498,0.005000,0.000100
1778744463.311816,-0.876307,-1.582352,-0.385631,-1.205095,-0.620303,1.282309,-1.876691,2.495616,0.559306,0.005000,0.000113
1778744469.314529,-1.014915,-1.383963,-0.399546,-0.924817,-0.596380,1.091722,-1.922080,1.816146,0.546478,0.005000,0.000100
1778744472.3163798,-1.113754,-2.472486,-0.602147,-1.322105,-1.008067,0.946123,-1.896309,2.645699,0.608943,0.005000,0.000109
1778744478.5754838,-1.397504,-2.113244,-0.419656,-1.471127,-0.708526,0.993265,-1.969207,2.113526,0.860504,0.005000,0.000100
1778744483.1538079,-1.065008,-2.445915,-0.587150,-1.344548,-0.975542,0.948374,-1.892032,2.572404,0.542018,0.005000,0.000106
1778744490.024807,-1.723352,-2.307976,-0.523667,-1.163526,-0.975913,0.731971,-1.984052,2.171145,0.858944,0.005000,0.000100
1778744493.1686552,-1.367325,-2.685019,-0.652434,-1.540302,-1.049657,1.142451,-1.887513,2.770402,0.984240,0.005000,0.000103
1778744498.4107141,-1.356634,-2.498135,-0.571884,-1.543974,-0.911506,1.078993,-1.958111,2.053489,0.892698,0.005000,0.000100
1778744499.672311,-0.798213,-2.286716,-0.597649,-1.397063,-1.016211,1.473247,-1.866105,2.483303,0.608144,0.005000,0.000101
1778744506.903923,-1.221767,-1.077614,-0.289404,-0.756296,-0.400569,0.756424,-1.931613,1.911558,0.529720,0.005000,0.000100
1778744515.930318,-1.623776,-2.518494,-0.670229,-1.393467,-0.947982,1.011756,-1.911694,2.538760,1.015907,0.005000,0.000100
1778744516.423021,-2.482171,4.027260,0.066547,0.040461,0.188796,7.482818,-1.925323,1.990677,2.823067,0.005000,0.000100
1778744522.255626,-0.832886,-2.965631,-0.769095,-1.902304,-1.122634,1.679066,-1.839902,2.226116,0.859577,0.005000,0.000100
1778744523.733967,-1.250574,-2.884131,-0.717347,-1.847658,-1.027252,1.435563,-1.910544,1.931024,1.054094,0.005000,0.000100
1778744534.059029,-2.310555,3.312326,-0.108219,-0.154044,-0.124350,7.422465,-1.876467,2.458686,2.835104,0.005000,0.000100
1778744535.808876,-1.926159,-2.314734,-0.632292,-1.590788,-0.941607,1.721892,-1.965074,2.198573,1.382581,0.005000,0.000100
1778744543.4349399,-1.953634,2.734728,-0.207983,-0.487528,-0.267005,7.419356,-1.869268,2.486826,2.869812,0.005000,0.000100
1778744545.997698,-1.606185,-1.405305,-0.330756,-0.829373,-0.451747,0.434435,-1.959688,2.129163,0.586393,0.005000,0.000100
1778744551.0092852,-3.719460,7.915422,-0.405049,-1.234327,-0.486832,20.106525,-1.879034,2.326497,4.310112,0.005000,0.000100
1778744554.4831092,-1.328532,-2.391468,-0.556278,-1.273873,-1.005464,0.908388,-1.942931,2.009432,0.768045,0.005000,0.000100
1778744557.447983,-3.718228,10.138645,-0.117552,-0.195631,0.151208,20.623859,-1.848396,2.261838,4.362413,0.005000,0.000100
1778744562.679575,-1.354422,-2.692292,-0.566144,-1.752908,-0.967444,1.208976,-1.940645,2.056656,0.980543,0.005000,0.000100
1778744567.245424,-4.821578,12.575553,-0.194822,-0.242006,-0.348135,26.744907,-1.876358,2.387591,4.480896,0.005000,0.000100
1778744573.5420642,-1.484502,-3.674955,-0.775892,-1.936064,-1.539042,1.173747,-1.930978,2.166288,1.040516,0.005000,0.000100
1778744576.074424,-3.670850,8.982118,-0.265919,-0.587988,-0.447627,20.590412,-1.859576,2.310877,4.385544,0.005000,0.000100
1778744583.594605,-1.700394,4.271818,0.069647,0.162080,0.128313,7.848071,-1.856056,2.451387,2.948416,0.005000,0.000100
1778744584.88535,-1.724317,-2.699571,-0.638746,-1.449798,-0.987642,0.774208,-1.937633,2.097852,0.899817,0.005000,0.000100
1778744592.980583,-1.268199,-2.418917,-0.602158,-1.372445,-0.842405,0.815649,-1.899286,1.946440,0.680995,0.005000,0.000100
1778744594.938823,-1.118485,-1.948334,-0.392977,-1.468778,-0.695560,1.245954,-1.896198,2.799048,0.844009,0.005000,0.000100
1778744603.764655,-2.838417,3.258877,-0.106681,-0.174487,-0.161197,7.422699,-1.933313,2.021630,2.708728,0.005000,0.000100
1778744606.515114,-2.136772,1.921903,-0.356446,-0.820641,-0.485454,7.195910,-1.921940,2.702238,2.818541,0.005000,0.000100
1778744609.729203,-1.923720,2.674243,-0.306028,-0.607816,-0.273030,7.739096,-1.873760,1.686216,2.931931,0.005000,0.000100
1778744616.429325,-3.036014,7.810789,0.115035,0.235758,0.398092,14.142328,-1.881119,1.852044,3.772495,0.005000,0.000100
1778744616.7529862,-0.988701,-2.318296,-0.564913,-1.532683,-0.867504,1.319861,-1.894594,2.625443,0.744773,0.005000,0.000100
1778744624.676039,-1.864514,2.938728,-0.105896,-0.431360,-0.215342,7.407256,-1.899375,2.460278,2.868612,0.005000,0.000100
1778744626.473669,-1.690196,-1.975069,-0.455703,-1.311860,-0.587644,0.780907,-1.915922,2.063057,0.900589,0.005000,0.000100
1778744632.335493,-4.661590,11.799240,-0.367629,-0.783905,-0.547128,27.019735,-1.898473,2.393013,4.640992,0.005000,0.000100
1778744634.151617,-1.283455,-2.625607,-0.626920,-1.620323,-0.876600,1.015548,-1.881043,1.907755,0.855334,0.005000,0.000100
1778744640.548544,-1.990290,3.867448,-0.035613,-0.195930,0.063223,8.096827,-1.876054,2.529103,2.996994,0.005000,0.000100
1778744644.580343,-1.643785,-1.886849,-0.401714,-1.195253,-0.549202,0.538294,-1.899140,1.965334,0.725020,0.005000,0.000100
1778744651.0892081,-2.026837,3.625479,0.006065,-0.060020,-0.104243,7.585465,-1.862436,1.811218,2.897976,0.005000,0.000100
1778744653.852436,-1.415375,-2.512597,-0.620502,-1.574358,-0.921821,1.234995,-1.925989,2.682498,1.040442,0.005000,0.000100
1778744654.8645508,-5.683283,15.346866,-0.313880,-0.626406,-0.272897,33.139030,-1.889102,1.893351,4.563529,0.005000,0.000100
1778744658.9180968,-4.547997,11.357893,-0.565655,-1.103143,-0.535785,27.143810,-1.875472,1.886007,4.714212,0.005000,0.000100
1778744665.818495,-5.896585,16.634554,0.027059,0.020821,0.078313,33.035267,-1.910118,1.854457,4.364420,0.005000,0.000100
1778744667.354293,-1.292985,-1.500457,-0.351426,-0.885523,-0.585386,0.671388,-1.934916,2.763213,0.536773,0.005000,0.000100
1778744670.9161658,-2.791024,4.332137,-0.537872,-1.202218,-0.949226,14.061114,-1.881392,1.820810,3.834592,0.005000,0.000100
1778744677.96474,-1.099266,-2.118524,-0.531708,-1.277387,-0.830161,1.067559,-1.907914,2.609401,0.677944,0.005000,0.000100
1778744681.943241,-3.700201,6.615277,-0.062395,-0.231492,0.257988,13.322978,-1.938879,2.062500,3.369920,0.005000,0.000100
1778744687.229373,-1.050672,-2.649665,-0.549880,-1.691932,-0.965484,1.141300,-1.876199,2.603737,0.714768,0.005000,0.000100
1778744691.097522,-1.315705,-2.477076,-0.596984,-1.405280,-0.857114,0.783026,-1.898836,1.842016,0.701574,0.005000,0.000100
1778744697.4011788,-1.081983,-3.617486,-0.758967,-1.921352,-1.555595,1.263215,-1.887650,2.635968,0.826045,0.005000,0.000100
1778744698.435034,-2.984545,6.327430,-0.136595,-0.285034,-0.099352,13.716421,-1.925428,1.959771,3.740869,0.005000,0.000100
1778744707.938717,-2.408372,1.521170,-0.469391,-1.185075,-0.558268,7.488825,-1.941747,2.101687,2.842355,0.005000,0.000100
1778744709.0881422,-2.269411,3.869498,0.009781,0.069992,0.074147,7.456363,-1.901527,2.520729,2.852099,0.005000,0.000100
1778744717.5333068,-1.346183,-2.183637,-0.484523,-1.302759,-0.741542,0.710514,-1.937377,2.014170,0.633337,0.005000,0.000100
1778744718.058198,-0.991028,-2.325605,-0.600413,-1.387288,-0.851274,1.051313,-1.862376,2.457508,0.569665,0.005000,0.000100
1778744728.51676,-2.600881,4.260574,0.129212,0.178581,0.312811,7.300016,-1.942635,2.007449,2.762191,0.005000,0.000100
1778744730.605315,-4.259672,10.385548,0.012083,0.089452,0.113744,20.364584,-1.893448,2.404806,4.050455,0.005000,0.000100
1778744735.8427908,-3.412872,8.695739,-0.407883,-1.006936,-0.333409,20.909872,-1.838913,2.193794,4.525548,0.005000,0.000100
1778744737.3804018,-1.499409,-2.774217,-0.562073,-1.459437,-1.035072,0.583452,-1.916419,1.872330,0.674582,0.005000,0.000100
1778744743.390485,-2.788842,8.131356,0.143574,0.309672,0.512405,14.356203,-1.861451,2.479246,3.872431,0.005000,0.000100
1778744746.514504,-2.599761,2.507956,-0.214965,-0.465070,-0.456437,7.308319,-1.931072,1.946336,2.761074,0.005000,0.000100
1778744754.731353,-1.249319,-1.956404,-0.444544,-1.286649,-0.601689,0.779006,-1.876633,2.605077,0.654457,0.005000,0.000100
1778744755.0431979,-3.244998,7.443130,0.077496,0.191863,0.129300,14.107882,-1.908372,1.894153,3.700047,0.005000,0.000100
1778744762.8998048,-4.292360,9.938989,-0.080543,-0.285364,-0.038825,20.708179,-1.932622,2.073583,4.101465,0.005000,0.000100
1778744763.500159,-0.959498,-2.556976,-0.654711,-1.650664,-0.861348,1.243339,-1.850863,2.384468,0.706168,0.005000,0.000100
1778744770.493601,-1.283715,-3.005169,-0.681824,-1.866222,-1.053360,1.212663,-1.921326,2.018975,0.946405,0.005000,0.000100
1778744771.361152,-4.770086,13.255109,-0.035557,-0.086975,-0.055813,26.891516,-1.875320,2.460938,4.535275,0.005000,0.000100
1778744777.406154,-2.663177,6.500262,-0.149005,-0.380753,-0.143220,14.370702,-1.849413,2.422074,3.902775,0.005000,0.000100
1778744781.9165928,-2.730940,3.504338,-0.020704,0.011697,-0.067710,7.182447,-1.958202,2.033718,2.705000,0.005000,0.000100
1778744786.783068,-2.124632,1.695396,-0.417188,-0.942795,-0.536497,7.207374,-1.876117,2.362343,2.817724,0.005000,0.000100
1778744790.6546052,-2.587120,2.845948,-0.191670,-0.339639,-0.283886,7.341207,-1.948966,1.891975,2.775681,0.005000,0.000100
1778744794.3316932,-4.645632,13.023621,-0.231764,-0.427398,0.032965,27.321783,-1.853155,2.214741,4.657593,0.005000,0.000100
1778744797.261975,-3.076710,4.352082,-0.493621,-1.358957,-0.526940,13.482348,-1.958484,1.914751,3.686600,0.005000,0.000100
1778744804.0916722,-4.054142,9.464637,-0.090018,-0.098854,-0.400951,20.126734,-1.945804,1.781335,4.174212,0.005000,0.000100
1778744804.142787,-5.719897,17.271643,0.025661,0.298819,0.298094,33.321186,-1.888107,2.304776,4.550771,0.005000,0.000100
1778744810.033667,-4.325703,11.212887,-0.482745,-1.254471,-0.664612,27.253504,-1.866004,2.407473,4.853795,0.005000,0.000100
1778744813.339801,-1.472757,-3.023177,-0.742847,-1.765471,-1.106340,1.202548,-1.962506,1.958617,1.034243,0.005000,0.000100
1778744820.1832051,-1.061149,-2.713264,-0.590357,-1.936577,-0.973137,1.593202,-1.958557,1.958791,0.935629,0.005000,0.000100
1778744824.8775308,-1.746271,-1.762367,-0.422134,-0.955146,-0.647088,0.549630,-1.931258,2.562860,0.756755,0.005000,0.000100
1778744828.585651,-1.304031,-2.229743,-0.539736,-1.434197,-0.747396,1.003203,-1.980336,2.003141,0.778756,0.005000,0.000100
1778744833.536458,-1.767126,1.663882,-0.468857,-1.018192,-0.652761,7.631562,-1.883596,2.417561,2.909371,0.005000,0.000100
1778744838.8456252,-1.630023,-2.980568,-0.651584,-1.718747,-1.180007,1.161663,-2.010165,2.212186,1.063095,0.005000,0.000100
1778744844.992616,-1.923272,3.346593,-0.122253,-0.243186,-0.007843,7.465000,-1.895658,2.524975,2.879861,0.005000,0.000100
1778744848.9226391,-1.559970,-1.511053,-0.415238,-0.902749,-0.552629,0.739002,-1.992594,1.987555,0.783042,0.005000,0.000100
1778744857.084063,-1.144602,-2.780526,-0.770665,-2.023390,-0.713581,1.472438,-1.968520,1.821780,0.939029,0.005000,0.000100
1778744858.551306,-1.300121,-2.294749,-0.606535,-1.504864,-0.765221,1.188930,-1.905741,2.518939,0.955775,0.005000,0.000100
1778744864.915993,-5.088621,12.405533,-0.141194,-0.085668,-0.342728,25.970129,-2.011506,1.988405,4.281938,0.005000,0.000100
1778744868.840856,-1.944684,3.386346,-0.110939,-0.156863,-0.092268,7.517541,-1.892138,2.471093,2.889595,0.005000,0.000100
1778744875.0955799,-2.645419,4.114852,0.100657,0.231608,0.329169,6.926524,-1.988683,1.968561,2.686431,0.005000,0.000100
1778744880.0950599,-2.027433,2.195659,-0.326838,-0.886299,-0.239950,7.320830,-1.890812,2.333616,2.848423,0.005000,0.000100
1778744886.1033962,-2.525195,3.970127,0.079081,0.084210,0.135245,7.363245,-1.984165,2.006320,2.802882,0.005000,0.000100
1778744887.8737438,-2.786236,4.852374,-0.387461,-1.044338,-0.592730,13.777040,-1.881552,2.323565,3.794526,0.005000,0.000100
1778744893.0928771,-4.175963,9.956927,-0.062941,-0.279287,0.251654,20.113010,-1.984583,1.800772,4.124569,0.005000,0.000100
1778744897.570719,-3.786025,8.532660,-0.293109,-0.885007,-0.298200,20.042181,-1.916513,2.423009,4.287851,0.005000,0.000100
1778744900.3776891,-1.210656,-1.964676,-0.443702,-1.262303,-0.821382,1.144483,-1.967160,1.906018,0.797346,0.005000,0.000100
1778744905.41863,-3.597846,9.139338,-0.213095,-0.648800,-0.257374,20.541904,-1.901815,2.468879,4.430373,0.005000,0.000100
1778744911.345984,-1.851333,-1.616778,-0.384409,-1.049208,-0.517203,0.688989,-2.016752,2.090651,0.857403,0.005000,0.000100
1778744915.024875,-2.914709,4.186516,-0.495696,-1.430687,-0.667322,13.585475,-1.920244,2.503323,3.741140,0.005000,0.000100
1778744918.30247,-1.232940,-2.408462,-0.555978,-1.298015,-1.029553,0.969791,-1.999276,1.962299,0.651938,0.005000,0.000100
1778744921.947903,-2.837596,7.479996,0.060456,0.260322,0.079257,14.186009,-1.898514,2.608815,3.844785,0.005000,0.000100
1778744931.058041,-1.984747,-1.383698,-0.313424,-0.818121,-0.551671,0.621266,-2.081547,2.222952,0.824551,0.005000,0.000100
1778744933.148756,-3.893201,8.430592,-0.375386,-0.708160,-0.471602,19.995462,-1.936098,2.398380,4.238083,0.005000,0.000100
1778744942.992254,-2.071605,2.461271,-0.338299,-0.593865,-0.343765,7.499889,-1.915506,2.548989,2.882037,0.005000,0.000100
1778744945.3654552,-2.206616,-1.435353,-0.332652,-0.799499,-0.536563,0.489928,-2.088976,2.320741,0.727316,0.005000,0.000100
1778744954.3780081,-1.407421,-2.908941,-0.748481,-1.512778,-1.228213,1.182806,-2.022969,2.174583,0.945108,0.005000,0.000100
1778744954.45247,-1.283777,-2.734573,-0.631611,-1.760456,-0.926601,1.192589,-1.921780,2.439657,0.934250,0.005000,0.000100
1778744962.354639,-3.674454,9.286710,-0.239589,-0.381525,-0.315341,20.468349,-1.911008,2.202014,4.391736,0.005000,0.000100
1778744963.5617669,-1.476172,-2.912704,-0.692693,-1.700658,-1.181054,1.344600,-1.997089,2.119438,1.092014,0.005000,0.000100
1778744970.080485,-0.986597,-2.172585,-0.508458,-1.220794,-1.025192,1.183018,-1.958853,1.929919,0.513957,0.005000,0.000100
1778744971.8329878,-1.991872,2.577363,-0.343530,-0.474781,-0.474767,7.764846,-1.923775,2.396378,2.936402,0.005000,0.000100
1778744978.5344799,-1.317857,-3.115556,-0.735251,-1.646358,-1.326867,1.206654,-1.974779,2.081403,0.928025,0.005000,0.000100
1778744980.369406,-0.952599,-2.598328,-0.585332,-1.946246,-0.945452,1.782585,-1.922491,2.518042,0.967180,0.005000,0.000100
1778744988.3153,-1.495269,-3.229562,-0.740318,-1.739671,-1.251008,1.024055,-1.992273,2.118635,0.929182,0.005000,0.000100
1778744990.109264,-1.126730,-2.071941,-0.532398,-1.408275,-0.713850,1.190049,-1.938959,2.488563,0.767631,0.005000,0.000100
1778744997.299638,-2.401604,4.218447,0.106546,0.196795,0.261022,7.328401,-1.964819,2.023115,2.816148,0.005000,0.000100
1778745001.3053231,-1.241547,-2.859580,-0.634145,-1.709746,-1.098961,1.194302,-1.958477,2.775864,0.869427,0.005000,0.000100
1778745006.9652338,-3.412052,6.060277,-0.237523,-0.152526,-0.380443,13.682520,-1.988931,2.098153,3.598958,0.005000,0.000100
1778745011.0948322,-4.688151,12.360443,-0.177201,-0.520805,-0.240834,26.616703,-1.939707,1.813980,4.602265,0.005000,0.000100
1778745011.341186,-1.140150,-1.145102,-0.378062,-0.816603,-0.407890,0.939763,-1.943960,2.485592,0.571210,0.005000,0.000100
1778745016.316946,-2.415221,3.503969,-0.736468,-2.014787,-0.900521,14.334180,-1.907631,2.269071,3.954818,0.005000,0.000100
1778745016.9343848,-1.022874,-1.825143,-0.573607,-1.141421,-0.704837,1.206905,-1.932372,1.746143,0.649546,0.005000,0.000100
1778745024.419467,-1.092811,-2.710797,-0.569092,-1.638035,-1.036998,1.086615,-1.957949,1.995819,0.612963,0.005000,0.000100
1778745028.430242,-4.103193,10.338654,0.078874,0.176691,0.182276,19.825558,-1.957340,2.393028,4.112430,0.005000,0.000100
1778745031.6593459,-1.095336,-1.899994,-0.417738,-1.076946,-0.929884,1.068832,-1.965343,1.968401,0.588707,0.005000,0.000100
1778745039.903852,-1.291711,-3.138945,-0.648726,-1.945101,-1.184107,1.297924,-1.970585,1.994468,0.964396,0.005000,0.000100
1778745041.822675,-2.338283,4.195522,0.109829,0.242634,0.285743,7.137733,-1.947992,2.310227,2.785958,0.005000,0.000100
1778745047.8675442,-1.366739,-2.425488,-0.585541,-1.589574,-0.649318,0.817434,-1.964066,1.954545,0.715413,0.005000,0.000100
1778745051.453068,-3.747353,8.919645,-0.237416,-0.682827,-0.180494,20.064945,-1.943877,2.418176,4.322091,0.005000,0.000100
1778745057.202124,-2.306844,1.654070,-0.378649,-0.939818,-0.511818,6.989058,-1.988639,2.034778,2.766426,0.005000,0.000100
1778745062.536736,-3.027517,7.175964,0.019731,-0.070914,0.272002,13.932454,-1.945810,2.216367,3.765688,0.005000,0.000100
1778745063.3783731,-1.881381,3.463471,-0.084117,-0.172185,-0.000619,7.458006,-1.930683,1.722218,2.878189,0.005000,0.000100
1778745069.771026,-0.883238,-1.693452,-0.405956,-1.225614,-0.754902,1.411347,-1.931643,2.530606,0.588966,0.005000,0.000100
1778745073.42414,-1.544057,-2.303835,-0.482921,-1.579008,-0.686238,0.909531,-1.980897,2.086622,0.893621,0.005000,0.000100
1778745080.409926,-1.200040,-2.461851,-0.643327,-1.453883,-1.006538,1.302443,-1.946526,1.864708,0.909946,0.005000,0.000100
1778745082.146036,-1.491870,-1.680284,-0.377820,-1.053351,-0.620839,0.770414,-1.992248,2.696160,0.760143,0.005000,0.000100
1778745088.4908319,-1.244889,-2.882413,-0.702495,-1.727479,-1.039753,1.194920,-1.958221,2.028946,0.873103,0.005000,0.000100
1778745090.8451478,-0.908464,-2.335201,-0.574621,-1.321880,-1.054520,1.257794,-1.947725,2.615154,0.444387,0.005000,0.000100
1778745098.781354,-1.587198,-1.829792,-0.492040,-1.117713,-0.511455,0.601631,-1.970062,1.879843,0.711061,0.005000,0.000100
1778745105.2716959,-1.525250,-1.317896,-0.292905,-0.761171,-0.487975,0.476827,-2.017352,2.851714,0.510623,0.005000,0.000100
1778745105.80816,-3.001645,4.728806,-0.377346,-0.990730,-0.547307,13.308698,-1.975579,2.032013,3.690210,0.005000,0.000100
1778745113.393641,-1.138841,-1.972125,-0.466823,-1.077637,-0.926096,1.016512,-1.958970,1.964928,0.618152,0.005000,0.000100
1778745121.492554,-1.849477,-1.472633,-0.318172,-0.810633,-0.500094,0.341663,-2.027663,2.913125,0.586812,0.005000,0.000100
1778745126.7996001,-1.877774,-2.147110,-0.528290,-1.441011,-0.724593,1.114998,-1.996669,2.142939,1.105975,0.005000,0.000100
1778745131.9382248,-1.153853,-2.944570,-0.744502,-1.509684,-1.264763,1.177428,-1.972750,2.867081,0.750433,0.005000,0.000100
1778745135.1179268,-3.187811,6.354667,-0.098206,-0.134725,-0.176422,13.547727,-1.952806,1.968640,3.654904,0.005000,0.000100
1778745141.8940558,-1.196451,-3.067622,-0.703410,-1.725124,-1.269128,1.287123,-1.954606,2.704300,0.889647,0.005000,0.000100
1778745143.0723782,-1.276376,-2.617095,-0.587332,-1.560768,-0.982552,1.047055,-1.946486,1.994006,0.815140,0.005000,0.000100
1778745148.814209,-0.734668,-2.081340,-0.530434,-1.255177,-1.088884,1.612643,-1.942293,2.633508,0.414037,0.005000,0.000100
1778745151.966814,-1.268026,-2.179831,-0.480856,-1.225851,-0.916407,0.906819,-1.965541,2.025283,0.683367,0.005000,0.000100
1778745158.486063,-0.962230,-3.115561,-0.774752,-1.661136,-1.355997,1.379590,-1.950834,2.694153,0.668541,0.005000,0.000100
1778745158.951411,-1.114273,-2.008905,-0.447547,-1.172107,-0.890155,1.022145,-1.948385,2.033681,0.602220,0.005000,0.000100
1778745167.042492,-1.206886,-3.768381,-0.806714,-2.072824,-1.488611,1.220820,-1.941166,2.128567,0.870283,0.005000,0.000100
1778745168.170238,-1.211376,-3.050790,-0.722861,-1.745841,-1.198822,1.259861,-1.959996,2.639326,0.881558,0.005000,0.000100
1778745173.649315,-1.007870,-3.275527,-0.715317,-1.812703,-1.465477,1.455498,-1.936432,1.955786,0.811905,0.005000,0.000100
1778745178.516553,-1.101584,-2.743545,-0.741955,-1.467826,-1.129982,1.217386,-1.934226,2.494880,0.763102,0.005000,0.000100
1778745184.860481,-1.592422,-2.473377,-0.602847,-1.454883,-0.957660,1.105856,-1.977524,2.182915,1.031478,0.005000,0.000100
1778745190.755851,-3.262266,6.387426,-0.168676,-0.132292,-0.203192,13.806149,-1.956596,2.297708,3.666875,0.005000,0.000100
1778745193.263443,-1.363455,-2.209306,-0.477839,-1.196161,-0.839999,0.630723,-1.960560,2.133833,0.551954,0.005000,0.000100
1778745197.428651,-3.632055,10.135587,-0.046916,-0.132749,0.058368,20.535458,-1.905264,2.169032,4.416340,0.005000,0.000100
1778745203.195477,-1.476145,-1.744587,-0.388343,-0.997080,-0.749971,0.803003,-1.962819,2.138729,0.793131,0.005000,0.000100
1778745203.759299,-2.698132,6.758170,-0.135545,-0.124281,-0.120216,14.298698,-1.887339,2.227596,3.893201,0.005000,0.000100
1778745210.366071,-1.586564,1.467827,-0.377717,-1.516682,-0.551629,7.853395,-1.897213,2.568392,2.935774,0.005000,0.000100
1778745215.450716,-1.887882,-2.484586,-0.606853,-1.442715,-0.925989,1.004397,-1.991247,2.245369,1.050774,0.005000,0.000100
1778745218.647403,-0.902546,-1.964253,-0.459296,-1.158774,-0.972445,1.278309,-1.903625,2.578467,0.553925,0.005000,0.000100
1778745226.260354,-1.649860,-1.819663,-0.494221,-1.162048,-0.675320,1.045053,-1.953198,2.120129,1.029044,0.005000,0.000100
1778745227.6998148,-1.993008,3.488288,-0.083486,-0.275674,-0.048883,7.816714,-1.913716,2.405154,2.945887,0.005000,0.000100
1778745234.258467,-1.193547,-2.112943,-0.516075,-1.194108,-0.867323,0.948638,-1.922370,1.951028,0.681057,0.005000,0.000100
1778745235.9794009,-1.895602,1.456218,-0.485515,-1.317608,-0.481324,7.504482,-1.903086,2.315021,2.887603,0.005000,0.000100
1778745244.0946,-1.507896,-2.939550,-0.638249,-1.784231,-1.129401,1.245960,-1.930505,2.129777,1.089017,0.005000,0.000100
1778745246.8712928,-2.900508,5.407100,-0.326526,-0.696301,-0.457244,13.798017,-1.919284,2.367488,3.776420,0.005000,0.000100
1778745251.9413471,-4.367568,13.842793,-0.046819,0.029294,0.156802,27.429953,-1.877970,2.291955,4.857051,0.005000,0.000100
1778745253.412131,-1.602750,-2.348236,-0.500535,-1.494030,-0.830904,0.975145,-1.935196,2.067929,0.980150,0.005000,0.000100
1778745263.051938,-1.142313,-2.304294,-0.491270,-1.603751,-0.750032,1.107901,-1.930455,2.638422,0.735401,0.005000,0.000100
1778745263.8377469,-1.707714,-2.629246,-0.617279,-1.358871,-1.106350,0.927695,-1.931650,2.118666,0.987448,0.005000,0.000100
1778745269.930871,-1.690592,0.951756,-0.600405,-1.397049,-0.942663,7.807692,-1.890695,2.394587,2.937809,0.005000,0.000100
1778745270.2723851,-1.029748,-2.722694,-0.594215,-1.521375,-1.117163,1.039804,-1.894699,1.968676,0.569272,0.005000,0.000100
1778745279.465803,-0.992823,-2.821516,-0.711152,-1.773060,-1.053283,1.457610,-1.905834,2.565274,0.832680,0.005000,0.000100
1778745279.538723,-1.489935,-2.462702,-0.590543,-1.323575,-0.893414,0.709942,-1.908116,2.028133,0.771050,0.005000,0.000100
1778745286.003262,-3.690236,8.238314,-0.391337,-0.831050,-0.579350,20.102505,-1.923161,2.240465,4.343572,0.005000,0.000100
1778745288.462635,-1.395397,-2.548048,-0.598169,-1.408037,-0.960781,0.858296,-1.905451,2.041725,0.815230,0.005000,0.000100
1778745296.304841,-1.942406,2.710231,-0.262713,-0.468086,-0.302438,7.512033,-1.931340,2.509710,2.889043,0.005000,0.000100
1778745297.094957,-1.406849,-1.766868,-0.401962,-0.885455,-0.757757,0.576302,-1.866445,1.969039,0.636897,0.005000,0.000100
1778745304.390516,-0.818514,-1.779100,-0.442957,-1.053449,-0.958376,1.378263,-1.924379,2.689959,0.415431,0.005000,0.000100
1778745304.584563,-1.134825,-2.765074,-0.678080,-1.514005,-1.069761,1.013545,-1.855174,2.000085,0.741352,0.005000,0.000100
1778745312.016213,-2.169632,1.161927,-0.463082,-1.217132,-0.779101,7.262609,-1.860422,2.012548,2.821937,0.005000,0.000100
1778745314.836813,-3.003511,4.694773,-0.407254,-1.065219,-0.586641,13.534422,-1.960405,2.664755,3.718774,0.005000,0.000100
1778745320.448153,-1.355846,-1.449456,-0.342550,-0.685327,-0.621614,0.418277,-1.844500,1.820565,0.446585,0.005000,0.000100
1778745325.188462,-1.961112,2.974677,-0.176870,-0.245386,-0.269567,7.357471,-1.933063,2.447299,2.859037,0.005000,0.000100
1778745331.6562,-1.675488,-1.984957,-0.431270,-1.173493,-0.639088,0.538328,-1.879564,2.053876,0.742878,0.005000,0.000100
1778745334.786172,-0.962271,-2.611863,-0.626305,-1.657313,-0.971307,1.312045,-1.921839,2.592130,0.659355,0.005000,0.000100
1778745340.03339,-1.338195,-2.295377,-0.514344,-1.240920,-0.877669,0.695859,-1.859275,2.074725,0.686647,0.005000,0.000100
1778745345.5229938,-0.941023,-2.060746,-0.496783,-1.218358,-0.954868,1.245048,-1.936791,2.652045,0.530716,0.005000,0.000100
1778745348.956814,-1.451219,-0.862701,-0.157178,-0.546087,-0.330053,0.361222,-1.874889,1.998779,0.449353,0.005000,0.000100
1778745353.7516959,-0.849040,-1.803895,-0.430782,-1.154127,-0.877106,1.343889,-1.909299,2.765085,0.494121,0.005000,0.000100
1778745358.5331929,-1.607451,-2.233336,-0.537664,-1.225466,-0.792135,0.664079,-1.876006,2.022084,0.811005,0.005000,0.000100
1778745361.74258,-0.848853,-3.622001,-0.802675,-2.042842,-1.483968,1.443233,-1.907803,2.826367,0.598013,0.005000,0.000100
1778745366.856879,-1.269649,-3.106819,-0.692725,-1.781403,-1.059694,0.874364,-1.845873,2.035694,0.776266,0.005000,0.000100
1778745368.9702458,-0.781808,-3.197709,-0.708299,-1.810562,-1.479678,1.628214,-1.905006,2.655304,0.638262,0.005000,0.000100
1778745371.0297978,-0.694773,-1.791716,-0.499608,-1.243790,-0.765480,1.452573,-1.805827,1.824923,0.492309,0.005000,0.000100
1778745382.199889,-1.557944,-3.230381,-0.688824,-1.889091,-1.203490,1.123193,-1.846465,2.114484,1.074941,0.005000,0.000100
1778745382.3413818,-1.285602,-2.792799,-0.649546,-1.578412,-1.104710,1.107178,-1.942666,2.744225,0.866311,0.005000,0.000100
1778745388.8240588,-1.105450,-3.323225,-0.769714,-2.081225,-1.136070,1.348206,-1.817044,2.063702,0.967149,0.005000,0.000100
1778745392.453249,-1.061766,-1.868891,-0.451557,-1.105259,-0.771056,0.945838,-1.949242,2.787334,0.419291,0.005000,0.000100
1778745396.402795,-1.247444,-3.113416,-0.694687,-1.704774,-1.168844,0.929206,-1.810915,1.942848,0.824422,0.005000,0.000100
1778745403.756048,-1.148015,-1.844981,-0.433856,-1.013122,-0.852850,0.937843,-1.951254,2.814858,0.570233,0.005000,0.000100
1778745410.574663,-2.012247,-1.705059,-0.402625,-0.914072,-0.628063,0.500758,-1.864885,2.135448,0.729568,0.005000,0.000100
1778745414.8561752,-3.039708,5.269812,-0.371440,-0.887587,-0.342090,13.769186,-1.956617,2.733024,3.741079,0.005000,0.000100
1778745419.7641768,-2.319823,2.922178,-0.115574,-0.182531,-0.352046,7.163743,-1.815812,1.908518,2.770824,0.005000,0.000100
1778745428.211682,-2.376905,2.895208,-0.165738,-0.443161,-0.235880,7.498343,-1.798932,1.837018,2.821404,0.005000,0.000100
1778745428.452935,-1.290881,-1.992261,-0.510850,-1.215568,-0.751740,0.999075,-1.938565,2.727984,0.802483,0.005000,0.000100
1778745432.91254,-1.793202,2.959795,-0.206745,-0.301705,-0.285660,7.524947,-1.774451,1.713818,2.891481,0.005000,0.000100
1778745438.041683,-1.074220,-1.740249,-0.442197,-1.058886,-0.762307,1.072503,-1.907690,2.622131,0.647929,0.005000,0.000100
1778745439.917299,-3.100691,7.402297,-0.059182,0.008896,0.178619,14.567058,-1.782921,1.912875,3.775733,0.005000,0.000100
1778745449.626375,-1.130117,-3.082950,-0.661077,-1.800660,-1.178627,1.142891,-1.912813,2.806122,0.767592,0.005000,0.000100
1778745449.7683918,-2.501529,2.178829,-0.370184,-0.602973,-0.406896,7.137865,-1.825987,2.009957,2.724683,0.005000,0.000100
1778745457.7544022,-1.213042,-2.433876,-0.562172,-1.561054,-0.794711,0.987597,-1.795207,1.947452,0.848973,0.005000,0.000100
1778745460.3979788,-1.111592,-2.301649,-0.502913,-1.489498,-0.857305,1.122855,-1.914594,2.672291,0.728806,0.005000,0.000100
1778745465.927876,-1.159097,-2.574025,-0.623978,-1.426398,-0.889232,0.751142,-1.797293,1.997612,0.618104,0.005000,0.000100
1778745472.012685,-1.433495,-2.677268,-0.639038,-1.422055,-1.084099,0.962174,-1.918223,2.632411,0.898896,0.005000,0.000100
1778745475.216325,-1.383023,-2.234263,-0.492147,-1.304046,-0.754157,0.651754,-1.805552,1.958127,0.725123,0.005000,0.000100
1778745479.348127,-0.842995,-2.466172,-0.564321,-1.421216,-1.108233,1.281147,-1.884264,2.595230,0.467744,0.005000,0.000100
1778745483.615882,-1.332429,-3.119922,-0.665183,-1.651398,-1.258274,0.930425,-1.804109,2.055759,0.886906,0.005000,0.000100
1778745489.051834,-2.027808,2.156266,-0.343319,-0.653435,-0.502051,7.335878,-1.902930,2.573615,2.851955,0.005000,0.000100
1778745492.411819,-1.303243,-2.083366,-0.484971,-1.130666,-0.787100,0.659170,-1.815723,2.042762,0.663772,0.005000,0.000100
1778745499.830288,-1.163911,-2.787668,-0.604532,-1.447952,-1.102905,0.755150,-1.800130,1.970553,0.623943,0.005000,0.000100
1778745500.025067,-1.164381,-2.514328,-0.613557,-1.427165,-0.957422,0.992913,-1.887415,2.528141,0.722754,0.005000,0.000100
1778745507.666734,-1.208992,-2.475796,-0.539777,-1.367914,-0.988606,0.861473,-1.815964,2.047175,0.740163,0.005000,0.000100
1778745510.186042,-1.051498,-1.539035,-0.381556,-0.908004,-0.705659,0.938286,-1.849991,2.591755,0.578018,0.005000,0.000100
1778745517.537142,-1.640586,-2.019257,-0.443945,-1.166806,-0.673491,0.550998,-1.823723,2.102778,0.758258,0.005000,0.000100
1778745517.87566,-1.741323,1.415370,-0.510560,-1.297581,-0.615928,7.704561,-1.841557,2.568381,2.923946,0.005000,0.000100
1778745527.6576262,-1.585030,-2.364691,-0.548174,-1.213280,-0.818223,0.451417,-1.817978,2.144583,0.664290,0.005000,0.000100
1778745529.909308,-2.099365,4.263773,0.098523,0.156210,0.269542,7.503427,-1.845803,2.442990,2.875014,0.005000,0.000100
1778745537.634559,-1.393272,-3.348099,-0.692598,-1.981664,-1.265413,1.204906,-1.797981,2.175384,1.075544,0.005000,0.000100
1778745539.731457,-1.040569,-1.220649,-0.348143,-0.717084,-0.536402,0.785269,-1.826494,2.330926,0.431523,0.005000,0.000100
1778745546.781661,-1.093782,-3.196662,-0.714730,-1.774388,-1.227502,1.060630,-1.781757,2.071212,0.807823,0.005000,0.000100
1778745552.048932,-3.060160,7.260538,0.049863,0.136377,0.138656,13.897032,-1.851984,2.574960,3.717428,0.005000,0.000100
1778745557.63408,-1.631657,-2.310056,-0.509885,-1.325422,-0.775592,0.623151,-1.808072,2.146414,0.811055,0.005000,0.000100
1778745561.6030982,-0.937652,-2.269901,-0.525538,-1.316913,-0.891349,0.954577,-1.836823,2.677983,0.402862,0.005000,0.000100
1778745566.659476,-1.348157,-2.767594,-0.590241,-1.422254,-1.127630,0.766277,-1.786396,2.121446,0.798765,0.005000,0.000100
1778745571.433774,-1.120108,-0.833153,-0.177153,-0.573034,-0.394979,0.650381,-1.831493,2.635536,0.400435,0.005000,0.000100
1778745575.008236,-1.195079,-1.822066,-0.392097,-0.900590,-0.859803,0.680874,-1.794510,2.002627,0.597734,0.005000,0.000100
1778745580.185865,-1.137333,-2.147337,-0.533348,-1.176426,-0.834933,0.821149,-1.832652,2.640855,0.612536,0.005000,0.000100
1778745583.1099148,-1.219033,-3.473285,-0.724206,-1.988215,-1.252467,1.003407,-1.781328,2.020155,0.873837,0.005000,0.000100
1778745589.496282,-0.927685,-2.890206,-0.701564,-1.775580,-1.012353,1.224025,-1.819810,2.544280,0.689717,0.005000,0.000100
1778745593.0795672,-1.508406,-2.985471,-0.645297,-1.545982,-1.149267,0.731314,-1.792511,2.116247,0.850228,0.005000,0.000100
1778745595.322849,-0.545242,-1.785232,-0.515294,-1.269955,-0.829788,1.686000,-1.792075,2.638921,0.382109,0.005000,0.000100
1778745602.680831,-1.468410,-2.904615,-0.658941,-1.723511,-1.098529,1.174401,-1.813066,2.167139,1.083007,0.005000,0.000100
1778745605.343497,-1.965748,1.637892,-0.445584,-1.179876,-0.505495,7.563419,-1.833278,2.572681,2.895566,0.005000,0.000100
1778745610.464551,-1.204724,-2.076993,-0.480953,-0.975178,-0.925657,0.629723,-1.786237,2.013266,0.569177,0.005000,0.000100
1778745614.997587,-0.989128,-3.472270,-0.795629,-2.070314,-1.264836,1.343767,-1.812008,2.674817,0.860643,0.005000,0.000100
1778745617.766065,-1.062653,-3.308135,-0.717468,-1.917178,-1.177986,1.029274,-1.760791,2.028086,0.775941,0.005000,0.000100
1778745623.5524979,-0.995101,-3.001199,-0.678654,-1.655484,-1.149021,0.988794,-1.794333,2.487486,0.623629,0.005000,0.000100
1778745623.9555562,-0.923206,-2.744105,-0.622708,-1.406864,-1.153349,0.897498,-1.749756,1.986610,0.487981,0.005000,0.000100
1778745632.33006,-1.437768,-2.499457,-0.566788,-1.267608,-0.970916,0.631644,-1.765517,1.993532,0.763199,0.005000,0.000100
1778745637.40486,-3.403677,8.109852,0.284586,0.517287,0.397953,13.844028,-1.834058,2.397497,3.555954,0.005000,0.000100
1778745640.58805,-1.230689,-3.113165,-0.667269,-1.638466,-1.215150,0.835187,-1.764594,1.974478,0.781830,0.005000,0.000100
1778745649.513459,-3.724924,9.529208,-0.168475,-0.351145,-0.283169,20.686728,-1.786886,2.273118,4.337272,0.005000,0.000100
1778745654.524204,-1.727206,-2.441720,-0.545444,-1.297848,-0.875170,0.575424,-1.816182,2.193950,0.794081,0.005000,0.000100
1778745660.659689,-2.145914,3.442196,-0.062091,-0.203620,-0.035682,7.510644,-1.772738,2.346501,2.861892,0.005000,0.000100
1778745662.111176,-1.225571,-2.483350,-0.504716,-1.264221,-1.074250,0.739888,-1.790328,2.021381,0.683891,0.005000,0.000100
1778745666.3262389,-1.547449,3.956339,-0.078410,-0.019568,0.054605,8.023476,-1.742414,2.405225,2.978714,0.005000,0.000100
1778745671.145,-1.430236,-2.968201,-0.613996,-1.576214,-1.119913,0.705852,-1.808304,2.201126,0.790862,0.005000,0.000100
1778745674.420782,-2.883513,7.513793,-0.043212,0.055645,0.113937,14.799031,-1.749927,2.418350,3.874993,0.005000,0.000100
1778745679.946093,-1.532757,-2.261182,-0.474038,-1.063129,-0.941089,0.455453,-1.800668,2.130178,0.652922,0.005000,0.000100
1778745684.756433,-2.192713,2.470978,-0.257663,-0.604455,-0.264066,7.219371,-1.784521,2.504732,2.799355,0.005000,0.000100
1778745692.543201,-2.192143,-1.045456,-0.279796,-0.745150,-0.348175,0.678160,-1.829852,2.283072,0.779533,0.005000,0.000100
1778745693.202946,-0.918454,-2.435528,-0.579817,-1.543884,-0.872061,1.145875,-1.758426,2.540875,0.699461,0.005000,0.000100
1778745700.9845738,-1.416244,-2.697705,-0.603237,-1.567827,-1.008319,0.984947,-1.779748,2.159037,0.973432,0.005000,0.000100
1778745702.701189,-0.843101,-2.395743,-0.611362,-1.426183,-0.863897,1.037454,-1.761028,2.605649,0.465313,0.005000,0.000100
1778745708.447616,-1.279300,-3.373420,-0.716170,-1.731071,-1.457075,1.082785,-1.743523,2.099404,0.981655,0.005000,0.000100
1778745712.521046,-1.057926,-2.057850,-0.455068,-1.238747,-0.730644,0.758198,-1.770449,2.497985,0.527583,0.005000,0.000100
1778745717.952075,-1.473335,-2.071165,-0.465285,-1.183093,-0.693031,0.561276,-1.749240,2.078850,0.734206,0.005000,0.000100
1778745722.121941,-1.040641,-3.068901,-0.682810,-1.630912,-1.229800,0.975795,-1.761621,2.655330,0.711791,0.005000,0.000100
1778745726.610502,-1.607946,-2.695825,-0.598772,-1.369518,-1.106639,0.779738,-1.752562,2.153108,0.918226,0.005000,0.000100
1778745731.953656,-0.997989,-1.834785,-0.461538,-1.074227,-0.728528,0.885731,-1.787735,2.671431,0.539579,0.005000,0.000100
1778745734.475192,-1.213444,-2.755689,-0.562555,-1.615160,-1.006180,0.877832,-1.738278,2.142081,0.818116,0.005000,0.000100
1778745740.2053812,-0.936061,-2.827222,-0.607150,-1.519652,-1.166951,0.959160,-1.773297,2.609604,0.535615,0.005000,0.000100
1778745742.548337,-1.166944,-3.002886,-0.643623,-1.516616,-1.203509,0.742310,-1.729501,2.058580,0.687862,0.005000,0.000100
1778745748.435733,-0.973990,-2.361839,-0.539365,-1.397784,-0.897427,0.972112,-1.775410,2.663687,0.605380,0.005000,0.000100
1778745753.140362,-1.684242,-2.237931,-0.508194,-1.181078,-0.860093,0.644063,-1.746436,2.119477,0.843402,0.005000,0.000100
1778745758.600064,-1.202103,-1.903084,-0.422556,-1.199057,-0.633168,0.730391,-1.785458,2.699727,0.658355,0.005000,0.000100
1778745762.983605,-1.532261,-2.155535,-0.492694,-1.249307,-0.741445,0.676691,-1.709856,2.086776,0.846661,0.005000,0.000100
1778745769.460547,-1.146260,-1.972603,-0.537447,-1.111904,-0.714295,0.809354,-1.769104,2.726747,0.684284,0.005000,0.000100
1778745774.0177011,-1.954330,-2.227906,-0.494412,-1.334123,-0.789493,0.802045,-1.743219,2.180174,0.917410,0.005000,0.000100
1778745778.426042,-0.740007,-2.028981,-0.463036,-1.181527,-0.871904,0.992684,-1.655997,1.771047,0.413182,0.005000,0.000100
1778745779.426968,-1.114128,-3.236313,-0.679577,-1.975141,-1.189986,1.244563,-1.753672,2.778235,0.963528,0.005000,0.000100
1778745785.8344839,-1.382787,-1.881210,-0.410567,-1.025284,-0.677151,0.483975,-1.705395,2.039076,0.649700,0.005000,0.000100
1778745788.223567,-0.918911,-3.181226,-0.724893,-1.791095,-1.218098,1.131940,-1.731667,2.622049,0.723700,0.005000,0.000100
1778745796.04204,-1.656458,-1.973812,-0.394411,-1.200922,-0.598599,0.461826,-1.736579,2.158572,0.711342,0.005000,0.000100
1778745799.830525,-1.157321,-2.199959,-0.507039,-1.315918,-0.714736,0.701924,-1.751750,2.645571,0.622342,0.005000,0.000100
1778745805.366731,-1.419470,-2.473477,-0.614138,-1.340820,-0.863005,0.709077,-1.698332,2.010566,0.837531,0.005000,0.000100
1778745809.784657,-1.035165,-2.950460,-0.636936,-1.528637,-1.183449,0.824043,-1.747719,2.692097,0.592837,0.005000,0.000100
1778745812.3028321,-1.105140,-2.589305,-0.640987,-1.398090,-0.957733,0.834730,-1.675006,1.971949,0.752761,0.005000,0.000100
1778745819.481087,-1.049792,-1.636532,-0.360589,-0.838335,-0.782890,0.716334,-1.745051,2.576991,0.508755,0.005000,0.000100
1778745820.813845,-1.402990,-2.073218,-0.449154,-1.253803,-0.581574,0.442175,-1.682953,1.954824,0.635780,0.005000,0.000100
1778745828.261631,-0.936877,-3.458511,-0.729530,-1.996242,-1.217083,0.993714,-1.731052,2.502687,0.635084,0.005000,0.000100
1778745828.4588969,-1.225900,-1.338492,-0.344810,-0.728808,-0.516075,0.521661,-1.685392,1.925850,0.587393,0.005000,0.000100
1778745837.545624,-1.507742,-2.992362,-0.550424,-1.694241,-1.012777,0.551119,-1.694358,2.096008,0.757403,0.005000,0.000100
1778745838.3410711,-1.212337,-2.852098,-0.639832,-1.548149,-1.025463,0.748917,-1.753477,2.622308,0.711871,0.005000,0.000100
1778745847.8698828,-1.135033,-3.125236,-0.674201,-1.751443,-1.185114,0.998866,-1.772718,2.782221,0.811189,0.005000,0.000100
1778745848.294741,-1.523209,-2.268064,-0.505804,-1.246864,-0.823759,0.637318,-1.694927,2.059188,0.821807,0.005000,0.000100
1778745855.546798,-1.292647,-1.804323,-0.467240,-1.019635,-0.507165,0.398360,-1.664756,1.892663,0.537375,0.005000,0.000100
1778745856.459826,-0.815064,-1.894718,-0.496207,-1.005162,-0.885319,1.010757,-1.741839,2.681881,0.410753,0.005000,0.000100
1778745863.460543,-1.193178,-3.340577,-0.708403,-1.960703,-1.099654,0.876584,-1.661642,2.021622,0.854482,0.005000,0.000100
1778745864.7444081,-0.849113,-3.243296,-0.738523,-1.925912,-1.129594,1.127223,-1.717833,2.575768,0.643385,0.005000,0.000100
1778745870.56463,-1.151811,-3.240949,-0.792695,-1.812598,-1.093611,0.935953,-1.652416,2.004211,0.872638,0.005000,0.000100
1778745871.1894772,-0.685624,-2.503158,-0.608858,-1.419289,-1.082785,1.242957,-1.704687,2.740740,0.476642,0.005000,0.000100
1778745874.736075,-2.644508,4.472209,-0.521393,-1.246258,-0.966386,14.430250,-1.628255,1.775833,3.858250,0.005000,0.000100
1778745880.03245,-1.032838,-2.499097,-0.574591,-1.275445,-1.023540,0.774418,-1.713279,2.546124,0.588235,0.005000,0.000100
1778745884.475255,-1.626885,-2.273015,-0.506135,-1.322268,-0.783874,0.699241,-1.656588,2.071920,0.880883,0.005000,0.000100
1778745888.6977348,-1.970177,3.386244,-0.143301,-0.233544,-0.102454,7.756045,-1.695715,2.495966,2.921323,0.005000,0.000100
1778745893.5204759,-1.386104,-2.528985,-0.597797,-1.397362,-0.831036,0.614612,-1.648388,2.019312,0.778759,0.005000,0.000100
1778745900.065614,-1.374741,-2.354314,-0.545619,-1.280147,-0.829208,0.628485,-1.734010,2.716276,0.744916,0.005000,0.000100
1778745903.941411,-1.695147,-2.187800,-0.475503,-1.208528,-0.736395,0.485111,-1.653055,1.985902,0.732833,0.005000,0.000100
1778745909.865569,-1.030584,-2.232934,-0.453992,-1.199712,-0.973118,0.814025,-1.716103,2.624738,0.618322,0.005000,0.000100
1778745910.82745,-1.087610,-3.763001,-0.876881,-2.269814,-1.080126,0.945610,-1.605952,1.797219,0.867264,0.005000,0.000100
1778745918.778002,-3.252111,8.019574,0.044961,0.140126,0.336122,15.016772,-1.643118,2.003983,3.716019,0.005000,0.000100
1778745919.516692,-1.178169,-2.725443,-0.590558,-1.585232,-1.007335,0.943521,-1.734559,2.815910,0.839280,0.005000,0.000100
1778745928.2990642,-1.698879,-2.607403,-0.658020,-1.671752,-0.899747,1.264557,-1.653165,2.032319,1.184374,0.005000,0.000100
1778745929.593318,-1.233434,-2.278286,-0.491074,-1.064297,-0.945349,0.472475,-1.732297,2.760713,0.498455,0.005000,0.000100
1778745934.53967,-1.130355,-2.871226,-0.622545,-1.577425,-1.010203,0.696240,-1.623093,1.834526,0.709812,0.005000,0.000100
1778745943.330453,-1.398083,-2.345123,-0.577770,-1.633544,-0.525783,0.803691,-1.641142,1.974062,0.909587,0.005000,0.000100
1778745944.063665,-1.716803,-1.336436,-0.316956,-0.823076,-0.389838,0.415328,-1.763730,2.846246,0.677517,0.005000,0.000100
1778745950.205687,-3.245317,6.502902,-0.102217,-0.413961,-0.100098,14.257352,-1.640844,1.899619,3.602933,0.005000,0.000100
1778745954.272342,-1.177565,-2.548993,-0.588150,-1.579502,-0.907598,1.080014,-1.709733,2.749831,0.940928,0.005000,0.000100
1778745958.7114072,-2.474026,1.811981,-0.474406,-1.345965,-0.523773,8.333815,-1.645761,2.156580,2.915055,0.005000,0.000100
1778745963.5215812,-1.064702,-3.343604,-0.722995,-1.735460,-1.388572,1.033209,-1.671309,2.636335,0.859739,0.005000,0.000100
1778745968.077127,-1.437634,-2.603348,-0.586186,-1.577485,-0.858228,0.857240,-1.641256,2.013638,0.952061,0.005000,0.000100
1778745974.474515,-1.246423,-1.902179,-0.456846,-1.145676,-0.563989,0.553987,-1.683520,2.532205,0.635026,0.005000,0.000100
1778745977.269675,-1.325171,-3.199454,-0.678043,-1.741271,-1.154933,0.769749,-1.635222,2.016186,0.865138,0.005000,0.000100
1778745984.989534,-1.289183,-2.714198,-0.582609,-1.367746,-1.051594,0.603016,-1.676784,2.751727,0.709289,0.005000,0.000100
1778745987.6302772,-2.665609,2.948596,-0.157665,-0.504192,-0.142620,7.526000,-1.651544,1.985561,2.686938,0.005000,0.000100
1778745994.929953,-1.971252,1.407481,-0.462943,-1.341297,-0.496332,7.435046,-1.614939,1.894054,2.849578,0.005000,0.000100
1778745996.14542,-0.916290,-2.708679,-0.558257,-1.617567,-0.982750,0.927728,-1.682661,2.793772,0.615001,0.005000,0.000100
1778746001.9964318,-3.078681,6.465379,-0.223846,-0.484191,-0.049023,14.464027,-1.638918,1.914865,3.710512,0.005000,0.000100
1778746008.716644,-4.719081,13.263570,-0.162568,-0.547548,-0.062856,28.091471,-1.634196,1.838762,4.542998,0.005000,0.000100
1778746009.301761,-0.940158,-2.879532,-0.646029,-1.535390,-1.143738,0.917146,-1.667861,2.589601,0.656246,0.005000,0.000100
1778746021.587593,-1.587804,-2.390141,-0.614095,-1.214065,-0.766175,0.428383,-1.657696,1.999534,0.685969,0.005000,0.000100
1778746027.351145,-2.160929,2.283451,-0.239980,-0.702919,-0.425523,7.328331,-1.685647,2.458434,2.809199,0.005000,0.000100
1778746030.8929012,-4.040160,9.233193,-0.422902,-0.713071,-0.445690,21.649853,-1.664049,2.013914,4.216891,0.005000,0.000100
1778746036.667774,-5.787536,16.683863,-0.136177,-0.367735,-0.135859,34.666405,-1.668300,1.913671,4.434499,0.005000,0.000100
1778746037.713938,-1.885623,1.592241,-0.411922,-1.148628,-0.525291,7.382842,-1.664056,2.667672,2.854577,0.005000,0.000100
1778746045.641521,-1.314465,-2.523099,-0.555356,-1.206402,-1.064712,0.626804,-1.649702,2.006232,0.756028,0.005000,0.000100
1778746049.112677,-2.279931,2.042758,-0.285080,-0.865934,-0.430887,7.275701,-1.681674,2.638407,2.772442,0.005000,0.000100
1778746055.624661,-0.608395,-2.189733,-0.473786,-1.394850,-0.878853,1.140981,-1.592377,2.546790,0.438130,0.005000,0.000100
1778746056.890047,-1.588032,-2.996580,-0.664693,-1.690158,-1.091186,0.920817,-1.691128,2.190407,1.005644,0.005000,0.000100
1778746067.787297,-0.992483,-1.672856,-0.395344,-0.961106,-0.613892,0.622083,-1.632387,2.711252,0.486034,0.005000,0.000100
1778746070.919832,-1.782273,-3.154191,-0.773093,-1.721373,-1.277114,1.257357,-1.720900,2.257934,1.180202,0.005000,0.000100
1778746079.829665,-1.290617,-1.902947,-0.398134,-1.210462,-0.551540,0.541477,-1.659611,2.710083,0.671086,0.005000,0.000100
1778746079.977556,-1.396718,-2.326267,-0.468579,-1.244484,-0.869026,0.532715,-1.704560,2.107036,0.697574,0.005000,0.000100
1778746087.822776,-1.124372,-2.804145,-0.577561,-1.340914,-1.227945,0.704813,-1.671378,2.026429,0.671315,0.005000,0.000100
1778746090.4612591,-2.107455,4.690688,0.169583,0.245990,0.365504,7.843601,-1.635547,2.437940,2.909926,0.005000,0.000100
1778746098.473498,-1.518362,-2.171512,-0.466372,-1.170815,-0.707318,0.366616,-1.699282,2.062884,0.609083,0.005000,0.000100
1778746098.849644,-0.829927,-2.547003,-0.644859,-1.377665,-0.976100,0.928852,-1.620470,2.560955,0.581085,0.005000,0.000100
1778746105.1351628,-4.991359,13.786003,-0.096853,0.053085,-0.248793,28.177532,-1.695199,2.040389,4.385945,0.005000,0.000100
1778746107.0349782,-1.861635,3.890878,0.047868,0.000512,0.025492,7.658972,-1.632662,2.495990,2.907183,0.005000,0.000100
1778746112.293366,-1.398299,-2.380658,-0.559269,-1.477405,-0.723579,0.777673,-1.650189,1.848039,0.890832,0.005000,0.000100
1778746116.356437,-1.823939,2.640594,-0.302471,-0.476378,-0.371542,7.606986,-1.637477,2.501481,2.900616,0.005000,0.000100
1778746117.870301,-0.960663,-3.141303,-0.699947,-2.039739,-0.834320,0.882545,-1.621279,1.713788,0.704061,0.005000,0.000100
1778746125.797344,-1.188730,-2.921102,-0.523522,-1.722466,-1.003488,0.683334,-1.641756,2.658729,0.728851,0.005000,0.000100
1778746126.9464,-1.396610,-2.400410,-0.609362,-1.417382,-0.757107,0.786455,-1.659182,1.957332,0.892880,0.005000,0.000100
1778746132.5337842,-3.959741,9.878915,-0.071114,-0.656579,-0.111507,21.454380,-1.651200,1.814779,4.232810,0.005000,0.000100
1778746136.705011,-3.114705,7.908912,0.133238,0.388563,0.173566,14.452573,-1.646078,2.548290,3.696200,0.005000,0.000100
1778746142.822433,-1.809143,-2.317793,-0.523630,-1.518790,-0.706639,0.883098,-1.683087,2.056472,0.981613,0.005000,0.000100
1778746146.0161211,-1.072225,-1.680514,-0.444056,-0.983260,-0.488315,0.495351,-1.626994,2.511817,0.456537,0.005000,0.000100
1778746151.442632,-1.315313,-2.540589,-0.564286,-1.297493,-0.997111,0.657211,-1.701161,2.060912,0.751541,0.005000,0.000100
1778746154.786119,-0.852414,-3.214200,-0.689279,-1.943984,-1.054528,0.972415,-1.624882,2.523340,0.646106,0.005000,0.000100
1778746163.210526,-0.973625,-3.190574,-0.773955,-1.746926,-1.144630,0.976157,-1.615306,2.628262,0.791905,0.005000,0.000100
1778746163.2283268,-2.064830,-2.302891,-0.610391,-1.418253,-0.956351,1.386451,-1.748032,2.224172,1.195403,0.005000,0.000100
1778746171.667983,-0.916193,-2.316961,-0.565785,-1.328873,-0.844834,0.867528,-1.586783,2.246671,0.681368,0.005000,0.000100
1778746172.120615,-1.330638,-2.446704,-0.516477,-1.521994,-0.828485,0.861243,-1.707327,2.073914,0.894022,0.005000,0.000100
1778746180.773278,-3.876510,10.097788,-0.124110,-0.339238,-0.139905,21.427109,-1.626489,2.502794,4.264129,0.005000,0.000100
1778746181.7826428,-1.530313,-2.245281,-0.521769,-1.242823,-0.756534,0.572706,-1.712276,2.101542,0.774307,0.005000,0.000100
1778746189.629687,-1.178394,-3.227180,-0.684687,-1.675061,-1.203424,0.692072,-1.682668,2.008634,0.697440,0.005000,0.000100
1778746192.600522,-1.155632,-2.538277,-0.600169,-1.380286,-0.876121,0.661719,-1.620422,2.512232,0.703711,0.005000,0.000100
1778746201.7888582,-1.943166,-1.964753,-0.503208,-1.111764,-0.796510,0.914685,-1.712969,2.122755,0.978488,0.005000,0.000100
1778746203.939605,-4.060180,12.229914,0.298911,0.589482,0.595386,21.516285,-1.614338,2.401658,4.154535,0.005000,0.000100
1778746212.7691772,-1.858685,3.682969,-0.057354,-0.100407,-0.143566,7.991204,-1.570168,2.261211,2.964224,0.005000,0.000100
1778746215.460365,-1.978621,-1.387863,-0.328114,-0.863362,-0.533589,0.696503,-1.732757,2.209996,0.840670,0.005000,0.000100
1778746223.344954,-2.976949,7.325030,-0.042133,0.111863,-0.149445,14.834246,-1.607085,2.475695,3.794399,0.005000,0.000100
1778746225.796768,-1.477029,-2.890085,-0.617284,-1.640893,-1.097289,0.952459,-1.698858,2.169613,1.001804,0.005000,0.000100
1778746234.030878,-1.256242,-2.843906,-0.658873,-1.572160,-0.996322,0.792605,-1.614399,2.570815,0.859152,0.005000,0.000100
1778746234.192538,-1.302619,-2.229708,-0.501538,-1.059036,-0.912412,0.507083,-1.682347,2.052756,0.634989,0.005000,0.000100
1778746242.685663,-0.845846,-2.847201,-0.638277,-1.585245,-1.021620,0.820487,-1.583610,2.460726,0.553966,0.005000,0.000100
1778746243.708044,-1.224509,-2.510887,-0.636506,-1.465690,-0.788978,0.780276,-1.683807,1.970337,0.795348,0.005000,0.000100
1778746252.3412511,-1.161090,-2.498614,-0.565736,-1.617940,-0.644308,0.684232,-1.604013,2.549367,0.736397,0.005000,0.000100
1778746253.698376,-1.634765,-2.270771,-0.513788,-1.418609,-0.631505,0.606308,-1.701489,2.004719,0.817758,0.005000,0.000100
1778746261.835117,-4.069168,11.119071,-0.040099,0.205517,0.237679,21.455425,-1.618052,2.347786,4.142927,0.005000,0.000100
1778746264.7484732,-2.588952,3.348165,-0.073301,-0.146524,-0.299976,7.756386,-1.692140,2.045123,2.779311,0.005000,0.000100
1778746273.344743,-1.188370,-2.824374,-0.608598,-1.656027,-0.910226,0.720400,-1.671804,1.944575,0.735369,0.005000,0.000100
1778746275.1566222,-1.339620,-3.059948,-0.721836,-1.784562,-1.052081,1.022846,-1.634443,2.578541,1.019763,0.005000,0.000100
1778746282.2898712,-1.505243,-2.048985,-0.503107,-1.369195,-0.434435,0.534269,-1.688252,1.876428,0.745935,0.005000,0.000100
1778746284.534818,-1.945256,2.979113,-0.180235,-0.494655,-0.217566,7.769373,-1.642461,2.623553,2.920747,0.005000,0.000100
1778746289.695651,-1.140296,-1.503543,-0.393969,-0.948278,-0.393560,0.481245,-1.647198,1.671739,0.499217,0.005000,0.000100
1778746295.4646552,-1.122683,-3.113360,-0.658325,-1.640566,-1.116946,0.631077,-1.635930,2.612457,0.639144,0.005000,0.000100
1778746295.837365,-0.991107,-3.000063,-0.659250,-2.077750,-0.876310,1.244253,-1.641461,1.775718,0.955274,0.005000,0.000100
1778746305.786221,-1.651263,-2.249562,-0.518914,-1.415814,-0.736705,0.864138,-1.694293,2.039737,0.978824,0.005000,0.000100
1778746307.675502,-1.693711,-1.501460,-0.332579,-0.926701,-0.499961,0.539529,-1.633158,2.396936,0.771624,0.005000,0.000100
1778746315.5646772,-1.935387,4.093554,-0.008873,-0.005785,0.204492,7.832088,-1.603394,2.465020,2.929139,0.005000,0.000100
1778746316.574323,-1.668769,-1.812817,-0.366783,-1.073082,-0.573545,0.421503,-1.705152,2.031740,0.683276,0.005000,0.000100
1778746325.29089,-1.536878,-1.704201,-0.365550,-0.978416,-0.593223,0.485474,-1.684759,1.949696,0.717716,0.005000,0.000100
1778746325.662493,-2.014215,2.311382,-0.341734,-0.844564,-0.230305,7.478768,-1.617950,2.279808,2.852239,0.005000,0.000100
1778746333.3148658,-3.597247,10.018716,-0.140191,-0.583317,-0.001949,21.509962,-1.605778,2.161776,4.415127,0.005000,0.000100
1778746333.539524,-2.283982,2.586690,-0.266043,-0.583588,-0.422926,7.738935,-1.682768,2.044064,2.863074,0.005000,0.000100
1778746340.010981,-0.904420,-2.001907,-0.435510,-1.213961,-0.735272,0.783769,-1.637460,1.809753,0.523260,0.005000,0.000100
1778746343.195688,-2.837824,5.346297,-0.452377,-0.870724,-0.517499,14.397287,-1.627333,2.349359,3.790631,0.005000,0.000100
1778746349.59588,-4.736724,13.048576,-0.292608,-0.513211,-0.364886,28.461512,-1.638013,2.294912,4.577663,0.005000,0.000100
1778746355.832654,-5.633080,17.118856,-0.089438,-0.244385,-0.020871,34.969032,-1.649615,2.193216,4.606883,0.005000,0.000100
1778746361.8314712,-2.796804,7.005409,-0.075499,-0.235376,0.037304,14.583865,-1.624340,2.590479,3.831042,0.005000,0.000100
1778746371.388454,-1.202657,-3.107394,-0.668528,-1.718181,-1.077439,0.741582,-1.656601,2.807272,0.771375,0.005000,0.000100
1778746383.1604428,-1.486848,-3.228852,-0.750425,-1.750476,-1.245640,1.063093,-1.671149,2.771557,1.069333,0.005000,0.000100
1778746391.3651469,-1.023034,-2.313339,-0.481673,-1.234222,-0.936107,0.705399,-1.660375,2.807380,0.576577,0.005000,0.000100
1778746399.307874,-0.878999,-2.389032,-0.535806,-1.216567,-1.054558,0.862748,-1.631446,2.694846,0.574042,0.005000,0.000100
1778746409.633694,-1.124117,-1.980086,-0.432885,-1.171681,-0.666177,0.606963,-1.651740,2.564843,0.604223,0.005000,0.000100
1778746415.8956108,-5.627391,16.544895,-0.228135,-0.381603,-0.412412,35.159451,-1.654814,2.536009,4.640173,0.005000,0.000100
1778746422.5224059,-1.010749,-2.264954,-0.528550,-1.451627,-0.732871,0.920572,-1.626086,2.438557,0.775981,0.005000,0.000100
1778746428.073069,-0.731664,-3.200784,-0.716508,-1.953858,-1.004838,0.971553,-1.597675,2.271263,0.496183,0.005000,0.000100
1778746436.9987042,-1.040014,-2.557085,-0.611005,-1.389889,-0.913253,0.738552,-1.627971,2.442861,0.660690,0.005000,0.000100
1778746443.463066,-3.682416,9.886002,-0.151427,-0.712829,-0.042957,21.609079,-1.621035,2.264990,4.391885,0.005000,0.000100
1778746452.802985,-2.210177,1.669301,-0.385528,-1.171409,-0.503988,7.485620,-1.653666,2.516894,2.823693,0.005000,0.000100
1778746461.868914,-1.046719,-2.572463,-0.572802,-1.309228,-1.005397,0.657294,-1.645342,2.736711,0.576334,0.005000,0.000100
1778746473.753696,-1.557574,-2.509156,-0.604206,-1.391920,-0.945233,0.892398,-1.675889,2.799296,0.987927,0.005000,0.000100
1778746482.8128362,-1.001631,-2.494119,-0.521813,-1.527169,-0.852672,0.842213,-1.646805,2.714315,0.687964,0.005000,0.000100
1778746493.4901829,-1.322558,-2.363135,-0.566136,-1.293688,-0.755369,0.530566,-1.662152,2.644930,0.679249,0.005000,0.000100
1778746500.3076758,-0.915590,-2.897895,-0.657553,-1.567545,-1.136271,0.953240,-1.640131,2.629184,0.689831,0.005000,0.000100
1778746510.522559,-1.548182,-2.226061,-0.520554,-1.149567,-0.832618,0.579646,-1.675069,2.629056,0.791304,0.005000,0.000100
1778746521.6507142,-2.479237,3.313322,-0.083783,-0.194321,-0.062625,7.334846,-1.687419,2.674720,2.730053,0.005000,0.000100
1778746529.9930692,-0.991094,-2.900283,-0.618429,-1.581561,-1.090316,0.807774,-1.654528,2.773013,0.639122,0.005000,0.000100
1778746536.271339,-0.914232,-1.870143,-0.456378,-1.027645,-0.753097,0.762107,-1.633748,2.815254,0.521114,0.005000,0.000100
1778746544.71029,-0.932179,-2.379637,-0.620347,-1.474272,-0.717562,0.889338,-1.632818,2.425158,0.665367,0.005000,0.000100
1778746554.936846,-1.257574,-2.213164,-0.492161,-1.383058,-0.604509,0.557123,-1.650245,2.399527,0.669106,0.005000,0.000100
1778746563.680854,-2.946714,6.918640,-0.061065,-0.157078,-0.106311,14.511722,-1.646448,2.553407,3.774333,0.005000,0.000100
1778746570.360099,-0.954285,-2.765695,-0.609729,-1.642217,-0.929626,0.856934,-1.620770,2.517884,0.677194,0.005000,0.000100
1778746578.3546822,-2.069746,2.835614,-0.232301,-0.515907,-0.195910,7.582742,-1.644443,2.327938,2.867802,0.005000,0.000100
1778746584.396467,-2.623357,6.481724,-0.203875,-0.439092,-0.156679,14.585541,-1.618929,2.280153,3.883965,0.005000,0.000100
1778746590.493936,-1.628704,2.494477,-0.295036,-0.823858,-0.489031,8.229665,-1.608762,2.485991,3.023844,0.005000,0.000100
1778746601.0960152,-1.220479,-2.567150,-0.527802,-1.472286,-0.874121,0.640361,-1.664810,2.624319,0.701531,0.005000,0.000100
1778746610.011838,-2.048493,2.806994,-0.172905,-0.726155,0.079720,7.279508,-1.671651,2.683830,2.816123,0.005000,0.000100
1778746616.3076348,-1.881170,3.197314,-0.085048,-0.283615,-0.180778,7.520616,-1.648787,2.710802,2.880319,0.005000,0.000100
1778746626.03653,-1.079801,-3.397720,-0.720101,-1.742020,-1.315132,0.785950,-1.644458,2.688323,0.720426,0.005000,0.000100
1778746631.852808,-0.688174,-1.849728,-0.444161,-1.190278,-0.699547,0.993852,-1.597460,2.533324,0.430828,0.005000,0.000100
1778787682.62335,-1.000000,0.584501,-1.081944,-1.510940,-0.650632,1.186629,0.089316,0.881403,0.005302
1778787682.651556,-1.000000,0.578004,-1.166952,-1.597378,-0.647751,1.174520,0.083742,0.925658,0.005846
1778787682.666506,1.000000,0.421296,0.319919,0.000000,0.551318,0.852095,0.076910,0.475185,0.000000
1778787682.682196,1.000000,0.419628,0.319292,0.000000,0.550238,0.848759,0.078719,0.475185,0.000000
1778787682.720237,-1.000000,0.549070,-1.069151,-1.526415,-0.630954,1.116330,0.056565,0.909497,0.000798
1778787682.820877,-1.000000,0.476532,-0.900760,-1.064763,-1.579490,0.979929,-0.010087,1.343289,0.001372
