epoch,episode,batch,loss,policy_loss,value_loss,kl,entropy,avg_reward,advantage_mean,ratio_mean,ratio_clip_frac,succ_rate,elapsed_s
1,320,20,0.3186,-0.0109,0.6737,0.0439,10.0046,-0.4691,-0.0000,1.0000,0.0000,0.1688,168.3
1,640,40,-0.2384,-0.8095,0.4445,0.0813,9.0290,-0.7450,-0.0000,1.0000,0.0000,0.1656,332.8
1,960,60,-0.6408,-0.4404,0.4858,0.2346,8.8930,-0.6191,0.0000,1.0000,0.0000,0.1719,475.6
1,1280,80,-0.1241,-0.4284,0.3834,0.2929,9.7226,-0.7654,-0.0000,1.0000,0.0000,0.1812,652.0
1,1600,100,-0.0201,-0.5005,0.5340,0.2646,9.0171,-0.6191,0.0000,1.0000,0.0000,0.1787,825.0
1,1920,120,-0.1865,-0.2248,1.1568,0.1691,8.6118,-0.1316,0.0000,1.0000,0.0000,0.1833,1155.9
1,2240,140,-0.4716,-1.0686,0.6854,0.2447,8.6568,-0.4902,0.0000,1.0000,0.0000,0.1857,1299.1
1,2560,160,-0.0618,-0.6068,0.2911,0.1807,10.7334,-0.7953,0.0000,1.0000,0.0000,0.1852,1452.5
1,2880,180,-0.3880,-1.3895,0.4384,0.2866,8.7984,-0.6491,-0.0000,1.0000,0.0000,0.1868,1779.2
1,3200,200,0.1200,-0.7730,0.2500,0.2077,9.6117,-0.7695,-0.0000,1.0000,0.0000,0.1859,1958.0
1,3520,220,0.2661,-1.1134,0.8418,0.3747,7.8799,-0.3404,0.0000,1.0000,0.0000,0.1861,2139.5
1,3840,240,-0.4401,-0.5788,0.6560,0.1918,9.8513,-0.5220,0.0000,1.0000,0.0000,0.1875,2292.6
1,4160,260,0.2915,1.0589,0.2968,0.1963,9.2538,-0.8701,0.0000,1.0000,0.0000,0.1861,2450.9
1,4480,280,-0.3821,-0.4138,0.5724,0.2723,7.9633,-0.6173,-0.0000,1.0000,0.0000,0.1866,2607.2
1,4800,300,-0.2674,-0.8891,0.4201,0.4996,12.4177,-0.7693,-0.0000,1.0000,0.0000,0.1862,2769.1
2,128,320,-0.4662,2.0457,0.4910,0.4003,10.9810,-0.8667,-0.0000,1.0000,0.0000,0.1884,2940.9
2,448,340,-0.3777,-0.0525,0.5472,0.4952,7.6903,-0.6122,0.0000,1.0000,0.0000,0.1896,3102.5
2,768,360,0.1319,-0.7310,0.5222,0.3830,9.3421,-0.6200,0.0000,1.0000,0.0000,0.1881,3244.5
2,1088,380,-0.0701,-1.2537,0.6063,0.3145,7.8580,-0.6080,0.0000,1.0000,0.0000,0.1864,3394.1
2,1408,400,-0.4466,0.2937,0.2600,0.2623,9.9029,-0.8682,-0.0000,1.0000,0.0000,0.1868,3540.6
2,1728,420,0.1934,0.4755,0.4404,0.1106,8.6967,-0.5169,0.0000,1.0000,0.0000,0.1873,3682.9
2,2048,440,-0.1971,0.3553,0.4581,0.1214,6.7964,-0.7387,-0.0000,1.0000,0.0000,0.1883,3821.4
2,2368,460,-0.0939,0.6883,0.6173,0.1028,8.9082,-0.5197,-0.0000,1.0000,0.0000,0.1885,3972.2
2,2688,480,-0.1226,0.5391,0.3517,0.1318,8.5109,-0.7300,0.0000,1.0000,0.0000,0.1893,4122.5
2,3008,500,-0.1864,-0.1566,0.4671,0.1802,7.2937,-0.7333,-0.0000,1.0000,0.0000,0.1899,4282.4
2,3328,520,0.1881,-0.3608,0.3245,0.2201,7.5307,-0.7436,0.0000,1.0000,0.0000,0.1913,4478.9
2,3648,540,-0.0555,-1.5924,0.5243,0.2212,10.0766,-0.4866,0.0000,1.0000,0.0000,0.1935,4617.3
2,3968,560,-0.6258,-0.9384,0.7387,0.4363,7.9687,-0.4682,-0.0000,1.0000,0.0000,0.1945,4756.0
2,4288,580,0.2528,-0.3160,0.4807,0.3011,8.3196,-0.6671,0.0000,1.0000,0.0000,0.1939,4896.5
2,4608,600,0.2293,-1.5272,0.3803,0.3779,8.7492,-0.6255,0.0000,1.0000,0.0000,0.1931,5018.7
2,4928,620,-0.0073,-0.4378,0.5348,0.3276,9.5201,-0.5155,-0.0000,1.0000,0.0000,0.1938,5171.8
3,256,640,-0.0283,-0.7964,0.2867,0.5188,9.1838,-0.7536,0.0000,1.0000,0.0000,0.1950,5336.0
3,576,660,-0.0818,0.2998,0.3759,0.4649,8.1684,-0.7545,0.0000,1.0000,0.0000,0.1947,5479.6
3,896,680,-0.2518,0.0561,0.3261,0.3008,7.9739,-0.7553,0.0000,1.0000,0.0000,0.1944,5619.7
3,1216,700,-0.0805,-0.5967,0.3641,0.3633,7.9414,-0.6382,0.0000,1.0000,0.0000,0.1949,5785.0
3,1536,720,-0.1743,-2.5056,0.3740,0.4535,6.6767,-0.3848,0.0000,1.0000,0.0000,0.1951,5932.1
3,1856,740,0.3645,0.7901,0.4740,0.5319,8.3151,-0.4704,-0.0000,1.0000,0.0000,0.1955,6109.1
3,2176,760,0.2824,0.5028,0.6349,0.4421,10.5199,-0.5050,-0.0000,1.0000,0.0000,0.1953,6288.7
3,2496,780,-0.2834,-0.0245,0.5629,0.3968,9.2866,-0.6374,-0.0000,1.0000,0.0000,0.1958,6440.9
3,2816,800,-0.1773,0.0272,0.3652,0.3250,8.8895,-0.7360,-0.0000,1.0000,0.0000,0.1963,6585.2
3,3136,820,0.3760,0.4037,0.3820,0.4198,8.2757,-0.7332,0.0000,1.0000,0.0000,0.1961,6710.0
3,3456,840,0.1281,-1.0900,0.3339,0.4423,10.9304,-0.7548,0.0000,1.0000,0.0000,0.1960,6836.5
3,3776,860,-0.1423,0.9781,0.3753,0.3765,9.4502,-0.7604,0.0000,1.0000,0.0000,0.1958,6989.8
3,4096,880,0.1587,-0.8318,0.3422,0.4674,9.0493,-0.7396,0.0000,1.0000,0.0000,0.1966,7135.0
3,4416,900,0.2754,-0.8930,0.6121,0.4190,7.1766,-0.4712,-0.0000,1.0000,0.0000,0.1971,7287.0
3,4736,920,0.2528,0.2417,0.2450,0.4392,10.2971,-0.8631,-0.0000,1.0000,0.0000,0.1976,7438.8
4,64,940,-0.3044,-0.6666,0.6347,0.3923,8.6315,-0.3228,-0.0000,1.0000,0.0000,0.1987,7611.4
4,384,960,0.5099,-0.6795,0.4731,0.3568,8.0070,-0.6157,-0.0000,1.0000,0.0000,0.1984,7767.0
4,704,980,0.0268,0.3559,0.4930,0.4189,8.8086,-0.5305,-0.0000,1.0000,0.0000,0.1981,7909.0
4,1024,1000,-0.1542,-1.4021,0.3327,0.4012,7.2975,-0.3749,-0.0000,1.0000,0.0000,0.1985,8052.4
4,1344,1020,-0.1043,-1.7799,0.6928,0.4651,9.2444,-0.4867,0.0000,1.0000,0.0000,0.1984,8322.8
4,1664,1040,-0.0357,-2.1737,0.6875,0.3903,10.5053,-0.3269,0.0000,1.0000,0.0000,0.1982,8499.7
4,1984,1060,0.2254,-0.4479,0.1814,0.3643,10.4799,-0.8688,0.0000,1.0000,0.0000,0.1978,8704.4
4,2304,1080,0.0189,-0.6749,0.5158,0.2639,10.3871,-0.6053,0.0000,1.0000,0.0000,0.1978,8921.9
4,2624,1100,-0.0667,1.5209,0.5547,0.4003,10.1115,-0.2833,0.0000,1.0000,0.0000,0.1985,9173.5
4,2944,1120,0.2786,1.8725,0.2120,0.4041,10.5182,-0.8637,-0.0000,1.0000,0.0000,0.1984,9425.6
4,3264,1140,-0.2482,0.6671,0.2236,0.3097,10.8701,-0.8657,-0.0000,1.0000,0.0000,0.1985,9658.0
4,3584,1160,-0.0660,-0.5312,0.4917,0.2822,8.9518,-0.5083,0.0000,1.0000,0.0000,0.1991,9874.1
4,3904,1180,0.0233,0.5407,0.6934,0.6292,10.4125,-0.4875,0.0000,1.0000,0.0000,0.1991,10082.5
4,4224,1200,0.1105,-0.4685,0.7310,0.4600,9.4551,-0.2395,0.0000,1.0000,0.0000,0.1991,10327.8
4,4544,1220,-0.4124,-1.5204,0.8589,0.6438,8.9514,0.0765,-0.0000,1.0000,0.0000,0.1995,10600.4
4,4864,1240,0.1498,-0.3104,0.1659,0.3811,8.5647,-0.8661,-0.0000,1.0000,0.0000,0.1992,10918.3
5,192,1260,0.3254,-0.1739,0.5433,0.4587,8.0383,-0.7500,-0.0000,1.0000,0.0000,0.1998,11518.9
5,512,1280,-0.2803,-0.4387,0.3375,0.3474,5.9616,-0.7580,0.0000,1.0000,0.0000,0.2002,11971.5
5,832,1300,0.0650,-1.6683,0.5235,0.3442,7.9665,-0.4594,-0.0000,1.0000,0.0000,0.2003,12165.2
5,1152,1320,-0.1502,-0.3950,0.2984,0.4294,8.7275,-0.8682,0.0000,1.0000,0.0000,0.1998,12354.8
5,1472,1340,-0.0852,-0.9068,0.3378,0.3281,7.9022,-0.4941,0.0000,1.0000,0.0000,0.2004,12521.0
5,1792,1360,-0.0668,-0.4350,0.4634,0.4005,7.7202,-0.6036,-0.0000,1.0000,0.0000,0.2008,12666.7
5,2112,1380,0.3932,2.2147,0.0612,0.5528,7.4820,-1.0000,-0.0000,1.0000,0.0000,0.2006,12880.1
5,2432,1400,0.1242,0.1468,0.2339,0.5372,12.1535,-0.7787,0.0000,1.0000,0.0000,0.2006,13113.3
5,2752,1420,-0.2036,0.4607,0.6563,0.8399,7.2900,-0.3790,0.0000,1.0000,0.0000,0.2006,13297.3
5,3072,1440,-0.2751,0.4272,0.2941,0.3862,8.9803,-0.8705,0.0000,1.0000,0.0000,0.2004,13435.8
5,3392,1460,-0.2281,-1.2105,0.5046,0.3908,7.4233,-0.4814,-0.0000,1.0000,0.0000,0.2007,13621.3
5,3712,1480,0.0529,-1.5826,0.5049,0.5940,8.9333,-0.4695,-0.0000,1.0000,0.0000,0.2009,13794.8
5,4032,1500,-0.0190,0.2028,0.5945,0.6803,6.8998,-0.6187,0.0000,1.0000,0.0000,0.2008,13949.1
5,4352,1520,0.2276,0.5135,0.1532,0.5347,9.3248,-0.8678,0.0000,1.0000,0.0000,0.2008,14255.0
5,4672,1540,-0.0471,-0.3330,0.5963,0.7367,6.4318,-0.2025,0.0000,1.0000,0.0000,0.2014,14463.4
5,4992,1560,0.2786,-0.7712,0.5739,0.5783,8.2729,-0.5276,-0.0000,1.0000,0.0000,0.2011,14774.2
6,320,1580,0.1714,-1.4524,0.5072,0.4261,7.9383,-0.3265,0.0000,1.0000,0.0000,0.2016,15028.3
6,640,1600,0.1919,-0.5006,0.6994,0.5464,8.3452,-0.3597,0.0000,1.0000,0.0000,0.2012,15203.4
6,960,1620,-0.0513,-0.0314,0.3611,0.5403,7.9695,-0.6235,-0.0000,1.0000,0.0000,0.2014,15399.4
6,1280,1640,-0.0689,-0.0672,0.3979,0.5845,8.0685,-0.5475,-0.0000,1.0000,0.0000,0.2014,15560.3
6,1600,1660,0.2863,1.3250,0.3777,0.4835,8.0263,-0.7625,-0.0000,1.0000,0.0000,0.2012,15740.7
6,1920,1680,-0.2111,-2.4191,0.8209,0.4911,7.1414,0.0132,0.0000,1.0000,0.0000,0.2016,15969.0
6,2240,1700,0.1047,0.7509,0.5835,0.4865,7.5350,-0.6552,0.0000,1.0000,0.0000,0.2014,16189.7
6,2560,1720,-0.2129,-1.7746,0.2538,0.5080,11.7584,-0.7359,-0.0000,1.0000,0.0000,0.2015,16376.8
6,2880,1740,-0.2091,0.9484,0.4609,0.6538,9.5525,-0.6369,-0.0000,1.0000,0.0000,0.2022,16635.1
6,3200,1760,0.4887,1.1545,0.6114,0.5312,9.2879,-0.6554,-0.0000,1.0000,0.0000,0.2023,16833.4
6,3520,1780,-0.2944,-1.3438,0.5221,0.7988,7.5262,-0.5904,0.0000,1.0000,0.0000,0.2027,16999.7
6,3840,1800,0.4637,0.1659,0.2628,0.8184,9.9472,-0.4962,-0.0000,1.0000,0.0000,0.2031,17143.7
6,4160,1820,-0.2381,-0.8794,0.5520,0.7631,9.1743,-0.4782,0.0000,1.0000,0.0000,0.2036,17346.8
6,4480,1840,0.2209,-1.4841,0.6085,0.4910,8.1233,-0.5045,0.0000,1.0000,0.0000,0.2035,17513.6
6,4800,1860,-0.0425,2.4519,0.2122,0.3397,10.7538,-0.9004,0.0000,1.0000,0.0000,0.2033,17729.8
7,128,1880,-0.3036,-1.3557,0.6073,0.7690,8.3985,-0.3657,-0.0000,1.0000,0.0000,0.2040,18017.8
7,448,1900,-0.0336,0.4493,0.4349,0.8102,7.0150,-0.5112,0.0000,1.0000,0.0000,0.2042,18177.5
7,768,1920,0.1792,-0.1204,0.3318,0.6198,8.8803,-0.7628,0.0000,1.0000,0.0000,0.2041,18352.1
7,1088,1940,0.1485,0.0757,0.3003,0.9097,7.1493,-0.5096,0.0000,1.0000,0.0000,0.2041,18513.8
7,1408,1960,-0.0854,1.5748,0.4074,0.3593,8.4487,-0.8862,0.0000,1.0000,0.0000,0.2041,18692.5
7,1728,1980,-0.2602,-1.2470,0.4913,0.3845,9.8396,-0.3929,-0.0000,1.0000,0.0000,0.2040,18860.6
7,2048,2000,-0.1212,1.0100,0.3561,0.6219,7.0311,-0.6308,0.0000,1.0000,0.0000,0.2040,19068.0
7,2368,2020,-0.0831,0.6733,0.5437,0.4617,8.0842,-0.7526,-0.0000,1.0000,0.0000,0.2044,19249.9
7,2688,2040,0.2242,-0.4340,0.4445,0.6039,7.3330,-0.5100,-0.0000,1.0000,0.0000,0.2043,19397.3
7,3008,2060,0.4830,0.3448,0.5378,0.4394,7.4259,-0.6541,-0.0000,1.0000,0.0000,0.2044,19573.6
7,3328,2080,0.1861,-1.2551,0.3121,0.2319,9.2259,-0.6182,0.0000,1.0000,0.0000,0.2044,19695.2
7,3648,2100,-0.4869,-1.4907,0.5165,0.2916,8.7272,-0.5318,0.0000,1.0000,0.0000,0.2043,19813.5
7,3968,2120,0.7636,-0.0244,0.5121,0.3295,8.7795,-0.2391,-0.0000,1.0000,0.0000,0.2044,19939.2
7,4288,2140,-0.0544,1.1543,0.3568,0.2753,10.5754,-0.8005,0.0000,1.0000,0.0000,0.2045,20085.4
7,4608,2160,-0.1459,0.9135,0.3072,0.3241,12.8675,-0.8668,-0.0000,1.0000,0.0000,0.2046,20215.7
7,4928,2180,0.4986,-1.8657,0.2434,0.4210,9.4405,-0.4736,0.0000,1.0000,0.0000,0.2045,20333.1
8,256,2200,0.2608,-1.6043,0.2623,0.3133,9.4040,-0.7501,0.0000,1.0000,0.0000,0.2045,20451.0
8,576,2220,0.0878,2.1611,0.5119,0.5023,9.0208,-0.6434,-0.0000,1.0000,0.0000,0.2045,20587.5
8,896,2240,0.0397,1.3877,0.2592,0.5032,11.0717,-0.7475,-0.0000,1.0000,0.0000,0.2044,20789.5
8,1216,2260,0.2206,1.9435,0.4892,0.5938,9.0771,-0.8961,0.0000,1.0000,0.0000,0.2046,21000.4
8,1536,2280,-0.3096,1.8161,0.2888,0.3709,8.8823,-0.8746,-0.0000,1.0000,0.0000,0.2048,21136.2
8,1856,2300,-0.0196,-1.5994,0.4054,0.4368,9.0673,-0.3469,-0.0000,1.0000,0.0000,0.2049,21269.5
8,2176,2320,0.1530,1.4860,0.2115,0.5727,9.0199,-0.8694,0.0000,1.0000,0.0000,0.2051,21404.5
8,2496,2340,0.0407,-0.3069,0.5033,0.4633,7.8430,-0.6063,0.0000,1.0000,0.0000,0.2052,21541.7
8,2816,2360,-0.0420,-1.8573,0.4374,0.4855,7.7887,-0.5129,-0.0000,1.0000,0.0000,0.2053,21692.6
8,3136,2380,0.0813,-0.3837,0.4843,0.4877,7.3395,-0.6041,0.0000,1.0000,0.0000,0.2053,21846.8
8,3456,2400,0.8061,2.9171,0.0396,0.4434,10.8904,-1.0000,0.0000,1.0000,0.0000,0.2050,21995.9
8,3776,2420,-0.0462,1.1617,0.3649,0.6570,9.0607,-0.7614,-0.0000,1.0000,0.0000,0.2050,22192.1
8,4096,2440,0.2137,0.0838,0.5444,0.4967,7.8330,-0.3928,0.0000,1.0000,0.0000,0.2052,22367.4
8,4416,2460,0.2078,-1.2946,0.3325,0.4799,7.2382,-0.6172,-0.0000,1.0000,0.0000,0.2051,22548.5
8,4736,2480,0.0992,3.0825,0.2174,0.3552,9.4733,-1.0000,-0.0000,1.0000,0.0000,0.2053,22694.8
9,64,2500,-0.3618,0.1966,0.4324,0.5061,8.7020,-0.6096,0.0000,1.0000,0.0000,0.2056,22860.3
9,384,2520,0.1506,-0.7448,0.4437,0.3930,9.4946,-0.5238,0.0000,1.0000,0.0000,0.2056,23009.0
9,704,2540,-0.0128,-0.2417,0.2770,0.5779,10.2577,-0.4958,-0.0000,1.0000,0.0000,0.2059,23157.0
9,1024,2560,-0.0716,0.7935,0.3546,0.5810,7.8125,-0.6232,-0.0000,1.0000,0.0000,0.2059,23296.3
9,1344,2580,0.3142,-2.0670,0.4529,0.7559,8.1288,-0.2387,0.0000,1.0000,0.0000,0.2059,23476.1
9,1664,2600,0.0814,-0.3896,0.5874,0.4121,8.4118,-0.3393,-0.0000,1.0000,0.0000,0.2063,23613.1
9,1984,2620,-0.2702,2.4164,0.3706,0.4197,9.6776,-0.8637,-0.0000,1.0000,0.0000,0.2066,23768.0
9,2304,2640,0.2234,-2.7275,0.3216,0.3677,9.5411,-0.3539,0.0000,1.0000,0.0000,0.2068,23907.2
9,2624,2660,0.1092,-0.1688,0.7864,0.4176,9.0586,-0.3634,0.0000,1.0000,0.0000,0.2066,24065.1
9,2944,2680,-0.2395,-1.3966,0.3936,0.2624,8.8872,-0.5084,0.0000,1.0000,0.0000,0.2066,33189.8
9,3264,2700,0.2227,-1.0355,0.5776,0.4157,10.5142,-0.4990,0.0000,1.0000,0.0000,0.2066,35005.7
9,3584,2720,0.1849,-0.4897,0.6136,0.4488,9.3447,-0.3683,-0.0000,1.0000,0.0000,0.2068,35139.7
9,3904,2740,0.3446,0.0412,0.5601,0.4291,8.1668,-0.2210,0.0000,1.0000,0.0000,0.2070,35257.8
9,4224,2760,-0.2037,-1.1936,0.4481,0.4636,7.5094,-0.3555,0.0000,1.0000,0.0000,0.2070,35365.3
9,4544,2780,0.2025,0.4720,0.6283,0.5325,8.3935,-0.2046,0.0000,1.0000,0.0000,0.2072,35495.0
9,4864,2800,0.3103,-0.0741,0.2307,0.7062,8.5226,-0.7596,0.0000,1.0000,0.0000,0.2070,35624.7
10,192,2820,-0.1797,4.1534,0.5433,0.8637,8.0270,-1.0000,-0.0000,1.0000,0.0000,0.2073,35796.2
10,512,2840,-0.1524,-0.3591,0.3204,0.8845,6.3259,-0.6299,-0.0000,1.0000,0.0000,0.2076,35968.1
10,832,2860,0.4413,-1.1170,0.4934,0.7033,10.2412,-0.4930,-0.0000,1.0000,0.0000,0.2075,36143.2
10,1152,2880,-0.1509,0.2613,0.1622,0.5595,9.1960,-0.8638,0.0000,1.0000,0.0000,0.2075,36325.3
10,1472,2900,0.3444,0.0591,0.6184,0.4374,9.5412,-0.6064,0.0000,1.0000,0.0000,0.2074,36487.5
10,1792,2920,-0.2837,-0.0186,0.4145,0.5328,9.7104,-0.3640,-0.0000,1.0000,0.0000,0.2075,36664.0
10,2112,2940,0.1518,-1.4966,0.4888,0.4327,9.5053,-0.6272,-0.0000,1.0000,0.0000,0.2074,36855.4
10,2432,2960,-0.0309,1.9123,0.2552,0.4549,13.5599,-0.8987,0.0000,1.0000,0.0000,0.2072,37034.3
10,2752,2980,-0.0275,1.7268,0.7397,0.9028,9.3519,-0.7450,0.0000,1.0000,0.0000,0.2075,37217.6
10,3072,3000,-0.2713,-1.5885,0.6454,0.5806,10.0528,-0.2264,0.0000,1.0000,0.0000,0.2075,37389.8
10,3392,3020,0.6466,-0.4896,0.4087,0.6385,8.8433,-0.6129,0.0000,1.0000,0.0000,0.2074,37546.8
10,3712,3040,-0.1335,-0.5105,0.6198,0.5334,10.3599,-0.3711,0.0000,1.0000,0.0000,0.2076,37676.7
10,4032,3060,0.0517,-0.7646,0.6516,0.7309,8.9817,-0.2958,0.0000,1.0000,0.0000,0.2076,37787.1
10,4352,3080,0.1807,1.3672,0.2283,0.6554,12.5164,-0.8674,0.0000,1.0000,0.0000,0.2078,37907.0
10,4672,3100,-0.1343,0.3782,0.5709,0.6187,6.7218,-0.7259,-0.0000,1.0000,0.0000,0.2078,38025.3
10,4992,3120,0.0764,-0.2191,0.4697,0.4664,11.0050,-0.6325,-0.0000,1.0000,0.0000,0.2078,38147.9
11,320,20,0.0650,-0.0812,0.3516,0.0103,9.8199,-0.4816,-0.0000,1.0000,0.0000,0.2625,364.2
11,640,40,0.0664,-1.6267,0.8118,0.0391,10.9145,-0.1261,-0.0000,1.0000,0.0000,0.2188,639.3
11,960,60,-0.0591,-0.9836,0.2839,0.0097,9.9145,-0.7329,0.0000,1.0000,0.0000,0.2104,903.0
11,1280,80,-0.2875,1.0029,0.3690,0.0260,11.9192,-0.8852,0.0000,1.0000,0.0000,0.2102,1158.3
11,1600,100,-0.3642,1.2859,0.5226,0.0385,11.1996,-0.8728,0.0000,1.0000,0.0000,0.2062,1389.2
11,1920,120,-0.1944,-0.3707,0.7539,0.0703,7.8562,-0.2602,0.0000,1.0000,0.0000,0.2099,1641.4
11,2240,140,0.2047,-1.0565,0.3373,0.0664,9.8114,-0.4783,0.0000,1.0000,0.0000,0.2049,1994.2
11,2560,160,0.0583,-1.6240,0.3019,0.0409,13.4459,-0.7336,-0.0000,1.0000,0.0000,0.2004,2353.4
11,2880,180,-0.3276,0.5309,0.6377,0.1024,8.7004,-0.7572,-0.0000,1.0000,0.0000,0.2017,2683.0
11,3200,200,0.0037,1.3907,0.3119,0.1266,10.2104,-0.7694,0.0000,1.0000,0.0000,0.2006,3026.0
11,3520,220,0.4214,-1.1284,0.5925,0.0701,6.7740,-0.5959,-0.0000,1.0000,0.0000,0.2037,3384.9
11,3840,240,-0.1117,-1.2641,0.3684,0.1275,9.5990,-0.5154,-0.0000,1.0000,0.0000,0.2047,3712.1
11,4160,260,-0.2923,-1.9737,0.7227,0.0853,9.4924,-0.1114,0.0000,1.0000,0.0000,0.2099,4001.6
11,4480,280,0.3173,0.6488,0.5732,0.1144,7.0190,-0.6080,0.0000,1.0000,0.0000,0.2096,4211.4
11,4800,300,0.1654,-1.3238,0.2671,0.1274,12.8111,-0.7481,-0.0000,1.0000,0.0000,0.2060,4423.0
12,128,320,-0.8596,-1.8390,0.2997,0.1294,11.3043,-0.6040,0.0000,1.0000,0.0000,0.2079,4670.8
12,448,340,-0.1766,1.7869,0.2451,0.1415,10.5641,-0.8691,0.0000,1.0000,0.0000,0.2083,4944.9
12,768,360,0.1818,0.3883,0.3708,0.1761,12.9759,-0.5131,0.0000,1.0000,0.0000,0.2079,5174.8
12,1088,380,-0.0874,-1.9734,0.3725,0.2594,9.5792,-0.3617,0.0000,1.0000,0.0000,0.2076,5402.9
12,1408,400,-0.0784,-0.4515,0.4933,0.1448,13.1328,-0.7580,0.0000,1.0000,0.0000,0.2080,5639.5
12,1728,420,0.3212,-0.9619,0.5972,0.2004,10.8713,-0.2635,-0.0000,1.0000,0.0000,0.2082,5881.6
12,2048,440,-0.2403,-0.5078,0.4587,0.3928,8.1333,-0.6062,-0.0000,1.0000,0.0000,0.2076,6137.7
12,2368,460,0.0968,2.9563,0.3760,0.2594,10.3622,-0.8998,-0.0000,1.0000,0.0000,0.2075,6797.9
12,2688,480,-0.2685,-1.4103,0.4933,0.3946,8.7827,-0.4669,0.0000,1.0000,0.0000,0.2077,36960.5
12,3008,500,-0.0757,-0.3117,0.6427,0.3887,8.4091,-0.3838,0.0000,1.0000,0.0000,0.2073,37182.3
12,3328,520,-0.1429,2.4981,0.4833,0.1296,9.2867,-0.7725,-0.0000,1.0000,0.0000,0.2082,37418.4
12,3648,540,0.0500,-2.2927,0.7371,0.1779,12.0877,-0.4127,-0.0000,1.0000,0.0000,0.2084,37536.9
12,3968,560,0.2948,-1.6997,0.7846,0.3427,8.1982,-0.3300,-0.0000,1.0000,0.0000,0.2084,37668.5
12,4288,580,-0.2385,1.0438,0.3339,0.2495,10.3421,-0.7794,0.0000,1.0000,0.0000,0.2083,37817.1
12,4608,600,-0.1871,-0.5763,0.3070,0.0850,12.9222,-0.7617,-0.0000,1.0000,0.0000,0.2080,37945.4
12,4928,620,-0.0681,-1.5220,0.3028,0.1290,11.2736,-0.4933,-0.0000,1.0000,0.0000,0.2075,38079.4
13,256,640,0.0780,0.8193,0.7054,0.1360,10.8493,-0.6548,-0.0000,1.0000,0.0000,0.2086,38230.5
13,576,660,-0.0269,-0.8828,0.3827,0.1956,9.0732,-0.4790,-0.0000,1.0000,0.0000,0.2087,38378.4
13,896,680,0.3492,0.2513,0.2824,0.1655,10.8727,-0.6365,-0.0000,1.0000,0.0000,0.2087,38539.3
13,1216,700,-0.0502,1.2968,0.4604,0.2571,9.7809,-0.7508,0.0000,1.0000,0.0000,0.2088,38676.4
13,1536,720,-0.0516,0.7184,0.3784,0.1982,8.9750,-0.6220,0.0000,1.0000,0.0000,0.2094,38802.8
13,1856,740,0.2634,1.9735,0.6751,0.1970,10.0554,-0.4739,-0.0000,1.0000,0.0000,0.2104,38942.1
13,2176,760,-0.2637,-1.7501,0.6236,0.2566,10.7499,-0.5250,0.0000,1.0000,0.0000,0.2113,39098.9
13,2496,780,-0.1828,-1.2267,0.4282,0.3019,8.3695,-0.6041,0.0000,1.0000,0.0000,0.2116,39221.5
13,2816,800,-0.0609,0.9431,0.3790,0.3402,9.5931,-0.8749,0.0000,1.0000,0.0000,0.2120,39350.7
13,3136,820,-0.2159,-1.3664,0.6277,0.3608,8.3201,-0.4641,0.0000,1.0000,0.0000,0.2124,39487.7
13,3456,840,0.5584,3.4125,0.6472,0.3509,12.1584,-0.5737,0.0000,1.0000,0.0000,0.2134,39651.7
13,3776,860,-0.2706,-0.2541,0.4296,0.1587,10.7806,-0.6358,-0.0000,1.0000,0.0000,0.2136,39783.5
13,4096,880,0.1895,1.3999,0.5756,0.1348,9.8282,-0.5171,-0.0000,1.0000,0.0000,0.2137,39943.3
13,4416,900,-0.6697,0.3439,0.6164,0.2769,7.4145,-0.8651,-0.0000,1.0000,0.0000,0.2141,40083.8
13,4736,920,0.3177,0.0259,0.2956,0.2817,10.9543,-0.7577,-0.0000,1.0000,0.0000,0.2142,40216.9
14,64,940,-0.2847,-2.2037,0.6517,0.3235,8.8212,-0.0355,-0.0000,1.0000,0.0000,0.2151,40425.8
14,384,960,0.2020,-2.4650,0.4244,0.5075,9.6949,-0.4684,-0.0000,1.0000,0.0000,0.2144,40573.9
14,704,980,-0.3708,-0.5088,0.3674,0.6600,9.9048,-0.6047,-0.0000,1.0000,0.0000,0.2137,40721.5
14,1024,1000,-0.2273,-2.0582,0.6381,0.4311,9.7922,-0.3810,0.0000,1.0000,0.0000,0.2132,40861.2
14,1344,1020,0.1712,0.7242,0.7806,0.3317,7.2503,-0.4818,-0.0000,1.0000,0.0000,0.2130,40994.1
14,1664,1040,-0.4047,-0.3207,0.5438,0.5445,10.2517,-0.3542,0.0000,1.0000,0.0000,0.2127,41111.0
14,1984,1060,0.2641,-1.3603,0.3332,0.3912,10.2662,-0.6146,0.0000,1.0000,0.0000,0.2129,41242.4
14,2304,1080,-0.3313,-2.2819,0.7858,0.1747,10.8600,-0.2595,-0.0000,1.0000,0.0000,0.2131,41363.9
14,2624,1100,-0.1362,-1.1900,0.6031,0.1875,11.0779,-0.2415,0.0000,1.0000,0.0000,0.2136,41487.8
14,2944,1120,-0.0824,0.1957,0.2284,0.1102,11.2164,-0.6530,0.0000,1.0000,0.0000,0.2139,41623.1
14,3264,1140,0.4892,2.5881,0.3671,0.1801,11.7559,-0.8686,-0.0000,1.0000,0.0000,0.2137,41761.7
14,3584,1160,-0.2585,-0.8793,0.3136,0.1417,10.5407,-0.6245,0.0000,1.0000,0.0000,0.2139,41887.5
14,3904,1180,-0.4495,-1.0374,0.7745,0.1781,8.1031,-0.0993,-0.0000,1.0000,0.0000,0.2139,42031.6
14,4224,1200,0.1711,-0.3914,0.4934,0.2238,6.8399,-0.4661,0.0000,1.0000,0.0000,0.2137,42172.2
14,4544,1220,0.2619,0.4849,0.4526,0.1299,9.4339,-0.4276,0.0000,1.0000,0.0000,0.2139,42332.7
14,4864,1240,-0.1564,-0.9166,0.2270,0.1577,8.9588,-0.7371,0.0000,1.0000,0.0000,0.2135,42469.6
15,192,1260,-0.4556,1.6645,0.4124,0.1581,7.8911,-0.8917,0.0000,1.0000,0.0000,0.2144,42614.5
15,512,1280,-0.1769,-1.0476,0.4903,0.2433,8.0228,-0.3559,0.0000,1.0000,0.0000,0.2151,42764.9
15,832,1300,-0.2045,-5.2723,0.6129,0.1466,10.3915,-0.0951,0.0000,1.0000,0.0000,0.2150,42914.1
15,1152,1320,-0.8150,0.2599,0.4575,0.1132,10.1844,-0.7508,0.0000,1.0000,0.0000,0.2153,43064.8
15,1472,1340,1.1285,-1.7419,0.4114,0.1582,10.0855,-0.3459,-0.0000,1.0000,0.0000,0.2146,43190.5
15,1792,1360,-0.3556,1.1059,0.4668,0.2300,8.6490,-0.5184,0.0000,1.0000,0.0000,0.2150,43344.8
15,2112,1380,-0.4443,-0.0561,0.5940,0.1498,9.2522,-0.4150,-0.0000,1.0000,0.0000,0.2148,43477.2
15,2432,1400,0.1975,-0.0507,0.3142,0.1754,13.7011,-0.7430,-0.0000,1.0000,0.0000,0.2146,43621.3
15,2752,1420,-0.6269,0.0704,0.5032,0.2256,8.4620,-0.2472,0.0000,1.0000,0.0000,0.2152,43790.9
15,3072,1440,0.0933,-0.3396,0.7474,0.2818,9.7629,-0.3474,0.0000,1.0000,0.0000,0.2154,43937.8
15,3392,1460,0.4669,-1.3379,0.6244,0.3451,8.9560,-0.4884,0.0000,1.0000,0.0000,0.2155,44065.7
15,3712,1480,-0.7021,-3.3126,0.3250,0.2408,11.2883,-0.2278,0.0000,1.0000,0.0000,0.2157,44268.5
15,4032,1500,0.0944,-0.7482,0.5065,0.2280,8.5639,-0.5041,0.0000,1.0000,0.0000,0.2153,44456.2
15,4352,1520,0.0788,2.1443,0.2048,0.2014,12.5691,-0.8706,0.0000,1.0000,0.0000,0.2153,44611.9
15,4672,1540,-0.4859,0.2158,0.7650,0.2443,5.5815,-0.7286,0.0000,1.0000,0.0000,0.2152,44768.7
15,4992,1560,-0.6515,1.6489,0.5349,0.2407,10.4837,-0.6649,0.0000,1.0000,0.0000,0.2150,44920.8
16,320,1580,-0.0549,-3.5235,0.3562,0.2843,8.5243,0.0488,-0.0000,1.0000,0.0000,0.2158,45095.8
16,640,1600,0.4416,0.4053,0.6749,0.2622,8.5716,-0.3941,-0.0000,1.0000,0.0000,0.2156,45266.6
16,960,1620,-0.0248,0.2383,0.2847,0.2031,7.8155,-0.7466,0.0000,1.0000,0.0000,0.2154,45461.7
16,1280,1640,-0.3819,0.3636,0.3668,0.1639,8.4989,-0.7777,-0.0000,1.0000,0.0000,0.2154,45611.3
16,1600,1660,0.2046,0.4014,0.3312,0.1931,8.4663,-0.7532,0.0000,1.0000,0.0000,0.2155,45751.7
16,1920,1680,0.0953,-0.5061,0.6245,0.1619,8.1168,-0.1629,-0.0000,1.0000,0.0000,0.2159,45945.8
16,2240,1700,-0.3432,-2.6482,0.3272,0.1223,8.5266,-0.3270,-0.0000,1.0000,0.0000,0.2163,46109.3
16,2560,1720,0.4617,-2.0478,0.4772,0.1320,13.2581,-0.6177,0.0000,1.0000,0.0000,0.2162,46276.3
16,2880,1740,-1.0107,-0.1534,0.4172,0.2045,11.4387,-0.6397,0.0000,1.0000,0.0000,0.2164,46504.2
16,3200,1760,-0.2196,0.7351,0.1806,0.2430,11.1872,-0.7545,-0.0000,1.0000,0.0000,0.2164,46636.8
16,3520,1780,0.5339,-2.4146,0.4485,0.2885,7.4069,-0.4911,0.0000,1.0000,0.0000,0.2161,46817.1
16,3840,1800,-0.1691,4.3800,0.3483,0.3119,11.1226,-1.0000,0.0000,1.0000,0.0000,0.2161,46973.6
16,4160,1820,-0.2478,0.7718,0.5148,0.2698,10.5518,-0.7375,-0.0000,1.0000,0.0000,0.2160,47107.7
16,4480,1840,-0.2410,-0.2640,0.5220,0.1455,6.3305,-0.3626,0.0000,1.0000,0.0000,0.2162,47250.0
16,4800,1860,0.6851,1.1768,0.3222,0.1673,12.2509,-0.8021,-0.0000,1.0000,0.0000,0.2161,47411.2
17,128,1880,-0.6045,2.0764,0.4457,0.2536,9.8994,-0.7291,0.0000,1.0000,0.0000,0.2167,47593.9
17,448,1900,0.6988,-0.4956,0.6620,0.2186,8.5535,-0.6288,-0.0000,1.0000,0.0000,0.2165,47731.7
17,768,1920,-0.1398,0.9618,0.2204,0.1775,11.1424,-0.8623,-0.0000,1.0000,0.0000,0.2163,47870.7
17,1088,1940,-0.4217,0.0303,0.6807,0.2987,7.5296,-0.3460,0.0000,1.0000,0.0000,0.2162,47996.3
17,1408,1960,-0.4017,1.0133,0.4812,0.3349,13.4519,-0.7597,0.0000,1.0000,0.0000,0.2160,48131.6
17,1728,1980,-1.0928,0.3383,0.4629,0.2890,11.5543,-0.2905,0.0000,1.0000,0.0000,0.2162,48270.1
17,2048,2000,0.7840,-0.1924,0.2916,0.1662,8.2389,-0.3804,-0.0000,1.0000,0.0000,0.2160,48392.6
17,2368,2020,0.2757,-0.7320,0.5922,0.1297,11.4021,-0.6306,-0.0000,1.0000,0.0000,0.2157,48517.8
17,2688,2040,0.3573,-2.0541,0.4976,0.1693,10.8304,-0.6121,0.0000,1.0000,0.0000,0.2151,48647.4
17,3008,2060,-0.1132,-2.2185,0.2678,0.1718,8.9824,-0.2864,-0.0000,1.0000,0.0000,0.2149,48795.2
17,3328,2080,0.3846,-0.4228,0.3173,0.1537,9.4355,-0.6329,0.0000,1.0000,0.0000,0.2149,48944.7
17,3648,2100,0.1491,-0.4099,0.5314,0.1359,11.3220,-0.5494,0.0000,1.0000,0.0000,0.2152,49109.9
17,3968,2120,-0.4808,0.5713,0.6295,0.1449,7.5486,-0.6072,0.0000,1.0000,0.0000,0.2153,49313.6
17,4288,2140,0.0823,-1.0046,0.4337,0.0847,10.6087,-0.7586,0.0000,1.0000,0.0000,0.2152,49459.2
17,4608,2160,0.2405,1.4667,0.2610,0.1738,11.9730,-0.7830,-0.0000,1.0000,0.0000,0.2152,49622.5
17,4928,2180,0.3215,-1.9492,0.5622,0.3073,10.5163,-0.4736,0.0000,1.0000,0.0000,0.2150,49817.5
18,256,2200,0.5060,1.1003,0.3641,0.2124,10.5820,-0.6415,-0.0000,1.0000,0.0000,0.2153,49997.5
18,576,2220,0.3272,0.9990,0.4735,0.2668,9.1080,-0.6289,0.0000,1.0000,0.0000,0.2152,50171.3
18,896,2240,-0.0090,4.0788,0.1893,0.2212,11.6537,-1.0000,-0.0000,1.0000,0.0000,0.2149,50348.4
18,1216,2260,-0.2548,1.9783,0.3087,0.2427,10.3684,-0.8963,0.0000,1.0000,0.0000,0.2150,50542.7
18,1536,2280,0.1295,2.6916,0.6761,0.1959,10.4081,-0.5386,0.0000,1.0000,0.0000,0.2150,50692.7
18,1856,2300,-0.2572,-3.9194,0.4792,0.1544,10.2231,-0.3356,0.0000,1.0000,0.0000,0.2153,50856.3
18,2176,2320,0.1225,-1.7530,0.4151,0.2271,10.9853,-0.4953,-0.0000,1.0000,0.0000,0.2152,51010.1
18,2496,2340,0.1079,1.1846,0.5461,0.1480,9.8633,-0.6191,0.0000,1.0000,0.0000,0.2152,51142.3
18,2816,2360,-0.4264,-2.9305,0.4077,0.1468,11.6416,-0.4059,-0.0000,1.0000,0.0000,0.2154,51278.2
18,3136,2380,-0.0270,0.8987,0.4252,0.1412,9.7651,-0.4421,0.0000,1.0000,0.0000,0.2154,51414.3
18,3456,2400,0.0961,-0.5011,0.3037,0.2145,12.2944,-0.7602,0.0000,1.0000,0.0000,0.2153,51553.2
18,3776,2420,0.1640,-2.0448,0.4908,0.3213,11.3429,-0.4844,0.0000,1.0000,0.0000,0.2153,51722.8
18,4096,2440,0.2031,-1.5337,0.3305,0.2020,10.9615,-0.4870,0.0000,1.0000,0.0000,0.2150,51872.6
18,4416,2460,-0.1806,-0.6210,0.4704,0.3099,8.9458,-0.4768,-0.0000,1.0000,0.0000,0.2150,52000.1
18,4736,2480,0.0286,-0.8958,0.2939,0.2079,12.6403,-0.7389,0.0000,1.0000,0.0000,0.2151,52129.2
19,64,2500,-0.1986,-1.9845,0.8037,0.1720,10.0191,-0.1398,-0.0000,1.0000,0.0000,0.2154,52278.7
19,384,2520,0.4516,-0.8612,0.4517,0.2009,11.6087,-0.4956,-0.0000,1.0000,0.0000,0.2153,52421.6
19,704,2540,-0.2633,-1.5406,0.3852,0.0976,11.9187,-0.4737,0.0000,1.0000,0.0000,0.2154,52560.1
19,1024,2560,-0.3540,1.0149,0.4104,0.1358,11.2964,-0.7726,-0.0000,1.0000,0.0000,0.2153,52695.7
19,1344,2580,0.0376,0.9245,0.6974,0.3063,7.9867,-0.3840,0.0000,1.0000,0.0000,0.2152,52840.6
19,1664,2600,-0.0988,0.3699,0.5969,0.2836,10.3867,-0.3745,-0.0000,1.0000,0.0000,0.2152,52978.5
19,1984,2620,-0.3306,-0.5920,0.4628,0.3319,10.3086,-0.4787,0.0000,1.0000,0.0000,0.2153,53124.9
19,2304,2640,-0.2120,-2.5540,0.5873,0.2180,11.7479,-0.3794,0.0000,1.0000,0.0000,0.2154,53256.9
19,2624,2660,-0.2906,-1.0010,0.7568,0.1679,11.1982,-0.4724,0.0000,1.0000,0.0000,0.2154,53395.3
19,2944,2680,0.2828,2.3925,0.4079,0.1980,11.6099,-0.7575,0.0000,1.0000,0.0000,0.2155,53530.6
19,3264,2700,-0.0122,0.8076,0.3624,0.2469,11.4297,-0.4965,0.0000,1.0000,0.0000,0.2155,53657.6
19,3584,2720,0.5345,-0.8012,0.4041,0.2488,10.6786,-0.6074,0.0000,1.0000,0.0000,0.2153,53782.9
19,3904,2740,-0.7106,-1.9049,0.9070,0.3242,8.7013,-0.1151,0.0000,1.0000,0.0000,0.2155,53918.4
19,4224,2760,-0.2433,-0.5713,0.3942,0.3341,8.1471,-0.4748,-0.0000,1.0000,0.0000,0.2155,54077.9
19,4544,2780,0.0298,0.2181,0.5796,0.3964,9.5346,-0.4237,0.0000,1.0000,0.0000,0.2155,54237.5
19,4864,2800,0.1118,-2.3994,0.4836,0.3435,10.4976,-0.3956,-0.0000,1.0000,0.0000,0.2152,54361.3
20,192,2820,-0.2180,3.1798,0.4872,0.2722,9.8893,-0.8630,0.0000,1.0000,0.0000,0.2154,54502.8
20,512,2840,0.4360,-0.1436,0.2385,0.2880,8.2135,-0.7660,-0.0000,1.0000,0.0000,0.2155,54660.6
20,832,2860,0.3439,0.1404,0.4328,0.3452,10.3172,-0.6181,-0.0000,1.0000,0.0000,0.2154,54801.7
20,1152,2880,-0.6862,0.1211,0.3407,0.3961,10.6959,-0.5344,0.0000,1.0000,0.0000,0.2156,54950.6
20,1472,2900,0.1019,-1.7875,0.8297,0.2790,10.0264,-0.3624,-0.0000,1.0000,0.0000,0.2157,55127.8
20,1792,2920,0.0378,-0.1007,0.3141,0.1810,9.6652,-0.7283,0.0000,1.0000,0.0000,0.2158,55311.2
20,2112,2940,-0.2000,0.0994,0.2826,0.1923,8.7543,-0.7685,-0.0000,1.0000,0.0000,0.2157,55490.8
20,2432,2960,-0.1959,1.4202,0.2543,0.1957,13.2564,-0.8649,0.0000,1.0000,0.0000,0.2158,55667.8
20,2752,2980,-0.3474,-2.6652,0.9057,0.2350,8.0476,-0.0033,-0.0000,1.0000,0.0000,0.2158,55810.2
20,3072,3000,-0.2947,-0.2241,0.6240,0.1951,9.2759,-0.2367,0.0000,1.0000,0.0000,0.2159,55961.7
20,3392,3020,0.4050,0.8781,0.3677,0.1520,7.8782,-0.6077,0.0000,1.0000,0.0000,0.2162,56125.1
20,3712,3040,0.3578,-0.2614,0.4033,0.2118,10.4999,-0.6014,-0.0000,1.0000,0.0000,0.2163,56268.7
20,4032,3060,0.8895,-0.3981,0.2868,0.2074,8.7220,-0.6256,0.0000,1.0000,0.0000,0.2161,56417.7
20,4352,3080,-0.0189,4.7304,0.2307,0.2672,12.1889,-1.0000,0.0000,1.0000,0.0000,0.2162,56554.8
20,4672,3100,0.4528,0.1362,0.6036,0.2897,6.3727,-0.6037,-0.0000,1.0000,0.0000,0.2160,56698.4
20,4992,3120,-0.7313,0.9160,0.3918,0.1992,10.9080,-0.6504,0.0000,1.0000,0.0000,0.2159,56905.2
21,320,20,0.4340,2.1203,0.4529,0.0422,9.9447,-0.7325,0.0000,1.0000,0.0000,0.2313,164.3
21,640,40,-0.3924,-0.7371,0.5880,0.0594,10.0004,-0.2342,0.0000,1.0000,0.0000,0.2156,340.9
21,960,60,-0.4327,-4.7072,0.5368,0.2565,13.7148,-0.3861,0.0000,1.0000,0.0000,0.2135,513.1
21,1280,80,-0.3755,-0.3882,0.1568,0.2449,12.6913,-0.8764,0.0000,1.0000,0.0000,0.2086,684.4
21,1600,100,0.9258,1.2028,0.5786,0.1329,10.1014,-0.6108,0.0000,1.0000,0.0000,0.2075,845.2
21,1920,120,-0.1155,-2.7548,0.7449,0.1791,9.0714,-0.1114,-0.0000,1.0000,0.0000,0.2151,1029.4
21,2240,140,0.1955,1.7957,0.3781,0.2226,9.9078,-0.7336,-0.0000,1.0000,0.0000,0.2138,1228.6
21,2560,160,-0.2952,-2.5725,0.2981,0.1795,14.2673,-0.5179,-0.0000,1.0000,0.0000,0.2152,1485.2
21,2880,180,-0.3880,-0.8650,0.3011,0.1717,12.0247,-0.4112,0.0000,1.0000,0.0000,0.2132,1662.4
21,3200,200,-0.0883,0.0377,0.3361,0.1387,12.4611,-0.7779,-0.0000,1.0000,0.0000,0.2144,1815.0
21,3520,220,0.4221,0.2496,0.3171,0.0848,7.6519,-0.7564,0.0000,1.0000,0.0000,0.2134,1957.9
21,3840,240,-0.1417,-0.8133,0.2196,0.1069,9.9890,-0.6390,0.0000,1.0000,0.0000,0.2122,2090.8
21,4160,260,0.2448,-0.8855,0.6810,0.0487,9.6374,-0.3845,0.0000,1.0000,0.0000,0.2144,2231.1
21,4480,280,0.3056,0.3072,0.5382,0.0883,5.4701,-0.3801,0.0000,1.0000,0.0000,0.2170,2390.1
21,4800,300,0.5110,-1.0529,0.2842,0.0652,12.4808,-0.7790,0.0000,1.0000,0.0000,0.2146,2532.1
22,128,320,-0.8504,-1.2891,0.5609,0.0958,10.9973,-0.5181,0.0000,1.0000,0.0000,0.2151,2683.1
22,448,340,0.1526,0.3599,0.3597,0.0852,9.0589,-0.6442,0.0000,1.0000,0.0000,0.2120,2810.7
22,768,360,0.5389,0.1135,0.3554,0.1229,11.1413,-0.7383,-0.0000,1.0000,0.0000,0.2112,2959.0
22,1088,380,-0.0776,0.8111,0.4045,0.2171,7.8571,-0.6009,0.0000,1.0000,0.0000,0.2116,3089.7
22,1408,400,-1.0759,1.4815,0.1445,0.1041,12.5423,-0.8861,-0.0000,1.0000,0.0000,0.2122,3247.1
22,1728,420,0.1497,-1.4497,0.2893,0.3091,11.7702,-0.6274,0.0000,1.0000,0.0000,0.2112,3387.2
22,2048,440,-0.0573,-0.9470,0.2961,0.2542,7.6897,-0.3714,0.0000,1.0000,0.0000,0.2123,3536.2
22,2368,460,0.6012,2.0346,0.4971,0.3642,9.3245,-0.7609,-0.0000,1.0000,0.0000,0.2115,3673.2
22,2688,480,-0.2492,-3.0999,0.4692,0.3263,9.6394,-0.3637,0.0000,1.0000,0.0000,0.2119,3817.3
22,3008,500,-0.1929,-0.0607,0.3451,0.2281,8.7756,-0.5956,0.0000,1.0000,0.0000,0.2117,3962.7
22,3328,520,0.3842,-2.0973,0.4384,0.1945,10.0643,-0.5142,-0.0000,1.0000,0.0000,0.2118,4098.1
22,3648,540,0.5894,-0.9950,0.6128,0.1500,10.0441,-0.4354,0.0000,1.0000,0.0000,0.2129,4260.8
22,3968,560,0.0739,0.7231,0.9270,0.1263,7.6215,-0.2399,-0.0000,1.0000,0.0000,0.2141,4409.7
22,4288,580,-0.0532,1.8436,0.2401,0.1583,10.4230,-0.8886,0.0000,1.0000,0.0000,0.2145,4557.9
22,4608,600,0.2085,0.7464,0.3197,0.1741,11.2737,-0.6602,0.0000,1.0000,0.0000,0.2154,4714.4
22,4928,620,-0.2821,0.2187,0.5601,0.1366,11.3470,-0.4830,-0.0000,1.0000,0.0000,0.2160,4875.8
23,256,640,-0.3560,0.0275,0.1836,0.0655,13.7550,-0.7670,0.0000,1.0000,0.0000,0.2185,5030.7
23,576,660,0.2998,-0.5501,0.2207,0.0783,10.6963,-0.7416,0.0000,1.0000,0.0000,0.2176,5162.0
23,896,680,-0.3946,-1.0872,0.4211,0.1425,11.6431,-0.4252,0.0000,1.0000,0.0000,0.2175,5298.1
23,1216,700,-0.1171,1.1947,0.2616,0.1485,10.4508,-0.8659,-0.0000,1.0000,0.0000,0.2175,5434.4
23,1536,720,-0.1500,0.4319,0.4229,0.1351,10.0396,-0.6591,0.0000,1.0000,0.0000,0.2182,5580.1
23,1856,740,-0.9644,-3.5639,0.2864,0.1169,11.7340,-0.2260,0.0000,1.0000,0.0000,0.2186,5722.2
23,2176,760,0.3557,1.7525,0.3810,0.1822,10.4314,-0.6391,0.0000,1.0000,0.0000,0.2187,5860.4
23,2496,780,0.2320,-0.5960,0.3145,0.0944,10.3000,-0.6026,0.0000,1.0000,0.0000,0.2185,5994.2
23,2816,800,0.2201,3.3753,0.1712,0.1156,11.3874,-0.8853,-0.0000,1.0000,0.0000,0.2181,6132.7
23,3136,820,-0.6504,-0.9629,0.3376,0.2719,9.7870,-0.6063,0.0000,1.0000,0.0000,0.2181,6277.6
23,3456,840,-0.3316,-1.0546,0.3668,0.1225,12.5676,-0.6688,0.0000,1.0000,0.0000,0.2186,6433.5
23,3776,860,0.0024,-0.6992,0.6850,0.3068,10.5330,-0.2797,-0.0000,1.0000,0.0000,0.2197,6601.8
23,4096,880,-0.1337,-0.1033,0.5846,0.2953,10.4556,-0.6266,0.0000,1.0000,0.0000,0.2193,6751.9
23,4416,900,0.0417,0.2370,0.4427,0.7227,8.6254,-0.5405,0.0000,1.0000,0.0000,0.2187,6878.4
23,4736,920,-0.9124,1.8418,0.4103,0.2978,13.0258,-0.7564,-0.0000,1.0000,0.0000,0.2190,7016.4
24,64,940,0.3503,-2.4823,0.8401,0.1820,8.9397,0.1246,0.0000,1.0000,0.0000,0.2198,7164.5
24,384,960,0.5865,1.2231,0.5044,0.2802,9.9426,-0.6162,-0.0000,1.0000,0.0000,0.2196,7294.8
24,704,980,0.5077,-0.9450,0.2673,0.1679,12.3434,-0.7218,-0.0000,1.0000,0.0000,0.2196,7438.0
24,1024,1000,-0.5594,0.5275,0.4591,0.4190,10.6307,-0.5163,-0.0000,1.0000,0.0000,0.2200,7576.4
24,1344,1020,0.0533,-0.7354,0.6737,0.3423,7.9156,-0.2458,0.0000,1.0000,0.0000,0.2203,7725.4
24,1664,1040,-0.0538,2.2274,0.4855,0.4122,10.2707,-0.6502,-0.0000,1.0000,0.0000,0.2204,7865.0
24,1984,1060,0.1871,0.1508,0.4864,0.3113,12.0704,-0.4866,0.0000,1.0000,0.0000,0.2204,8021.8
24,2304,1080,-0.5360,-2.5366,0.5549,0.2223,12.5432,-0.3331,-0.0000,1.0000,0.0000,0.2207,8149.3
24,2624,1100,0.1367,-1.6433,0.5555,0.3180,12.9621,-0.3735,0.0000,1.0000,0.0000,0.2204,8313.3
24,2944,1120,-0.3055,3.0802,0.2764,0.1112,12.9178,-0.8771,-0.0000,1.0000,0.0000,0.2206,8479.0
24,3264,1140,-0.2484,-0.1422,0.5528,0.1243,12.2235,-0.5070,-0.0000,1.0000,0.0000,0.2203,8606.4
24,3584,1160,-0.1588,0.7241,0.4400,0.2396,9.8589,-0.4894,0.0000,1.0000,0.0000,0.2200,8734.3
24,3904,1180,-0.2778,-1.6038,0.6272,0.2866,9.2460,-0.2319,0.0000,1.0000,0.0000,0.2204,8870.0
24,4224,1200,0.2807,-2.8850,0.3335,0.2031,10.1692,-0.2283,0.0000,1.0000,0.0000,0.2207,9003.2
24,4544,1220,0.3132,-0.1228,0.5000,0.1281,12.1727,-0.0630,-0.0000,1.0000,0.0000,0.2210,9133.9
24,4864,1240,-0.3159,-3.1377,0.5482,0.0641,11.3609,-0.4900,-0.0000,1.0000,0.0000,0.2209,9264.4
25,192,1260,-0.4230,2.5213,0.7449,0.0778,9.3259,-0.6460,-0.0000,1.0000,0.0000,0.2218,9402.0
25,512,1280,0.6036,1.5742,0.2005,0.2531,11.1423,-0.8892,0.0000,1.0000,0.0000,0.2216,9531.6
25,832,1300,0.0130,-1.2151,0.3394,0.4530,13.6104,-0.5097,0.0000,1.0000,0.0000,0.2209,9652.6
25,1152,1320,-0.5200,-0.6289,0.5338,0.2402,11.4014,-0.6551,0.0000,1.0000,0.0000,0.2208,9797.8
25,1472,1340,-0.1934,-0.9530,0.4315,0.1114,10.5273,-0.3768,-0.0000,1.0000,0.0000,0.2212,9942.1
25,1792,1360,1.0982,0.7547,0.4165,0.2368,11.0011,-0.7309,-0.0000,1.0000,0.0000,0.2208,10068.7
25,2112,1380,-0.5983,-0.9182,0.4434,0.2054,9.9109,-0.4948,0.0000,1.0000,0.0000,0.2207,10204.5
25,2432,1400,0.2514,2.6431,0.2152,0.2470,14.1140,-0.9009,-0.0000,1.0000,0.0000,0.2204,10335.9
25,2752,1420,-0.1947,0.7776,1.0447,0.5667,7.9176,-0.3719,-0.0000,1.0000,0.0000,0.2203,10468.0
25,3072,1440,0.4070,1.0291,0.4991,0.1770,9.6769,-0.6119,-0.0000,1.0000,0.0000,0.2200,10599.9
25,3392,1460,-0.1041,0.3315,0.5185,0.2848,7.8562,-0.6245,0.0000,1.0000,0.0000,0.2200,10733.5
25,3712,1480,-0.3097,-1.2484,0.6002,0.2419,11.3259,-0.3553,0.0000,1.0000,0.0000,0.2208,10874.2
25,4032,1500,-0.4666,-0.6771,0.4515,0.5735,8.8520,-0.6195,-0.0000,1.0000,0.0000,0.2205,10995.4
25,4352,1520,0.0170,3.7436,0.3020,0.2784,12.1941,-0.8920,0.0000,1.0000,0.0000,0.2210,11127.1
25,4672,1540,0.1940,-0.4341,0.8553,0.2917,6.2595,0.1546,0.0000,1.0000,0.0000,0.2213,11267.5
25,4992,1560,0.5197,2.6062,0.5818,0.3235,10.2841,-0.7717,-0.0000,1.0000,0.0000,0.2215,11426.2
26,320,1580,0.1818,2.7952,0.5538,0.6790,10.4850,-0.6364,0.0000,1.0000,0.0000,0.2220,11579.5
26,640,1600,-0.2598,-0.0089,0.7360,0.3114,11.2410,-0.5139,0.0000,1.0000,0.0000,0.2218,11704.2
26,960,1620,0.1017,-0.2573,0.2304,0.2455,13.2075,-0.8661,-0.0000,1.0000,0.0000,0.2211,11816.7
26,1280,1640,-0.6784,-0.9160,0.1326,0.2685,11.6936,-0.6414,-0.0000,1.0000,0.0000,0.2211,12194.7
26,1600,1660,0.6728,0.4086,0.7779,0.6271,10.1064,-0.5132,0.0000,1.0000,0.0000,0.2211,28650.9
26,1920,1680,-0.0804,-1.4378,0.8564,0.6328,7.3475,0.1164,0.0000,1.0000,0.0000,0.2214,28759.0
26,2240,1700,0.5718,1.6626,0.4986,0.6403,8.3132,-0.7364,-0.0000,1.0000,0.0000,0.2210,28870.1
26,2560,1720,0.2331,1.5272,0.4056,0.2346,12.4270,-0.7827,0.0000,1.0000,0.0000,0.2208,28992.6
26,2880,1740,0.4476,1.8264,0.2733,0.3182,10.1808,-0.6711,-0.0000,1.0000,0.0000,0.2205,29109.1
26,3200,1760,-0.1458,2.0157,0.1079,0.2985,10.8381,-0.9151,0.0000,1.0000,0.0000,0.2206,29244.6
26,3520,1780,0.1420,0.3937,0.7299,0.2580,6.8660,-0.3620,0.0000,1.0000,0.0000,0.2210,29393.3
26,3840,1800,0.2689,1.1377,0.8828,0.6230,9.9769,-0.7639,-0.0000,1.0000,0.0000,0.2209,29538.0
26,4160,1820,0.2056,-2.9324,0.7625,0.5119,10.0641,-0.4821,-0.0000,1.0000,0.0000,0.2208,29669.6
26,4480,1840,0.0465,-1.1105,0.7459,0.4819,7.2765,-0.3446,-0.0000,1.0000,0.0000,0.2208,29808.1
26,4800,1860,-0.1525,-3.1867,0.4816,0.2203,12.2238,-0.3679,0.0000,1.0000,0.0000,0.2208,29953.8
27,128,1880,-0.3558,-2.0275,0.3122,0.2955,11.3817,-0.4759,0.0000,1.0000,0.0000,0.2213,30133.4
27,448,1900,-0.3510,0.1281,0.6076,0.5666,9.2003,-0.3637,-0.0000,1.0000,0.0000,0.2218,30310.1
27,768,1920,0.4561,1.7063,0.2306,0.3875,10.4442,-0.8608,0.0000,1.0000,0.0000,0.2214,30462.9
27,1088,1940,-0.2343,-0.5587,0.4030,0.5134,7.8968,-0.4848,0.0000,1.0000,0.0000,0.2213,30621.3
27,1408,1960,-0.3844,-0.2568,0.3859,0.2957,12.9726,-0.7601,-0.0000,1.0000,0.0000,0.2215,30792.7
27,1728,1980,-0.0555,-0.6630,0.4055,0.2591,13.2037,-0.5285,0.0000,1.0000,0.0000,0.2212,30942.4
27,2048,2000,0.0493,-2.0256,0.4010,0.2170,9.3511,-0.3531,0.0000,1.0000,0.0000,0.2214,31099.3
27,2368,2020,-0.1757,2.5328,0.6148,0.3682,11.1117,-0.6349,0.0000,1.0000,0.0000,0.2217,31249.2
27,2688,2040,-0.0757,-0.5118,0.1662,0.3271,11.6956,-0.7340,0.0000,1.0000,0.0000,0.2216,31400.5
27,3008,2060,-0.0445,1.7369,0.6048,0.5369,11.5202,-0.7448,-0.0000,1.0000,0.0000,0.2217,31565.3
27,3328,2080,0.4274,-1.4794,0.6122,0.1558,12.0130,-0.5308,-0.0000,1.0000,0.0000,0.2216,31712.9
27,3648,2100,0.3651,-0.6743,0.2334,0.1443,10.6885,-0.6302,-0.0000,1.0000,0.0000,0.2219,31879.6
27,3968,2120,-0.1724,-1.5806,0.7064,0.1869,7.6671,0.0419,-0.0000,1.0000,0.0000,0.2224,32035.9
27,4288,2140,-0.4454,0.1974,0.3101,0.1690,11.6008,-0.6524,-0.0000,1.0000,0.0000,0.2226,32188.9
27,4608,2160,0.5045,-3.8653,0.4715,0.2066,13.0684,-0.5044,0.0000,1.0000,0.0000,0.2226,32329.8
27,4928,2180,-0.4269,3.2585,0.6035,0.1809,10.7221,-0.7412,0.0000,1.0000,0.0000,0.2223,32448.0
28,256,2200,0.2476,-1.4040,0.1504,0.2164,11.5420,-0.7603,0.0000,1.0000,0.0000,0.2228,32600.6
28,576,2220,0.3445,1.6264,0.2434,0.2293,9.4706,-0.7428,-0.0000,1.0000,0.0000,0.2227,32734.7
28,896,2240,-0.8236,-3.5598,0.2263,0.1803,11.3384,-0.4209,-0.0000,1.0000,0.0000,0.2228,32869.6
28,1216,2260,-0.0505,3.6951,0.4573,0.2555,9.0795,-0.8987,0.0000,1.0000,0.0000,0.2226,33013.9
28,1536,2280,0.2506,2.6383,0.4924,0.2472,10.4945,-0.6367,0.0000,1.0000,0.0000,0.2227,33155.0
28,1856,2300,0.2773,-0.1554,0.4981,0.2078,11.2607,-0.3851,0.0000,1.0000,0.0000,0.2227,33323.6
28,2176,2320,-0.1892,-0.1537,0.3848,0.1874,10.6707,-0.6487,0.0000,1.0000,0.0000,0.2226,33483.5
28,2496,2340,-0.4669,-1.3457,0.2679,0.1451,10.0895,-0.5986,0.0000,1.0000,0.0000,0.2228,33645.9
28,2816,2360,-0.4074,-1.3942,0.3793,0.0699,10.9669,-0.6071,0.0000,1.0000,0.0000,0.2228,33805.8
28,3136,2380,0.0181,-4.0496,0.4158,0.2005,9.0077,-0.2460,0.0000,1.0000,0.0000,0.2226,33945.7
28,3456,2400,0.3491,0.3534,0.2372,0.2164,12.1899,-0.7689,0.0000,1.0000,0.0000,0.2226,34106.4
28,3776,2420,0.4905,0.4639,0.5820,0.0657,10.8525,-0.3819,0.0000,1.0000,0.0000,0.2226,34274.1
28,4096,2440,-1.0266,1.9019,0.9199,0.6658,9.2792,-0.5110,-0.0000,1.0000,0.0000,0.2230,34443.9
28,4416,2460,0.1692,-1.7499,0.5755,0.1721,6.6798,-0.3574,-0.0000,1.0000,0.0000,0.2231,34606.2
28,4736,2480,1.1022,1.7338,0.1387,0.1331,10.0205,-0.8704,0.0000,1.0000,0.0000,0.2226,34762.8
29,64,2500,-1.5984,-1.8827,0.6999,0.1957,9.2108,-0.2216,0.0000,1.0000,0.0000,0.2232,34947.3
29,384,2520,0.7797,-2.3581,0.4402,0.1745,10.2470,-0.3578,-0.0000,1.0000,0.0000,0.2233,35108.9
29,704,2540,0.8925,-0.4525,0.2658,0.2539,11.7713,-0.3633,0.0000,1.0000,0.0000,0.2233,35278.0
29,1024,2560,0.2789,-1.9931,0.3005,0.2405,11.2411,-0.2789,0.0000,1.0000,0.0000,0.2232,35432.3
29,1344,2580,0.7080,-1.2867,0.5158,0.4402,9.0239,-0.0864,-0.0000,1.0000,0.0000,0.2231,35593.5
29,1664,2600,-0.2875,-4.7127,0.4443,0.2605,10.2637,-0.0870,0.0000,1.0000,0.0000,0.2231,35754.4
29,1984,2620,0.3066,-0.0066,0.3815,0.4344,10.2854,-0.7318,-0.0000,1.0000,0.0000,0.2229,35911.2
29,2304,2640,-0.4905,-3.6423,0.5908,0.1639,10.4078,-0.2435,0.0000,1.0000,0.0000,0.2227,36048.6
29,2624,2660,0.6884,0.3137,0.7280,0.2182,8.5686,-0.3623,0.0000,1.0000,0.0000,0.2227,36194.1
29,2944,2680,-0.0968,0.4510,0.2336,0.1998,10.5431,-0.7689,-0.0000,1.0000,0.0000,0.2227,36340.5
29,3264,2700,0.1797,1.5900,0.1950,0.1286,11.2768,-0.7301,0.0000,1.0000,0.0000,0.2227,36475.6
29,3584,2720,0.4332,0.1004,0.2812,0.1095,9.2243,-0.6128,0.0000,1.0000,0.0000,0.2230,36618.8
29,3904,2740,-0.1429,2.0979,0.8041,0.1974,9.2277,-0.6065,0.0000,1.0000,0.0000,0.2230,36758.1
29,4224,2760,-0.5403,-1.7837,0.2772,0.1436,8.9069,-0.2473,0.0000,1.0000,0.0000,0.2231,36894.3
29,4544,2780,0.5957,1.8263,0.3689,0.1570,11.2856,-0.3520,-0.0000,1.0000,0.0000,0.2232,37031.0
29,4864,2800,0.5081,-0.2223,0.4446,0.2297,10.9053,-0.7404,0.0000,1.0000,0.0000,0.2232,37167.6
30,192,2820,0.6201,3.5248,0.4100,0.2513,9.8342,-0.8750,-0.0000,1.0000,0.0000,0.2234,37312.4
30,512,2840,-0.0289,0.4552,0.4984,0.2810,10.3301,-0.6671,-0.0000,1.0000,0.0000,0.2232,37472.4
30,832,2860,-0.1237,-0.0821,0.4521,0.1314,11.0052,-0.4810,0.0000,1.0000,0.0000,0.2231,37635.9
30,1152,2880,-0.5335,-3.1797,0.2783,0.1422,10.6550,-0.5149,0.0000,1.0000,0.0000,0.2231,37789.3
30,1472,2900,-0.0158,1.2435,0.5860,0.1111,8.9958,-0.7681,0.0000,1.0000,0.0000,0.2231,37940.4
30,1792,2920,0.6851,-0.8127,0.8531,0.2373,7.7367,-0.1417,-0.0000,1.0000,0.0000,0.2232,38081.3
30,2112,2940,-0.4328,-0.1849,0.3860,0.5098,6.4458,-0.6381,0.0000,1.0000,0.0000,0.2231,38215.1
30,2432,2960,-0.1447,-0.6674,0.2915,0.3740,11.6942,-0.6417,-0.0000,1.0000,0.0000,0.2231,38350.5
30,2752,2980,0.1526,1.3382,0.5955,0.1675,6.9437,-0.4804,-0.0000,1.0000,0.0000,0.2230,38487.9
30,3072,3000,-0.2666,-1.3022,0.7574,0.1594,8.7320,-0.3491,0.0000,1.0000,0.0000,0.2229,38622.7
30,3392,3020,0.8448,-0.1569,0.5427,0.1418,7.2287,-0.4515,0.0000,1.0000,0.0000,0.2230,38764.1
30,3712,3040,-0.5534,-2.1595,0.3970,0.3387,9.9250,-0.3446,-0.0000,1.0000,0.0000,0.2231,38905.7
30,4032,3060,0.1725,1.7620,0.6068,0.5300,5.3549,-0.2600,0.0000,1.0000,0.0000,0.2234,39042.3
30,4352,3080,0.9445,2.9413,0.1152,0.4106,9.9936,-1.0000,0.0000,1.0000,0.0000,0.2230,39171.6
30,4672,3100,-0.3509,0.1863,0.6461,0.5241,3.6772,-0.1977,0.0000,1.0000,0.0000,0.2231,39347.0
30,4992,3120,0.5569,0.7094,0.5380,0.2652,8.7158,-0.5309,0.0000,1.0000,0.0000,0.2230,39572.0
31,320,20,0.4437,0.7185,0.4363,0.1548,5.5836,-0.4725,0.0000,1.0000,0.0000,0.2844,150.3
31,640,40,0.5969,-2.3207,0.6531,0.1370,7.4898,-0.4803,-0.0000,1.0000,0.0000,0.2250,279.8
31,960,60,-0.3165,-1.3853,0.4926,0.0643,8.0279,-0.3971,-0.0000,1.0000,0.0000,0.2250,422.2
31,1280,80,-0.2486,-0.0500,0.2483,0.1399,9.6258,-0.6285,-0.0000,1.0000,0.0000,0.2227,551.3
31,1600,100,0.3159,-0.4654,0.6700,0.1524,8.3886,-0.6077,-0.0000,1.0000,0.0000,0.2213,680.3
31,1920,120,0.1973,0.6886,0.6593,0.1832,8.0351,-0.4372,-0.0000,1.0000,0.0000,0.2214,836.6
31,2240,140,-0.3696,0.0859,0.3887,0.1622,6.8823,-0.5990,-0.0000,1.0000,0.0000,0.2219,1017.6
31,2560,160,0.3171,0.1741,0.3109,0.2202,12.7600,-0.7480,-0.0000,1.0000,0.0000,0.2184,1155.0
31,2880,180,-0.0103,-0.8962,0.3572,0.1580,9.7056,-0.2557,-0.0000,1.0000,0.0000,0.2212,1308.8
31,3200,200,-0.4688,-1.1014,0.3258,0.4553,10.5742,-0.6259,0.0000,1.0000,0.0000,0.2188,1427.3
31,3520,220,-0.1761,-1.2507,0.5727,0.3377,6.8827,-0.2170,-0.0000,1.0000,0.0000,0.2239,1557.5
31,3840,240,0.4279,3.1296,0.2147,0.0902,7.3687,-1.0000,0.0000,1.0000,0.0000,0.2232,1679.7
31,4160,260,0.3895,-0.9936,0.4345,0.0818,8.1131,-0.6226,0.0000,1.0000,0.0000,0.2212,1813.2
31,4480,280,-0.0691,0.5066,0.4174,0.3788,5.6635,-0.7458,0.0000,1.0000,0.0000,0.2221,1930.5
31,4800,300,1.1627,-0.7844,0.3775,0.5648,12.1181,-0.7505,0.0000,1.0000,0.0000,0.2196,2045.3
32,128,320,-1.0144,0.9186,0.2715,0.2543,8.9599,-0.5994,-0.0000,1.0000,0.0000,0.2229,2184.2
32,448,340,0.0206,-1.0100,0.5667,0.6313,7.6654,-0.2429,0.0000,1.0000,0.0000,0.2219,2315.3
32,768,360,0.3062,0.9051,0.3354,0.1598,8.2715,-0.7546,-0.0000,1.0000,0.0000,0.2207,2450.9
32,1088,380,0.5808,1.6809,0.4077,0.2375,5.3913,-0.7313,-0.0000,1.0000,0.0000,0.2198,2584.5
32,1408,400,0.1312,0.6962,0.3320,0.2636,9.5125,-0.8753,-0.0000,1.0000,0.0000,0.2203,2719.6
32,1728,420,0.1918,-0.4887,0.4371,0.4818,7.8103,-0.3782,-0.0000,1.0000,0.0000,0.2212,2855.8
32,2048,440,-0.0616,-0.2940,0.6345,0.4738,4.4542,-0.3484,0.0000,1.0000,0.0000,0.2203,2994.4
32,2368,460,0.0723,-1.1712,0.4070,1.1238,8.6005,-0.6208,-0.0000,1.0000,0.0000,0.2197,3125.3
32,2688,480,-0.0241,-1.6567,0.5191,0.5695,6.8107,-0.4928,0.0000,1.0000,0.0000,0.2189,3239.9
32,3008,500,0.0801,2.5951,0.4050,0.8004,6.1953,-1.0000,0.0000,1.0000,0.0000,0.2187,3369.7
32,3328,520,-0.1321,0.7759,0.5097,0.1679,7.3405,-0.7821,0.0000,1.0000,0.0000,0.2191,3494.5
32,3648,540,-0.0958,0.9098,0.4620,0.1635,8.8368,-0.5145,0.0000,1.0000,0.0000,0.2213,3633.8
32,3968,560,0.0861,-0.7626,1.0850,0.1547,6.1703,-0.1032,0.0000,1.0000,0.0000,0.2212,3753.9
32,4288,580,0.2810,-1.0818,0.4392,0.3521,12.0011,-0.7510,0.0000,1.0000,0.0000,0.2206,3873.3
32,4608,600,0.3350,-2.6194,0.4217,0.5995,12.9822,-0.5187,-0.0000,1.0000,0.0000,0.2205,3989.3
32,4928,620,0.5383,0.1498,0.2657,0.2212,10.9953,-0.6108,0.0000,1.0000,0.0000,0.2194,4101.5
33,256,640,0.3591,3.5737,0.2196,0.2990,10.7571,-1.0000,0.0000,1.0000,0.0000,0.2215,4236.4
33,576,660,0.3804,-0.1315,0.3677,0.1521,7.7208,-0.7509,0.0000,1.0000,0.0000,0.2215,4368.2
33,896,680,-0.0213,2.2034,0.5436,0.1076,10.1667,-0.8797,-0.0000,1.0000,0.0000,0.2223,4507.6
33,1216,700,-0.0220,3.3991,0.1528,0.4932,8.6968,-1.0000,0.0000,1.0000,0.0000,0.2219,4623.5
33,1536,720,-0.5021,0.0004,0.3104,0.3188,10.4926,-0.6365,-0.0000,1.0000,0.0000,0.2221,4743.8
33,1856,740,0.7606,3.2125,0.4990,0.4408,10.3048,-0.5057,0.0000,1.0000,0.0000,0.2212,4862.5
33,2176,760,-0.1833,-0.6040,0.2052,0.2204,10.1238,-0.4917,0.0000,1.0000,0.0000,0.2218,4993.1
33,2496,780,0.5780,-1.0613,0.4874,0.2081,9.3822,-0.5920,-0.0000,1.0000,0.0000,0.2222,5105.5
33,2816,800,-0.0847,0.8566,0.1806,0.4014,11.2274,-0.8732,-0.0000,1.0000,0.0000,0.2205,5214.4
33,3136,820,-0.3682,-3.0558,0.3772,0.5286,9.8841,-0.4867,-0.0000,1.0000,0.0000,0.2208,5336.9
33,3456,840,0.3869,0.5707,0.5703,0.4819,12.9165,-0.5384,0.0000,1.0000,0.0000,0.2208,5458.3
33,3776,860,0.4578,-3.3854,0.6400,0.1854,9.5456,-0.3727,-0.0000,1.0000,0.0000,0.2205,5569.6
33,4096,880,0.0994,2.8450,0.8914,0.1303,7.8575,-0.7916,0.0000,1.0000,0.0000,0.2203,5689.0
33,4416,900,0.4231,0.1153,0.3481,0.2411,5.6215,-0.5939,0.0000,1.0000,0.0000,0.2203,5813.1
33,4736,920,0.4103,3.8954,0.2023,0.3818,8.9317,-1.0000,0.0000,1.0000,0.0000,0.2196,5925.9
34,64,940,-0.4024,-3.1363,1.0369,0.3980,8.6193,0.0741,-0.0000,1.0000,0.0000,0.2199,6052.8
34,384,960,0.4172,0.0317,0.5135,0.4828,8.6031,-0.3763,0.0000,1.0000,0.0000,0.2199,6176.9
34,704,980,-0.1307,0.7116,0.2034,0.6772,10.5029,-0.7328,-0.0000,1.0000,0.0000,0.2195,6303.4
34,1024,1000,0.1094,0.5932,0.3605,0.1172,9.9907,-0.4911,0.0000,1.0000,0.0000,0.2200,6427.4
34,1344,1020,0.8239,-0.8098,0.5939,0.2152,6.9598,-0.4688,0.0000,1.0000,0.0000,0.2195,6547.7
34,1664,1040,-0.2723,1.1722,0.4646,0.3214,9.8953,-0.6294,-0.0000,1.0000,0.0000,0.2196,6663.7
34,1984,1060,-0.1741,2.0371,1.0533,0.1908,10.3946,-0.7450,0.0000,1.0000,0.0000,0.2202,6794.4
34,2304,1080,0.0628,-1.7111,0.4310,0.1398,11.0658,-0.4776,0.0000,1.0000,0.0000,0.2201,6906.4
34,2624,1100,1.0415,-0.9768,0.6118,0.1277,8.0792,-0.2690,0.0000,1.0000,0.0000,0.2196,7027.2
34,2944,1120,-0.0092,0.6006,0.2569,0.1424,8.3686,-0.7537,-0.0000,1.0000,0.0000,0.2198,7150.2
34,3264,1140,0.0786,0.7213,0.5082,0.2649,9.3256,-0.5133,0.0000,1.0000,0.0000,0.2203,7277.7
34,3584,1160,0.5566,-4.6465,1.1533,0.1937,7.4941,-0.1986,-0.0000,1.0000,0.0000,0.2206,7406.3
34,3904,1180,-0.7289,-0.1329,0.7801,0.3587,7.3808,-0.2026,-0.0000,1.0000,0.0000,0.2210,7537.1
34,4224,1200,-0.4019,-0.1464,0.4943,0.1791,7.9140,-0.2472,-0.0000,1.0000,0.0000,0.2216,7658.2
34,4544,1220,0.5961,-1.1759,0.6026,0.1180,9.0857,-0.1830,0.0000,1.0000,0.0000,0.2218,7774.8
34,4864,1240,0.4410,-0.2730,0.2923,0.3205,9.9561,-0.7480,-0.0000,1.0000,0.0000,0.2217,7899.8
35,192,1260,-0.1903,2.1223,0.3620,0.0889,6.6990,-0.8687,0.0000,1.0000,0.0000,0.2225,8032.2
35,512,1280,-0.1111,-1.0562,0.5673,0.5315,5.9157,-0.5080,0.0000,1.0000,0.0000,0.2228,8165.3
35,832,1300,0.5356,2.5075,0.3239,0.5965,7.2188,-0.8700,0.0000,1.0000,0.0000,0.2219,8284.6
35,1152,1320,0.4627,0.7583,0.3784,1.1271,8.4814,-0.7736,-0.0000,1.0000,0.0000,0.2218,8408.9
35,1472,1340,0.3806,2.2070,0.2673,0.1887,7.4508,-0.8699,0.0000,1.0000,0.0000,0.2216,8539.7
35,1792,1360,-0.2963,0.0403,0.7444,0.2823,8.2478,-0.4956,0.0000,1.0000,0.0000,0.2216,8674.1
35,2112,1380,0.6968,1.2528,0.3253,0.2169,6.7299,-0.8775,0.0000,1.0000,0.0000,0.2212,8801.0
35,2432,1400,0.1452,2.0523,0.1794,0.2178,10.3256,-0.8857,0.0000,1.0000,0.0000,0.2215,8923.8
35,2752,1420,0.1232,1.3564,0.8331,0.2815,6.6712,-0.7548,0.0000,1.0000,0.0000,0.2217,9054.0
35,3072,1440,-0.1331,0.1783,0.5861,0.3129,7.0472,-0.5993,0.0000,1.0000,0.0000,0.2218,9176.5
35,3392,1460,0.5927,-0.7037,0.5192,0.2976,6.7875,-0.4757,0.0000,1.0000,0.0000,0.2220,9297.1
35,3712,1480,0.4142,3.3434,0.4262,0.2127,10.9372,-0.8632,-0.0000,1.0000,0.0000,0.2219,9422.7
35,4032,1500,0.0728,-1.9775,0.6049,0.3000,6.6309,-0.2785,0.0000,1.0000,0.0000,0.2218,9549.9
35,4352,1520,0.5897,5.4272,0.3349,0.2129,10.7038,-1.0000,-0.0000,1.0000,0.0000,0.2220,9672.5
35,4672,1540,0.8392,-0.4999,0.6716,0.5350,4.9351,-0.0891,-0.0000,1.0000,0.0000,0.2220,9794.9
35,4992,1560,-0.2868,1.5548,0.7491,0.2613,8.6550,-0.5174,0.0000,1.0000,0.0000,0.2220,9924.0
36,320,1580,0.1021,-0.0433,0.4263,0.3473,8.2035,-0.6071,-0.0000,1.0000,0.0000,0.2224,10067.5
36,640,1600,-0.7680,-1.3669,0.7919,0.2393,7.9625,0.0017,-0.0000,1.0000,0.0000,0.2225,10196.5
36,960,1620,0.1407,-1.1518,0.5352,0.2947,8.4384,-0.2611,0.0000,1.0000,0.0000,0.2228,10315.0
36,1280,1640,-0.0114,1.1123,0.3358,0.1358,9.6763,-0.6413,-0.0000,1.0000,0.0000,0.2226,10442.9
36,1600,1660,-0.3013,0.2338,0.2553,0.2684,7.8297,-0.7465,0.0000,1.0000,0.0000,0.2223,10564.0
36,1920,1680,-0.8678,-3.7711,0.8562,0.2918,7.9744,-0.1095,0.0000,1.0000,0.0000,0.2227,10694.3
36,2240,1700,0.0585,1.2729,0.4566,0.1741,6.6380,-0.6147,0.0000,1.0000,0.0000,0.2223,10817.5
36,2560,1720,-0.0772,-2.0872,0.4537,0.0730,12.3666,-0.6185,-0.0000,1.0000,0.0000,0.2222,10940.2
36,2880,1740,-0.1918,2.2173,0.5136,0.0969,9.5435,-0.4049,-0.0000,1.0000,0.0000,0.2227,11079.5
36,3200,1760,0.2732,0.5795,0.1917,0.1637,9.3026,-0.8805,0.0000,1.0000,0.0000,0.2227,11208.6
36,3520,1780,-0.4587,0.5279,0.6463,0.2345,5.7407,-0.7615,-0.0000,1.0000,0.0000,0.2229,11331.4
36,3840,1800,0.0818,3.1268,0.4241,0.2538,9.8201,-0.7482,0.0000,1.0000,0.0000,0.2232,11454.9
36,4160,1820,0.7477,-1.8330,0.7158,0.4919,9.0911,-0.2424,-0.0000,1.0000,0.0000,0.2235,11575.6
36,4480,1840,0.5085,-0.5331,0.5691,0.4890,5.0161,-0.3489,-0.0000,1.0000,0.0000,0.2233,11690.6
36,4800,1860,0.8272,-0.2559,0.3812,0.4271,10.4147,-0.6448,0.0000,1.0000,0.0000,0.2229,11808.7
37,128,1880,0.1481,3.5513,0.5205,0.2381,8.9053,-0.7558,-0.0000,1.0000,0.0000,0.2231,11948.5
37,448,1900,-0.2063,-1.0723,0.4221,0.2686,6.6250,-0.3681,-0.0000,1.0000,0.0000,0.2233,12091.3
37,768,1920,-0.0392,-0.1541,0.3177,0.3020,8.7061,-0.6259,0.0000,1.0000,0.0000,0.2231,12221.2
37,1088,1940,0.8287,0.6207,0.6989,1.0417,6.4002,-0.4677,0.0000,1.0000,0.0000,0.2230,12339.6
37,1408,1960,-0.1088,-0.2575,0.4191,0.3558,10.4245,-0.7629,-0.0000,1.0000,0.0000,0.2228,12465.2
37,1728,1980,0.2603,4.3154,0.4864,0.1262,9.6569,-0.7686,0.0000,1.0000,0.0000,0.2230,12596.5
37,2048,2000,-0.0276,-1.3269,0.2663,0.7334,6.8111,-0.3698,0.0000,1.0000,0.0000,0.2228,12716.0
37,2368,2020,-0.1166,1.0493,0.4824,0.2974,9.2908,-0.6655,-0.0000,1.0000,0.0000,0.2229,12842.6
37,2688,2040,0.3456,-0.5160,0.7224,0.4053,7.8584,-0.3819,0.0000,1.0000,0.0000,0.2226,12961.3
37,3008,2060,-0.1208,-0.0827,0.3109,0.2780,6.6475,-0.5101,0.0000,1.0000,0.0000,0.2231,13098.4
37,3328,2080,0.2694,-1.9683,0.2561,0.1727,8.6541,-0.6209,-0.0000,1.0000,0.0000,0.2233,13233.6
37,3648,2100,0.4022,0.8767,0.4246,0.1480,7.9350,-0.6308,0.0000,1.0000,0.0000,0.2234,13359.2
37,3968,2120,0.4193,1.5112,0.5574,0.4172,5.9467,-0.6089,-0.0000,1.0000,0.0000,0.2233,13480.8
37,4288,2140,0.0210,-0.7086,0.2087,0.1529,9.3182,-0.8726,-0.0000,1.0000,0.0000,0.2232,13610.9
37,4608,2160,-0.7536,-2.0956,0.2811,0.2654,10.4524,-0.5123,0.0000,1.0000,0.0000,0.2234,13748.1
37,4928,2180,0.2706,-1.5607,0.4136,0.6367,10.5665,-0.6051,0.0000,1.0000,0.0000,0.2232,13872.5
38,256,2200,-0.2125,-0.9456,0.4292,0.4441,11.0897,-0.7767,-0.0000,1.0000,0.0000,0.2238,14027.3
38,576,2220,0.8792,-0.2611,0.1495,0.5542,7.0561,-0.7270,-0.0000,1.0000,0.0000,0.2239,14174.1
38,896,2240,-0.1164,2.9597,0.2760,0.2741,11.2698,-0.8687,0.0000,1.0000,0.0000,0.2239,14308.0
38,1216,2260,0.0383,3.4478,0.2572,0.5208,10.5928,-0.8763,-0.0000,1.0000,0.0000,0.2234,14437.0
38,1536,2280,0.3386,4.2866,0.1917,0.4774,10.5751,-1.0000,0.0000,1.0000,0.0000,0.2232,14567.6
38,1856,2300,-0.5677,-1.8660,0.3876,0.2826,9.8175,-0.4794,0.0000,1.0000,0.0000,0.2235,14714.1
38,2176,2320,0.3247,-2.2507,0.2924,0.5528,12.1534,-0.6035,-0.0000,1.0000,0.0000,0.2235,14849.8
38,2496,2340,-0.4424,-0.2305,0.4208,0.4070,9.9021,-0.4966,-0.0000,1.0000,0.0000,0.2236,15000.2
38,2816,2360,0.7104,0.6688,0.7592,0.1695,9.6369,-0.7612,-0.0000,1.0000,0.0000,0.2236,15146.9
38,3136,2380,-0.2114,-1.1937,0.4710,0.3129,8.1497,-0.6015,0.0000,1.0000,0.0000,0.2235,15270.5
38,3456,2400,-0.2407,0.7672,0.3296,0.2230,11.3266,-0.7395,0.0000,1.0000,0.0000,0.2239,15426.3
38,3776,2420,0.4374,-2.4093,0.3827,0.3260,8.2512,-0.3766,-0.0000,1.0000,0.0000,0.2240,15567.9
38,4096,2440,0.1626,-1.3817,0.4009,0.1697,8.9648,-0.5096,0.0000,1.0000,0.0000,0.2237,15697.2
38,4416,2460,-0.1053,0.8936,0.5417,0.1079,5.4549,-0.6137,-0.0000,1.0000,0.0000,0.2238,15834.3
38,4736,2480,-0.2703,1.1026,0.2472,0.2717,10.6920,-0.8752,-0.0000,1.0000,0.0000,0.2239,15969.0
39,64,2500,0.6697,-1.6800,0.6772,0.1570,7.2373,-0.1808,-0.0000,1.0000,0.0000,0.2242,16120.8
39,384,2520,1.1957,0.5175,0.3603,0.2850,7.4569,-0.3978,0.0000,1.0000,0.0000,0.2240,16263.2
39,704,2540,0.2039,2.3368,0.4011,0.2887,8.7191,-0.7550,0.0000,1.0000,0.0000,0.2239,16409.0
39,1024,2560,0.5536,0.7449,0.5019,0.1431,9.7813,-0.5250,0.0000,1.0000,0.0000,0.2237,16534.5
39,1344,2580,-0.4832,-1.0510,0.4682,0.4210,7.9274,-0.3637,0.0000,1.0000,0.0000,0.2237,16670.5
39,1664,2600,0.5675,-1.4678,0.2724,0.5277,9.7667,-0.2437,0.0000,1.0000,0.0000,0.2237,16810.4
39,1984,2620,-0.4915,0.1620,0.2484,0.2052,9.5873,-0.4088,0.0000,1.0000,0.0000,0.2238,16959.6
39,2304,2640,-0.1542,-1.0783,0.4159,0.1795,9.7034,-0.3819,-0.0000,1.0000,0.0000,0.2238,17090.8
39,2624,2660,0.3446,-0.0190,0.5384,0.3989,7.9555,-0.4680,-0.0000,1.0000,0.0000,0.2238,17234.4
39,2944,2680,-0.0867,-1.3337,0.3005,0.2981,6.3501,-0.6246,0.0000,1.0000,0.0000,0.2238,17382.4
39,3264,2700,0.0214,1.7900,0.3801,0.4069,7.2020,-0.6654,0.0000,1.0000,0.0000,0.2239,17532.1
39,3584,2720,0.3774,0.9969,0.6538,0.1559,6.6937,-0.5142,-0.0000,1.0000,0.0000,0.2241,17686.8
39,3904,2740,0.4283,-0.2011,0.6259,0.4339,5.2829,-0.3590,-0.0000,1.0000,0.0000,0.2240,17836.2
39,4224,2760,-0.1039,-0.5721,0.5541,0.3750,5.4258,-0.1193,-0.0000,1.0000,0.0000,0.2240,17972.1
39,4544,2780,0.2436,-1.3287,0.5657,0.2666,6.7501,-0.1660,0.0000,1.0000,0.0000,0.2241,18113.7
39,4864,2800,0.3727,-1.1332,0.6526,0.1252,7.9147,-0.4903,-0.0000,1.0000,0.0000,0.2241,18249.0
40,192,2820,0.2053,4.0450,0.6654,0.3469,6.9190,-1.0000,-0.0000,1.0000,0.0000,0.2245,18400.2
40,512,2840,0.1132,-0.1569,0.3509,0.2244,5.7022,-0.6384,-0.0000,1.0000,0.0000,0.2244,18546.2
40,832,2860,0.0113,-1.9589,0.5409,0.8642,9.2601,-0.4875,0.0000,1.0000,0.0000,0.2242,18692.9
40,1152,2880,-0.4255,-1.3186,0.5753,0.2430,8.4400,-0.6175,0.0000,1.0000,0.0000,0.2242,18829.4
40,1472,2900,-0.0744,-0.0183,0.8216,0.1835,7.6501,-0.5066,-0.0000,1.0000,0.0000,0.2243,18969.7
40,1792,2920,0.2412,1.1165,0.3569,0.1418,6.6024,-0.7276,0.0000,1.0000,0.0000,0.2244,19121.3
40,2112,2940,0.1554,-0.9098,0.4399,0.2341,6.2100,-0.6057,-0.0000,1.0000,0.0000,0.2243,19265.9
40,2432,2960,0.3005,2.5619,0.3271,0.1638,11.9061,-0.8970,0.0000,1.0000,0.0000,0.2242,19399.7
40,2752,2980,-0.7396,0.7750,0.6844,0.2902,6.3386,-0.4871,0.0000,1.0000,0.0000,0.2243,19543.8
40,3072,3000,0.8795,0.4751,0.3964,0.2512,7.2573,-0.7499,0.0000,1.0000,0.0000,0.2242,19672.3
40,3392,3020,-0.0434,1.6688,0.2079,0.2162,6.3886,-0.8600,0.0000,1.0000,0.0000,0.2241,19808.9
40,3712,3040,-0.1290,0.0128,0.2814,0.1197,9.2632,-0.3534,0.0000,1.0000,0.0000,0.2242,19963.9
40,4032,3060,0.3675,-1.2734,0.5072,0.1966,6.5704,-0.3702,0.0000,1.0000,0.0000,0.2243,20097.9
40,4352,3080,-0.0436,2.9086,0.2194,0.1837,11.6712,-0.8780,-0.0000,1.0000,0.0000,0.2244,20234.7
40,4672,3100,0.1885,1.0278,0.8837,0.3959,6.3980,0.0639,-0.0000,1.0000,0.0000,0.2245,20371.7
40,4992,3120,0.5124,0.8525,0.4922,0.2197,10.2979,-0.6350,0.0000,1.0000,0.0000,0.2244,20512.5
41,320,3140,0.2868,-1.3236,0.5259,0.5522,8.4599,-0.3413,-0.0000,1.0000,0.0000,0.2246,20665.3
41,640,3160,0.3310,1.1024,0.5299,0.2289,7.6975,-0.7747,-0.0000,1.0000,0.0000,0.2245,20813.5
41,960,3180,-0.3314,-1.0504,0.3164,0.1572,6.4341,-0.3481,-0.0000,1.0000,0.0000,0.2245,20956.6
41,1280,3200,0.5542,0.9005,0.2268,0.1735,7.8654,-0.8657,0.0000,1.0000,0.0000,0.2244,21099.0
41,1600,3220,0.2738,3.0071,0.3964,0.1267,7.3996,-0.8932,-0.0000,1.0000,0.0000,0.2242,21242.8
41,1920,3240,0.2494,-1.9047,0.6636,0.2964,7.0612,-0.2268,-0.0000,1.0000,0.0000,0.2241,21384.9
41,2240,3260,0.3837,0.9185,0.3275,0.3285,8.0687,-0.6280,0.0000,1.0000,0.0000,0.2238,21518.4
41,2560,3280,0.0630,-1.9552,0.3679,0.3613,14.6012,-0.5299,-0.0000,1.0000,0.0000,0.2237,21643.5
41,2880,3300,-0.1945,4.6041,0.5391,0.3041,10.8183,-0.7611,0.0000,1.0000,0.0000,0.2239,21785.7
41,3200,3320,0.3484,0.6203,0.3555,0.3529,9.8246,-0.7604,0.0000,1.0000,0.0000,0.2240,21926.7
41,3520,3340,0.6457,-0.0937,0.5396,0.5931,5.7501,-0.3515,0.0000,1.0000,0.0000,0.2242,22077.4
41,3840,3360,-0.1446,-0.5586,0.5232,0.2846,8.3336,-0.5019,0.0000,1.0000,0.0000,0.2243,22221.0
41,4160,3380,-0.1402,-0.4720,0.3949,0.2449,7.2310,-0.6100,0.0000,1.0000,0.0000,0.2242,22354.0
41,4480,3400,-0.1041,-0.3426,0.5289,0.2509,5.4124,-0.2739,0.0000,1.0000,0.0000,0.2242,22484.3
41,4800,3420,0.4167,0.2948,0.3823,0.1397,9.9677,-0.6440,0.0000,1.0000,0.0000,0.2241,22631.2
42,128,3440,-0.2409,-1.5970,0.2542,0.3943,8.3417,-0.6111,-0.0000,1.0000,0.0000,0.2242,22794.8
42,448,3460,-0.2127,-0.9786,0.4363,0.1813,6.8786,-0.6138,0.0000,1.0000,0.0000,0.2242,22946.0
42,768,3480,0.0985,-1.2361,0.2659,0.2434,9.4091,-0.6080,-0.0000,1.0000,0.0000,0.2242,23092.2
42,1088,3500,0.2854,-0.6603,0.3585,0.6642,6.8372,-0.4696,-0.0000,1.0000,0.0000,0.2242,23237.6
42,1408,3520,-0.0579,-1.0280,0.3152,0.4777,9.6852,-0.7520,-0.0000,1.0000,0.0000,0.2242,23384.2
42,1728,3540,-0.2092,-0.2277,0.4175,0.1620,8.9828,-0.2749,0.0000,1.0000,0.0000,0.2245,23542.1
42,2048,3560,0.0693,-0.9031,0.7711,0.4685,6.2297,-0.3656,-0.0000,1.0000,0.0000,0.2245,23699.1
42,2368,3580,0.2977,-1.7207,0.4791,0.6470,8.8259,-0.3622,-0.0000,1.0000,0.0000,0.2246,23849.7
42,2688,3600,0.1624,-1.2649,0.3863,0.3942,7.9761,-0.6147,0.0000,1.0000,0.0000,0.2247,24000.2
42,3008,3620,0.1912,-2.5386,0.3536,0.7306,7.5455,-0.3499,-0.0000,1.0000,0.0000,0.2249,24170.7
42,3328,3640,-0.5664,1.7908,0.3823,0.4604,9.7226,-0.7732,0.0000,1.0000,0.0000,0.2248,24308.8
42,3648,3660,0.4608,-1.5863,0.4634,0.1574,10.2182,-0.6303,0.0000,1.0000,0.0000,0.2248,24465.0
42,3968,3680,-0.3556,-0.1818,0.7322,0.1752,5.2683,-0.2278,-0.0000,1.0000,0.0000,0.2248,24630.9
42,4288,3700,0.8669,-0.7546,0.3099,0.0922,9.4564,-0.7893,0.0000,1.0000,0.0000,0.2248,24792.6
42,4608,3720,-0.3681,-2.8963,0.2266,0.1412,10.0716,-0.5355,-0.0000,1.0000,0.0000,0.2248,24945.0
42,4928,3740,0.7480,-0.0060,0.4124,0.1415,9.1225,-0.7368,0.0000,1.0000,0.0000,0.2247,25103.5
43,256,3760,-0.3731,0.7558,0.4685,0.2364,9.6847,-0.7906,-0.0000,1.0000,0.0000,0.2250,25274.2
43,576,3780,0.1485,-0.5624,0.5665,0.1306,6.4311,-0.4889,-0.0000,1.0000,0.0000,0.2251,25423.8
43,896,3800,-0.4587,-2.2510,0.3689,0.0964,9.3593,-0.3709,-0.0000,1.0000,0.0000,0.2252,25580.6
43,1216,3820,0.5053,1.8945,0.2222,0.1567,6.4746,-0.7413,0.0000,1.0000,0.0000,0.2251,25738.3
43,1536,3840,0.9564,0.2024,0.5102,0.2971,8.0401,-0.3734,0.0000,1.0000,0.0000,0.2251,25897.6
43,1856,3860,0.2238,0.1180,0.3623,0.1549,10.2236,-0.7258,0.0000,1.0000,0.0000,0.2250,26052.7
43,2176,3880,-0.7423,-4.1237,0.3832,0.1822,10.2394,-0.3955,0.0000,1.0000,0.0000,0.2249,26207.4
43,2496,3900,0.0148,-0.9421,0.5376,0.2431,9.0087,-0.4743,0.0000,1.0000,0.0000,0.2248,26364.0
43,2816,3920,0.6378,-0.9434,0.4890,0.5430,9.9159,-0.6230,0.0000,1.0000,0.0000,0.2249,26529.0
43,3136,3940,0.2207,2.1117,0.1685,0.4173,9.3284,-0.7433,-0.0000,1.0000,0.0000,0.2249,26692.3
43,3456,3960,0.1282,1.9807,0.2277,0.4473,12.2656,-0.6581,0.0000,1.0000,0.0000,0.2250,26856.1
43,3776,3980,0.2734,1.8465,0.4452,0.3150,7.8331,-0.6272,-0.0000,1.0000,0.0000,0.2252,27007.6
43,4096,4000,0.4838,0.7167,0.6391,0.4223,7.0625,-0.4220,-0.0000,1.0000,0.0000,0.2251,27159.5
43,4416,4020,-0.2463,0.3369,0.5356,0.7936,4.7432,-0.4977,-0.0000,1.0000,0.0000,0.2250,27296.4
43,4736,4040,1.0464,1.0177,0.1520,0.2722,9.0259,-0.8634,-0.0000,1.0000,0.0000,0.2249,27451.9
44,64,4060,-0.5303,-1.5338,0.5499,0.1846,6.8014,-0.2406,-0.0000,1.0000,0.0000,0.2252,27611.7
44,384,4080,0.3532,-0.3438,0.3805,0.3869,8.3359,-0.4029,-0.0000,1.0000,0.0000,0.2250,27765.3
44,704,4100,-0.5905,1.3272,0.2320,0.4593,10.8002,-0.5927,-0.0000,1.0000,0.0000,0.2249,27910.9
44,1024,4120,-0.0085,3.1058,0.5606,0.2970,10.1842,-0.6155,0.0000,1.0000,0.0000,0.2249,28058.2
44,1344,4140,0.1006,1.0330,0.9983,0.1549,5.8752,-0.3817,-0.0000,1.0000,0.0000,0.2249,28218.7
44,1664,4160,-0.3876,-1.0922,0.6183,0.1753,8.5709,-0.3490,-0.0000,1.0000,0.0000,0.2249,28373.6
44,1984,4180,0.3551,-0.4855,0.2467,0.4084,10.1136,-0.5172,0.0000,1.0000,0.0000,0.2248,28528.4
44,2304,4200,0.6891,-2.7918,0.4246,0.2289,10.8702,-0.3590,-0.0000,1.0000,0.0000,0.2247,28669.7
44,2624,4220,-0.2597,-6.8302,0.5548,0.5538,10.3504,-0.0076,0.0000,1.0000,0.0000,0.2247,28825.4
44,2944,4240,0.7916,4.3780,0.6332,0.2309,10.6031,-1.0000,0.0000,1.0000,0.0000,0.2247,28979.2
44,3264,4260,-0.3239,1.5903,0.1264,0.4473,10.1685,-0.8614,0.0000,1.0000,0.0000,0.2246,29126.5
44,3584,4280,-0.1545,-0.1084,0.4161,0.5956,8.5412,-0.4870,-0.0000,1.0000,0.0000,0.2246,29277.8
44,3904,4300,0.1402,-0.0605,0.4974,0.7838,7.2063,-0.3785,-0.0000,1.0000,0.0000,0.2247,29418.9
44,4224,4320,0.5112,-1.5238,0.3512,0.4731,8.7815,-0.4938,-0.0000,1.0000,0.0000,0.2246,29558.6
44,4544,4340,-0.3547,-1.1922,0.3632,0.1941,9.1691,-0.3669,-0.0000,1.0000,0.0000,0.2247,29705.3
44,4864,4360,0.7051,0.8602,0.1723,0.2158,8.6488,-0.8649,0.0000,1.0000,0.0000,0.2246,29848.9
45,192,4380,-0.5699,2.7385,0.6890,0.4228,8.0920,-0.8746,0.0000,1.0000,0.0000,0.2247,30009.1
45,512,4400,0.2419,0.2810,0.7241,0.1675,7.9682,-0.5241,0.0000,1.0000,0.0000,0.2246,30154.7
45,832,4420,-0.5310,-1.3519,0.3417,0.1837,10.4699,-0.4985,-0.0000,1.0000,0.0000,0.2245,30286.2
45,1152,4440,-0.1127,-0.0862,0.2447,0.1921,9.4217,-0.6391,0.0000,1.0000,0.0000,0.2245,30429.0
45,1472,4460,0.2659,-0.0386,0.3727,0.1343,7.9643,-0.7520,0.0000,1.0000,0.0000,0.2244,30567.4
45,1792,4480,0.0282,1.6398,0.4619,0.3059,6.7268,-0.7273,-0.0000,1.0000,0.0000,0.2245,30722.1
45,2112,4500,-0.2830,-1.6789,0.6138,0.2589,5.9348,-0.3667,-0.0000,1.0000,0.0000,0.2245,30882.0
45,2432,4520,0.8541,4.5367,0.1304,0.2758,10.6020,-1.0000,0.0000,1.0000,0.0000,0.2243,31014.4
45,2752,4540,0.0514,-0.2183,0.7860,0.3238,5.5015,-0.3616,0.0000,1.0000,0.0000,0.2244,31172.0
45,3072,4560,0.3031,-0.5610,0.2805,0.1653,6.7785,-0.7486,-0.0000,1.0000,0.0000,0.2244,31326.1
45,3392,4580,0.6423,1.0941,0.5426,0.2343,6.1950,-0.4911,0.0000,1.0000,0.0000,0.2244,31469.4
45,3712,4600,0.4164,-0.2367,0.5508,0.1097,8.8603,-0.5916,-0.0000,1.0000,0.0000,0.2245,31647.3
45,4032,4620,-0.2921,-0.4439,0.6055,0.2242,5.8926,-0.3892,0.0000,1.0000,0.0000,0.2246,31782.5
45,4352,4640,0.0619,3.2311,0.4994,0.4160,10.9341,-0.8849,-0.0000,1.0000,0.0000,0.2248,31931.5
45,4672,4660,0.9050,-0.1158,0.4412,0.5899,4.3942,-0.3520,0.0000,1.0000,0.0000,0.2248,32065.2
45,4992,4680,-1.1752,-0.5921,0.3329,0.4741,8.7702,-0.4971,0.0000,1.0000,0.0000,0.2249,32214.4
46,320,4700,0.5118,0.7880,0.4646,1.3219,6.5173,-0.4799,-0.0000,1.0000,0.0000,0.2250,32361.0
46,640,4720,0.5464,-0.7424,0.5476,0.3094,7.4791,-0.5961,-0.0000,1.0000,0.0000,0.2248,32500.4
46,960,4740,-0.5775,-0.7702,0.3649,0.2135,7.8120,-0.6192,-0.0000,1.0000,0.0000,0.2249,32646.7
46,1280,4760,-0.2395,1.9801,0.3617,0.1555,9.3425,-0.7857,-0.0000,1.0000,0.0000,0.2249,32831.7
46,1600,4780,0.5728,4.5411,0.4251,0.2152,7.6640,-1.0000,0.0000,1.0000,0.0000,0.2248,32971.0
46,1920,4800,0.1182,-0.9878,0.9315,0.2181,7.1362,-0.2697,-0.0000,1.0000,0.0000,0.2249,33120.4
46,2240,4820,-0.5941,-0.3401,0.6265,0.3838,7.2491,-0.3566,0.0000,1.0000,0.0000,0.2248,33268.8
46,2560,4840,0.9715,0.3471,0.3593,0.1982,12.8333,-0.7576,0.0000,1.0000,0.0000,0.2247,35880.1
46,2880,4860,-0.0611,1.0199,0.3497,0.2590,9.7389,-0.6200,-0.0000,1.0000,0.0000,0.2248,36035.6
46,3200,4880,0.5132,4.1128,0.2846,0.3277,10.0764,-0.9153,0.0000,1.0000,0.0000,0.2248,36130.8
46,3520,4900,0.2486,-0.3160,0.6158,0.2762,5.4097,-0.4649,0.0000,1.0000,0.0000,0.2249,36237.4
46,3840,4920,0.2730,2.4024,0.1507,0.1927,8.7623,-0.6444,-0.0000,1.0000,0.0000,0.2250,36343.0
46,4160,4940,0.1785,2.6647,0.2837,0.1514,8.3115,-0.7591,0.0000,1.0000,0.0000,0.2249,36446.2
46,4480,4960,0.7501,0.2963,0.4160,0.2599,5.4363,-0.6295,0.0000,1.0000,0.0000,0.2248,36556.3
46,4800,4980,-0.3586,-3.3289,0.4026,0.1295,9.9966,-0.5191,0.0000,1.0000,0.0000,0.2248,36661.7
47,128,5000,0.1906,-0.4555,0.5000,0.2178,7.9541,-0.3394,-0.0000,1.0000,0.0000,0.2250,36774.5
47,448,5020,0.6424,0.9320,0.5983,0.1548,6.2916,-0.4831,0.0000,1.0000,0.0000,0.2249,36893.1
47,768,5040,-0.1591,0.5004,0.2535,0.1997,7.8244,-0.7206,0.0000,1.0000,0.0000,0.2248,36995.6
47,1088,5060,-0.2122,-0.5727,0.2954,0.1646,5.8550,-0.7397,0.0000,1.0000,0.0000,0.2248,37102.0
47,1408,5080,-0.0925,-1.0039,0.5398,0.2350,10.5100,-0.6385,0.0000,1.0000,0.0000,0.2248,37216.1
47,1728,5100,0.1772,1.7291,0.4291,0.2142,8.8413,-0.5062,0.0000,1.0000,0.0000,0.2247,37315.7
47,2048,5120,0.0697,-0.7093,0.3923,0.1301,5.7035,-0.3624,-0.0000,1.0000,0.0000,0.2247,37427.1
47,2368,5140,0.4382,0.3894,0.5287,0.1013,8.6425,-0.3864,0.0000,1.0000,0.0000,0.2248,37528.7
47,2688,5160,-0.1134,-1.6782,0.2753,0.4802,8.0972,-0.3640,0.0000,1.0000,0.0000,0.2248,37636.8
47,3008,5180,0.5422,1.2002,0.6813,0.3172,7.5252,-0.6320,-0.0000,1.0000,0.0000,0.2249,37750.6
47,3328,5200,-0.3377,-0.2903,0.1620,0.1252,7.2849,-0.7398,-0.0000,1.0000,0.0000,0.2250,37847.8
47,3648,5220,0.6116,-0.2813,0.4760,0.2105,9.1494,-0.6658,0.0000,1.0000,0.0000,0.2251,37957.2
47,3968,5240,0.7878,0.0006,1.0417,0.8860,7.1490,-0.2217,0.0000,1.0000,0.0000,0.2250,38055.2
47,4288,5260,-0.4305,0.8398,0.3250,0.2052,10.1089,-0.7604,0.0000,1.0000,0.0000,0.2250,38154.6
47,4608,5280,0.7632,5.3541,0.0244,0.2016,11.6900,-1.0000,0.0000,1.0000,0.0000,0.2248,38243.0
47,4928,5300,-1.0192,-2.1186,0.4017,0.3080,11.5858,-0.5118,-0.0000,1.0000,0.0000,0.2248,38344.0
48,256,5320,-0.1763,-0.7489,0.4781,0.5874,13.4293,-0.6608,0.0000,1.0000,0.0000,0.2250,38447.8
48,576,5340,-0.6235,-1.0288,0.3107,0.1662,8.5483,-0.5080,0.0000,1.0000,0.0000,0.2250,38551.7
48,896,5360,0.6662,-0.1366,0.4254,0.1374,10.5849,-0.6278,-0.0000,1.0000,0.0000,0.2249,38656.1
48,1216,5380,-0.5886,0.1598,0.5182,0.1195,8.6613,-0.5182,-0.0000,1.0000,0.0000,0.2250,38778.1
48,1536,5400,1.1156,1.3886,0.4023,0.1479,10.0468,-0.7576,-0.0000,1.0000,0.0000,0.2249,38885.6
48,1856,5420,0.4796,-1.3567,0.2573,0.1126,10.3140,-0.2528,0.0000,1.0000,0.0000,0.2250,39001.7
48,2176,5440,-0.1110,1.3715,0.2277,0.1080,10.2884,-0.7712,-0.0000,1.0000,0.0000,0.2251,39115.7
48,2496,5460,0.7668,1.3967,0.4631,0.2343,8.1712,-0.7283,0.0000,1.0000,0.0000,0.2251,39224.2
48,2816,5480,-0.2753,-1.6154,0.5946,0.2636,9.7000,-0.4999,0.0000,1.0000,0.0000,0.2251,39337.9
48,3136,5500,0.1253,-4.1876,0.7072,0.4903,10.1506,-0.3576,0.0000,1.0000,0.0000,0.2250,39440.2
48,3456,5520,1.1348,4.0128,0.8526,0.6634,13.5708,-0.8911,0.0000,1.0000,0.0000,0.2250,39555.9
48,3776,5540,0.3537,1.7490,0.4566,0.9030,10.8219,-0.6558,0.0000,1.0000,0.0000,0.2251,39670.8
48,4096,5560,-0.2526,-1.2422,0.4597,0.9039,9.4132,-0.3819,0.0000,1.0000,0.0000,0.2252,39775.3
48,4416,5580,0.8406,0.9231,0.4000,0.3293,4.4851,-0.4700,0.0000,1.0000,0.0000,0.2251,39883.7
48,4736,5600,0.2460,1.6065,0.3139,0.4580,8.1627,-0.7604,-0.0000,1.0000,0.0000,0.2251,40044.8
49,64,5620,-0.0965,-0.2124,0.6149,0.4397,6.9302,-0.2576,0.0000,1.0000,0.0000,0.2253,40198.7
49,384,5640,0.7265,-0.0410,0.4138,0.3904,7.3513,-0.3916,0.0000,1.0000,0.0000,0.2254,40315.7
49,704,5660,-0.0732,-0.2212,0.2612,0.4463,8.7348,-0.4965,-0.0000,1.0000,0.0000,0.2253,40427.8
49,1024,5680,-0.2942,-0.4500,0.2607,0.4614,10.0106,-0.3086,0.0000,1.0000,0.0000,0.2254,40540.2
49,1344,5700,-0.2413,0.6432,0.5104,0.2309,7.3292,-0.7492,0.0000,1.0000,0.0000,0.2253,40653.7
49,1664,5720,0.4046,0.5966,0.4340,0.3525,8.3519,-0.4694,0.0000,1.0000,0.0000,0.2253,40773.2
49,1984,5740,-0.3005,0.7566,0.3540,0.2124,10.3264,-0.7420,0.0000,1.0000,0.0000,0.2252,40887.8
49,2304,5760,0.3538,4.5485,0.7861,0.1561,9.8404,-0.7652,0.0000,1.0000,0.0000,0.2252,40999.2
49,2624,5780,0.1595,-1.4366,0.6978,0.4443,9.7277,-0.2209,-0.0000,1.0000,0.0000,0.2252,41116.7
49,2944,5800,0.9514,6.3253,0.4132,0.2805,10.3049,-1.0000,0.0000,1.0000,0.0000,0.2253,41244.8
49,3264,5820,-0.9225,-0.9593,0.4725,0.2799,10.3792,-0.4892,0.0000,1.0000,0.0000,0.2253,41352.8
49,3584,5840,0.8306,-0.5198,0.2733,0.7418,11.0189,-0.6091,0.0000,1.0000,0.0000,0.2254,41529.8
49,3904,5860,-0.3789,-1.9381,0.7855,0.7998,8.3843,-0.3779,-0.0000,1.0000,0.0000,0.2253,41647.5
49,4224,5880,0.0084,1.7794,0.5168,0.3075,8.2512,-0.6035,-0.0000,1.0000,0.0000,0.2254,41765.0
49,4544,5900,0.9537,1.0021,0.6377,0.6799,9.2214,-0.4303,-0.0000,1.0000,0.0000,0.2254,41883.7
49,4864,5920,-0.2176,2.8346,0.1459,0.1460,7.7985,-1.0000,-0.0000,1.0000,0.0000,0.2254,42008.1
50,192,5940,-0.3880,1.5157,0.5753,0.2872,6.7651,-0.7605,0.0000,1.0000,0.0000,0.2255,42135.2
50,512,5960,0.7029,0.9436,0.5003,0.3401,6.0490,-0.7639,-0.0000,1.0000,0.0000,0.2255,42293.1
50,832,5980,0.0580,-0.1186,0.4332,0.2251,7.3228,-0.4971,-0.0000,1.0000,0.0000,0.2255,42428.7
50,1152,6000,0.4454,2.0817,0.1019,0.1316,8.4828,-0.8792,-0.0000,1.0000,0.0000,0.2254,42540.4
50,1472,6020,-0.5757,-1.8798,0.5837,0.2918,8.7556,-0.4807,0.0000,1.0000,0.0000,0.2254,42654.4
50,1792,6040,-0.4610,2.8241,0.4016,0.3549,8.2784,-0.8642,-0.0000,1.0000,0.0000,0.2254,42767.9
50,2112,6060,0.1048,-0.4853,0.3628,0.6937,6.2845,-0.7457,0.0000,1.0000,0.0000,0.2255,42892.0
50,2432,6080,0.7392,2.0564,0.1634,0.2024,11.7828,-0.8727,0.0000,1.0000,0.0000,0.2254,43001.9
50,2752,6100,-0.4191,-0.1633,1.2642,0.3057,7.4289,-0.3841,0.0000,1.0000,0.0000,0.2254,43112.5
50,3072,6120,0.6239,1.4457,0.3446,0.3196,7.6842,-0.7387,0.0000,1.0000,0.0000,0.2254,43216.6
50,3392,6140,-0.0277,1.5732,0.3109,0.3799,5.9414,-0.7392,0.0000,1.0000,0.0000,0.2255,43320.5
50,3712,6160,0.8859,0.1034,0.3353,0.2315,9.5222,-0.7279,-0.0000,1.0000,0.0000,0.2254,43433.3
50,4032,6180,-0.4180,0.5020,0.4727,0.9131,6.5146,-0.5080,0.0000,1.0000,0.0000,0.2254,43533.2
50,4352,6200,0.3110,2.0209,0.2993,0.5948,11.8903,-0.7603,0.0000,1.0000,0.0000,0.2254,43606.1
50,4672,6220,0.3270,0.4365,0.9198,0.0588,2.6576,-0.5033,0.0000,1.0000,0.0000,0.2254,43690.1
50,4992,6240,-0.4315,-1.1084,0.3831,0.2534,9.3347,-0.4331,0.0000,1.0000,0.0000,0.2254,43778.0
51,320,20,-0.0664,-0.2655,0.3232,0.0607,7.1291,-0.2050,0.0000,1.0000,0.0000,0.2469,114.3
51,640,40,0.4495,0.9032,0.6419,0.1583,7.9193,-0.4894,-0.0000,1.0000,0.0000,0.2250,230.0
51,960,60,-0.2766,-1.9414,0.3103,0.1511,8.8638,-0.3732,-0.0000,1.0000,0.0000,0.2344,395.7
51,1280,80,0.6875,-0.9085,0.4306,0.5725,11.8043,-0.6447,0.0000,1.0000,0.0000,0.2242,538.6
51,1600,100,0.1653,2.6584,0.6055,0.4263,9.1160,-0.7482,-0.0000,1.0000,0.0000,0.2281,655.7
51,1920,120,-0.0450,-2.2424,0.4701,0.5745,9.3087,-0.4970,0.0000,1.0000,0.0000,0.2339,793.1
51,2240,140,-0.6233,0.7896,0.4257,0.5426,8.8522,-0.6334,-0.0000,1.0000,0.0000,0.2308,923.0
51,2560,160,0.3058,-3.0683,0.2806,0.3532,14.4850,-0.6267,0.0000,1.0000,0.0000,0.2301,1069.9
51,2880,180,-0.2301,1.7289,0.4214,0.4045,10.9323,-0.5289,-0.0000,1.0000,0.0000,0.2306,1197.4
51,3200,200,0.2482,1.4004,0.1185,0.3399,10.9718,-0.8718,0.0000,1.0000,0.0000,0.2291,1309.1
51,3520,220,1.0349,0.8995,0.6924,0.2520,4.9569,-0.7296,-0.0000,1.0000,0.0000,0.2293,1426.6
51,3840,240,-0.2461,1.6913,0.5342,0.2439,8.1241,-0.6748,0.0000,1.0000,0.0000,0.2305,1550.7
51,4160,260,0.0402,-1.0594,0.6917,0.2977,8.3377,-0.4814,-0.0000,1.0000,0.0000,0.2320,1676.2
51,4480,280,0.1288,-0.3527,0.8033,0.1197,4.9007,-0.4062,0.0000,1.0000,0.0000,0.2310,1804.6
51,4800,300,0.2006,-1.4958,0.2636,0.1649,8.3211,-0.6179,-0.0000,1.0000,0.0000,0.2294,1930.1
52,128,320,-0.4360,0.0274,0.2207,0.1063,8.7765,-0.7313,0.0000,1.0000,0.0000,0.2311,2071.3
52,448,340,-0.0015,1.2003,0.6656,0.3210,8.3141,-0.6094,-0.0000,1.0000,0.0000,0.2315,2195.4
52,768,360,-0.1325,-1.3285,0.3882,0.1254,10.2761,-0.3605,-0.0000,1.0000,0.0000,0.2309,2316.1
52,1088,380,0.3455,1.2142,0.4431,0.3962,6.9479,-0.7435,0.0000,1.0000,0.0000,0.2313,2435.9
52,1408,400,0.3686,0.4112,0.2574,0.3139,12.5353,-0.8897,-0.0000,1.0000,0.0000,0.2296,2557.3
52,1728,420,-1.1524,-1.4415,0.5156,0.6661,12.6929,-0.2614,0.0000,1.0000,0.0000,0.2299,4069.4
52,2048,440,0.1723,0.4444,0.3255,0.9087,9.1874,-0.5109,0.0000,1.0000,0.0000,0.2296,17656.9
52,2368,460,0.8418,1.2514,0.6369,0.1810,10.4804,-0.5244,-0.0000,1.0000,0.0000,0.2300,17749.9
52,2688,480,-0.1382,-3.5144,0.5630,0.2431,8.6316,-0.4778,-0.0000,1.0000,0.0000,0.2293,17846.2
52,3008,500,-0.1567,-1.2062,0.2039,0.1686,7.3100,-0.4861,-0.0000,1.0000,0.0000,0.2288,17948.0
52,3328,520,0.1074,3.8115,0.6699,0.1008,7.8305,-0.8002,0.0000,1.0000,0.0000,0.2299,18052.1
52,3648,540,0.3980,-2.9573,0.5905,0.1701,9.9526,-0.5364,-0.0000,1.0000,0.0000,0.2294,18166.4
52,3968,560,-0.3085,0.0151,0.7218,0.0814,5.6510,-0.1005,-0.0000,1.0000,0.0000,0.2298,18287.2
52,4288,580,-0.6545,-1.2026,0.1594,0.1374,11.9729,-0.7791,0.0000,1.0000,0.0000,0.2299,18396.9
52,4608,600,0.9727,-4.4347,0.3033,0.3319,12.5016,-0.3790,0.0000,1.0000,0.0000,0.2303,18514.2
52,4928,620,0.6186,-2.1318,0.4065,0.5808,12.0936,-0.3521,0.0000,1.0000,0.0000,0.2296,18628.0
53,256,640,-0.7921,-2.8795,0.2364,0.3211,13.6537,-0.7483,0.0000,1.0000,0.0000,0.2310,18768.9
53,576,660,0.0823,0.7734,0.2336,0.6153,10.1521,-0.6303,-0.0000,1.0000,0.0000,0.2312,18906.6
53,896,680,0.5561,1.0454,0.1840,0.2634,12.3312,-0.6352,0.0000,1.0000,0.0000,0.2310,19037.3
53,1216,700,-0.5065,2.9969,0.3785,0.3417,9.1039,-0.8841,0.0000,1.0000,0.0000,0.2307,19164.9
53,1536,720,-0.4951,1.3569,0.5126,0.3677,9.4890,-0.6622,0.0000,1.0000,0.0000,0.2308,19298.7
53,1856,740,-0.0333,-1.5290,0.2629,0.4129,8.1739,-0.3564,0.0000,1.0000,0.0000,0.2309,19430.4
53,2176,760,0.1186,1.6146,0.5007,0.2570,10.7598,-0.7847,-0.0000,1.0000,0.0000,0.2308,19577.8
53,2496,780,0.5307,-1.9013,0.4140,0.1335,8.9767,-0.4715,0.0000,1.0000,0.0000,0.2314,19724.0
53,2816,800,-0.3575,-3.2398,0.3997,0.4802,11.0124,-0.4085,0.0000,1.0000,0.0000,0.2312,19859.3
53,3136,820,0.2094,-2.2804,0.2767,0.2154,9.5948,-0.3640,0.0000,1.0000,0.0000,0.2315,19989.0
53,3456,840,0.6087,3.1627,0.4645,0.1659,12.9553,-0.8857,0.0000,1.0000,0.0000,0.2308,20121.9
53,3776,860,0.0624,-1.2628,0.4164,0.2822,8.9747,-0.3860,0.0000,1.0000,0.0000,0.2313,20249.2
53,4096,880,-0.1217,0.8876,0.6268,0.5172,9.3954,-0.5075,-0.0000,1.0000,0.0000,0.2307,20381.7
53,4416,900,-0.3675,1.2412,0.5119,0.1756,4.8188,-0.5997,0.0000,1.0000,0.0000,0.2304,20519.1
53,4736,920,0.5110,-0.9503,0.4584,0.4198,8.7097,-0.6323,-0.0000,1.0000,0.0000,0.2298,20648.1
54,64,940,-0.5571,-1.3807,0.5303,0.4121,7.6219,-0.3203,-0.0000,1.0000,0.0000,0.2308,20793.8
54,384,960,0.8404,1.3451,0.2331,0.2070,8.6816,-0.7621,0.0000,1.0000,0.0000,0.2300,20930.3
54,704,980,-0.4263,-1.6487,0.1937,0.4294,10.9071,-0.4879,-0.0000,1.0000,0.0000,0.2297,21067.3
54,1024,1000,-0.5052,0.5316,0.5203,0.3439,10.2187,-0.4948,0.0000,1.0000,0.0000,0.2302,21212.7
54,1344,1020,0.3182,-0.1108,0.5015,0.2154,8.0374,-0.3605,0.0000,1.0000,0.0000,0.2304,21350.8
54,1664,1040,-0.0715,0.9274,0.4713,0.2284,9.4987,-0.4154,-0.0000,1.0000,0.0000,0.2303,21488.7
54,1984,1060,-0.3823,-1.1186,0.2135,0.2280,9.9778,-0.6235,0.0000,1.0000,0.0000,0.2304,21636.1
54,2304,1080,0.5295,-0.9061,0.6028,0.2976,11.4765,-0.4131,0.0000,1.0000,0.0000,0.2302,21767.7
54,2624,1100,0.7013,-0.4481,0.6882,0.3492,8.4001,-0.2635,-0.0000,1.0000,0.0000,0.2303,21912.3
54,2944,1120,-0.6153,0.6919,0.2201,0.3100,8.4948,-0.7309,-0.0000,1.0000,0.0000,0.2310,22049.7
54,3264,1140,0.4503,1.2042,0.3794,0.2318,9.2990,-0.6492,-0.0000,1.0000,0.0000,0.2307,22181.5
54,3584,1160,-0.8316,-0.1317,0.5303,0.2896,8.0166,-0.6730,-0.0000,1.0000,0.0000,0.2314,22308.2
54,3904,1180,-0.3672,1.1378,0.5331,0.5871,6.3465,-0.6077,0.0000,1.0000,0.0000,0.2313,22447.8
54,4224,1200,0.2361,0.2243,0.3646,0.1920,7.7492,-0.3436,-0.0000,1.0000,0.0000,0.2317,22601.5
54,4544,1220,-0.0185,-1.4286,0.4215,0.1622,10.0557,-0.2575,0.0000,1.0000,0.0000,0.2319,22750.3
54,4864,1240,0.7760,0.8956,0.3028,0.3164,9.9791,-0.8814,0.0000,1.0000,0.0000,0.2313,22906.8
55,192,1260,-0.9636,4.4856,0.7395,0.0948,7.9203,-0.8714,-0.0000,1.0000,0.0000,0.2316,23070.1
55,512,1280,1.0829,0.9438,0.5127,0.1760,7.0587,-0.6685,-0.0000,1.0000,0.0000,0.2308,23222.7
55,832,1300,1.1828,-2.6717,0.4594,0.1658,10.5113,-0.2338,0.0000,1.0000,0.0000,0.2299,23373.5
55,1152,1320,0.0543,0.7692,0.3375,0.2130,10.0793,-0.7436,0.0000,1.0000,0.0000,0.2298,23521.1
55,1472,1340,0.0256,-0.6624,0.5711,0.0552,8.3234,-0.6120,0.0000,1.0000,0.0000,0.2294,23669.8
55,1792,1360,-0.0196,-3.8555,0.4662,0.0946,7.1615,-0.1002,0.0000,1.0000,0.0000,0.2299,23828.9
55,2112,1380,-0.1233,1.7329,0.5169,0.1206,6.9857,-0.2928,-0.0000,1.0000,0.0000,0.2297,23987.0
55,2432,1400,-0.2797,-3.3002,0.6066,0.2100,13.3841,-0.6270,-0.0000,1.0000,0.0000,0.2301,24141.2
55,2752,1420,1.3535,0.2742,0.7274,0.4410,7.6570,-0.3781,-0.0000,1.0000,0.0000,0.2299,24334.0
55,3072,1440,-0.7082,0.2290,0.6034,0.3734,8.5870,-0.6131,0.0000,1.0000,0.0000,0.2297,24512.0
55,3392,1460,1.1028,0.6804,0.6883,0.7001,6.3733,-0.2318,0.0000,1.0000,0.0000,0.2301,24674.0
55,3712,1480,0.3568,-1.0440,0.5318,0.5127,9.6049,-0.2264,0.0000,1.0000,0.0000,0.2305,24842.7
55,4032,1500,-0.1435,-0.9726,0.3188,0.9231,6.1564,-0.4890,-0.0000,1.0000,0.0000,0.2305,25000.8
55,4352,1520,0.0350,2.8460,0.1396,0.3670,12.5382,-0.7514,0.0000,1.0000,0.0000,0.2306,25151.0
55,4672,1540,0.8124,1.2396,0.3519,0.4403,3.9787,-0.2349,-0.0000,1.0000,0.0000,0.2304,25368.7
55,4992,1560,0.5149,1.0567,0.2814,0.2217,8.5703,-0.7773,-0.0000,1.0000,0.0000,0.2301,25594.0
56,320,1580,0.3502,-0.5401,0.6268,0.3335,7.5228,-0.3361,-0.0000,1.0000,0.0000,0.2306,25846.7
56,640,1600,0.7816,-1.0838,0.4895,0.7552,8.3178,-0.4867,0.0000,1.0000,0.0000,0.2301,26069.1
56,960,1620,-1.1194,0.0073,0.2619,0.2410,9.6957,-0.6341,0.0000,1.0000,0.0000,0.2305,26284.9
56,1280,1640,0.1300,0.3041,0.1368,0.1766,10.1329,-0.7643,0.0000,1.0000,0.0000,0.2303,26523.1
56,1600,1660,-0.3222,1.1562,0.3039,0.1847,7.3223,-0.7689,-0.0000,1.0000,0.0000,0.2304,26769.8
56,1920,1680,-0.2857,-2.0047,0.4851,0.1337,7.4406,-0.0203,-0.0000,1.0000,0.0000,0.2306,27044.8
56,2240,1700,0.0171,1.8618,0.4427,0.3397,9.1445,-0.7332,0.0000,1.0000,0.0000,0.2304,27433.3
56,2560,1720,-0.6203,-2.1885,0.2538,0.3725,13.8899,-0.6408,-0.0000,1.0000,0.0000,0.2305,27957.7
56,2880,1740,0.5900,1.8190,0.3789,0.5950,10.8631,-0.6490,-0.0000,1.0000,0.0000,0.2304,28373.1
56,3200,1760,-1.1137,0.3625,0.3517,0.5524,10.6681,-0.4064,0.0000,1.0000,0.0000,0.2308,28754.8
56,3520,1780,1.0611,-1.1624,0.4080,0.5919,5.9902,-0.6085,0.0000,1.0000,0.0000,0.2309,29111.4
56,3840,1800,-0.5530,1.9376,0.6786,0.6875,8.6145,-0.7270,0.0000,1.0000,0.0000,0.2309,29703.4
56,4160,1820,0.6242,-1.7981,0.4366,0.5340,7.4863,-0.4877,-0.0000,1.0000,0.0000,0.2312,30062.4
56,4480,1840,0.5581,0.0264,0.7036,0.4372,4.1639,-0.4788,-0.0000,1.0000,0.0000,0.2310,30418.0
56,4800,1860,-0.0655,-1.6436,0.7264,0.4797,10.0109,-0.4137,-0.0000,1.0000,0.0000,0.2305,30763.8
57,128,1880,-0.9504,0.8853,0.3980,0.4340,9.3785,-0.6295,0.0000,1.0000,0.0000,0.2310,31144.5
57,448,1900,0.1411,0.9371,0.3202,0.5111,6.1812,-0.8650,-0.0000,1.0000,0.0000,0.2310,31422.9
57,768,1920,0.9527,0.5876,0.3701,0.3458,8.7946,-0.7395,0.0000,1.0000,0.0000,0.2306,31658.3
57,1088,1940,0.1608,0.5635,0.3184,0.9174,5.9491,-0.6035,-0.0000,1.0000,0.0000,0.2307,31900.2
57,1408,1960,0.2995,-1.5116,0.8768,0.3527,8.5620,-0.5142,-0.0000,1.0000,0.0000,0.2309,32361.9
57,1728,1980,-0.2533,-2.0114,0.3293,0.2858,9.1616,-0.1518,0.0000,1.0000,0.0000,0.2308,32701.7
57,2048,2000,-0.3315,-0.5223,0.3769,0.2496,4.3152,-0.5924,0.0000,1.0000,0.0000,0.2308,32987.4
57,2368,2020,0.2679,-0.2050,0.6445,0.2684,8.2647,-0.6214,-0.0000,1.0000,0.0000,0.2310,33204.9
57,2688,2040,0.4559,-3.7039,0.9060,0.1524,7.6852,0.0141,-0.0000,1.0000,0.0000,0.2308,33391.3
57,3008,2060,0.6463,1.8745,0.4681,0.2840,6.3508,-0.6387,-0.0000,1.0000,0.0000,0.2306,33555.1
57,3328,2080,0.0932,-0.2680,0.2555,0.1338,8.0452,-0.7643,-0.0000,1.0000,0.0000,0.2302,33674.5
57,3648,2100,-0.1309,-0.6019,0.4457,0.2998,11.0389,-0.6266,-0.0000,1.0000,0.0000,0.2302,33791.4
57,3968,2120,0.7409,-0.8019,0.7558,0.2471,6.9617,-0.3474,0.0000,1.0000,0.0000,0.2302,33902.1
57,4288,2140,0.1549,0.8983,0.2116,0.2595,10.5946,-0.7600,0.0000,1.0000,0.0000,0.2301,34019.6
57,4608,2160,1.0508,2.0996,0.1528,0.1610,9.7492,-0.8734,0.0000,1.0000,0.0000,0.2302,34173.3
57,4928,2180,-0.1769,-0.6526,0.3418,0.3343,8.9528,-0.4952,0.0000,1.0000,0.0000,0.2302,34321.0
58,256,2200,0.1872,-1.4530,0.2708,0.5418,9.7637,-0.7506,-0.0000,1.0000,0.0000,0.2304,34456.5
58,576,2220,0.2031,0.1856,0.3243,0.2494,7.0143,-0.7403,0.0000,1.0000,0.0000,0.2304,34580.1
58,896,2240,0.3881,1.4150,0.4195,0.3769,10.4022,-0.6205,0.0000,1.0000,0.0000,0.2302,34694.4
58,1216,2260,-0.1666,2.1379,0.3668,0.3658,7.8893,-0.8840,0.0000,1.0000,0.0000,0.2300,34824.2
58,1536,2280,-0.3181,0.3326,0.5524,0.2259,8.6355,-0.6173,-0.0000,1.0000,0.0000,0.2299,34947.0
58,1856,2300,0.8606,2.7571,0.3978,0.4001,9.3393,-0.7433,0.0000,1.0000,0.0000,0.2300,35089.9
58,2176,2320,-0.3395,-0.3688,0.3786,0.3578,9.5117,-0.7904,0.0000,1.0000,0.0000,0.2299,35219.3
58,2496,2340,0.0179,-2.0226,0.3817,0.1830,7.8445,-0.4703,0.0000,1.0000,0.0000,0.2298,35344.1
58,2816,2360,-0.4194,-1.2122,0.3567,0.1535,10.2737,-0.4929,-0.0000,1.0000,0.0000,0.2297,35466.1
58,3136,2380,0.3640,-1.5826,0.4424,0.2734,8.3142,-0.6224,-0.0000,1.0000,0.0000,0.2296,35583.1
58,3456,2400,0.4557,-1.0128,0.4870,0.1701,11.2397,-0.5530,-0.0000,1.0000,0.0000,0.2296,35712.6
58,3776,2420,0.1951,-1.5222,0.3863,0.8267,9.6692,-0.3902,-0.0000,1.0000,0.0000,0.2298,35835.6
58,4096,2440,-0.3055,-0.7733,0.5639,0.4313,10.1857,-0.3833,-0.0000,1.0000,0.0000,0.2298,35958.3
58,4416,2460,0.3503,-0.7632,0.3726,0.1766,6.0282,-0.7337,0.0000,1.0000,0.0000,0.2295,36073.2
58,4736,2480,-0.1054,-2.0355,0.3823,0.1493,9.5279,-0.6152,0.0000,1.0000,0.0000,0.2295,36196.1
59,64,2500,0.0419,-3.0340,0.7294,0.1426,7.8505,-0.1109,0.0000,1.0000,0.0000,0.2297,36338.7
59,384,2520,0.1442,2.7723,0.4115,0.3660,7.7431,-0.6289,-0.0000,1.0000,0.0000,0.2297,36468.4
59,704,2540,0.9032,-2.3520,0.3169,0.3187,10.8455,-0.2346,-0.0000,1.0000,0.0000,0.2297,36596.9
59,1024,2560,-0.4529,2.8151,0.7738,0.1103,9.8293,-0.7496,-0.0000,1.0000,0.0000,0.2294,36715.9
59,1344,2580,0.0541,2.4715,0.6792,0.4928,7.2042,-0.4988,0.0000,1.0000,0.0000,0.2294,36847.1
59,1664,2600,0.4208,-1.9189,0.4910,0.4521,8.8019,-0.3511,0.0000,1.0000,0.0000,0.2294,36971.7
59,1984,2620,-0.1272,3.7925,0.3242,0.1932,10.0276,-0.8705,0.0000,1.0000,0.0000,0.2295,37098.4
59,2304,2640,-0.5047,-2.9895,0.3466,0.2705,11.8485,-0.4764,-0.0000,1.0000,0.0000,0.2294,37212.9
59,2624,2660,0.0521,0.8625,0.7806,0.1463,10.6409,-0.2578,0.0000,1.0000,0.0000,0.2293,37334.1
59,2944,2680,-0.2652,0.4575,0.2452,0.1764,10.8839,-0.7619,0.0000,1.0000,0.0000,0.2294,37456.6
59,3264,2700,-0.2984,-2.7454,0.2934,0.2050,10.5019,-0.6263,-0.0000,1.0000,0.0000,0.2294,37578.6
59,3584,2720,0.7046,0.4555,0.4305,0.3290,9.4498,-0.5034,0.0000,1.0000,0.0000,0.2294,37695.7
59,3904,2740,-0.6769,-2.2335,0.7602,0.7167,7.3129,0.1704,-0.0000,1.0000,0.0000,0.2296,37823.0
59,4224,2760,0.0203,-3.2170,0.6679,0.3487,8.9108,-0.0923,-0.0000,1.0000,0.0000,0.2295,37935.8
59,4544,2780,0.6750,2.1863,0.7925,0.6352,10.8039,-0.3148,0.0000,1.0000,0.0000,0.2294,38051.7
59,4864,2800,0.5397,-1.8820,0.5614,0.2338,8.4969,-0.4947,-0.0000,1.0000,0.0000,0.2294,38176.6
60,192,2820,0.9461,6.4374,0.2001,0.3528,8.6481,-1.0000,0.0000,1.0000,0.0000,0.2295,38307.0
60,512,2840,-0.7185,-0.2320,0.2936,0.1770,8.3118,-0.7530,0.0000,1.0000,0.0000,0.2295,38434.9
60,832,2860,-0.0993,-0.1707,0.4477,0.0995,10.7445,-0.4989,0.0000,1.0000,0.0000,0.2293,38558.6
60,1152,2880,0.7127,-0.1371,0.3432,0.3748,10.5706,-0.6459,-0.0000,1.0000,0.0000,0.2291,38683.7
60,1472,2900,0.4092,-2.1833,1.0648,0.3354,9.1106,-0.2488,0.0000,1.0000,0.0000,0.2294,38818.5
60,1792,2920,-0.2937,0.9335,0.3325,0.2506,8.8287,-0.5912,-0.0000,1.0000,0.0000,0.2296,38957.5
60,2112,2940,1.0613,1.6635,0.5560,0.1421,7.0590,-0.5171,-0.0000,1.0000,0.0000,0.2292,39982.3
60,2432,2960,0.4888,4.1865,0.2146,0.1382,9.8086,-1.0000,0.0000,1.0000,0.0000,0.2291,41063.2
60,2752,2980,0.1117,-0.9168,0.6459,0.3957,6.7019,-0.1535,0.0000,1.0000,0.0000,0.2292,41215.4
60,3072,3000,-0.0313,-1.6064,0.4572,0.4386,7.8721,-0.3342,0.0000,1.0000,0.0000,0.2292,41357.9
60,3392,3020,-0.1250,1.3328,0.2860,0.2720,6.2471,-0.7352,-0.0000,1.0000,0.0000,0.2292,41490.8
60,3712,3040,0.5019,3.1384,0.3540,0.2577,10.3145,-0.8599,0.0000,1.0000,0.0000,0.2293,41653.4
60,4032,3060,-0.2024,0.4452,0.3248,0.6496,6.8569,-0.4115,0.0000,1.0000,0.0000,0.2294,41798.1
60,4352,3080,0.1651,0.6686,0.1993,0.2474,11.4569,-0.7440,-0.0000,1.0000,0.0000,0.2298,41948.9
60,4672,3100,0.8385,0.2662,0.5977,0.9758,5.3466,-0.2194,0.0000,1.0000,0.0000,0.2297,42095.8
60,4992,3120,-0.7512,0.7168,0.3798,0.7552,9.4766,-0.6507,-0.0000,1.0000,0.0000,0.2297,42243.9
61,320,3140,-0.1407,-0.1256,0.1661,0.4245,8.1297,-0.3330,0.0000,1.0000,0.0000,0.2300,42419.2
61,640,3160,0.3027,0.2527,0.7237,0.5757,8.9793,-0.2338,-0.0000,1.0000,0.0000,0.2302,42581.6
61,960,3180,0.8070,-3.4125,0.5131,0.3278,10.0690,-0.3747,-0.0000,1.0000,0.0000,0.2300,42743.2
61,1280,3200,0.2370,-1.4263,0.0810,0.5593,10.7712,-0.7642,-0.0000,1.0000,0.0000,0.2300,42903.7
61,1600,3220,-0.0735,-2.2840,0.8208,0.6382,8.3742,-0.4853,-0.0000,1.0000,0.0000,0.2298,43054.7
61,1920,3240,1.7152,-2.4767,0.6346,0.1138,8.1988,-0.3564,-0.0000,1.0000,0.0000,0.2297,43224.3
61,2240,3260,-0.9186,0.9966,0.5416,0.2644,7.9957,-0.5116,0.0000,1.0000,0.0000,0.2297,43398.0
61,2560,3280,0.6533,-1.8832,0.3720,0.2132,13.2555,-0.4774,-0.0000,1.0000,0.0000,0.2297,43571.4
61,2880,3300,-0.7650,2.1907,0.4279,0.1970,10.6136,-0.5351,-0.0000,1.0000,0.0000,0.2299,43746.1
61,3200,3320,1.3802,1.2410,0.3329,0.0848,9.7136,-0.7634,-0.0000,1.0000,0.0000,0.2298,43909.1
61,3520,3340,0.3873,-1.5955,0.8450,0.3407,6.2398,-0.3317,0.0000,1.0000,0.0000,0.2298,44078.7
61,3840,3360,-0.8067,2.0915,0.2901,0.5687,9.5633,-0.7432,-0.0000,1.0000,0.0000,0.2299,44250.5
61,4160,3380,0.7807,-0.3117,0.5159,0.6008,8.3952,-0.3637,0.0000,1.0000,0.0000,0.2298,44414.6
61,4480,3400,-0.0047,1.2004,0.8057,0.2498,4.9894,-0.6036,-0.0000,1.0000,0.0000,0.2299,44574.4
61,4800,3420,-0.4606,-3.1276,0.5533,0.1038,10.7766,-0.6396,-0.0000,1.0000,0.0000,0.2298,44742.1
62,128,3440,-0.2311,-2.2759,0.5144,0.2026,7.9733,-0.4826,-0.0000,1.0000,0.0000,0.2300,44925.7
62,448,3460,-0.2372,0.3823,0.7191,0.2112,5.7225,-0.4956,0.0000,1.0000,0.0000,0.2301,45094.3
62,768,3480,1.1168,-1.1983,0.8154,0.2640,8.3709,-0.2517,-0.0000,1.0000,0.0000,0.2299,45266.8
62,1088,3500,-0.3303,1.0934,0.3669,0.4032,6.2492,-0.6119,-0.0000,1.0000,0.0000,0.2300,45427.2
62,1408,3520,0.1509,2.4490,0.4423,0.1994,11.5925,-0.7858,0.0000,1.0000,0.0000,0.2299,45597.8
62,1728,3540,0.0948,-2.0915,0.4202,0.3648,11.9685,-0.3740,-0.0000,1.0000,0.0000,0.2298,46312.3
62,2048,3560,-0.7481,-0.0532,0.4000,0.4089,7.6083,-0.5900,0.0000,1.0000,0.0000,0.2299,46463.8
62,2368,3580,0.4937,1.2844,0.4965,0.3752,10.4691,-0.6191,-0.0000,1.0000,0.0000,0.2300,46608.8
62,2688,3600,0.2835,1.0458,0.4371,0.1878,8.9857,-0.7371,-0.0000,1.0000,0.0000,0.2300,46766.6
62,3008,3620,0.1606,-0.4441,0.3290,0.4028,6.2605,-0.4767,0.0000,1.0000,0.0000,0.2301,46929.7
62,3328,3640,-0.4334,1.8173,0.2658,0.1725,7.8342,-0.9031,0.0000,1.0000,0.0000,0.2301,47092.3
62,3648,3660,0.0087,-0.2911,0.5562,0.2272,9.2003,-0.5143,0.0000,1.0000,0.0000,0.2301,47247.2
62,3968,3680,-0.1305,0.6856,0.9019,0.6892,5.6187,-0.4978,-0.0000,1.0000,0.0000,0.2300,47413.1
62,4288,3700,0.3124,0.0547,0.3907,0.2070,10.1845,-0.6215,-0.0000,1.0000,0.0000,0.2301,47578.2
62,4608,3720,0.4658,-3.1699,0.2527,0.2731,12.0864,-0.6404,0.0000,1.0000,0.0000,0.2300,47728.2
62,4928,3740,0.1418,0.5210,0.4708,0.7712,10.8654,-0.4995,0.0000,1.0000,0.0000,0.2298,47879.4
63,256,3760,1.2550,4.3564,0.1701,0.4691,13.7339,-0.9038,-0.0000,1.0000,0.0000,0.2301,48059.9
63,576,3780,0.6569,3.4672,0.4411,0.7218,10.3844,-0.8808,-0.0000,1.0000,0.0000,0.2300,48206.1
63,896,3800,-0.1311,-1.1352,0.2865,0.3346,12.1779,-0.4171,-0.0000,1.0000,0.0000,0.2300,48374.0
63,1216,3820,0.6548,2.5047,0.6761,0.9643,9.2568,-0.5322,0.0000,1.0000,0.0000,0.2300,48530.4
63,1536,3840,-0.6234,-3.3933,0.5965,0.7349,10.0061,-0.2480,-0.0000,1.0000,0.0000,0.2300,48704.8
63,1856,3860,0.2446,0.4627,0.5290,0.2159,10.0422,-0.4946,-0.0000,1.0000,0.0000,0.2302,48882.9
63,2176,3880,-0.2690,0.4284,0.1774,0.2754,11.7838,-0.6213,0.0000,1.0000,0.0000,0.2300,49041.7
63,2496,3900,0.4435,-0.0914,0.4325,0.1941,9.9761,-0.6200,0.0000,1.0000,0.0000,0.2300,49214.7
63,2816,3920,-0.0597,-2.4130,0.5090,0.2539,10.5736,-0.2516,-0.0000,1.0000,0.0000,0.2301,49377.6
63,3136,3940,0.6871,3.8945,0.4625,0.2374,8.9729,-0.6604,0.0000,1.0000,0.0000,0.2301,49541.5
63,3456,3960,0.3911,1.1142,0.4293,0.3800,13.8228,-0.7534,-0.0000,1.0000,0.0000,0.2301,49710.5
63,3776,3980,-0.1306,-4.0944,0.6403,0.5174,10.2019,-0.2479,-0.0000,1.0000,0.0000,0.2303,50811.2
63,4096,4000,0.0687,0.2095,0.3910,0.2131,9.9680,-0.6408,0.0000,1.0000,0.0000,0.2303,50958.1
63,4416,4020,1.1278,-0.3741,0.3404,0.2691,4.9609,-0.4856,-0.0000,1.0000,0.0000,0.2302,51102.7
63,4736,4040,0.7344,-2.6792,0.2972,0.2882,10.7411,-0.6343,-0.0000,1.0000,0.0000,0.2300,51244.0
64,64,4060,-0.7447,-0.5278,0.6439,0.4167,7.4062,-0.2120,0.0000,1.0000,0.0000,0.2303,51407.7
64,384,4080,0.1760,1.6731,0.2332,0.3446,7.7240,-0.5306,0.0000,1.0000,0.0000,0.2302,51567.2
64,704,4100,0.2229,-2.9391,0.3829,0.2656,11.2484,-0.3793,0.0000,1.0000,0.0000,0.2302,51720.3
64,1024,4120,-0.2673,-2.3911,0.2247,0.1533,11.1501,-0.3611,0.0000,1.0000,0.0000,0.2301,51867.8
64,1344,4140,0.4630,1.7462,0.6726,0.2483,7.8969,-0.3756,0.0000,1.0000,0.0000,0.2299,52023.6
64,1664,4160,-0.5854,-1.1214,0.3755,0.4002,9.4446,-0.3401,0.0000,1.0000,0.0000,0.2300,52181.9
64,1984,4180,0.1689,4.3021,0.3216,0.2940,10.6661,-0.8629,-0.0000,1.0000,0.0000,0.2299,52344.0
64,2304,4200,0.2604,0.0494,0.4104,0.2831,12.2029,-0.6205,0.0000,1.0000,0.0000,0.2298,52505.4
64,2624,4220,-0.5290,-0.1883,0.6023,0.2655,10.6388,-0.4988,-0.0000,1.0000,0.0000,0.2298,52689.1
64,2944,4240,-0.2104,-0.2257,0.3253,0.2122,11.1259,-0.6474,-0.0000,1.0000,0.0000,0.2299,52870.1
64,3264,4260,-0.2191,-0.5092,0.1739,0.2502,10.6775,-0.7268,-0.0000,1.0000,0.0000,0.2299,53046.6
64,3584,4280,0.2814,0.1469,0.2983,0.3457,10.2239,-0.4902,0.0000,1.0000,0.0000,0.2298,53222.9
64,3904,4300,-0.7044,-1.0337,0.5194,0.6499,7.8961,-0.0915,0.0000,1.0000,0.0000,0.2300,53406.3
64,4224,4320,0.0738,-1.4031,0.2108,0.3205,7.7765,-0.1240,0.0000,1.0000,0.0000,0.2302,53580.1
64,4544,4340,0.7826,-3.7050,0.5134,0.2132,9.4549,-0.1537,0.0000,1.0000,0.0000,0.2301,53748.8
64,4864,4360,-0.2865,0.4923,0.3706,0.1556,9.4010,-0.4964,-0.0000,1.0000,0.0000,0.2302,53938.2
65,192,4380,-0.8017,1.3362,0.3102,0.4542,7.8633,-0.8840,-0.0000,1.0000,0.0000,0.2304,54131.1
65,512,4400,0.4355,-1.2800,0.4637,0.1594,7.2819,-0.6414,0.0000,1.0000,0.0000,0.2304,54312.4
65,832,4420,-0.0459,2.7268,0.3569,0.3680,10.3512,-0.8643,-0.0000,1.0000,0.0000,0.2303,55569.3
65,1152,4440,0.4893,-0.2517,0.1927,0.4084,10.3286,-0.8632,-0.0000,1.0000,0.0000,0.2302,55706.4
65,1472,4460,-1.0211,0.2097,0.4619,0.2629,9.2941,-0.4884,0.0000,1.0000,0.0000,0.2303,55864.1
65,1792,4480,0.5028,-2.9103,0.2531,0.4757,10.2636,-0.4785,0.0000,1.0000,0.0000,0.2303,56010.7
65,2112,4500,0.4286,0.5841,0.2616,0.2201,8.3330,-0.8744,0.0000,1.0000,0.0000,0.2301,56162.3
65,2432,4520,-0.9774,2.3603,0.2189,0.1311,13.2550,-0.9051,0.0000,1.0000,0.0000,0.2303,56315.7
65,2752,4540,-0.0519,2.1239,0.6551,0.3747,7.5851,-0.6421,0.0000,1.0000,0.0000,0.2302,56475.6
65,3072,4560,0.3994,1.4097,0.5622,0.2239,8.2090,-0.6201,0.0000,1.0000,0.0000,0.2302,56626.5
65,3392,4580,-0.1355,-0.7392,0.3987,0.2179,6.5150,-0.5115,0.0000,1.0000,0.0000,0.2302,56797.8
65,3712,4600,0.3346,-3.1059,0.7556,0.1146,9.7937,-0.3652,-0.0000,1.0000,0.0000,0.2302,56968.4
65,4032,4620,-0.4131,-0.5981,0.4868,0.2012,5.9799,-0.6415,0.0000,1.0000,0.0000,0.2300,57115.6
65,4352,4640,-0.1620,4.7569,0.3450,0.2037,11.2167,-0.8811,-0.0000,1.0000,0.0000,0.2301,57285.1
65,4672,4660,0.0797,-0.3616,0.6549,0.1853,4.5186,0.1050,-0.0000,1.0000,0.0000,0.2300,58983.1
65,4992,4680,-0.2015,0.8267,0.4882,0.2238,8.9696,-0.5225,0.0000,1.0000,0.0000,0.2298,59070.4
66,320,4700,0.2527,0.1702,0.5501,0.4357,5.8507,-0.6221,0.0000,1.0000,0.0000,0.2298,59169.8
66,640,4720,0.0331,-0.2488,0.4071,0.3504,7.1307,-0.4705,0.0000,1.0000,0.0000,0.2297,59270.2
66,960,4740,0.1079,-0.7247,0.3681,0.3706,7.5033,-0.4879,-0.0000,1.0000,0.0000,0.2297,59364.9
66,1280,4760,0.1799,2.5073,0.6020,0.2846,9.0159,-0.7717,-0.0000,1.0000,0.0000,0.2297,59470.3
66,1600,4780,-0.2151,0.5724,0.4938,0.2977,7.2918,-0.6303,-0.0000,1.0000,0.0000,0.2296,59568.2
66,1920,4800,0.0892,-0.5868,0.5373,0.3837,6.3479,0.0069,0.0000,1.0000,0.0000,0.2298,59673.3
66,2240,4820,0.0981,-0.6869,0.5482,0.3777,7.9023,-0.4722,-0.0000,1.0000,0.0000,0.2298,59776.4
66,2560,4840,0.3430,4.9984,0.1268,0.2329,13.6398,-0.8624,0.0000,1.0000,0.0000,0.2298,59886.1
66,2880,4860,0.0259,0.4683,0.5603,0.2936,9.6938,-0.3935,0.0000,1.0000,0.0000,0.2300,60002.4
66,3200,4880,-0.6508,-0.0225,0.3601,0.2212,8.9724,-0.6609,-0.0000,1.0000,0.0000,0.2301,60119.6
66,3520,4900,0.8880,1.0840,0.5836,0.3900,5.3966,-0.7561,0.0000,1.0000,0.0000,0.2301,60232.8
66,3840,4920,-0.1862,4.3738,0.4410,0.4047,9.4570,-0.8814,0.0000,1.0000,0.0000,0.2303,60354.8
66,4160,4940,-0.0353,-0.8943,0.4124,0.9538,7.9113,-0.4761,-0.0000,1.0000,0.0000,0.2304,60465.9
66,4480,4960,1.4395,-0.5132,0.7379,0.6582,5.0346,-0.2193,0.0000,1.0000,0.0000,0.2303,60574.1
66,4800,4980,-0.6805,4.5939,0.1658,0.5370,9.8119,-1.0000,-0.0000,1.0000,0.0000,0.2303,60698.3
67,128,5000,-0.7608,-0.1720,0.3801,0.4009,8.1165,-0.5890,0.0000,1.0000,0.0000,0.2306,60830.6
67,448,5020,0.4893,-0.9245,0.2968,0.6010,6.6393,-0.6311,0.0000,1.0000,0.0000,0.2305,60961.2
67,768,5040,-0.1480,0.7786,0.1528,0.3007,8.8897,-0.7329,-0.0000,1.0000,0.0000,0.2305,61102.6
67,1088,5060,0.9841,1.2515,0.7595,0.4225,5.8523,-0.5981,-0.0000,1.0000,0.0000,0.2306,61247.4
67,1408,5080,0.3716,-0.7208,0.1769,0.9300,10.6812,-0.7641,0.0000,1.0000,0.0000,0.2304,61379.4
67,1728,5100,-0.8145,1.2039,0.2857,0.5270,9.5509,-0.6171,0.0000,1.0000,0.0000,0.2306,61523.0
67,2048,5120,-0.2317,0.3340,0.5872,0.3253,5.4647,-0.6334,0.0000,1.0000,0.0000,0.2305,61670.1
67,2368,5140,-0.1948,1.0079,0.6254,0.4625,10.1220,-0.6214,-0.0000,1.0000,0.0000,0.2305,61812.9
67,2688,5160,0.4297,0.8888,0.6343,0.7180,10.7938,-0.3956,0.0000,1.0000,0.0000,0.2305,61963.9
67,3008,5180,0.0626,0.0535,0.4333,0.3364,8.3071,-0.6090,0.0000,1.0000,0.0000,0.2305,62090.5
67,3328,5200,-0.1178,0.3876,0.3398,0.2712,8.5679,-0.5206,-0.0000,1.0000,0.0000,0.2307,62222.5
67,3648,5220,0.5844,-0.2775,0.4911,0.2912,10.3284,-0.6453,-0.0000,1.0000,0.0000,0.2308,62361.3
67,3968,5240,0.1364,0.3225,0.6776,0.2797,5.7846,-0.5960,-0.0000,1.0000,0.0000,0.2308,62486.3
67,4288,5260,0.3477,-0.4232,0.2123,0.1900,10.1691,-0.8755,0.0000,1.0000,0.0000,0.2308,62684.3
67,4608,5280,-0.3567,-1.8967,0.2536,0.1285,12.1776,-0.6335,0.0000,1.0000,0.0000,0.2309,62828.4
67,4928,5300,0.6433,-5.1688,0.3803,0.2320,10.3473,-0.2904,-0.0000,1.0000,0.0000,0.2307,63012.2
68,256,5320,0.2303,-0.0463,0.2603,0.2419,11.2006,-0.7419,0.0000,1.0000,0.0000,0.2310,63188.2
68,576,5340,0.1184,-2.2102,0.4065,0.1964,8.6017,-0.5129,-0.0000,1.0000,0.0000,0.2310,63330.1
68,896,5360,-0.0576,2.1926,0.6611,0.2783,10.4967,-0.6662,0.0000,1.0000,0.0000,0.2310,63460.9
68,1216,5380,0.4201,-0.3857,0.2492,0.3065,8.5631,-0.7422,0.0000,1.0000,0.0000,0.2308,63589.6
68,1536,5400,-0.5071,-2.6016,0.3328,0.1966,10.8012,-0.3511,0.0000,1.0000,0.0000,0.2309,63719.5
68,1856,5420,0.3413,2.7351,0.4527,0.3163,11.2480,-0.4656,0.0000,1.0000,0.0000,0.2310,63849.9
68,2176,5440,0.2109,-1.3126,0.3443,0.2841,10.2196,-0.7337,-0.0000,1.0000,0.0000,0.2310,63980.6
68,2496,5460,-0.2094,1.2688,0.2736,0.3902,7.1359,-0.4919,-0.0000,1.0000,0.0000,0.2311,64105.5
68,2816,5480,0.0679,-0.4012,0.2659,0.3003,8.9135,-0.7523,0.0000,1.0000,0.0000,0.2310,64230.2
68,3136,5500,-0.1144,-2.1004,0.5503,0.2040,8.8968,-0.4983,0.0000,1.0000,0.0000,0.2309,64362.1
68,3456,5520,0.8181,2.4589,0.1457,0.1588,13.3431,-0.8648,0.0000,1.0000,0.0000,0.2309,64497.0
68,3776,5540,0.0594,2.4007,0.3827,0.3303,9.8364,-0.6495,-0.0000,1.0000,0.0000,0.2310,64625.7
68,4096,5560,-0.2298,-0.5964,0.6764,0.1830,9.2398,-0.3689,0.0000,1.0000,0.0000,0.2311,64772.5
68,4416,5580,0.8184,1.8847,0.4806,0.3668,5.9802,-0.8597,0.0000,1.0000,0.0000,0.2312,64933.7
68,4736,5600,-0.2864,0.3566,0.2674,0.2006,9.7741,-0.8888,0.0000,1.0000,0.0000,0.2312,65091.8
69,64,5620,0.4755,-1.5328,0.4770,0.2258,7.8267,-0.2361,0.0000,1.0000,0.0000,0.2315,65255.8
69,384,5640,-0.0257,0.4296,0.4223,0.7407,7.6944,-0.6314,-0.0000,1.0000,0.0000,0.2314,65381.2
69,704,5660,-0.2261,1.6457,0.4763,0.9583,10.7325,-0.6561,0.0000,1.0000,0.0000,0.2314,65538.0
69,1024,5680,-0.3581,-0.1207,0.5712,0.4149,10.0365,-0.3775,0.0000,1.0000,0.0000,0.2315,65751.9
69,1344,5700,-0.3363,-2.0731,0.3773,0.3041,6.9086,-0.1204,-0.0000,1.0000,0.0000,0.2316,65901.9
69,1664,5720,-0.7570,0.8624,0.3425,0.1885,8.8022,-0.7230,0.0000,1.0000,0.0000,0.2315,66047.5
69,1984,5740,-0.9032,0.3024,0.2051,0.0893,10.0896,-0.6426,0.0000,1.0000,0.0000,0.2314,66190.4
69,2304,5760,-0.0442,0.8710,0.3850,0.0806,10.6839,-0.6195,0.0000,1.0000,0.0000,0.2314,66361.3
69,2624,5780,0.5070,-1.0941,0.3310,0.4106,10.5911,-0.2304,-0.0000,1.0000,0.0000,0.2315,66491.2
69,2944,5800,0.5025,-1.0957,0.3020,0.1285,11.4909,-0.7325,0.0000,1.0000,0.0000,0.2315,66620.9
69,3264,5820,-0.0403,2.5437,0.9164,0.3300,9.5070,-0.6427,-0.0000,1.0000,0.0000,0.2315,66745.7
69,3584,5840,0.8762,0.5621,0.3280,0.3767,7.7610,-0.5989,0.0000,1.0000,0.0000,0.2316,66880.6
69,3904,5860,-0.2830,0.9151,0.9065,0.8491,6.5132,-0.4805,-0.0000,1.0000,0.0000,0.2316,67018.8
69,4224,5880,-0.5336,-2.2520,0.8480,0.3272,7.0788,0.1169,-0.0000,1.0000,0.0000,0.2317,67172.4
69,4544,5900,0.3711,-1.5249,0.7152,0.4412,6.8686,-0.1631,0.0000,1.0000,0.0000,0.2317,67311.8
69,4864,5920,-0.1356,-0.2472,0.6012,0.3539,7.3862,-0.5055,-0.0000,1.0000,0.0000,0.2317,67487.9
70,192,5940,-0.1064,-0.8858,0.4202,0.1609,7.9143,-0.5312,-0.0000,1.0000,0.0000,0.2319,67723.6
70,512,5960,0.1072,-0.3835,0.5770,0.0603,6.4288,-0.5162,-0.0000,1.0000,0.0000,0.2319,67876.8
70,832,5980,0.2056,-1.8165,0.6145,0.1027,10.4747,-0.4853,0.0000,1.0000,0.0000,0.2318,68022.2
70,1152,6000,-0.9027,-2.6709,0.4847,0.2700,10.3263,-0.5085,0.0000,1.0000,0.0000,0.2318,68176.7
70,1472,6020,-0.2793,-3.2478,0.7844,0.1628,9.3943,-0.2301,-0.0000,1.0000,0.0000,0.2318,68329.9
70,1792,6040,0.4591,0.7491,0.4093,0.2815,7.3655,-0.6099,0.0000,1.0000,0.0000,0.2319,68462.1
70,2112,6060,1.3192,0.1177,0.7466,0.1491,6.5747,-0.3923,0.0000,1.0000,0.0000,0.2318,68835.6
70,2432,6080,-0.7038,-0.9238,0.4055,0.1146,13.0787,-0.7538,-0.0000,1.0000,0.0000,0.2317,69075.4
70,2752,6100,-0.1421,0.8438,0.7090,0.1998,6.8445,-0.4950,0.0000,1.0000,0.0000,0.2318,69276.7
70,3072,6120,0.2707,4.2929,0.3946,0.2660,8.8648,-0.8648,-0.0000,1.0000,0.0000,0.2318,69491.3
70,3392,6140,1.0697,0.2614,0.4776,0.1376,7.0061,-0.4850,-0.0000,1.0000,0.0000,0.2317,69861.4
70,3712,6160,0.0108,3.5114,0.6074,0.4781,9.5905,-0.8734,-0.0000,1.0000,0.0000,0.2318,70240.9
70,4032,6180,0.2244,0.3157,0.4096,0.3460,7.6026,-0.7486,0.0000,1.0000,0.0000,0.2317,70543.5
70,4352,6200,-0.6030,4.4270,0.2277,0.4583,11.8587,-0.8716,0.0000,1.0000,0.0000,0.2318,70717.6
70,4672,6220,0.7433,-0.4740,0.6729,0.8829,6.5622,-0.2151,-0.0000,1.0000,0.0000,0.2318,70851.3
70,4992,6240,-0.2000,0.3710,0.3502,0.5228,10.6181,-0.4327,0.0000,1.0000,0.0000,0.2317,70974.8
71,320,20,0.0659,0.6695,0.5659,0.3394,6.8586,-0.3492,-0.0000,1.0000,0.0000,0.2906,140.9
71,640,40,-0.1588,-0.3193,0.3539,0.2108,8.8224,-0.6032,0.0000,1.0000,0.0000,0.2531,276.0
71,960,60,-0.9341,-1.8299,0.2949,0.5470,11.3786,-0.4908,0.0000,1.0000,0.0000,0.2437,399.7
71,1280,80,1.3318,0.2079,0.2546,0.2660,11.9019,-0.7573,0.0000,1.0000,0.0000,0.2336,534.0
71,1600,100,-0.6411,0.5741,0.2591,0.2151,9.0993,-0.8736,-0.0000,1.0000,0.0000,0.2313,658.2
71,1920,120,-0.8030,0.2337,0.6323,0.0888,8.5507,-0.7391,0.0000,1.0000,0.0000,0.2302,788.4
71,2240,140,0.2646,-0.0306,0.4178,0.2117,8.0731,-0.3855,0.0000,1.0000,0.0000,0.2299,930.3
71,2560,160,0.6876,-4.1086,0.3637,0.0605,13.7729,-0.4845,0.0000,1.0000,0.0000,0.2293,1056.8
71,2880,180,-0.3299,-0.5253,0.4283,0.1010,10.5464,-0.4937,-0.0000,1.0000,0.0000,0.2337,1198.5
71,3200,200,0.3086,2.0019,0.1587,0.0850,11.0680,-0.8755,-0.0000,1.0000,0.0000,0.2331,1347.2
71,3520,220,-0.0352,-0.8069,0.5659,0.2042,6.8270,-0.6037,-0.0000,1.0000,0.0000,0.2364,1493.6
71,3840,240,0.8015,-1.6741,0.6777,0.2033,9.4530,-0.2440,-0.0000,1.0000,0.0000,0.2375,1669.9
71,4160,260,-0.1819,-1.5244,0.4083,0.3908,9.9003,-0.4797,-0.0000,1.0000,0.0000,0.2404,1887.8
71,4480,280,0.5243,1.7658,0.7664,0.4479,7.8211,-0.4198,-0.0000,1.0000,0.0000,0.2406,2071.6
71,4800,300,-0.0593,-1.6958,0.4955,0.1317,12.4923,-0.5611,-0.0000,1.0000,0.0000,0.2385,2198.7
72,128,320,-0.2354,-0.3954,0.3295,0.1054,9.8421,-0.5973,-0.0000,1.0000,0.0000,0.2402,2345.7
72,448,340,0.9195,-1.9874,0.4560,0.0785,7.3830,-0.2439,-0.0000,1.0000,0.0000,0.2383,2494.6
72,768,360,0.5283,-1.4609,0.2450,0.0769,10.2885,-0.5870,0.0000,1.0000,0.0000,0.2367,2680.7
72,1088,380,-0.6365,-0.5413,0.3964,0.1064,8.0704,-0.4588,0.0000,1.0000,0.0000,0.2375,2836.6
72,1408,400,-0.7233,2.0780,0.5107,0.1506,13.1287,-0.7889,0.0000,1.0000,0.0000,0.2383,2971.0
72,1728,420,0.1110,-2.0700,0.5399,0.1033,11.6831,-0.3885,0.0000,1.0000,0.0000,0.2377,3121.9
72,2048,440,0.0278,-2.2241,0.3624,0.2825,9.4679,-0.3319,-0.0000,1.0000,0.0000,0.2365,3286.0
72,2368,460,-1.4011,-0.6735,0.3474,0.5616,12.6779,-0.5053,0.0000,1.0000,0.0000,0.2368,3450.3
72,2688,480,-0.1534,-2.3696,0.5949,0.2990,10.4076,-0.2418,0.0000,1.0000,0.0000,0.2366,3600.1
72,3008,500,0.2911,2.0561,0.3192,0.3504,9.3469,-0.4877,0.0000,1.0000,0.0000,0.2371,3773.9
72,3328,520,0.2544,2.7920,0.3240,0.2324,10.0692,-0.8687,0.0000,1.0000,0.0000,0.2375,3947.9
72,3648,540,-0.0680,0.6490,0.5179,0.1961,10.3355,-0.6500,0.0000,1.0000,0.0000,0.2381,4163.6
72,3968,560,0.7116,-0.1503,0.6953,0.3070,6.5681,-0.4684,0.0000,1.0000,0.0000,0.2382,4372.2
72,4288,580,0.5001,-0.0535,0.2497,0.1016,11.4754,-0.6342,-0.0000,1.0000,0.0000,0.2369,4967.6
72,4608,600,-0.2059,2.3029,0.2166,0.1423,12.6209,-0.7520,-0.0000,1.0000,0.0000,0.2368,5274.0
72,4928,620,-0.3726,-3.6925,0.2630,0.2249,11.3113,-0.4665,0.0000,1.0000,0.0000,0.2374,5541.9
73,256,640,0.2224,-0.1463,0.3637,0.0962,13.5742,-0.6446,-0.0000,1.0000,0.0000,0.2390,5719.1
73,576,660,0.1277,-2.2535,0.2642,0.1775,9.8272,-0.6255,-0.0000,1.0000,0.0000,0.2382,5858.4
73,896,680,1.0175,-2.0263,0.5171,0.3136,13.5129,-0.5189,-0.0000,1.0000,0.0000,0.2372,6014.1
73,1216,700,0.0444,3.9133,0.3212,0.2147,9.2772,-0.8732,-0.0000,1.0000,0.0000,0.2369,6154.1
73,1536,720,-0.0175,-0.2220,0.3433,0.3143,12.0730,-0.6319,0.0000,1.0000,0.0000,0.2374,6304.0
73,1856,740,0.4042,-4.1602,0.7534,0.3717,11.2536,-0.3387,-0.0000,1.0000,0.0000,0.2367,6454.2
73,2176,760,-0.6401,-1.3465,0.4850,0.4627,11.8507,-0.4067,0.0000,1.0000,0.0000,0.2367,6672.4
73,2496,780,0.3791,-3.2146,0.6368,0.3484,9.6209,-0.3476,0.0000,1.0000,0.0000,0.2362,6814.0
73,2816,800,0.4367,2.0031,0.1397,0.2485,11.2677,-0.7481,0.0000,1.0000,0.0000,0.2357,6969.7
73,3136,820,-0.1168,-0.7467,0.2695,0.2615,9.9662,-0.7263,0.0000,1.0000,0.0000,0.2359,7362.4
73,3456,840,-0.6169,-0.8210,0.2869,0.2301,14.5784,-0.5332,0.0000,1.0000,0.0000,0.2369,7601.6
73,3776,860,0.5391,2.3448,0.5031,0.2211,10.5562,-0.7430,-0.0000,1.0000,0.0000,0.2366,7769.3
73,4096,880,0.0525,-2.5819,0.4187,0.2719,10.6159,-0.1472,0.0000,1.0000,0.0000,0.2371,7954.0
73,4416,900,0.1332,-0.6992,0.4411,0.2524,7.2163,-0.5927,0.0000,1.0000,0.0000,0.2368,8104.6
73,4736,920,0.5243,0.1511,0.2906,0.1862,11.5878,-0.7755,0.0000,1.0000,0.0000,0.2368,8304.5
74,64,940,-0.8508,0.8277,0.4381,0.2693,8.8181,-0.4978,-0.0000,1.0000,0.0000,0.2376,8650.6
74,384,960,-0.1358,-1.4125,0.4027,0.2135,9.4880,-0.3776,-0.0000,1.0000,0.0000,0.2380,8778.7
74,704,980,-0.2426,-0.6243,0.1918,0.1589,11.3923,-0.5916,0.0000,1.0000,0.0000,0.2377,8887.2
74,1024,1000,-0.2291,-1.3055,0.5371,0.1414,10.6002,-0.4843,0.0000,1.0000,0.0000,0.2374,8997.3
74,1344,1020,0.4287,-2.1579,0.6507,0.2331,7.2762,-0.1094,0.0000,1.0000,0.0000,0.2375,9117.0
74,1664,1040,-0.0227,1.0983,0.5028,0.3409,9.8738,-0.4668,-0.0000,1.0000,0.0000,0.2378,9244.5
74,1984,1060,-0.5888,-1.8397,0.4669,0.2215,11.4031,-0.4940,0.0000,1.0000,0.0000,0.2376,9378.3
74,2304,1080,0.0908,-3.6728,0.2617,0.2117,11.9883,-0.2173,0.0000,1.0000,0.0000,0.2375,9488.9
74,2624,1100,1.1459,-1.0348,0.7187,0.3485,11.5824,-0.1442,0.0000,1.0000,0.0000,0.2371,9612.5
74,2944,1120,-0.6480,-0.4250,0.2628,0.4745,12.8576,-0.6186,0.0000,1.0000,0.0000,0.2375,9728.8
74,3264,1140,0.1868,2.0945,0.2935,0.3150,12.0540,-0.6306,0.0000,1.0000,0.0000,0.2371,9831.6
74,3584,1160,-0.2560,-3.6798,0.3411,0.5303,9.7374,-0.2335,-0.0000,1.0000,0.0000,0.2376,9945.6
74,3904,1180,0.5065,1.6182,0.7506,0.1779,7.7435,-0.4711,0.0000,1.0000,0.0000,0.2378,10059.0
74,4224,1200,-0.1279,-1.0626,0.4510,0.1814,8.8131,-0.4752,-0.0000,1.0000,0.0000,0.2378,10166.3
74,4544,1220,-0.2117,-1.0713,0.4659,0.4832,10.6236,-0.0142,0.0000,1.0000,0.0000,0.2376,10274.2
74,4864,1240,0.1245,-1.8347,0.2957,0.5046,9.4794,-0.7296,-0.0000,1.0000,0.0000,0.2371,10374.7
75,192,1260,0.1001,1.9202,0.3234,0.5233,7.8133,-0.7839,0.0000,1.0000,0.0000,0.2373,10489.1
75,512,1280,0.0846,-0.2162,0.3428,1.0029,6.2456,-0.7503,0.0000,1.0000,0.0000,0.2370,10594.3
75,832,1300,-0.2088,-0.6376,0.5124,0.5111,8.7628,-0.2717,0.0000,1.0000,0.0000,0.2366,10699.6
75,1152,1320,-0.2938,-0.0792,0.2648,0.6792,9.0601,-0.7570,-0.0000,1.0000,0.0000,0.2366,10807.0
75,1472,1340,0.9348,1.8082,0.3540,0.2336,9.8665,-0.7650,0.0000,1.0000,0.0000,0.2364,10909.0
75,1792,1360,-1.0368,1.4783,0.5159,0.3259,8.6351,-0.6266,-0.0000,1.0000,0.0000,0.2366,11024.8
75,2112,1380,0.4768,-0.5380,0.3656,0.1793,7.3553,-0.6306,0.0000,1.0000,0.0000,0.2359,11139.6
75,2432,1400,0.2553,-1.6441,0.2910,0.3584,12.7468,-0.6295,0.0000,1.0000,0.0000,0.2354,11240.5
75,2752,1420,0.6635,1.4456,0.5651,0.6113,8.4460,-0.1182,-0.0000,1.0000,0.0000,0.2355,11356.6
75,3072,1440,0.0170,-1.9759,0.6909,0.3226,9.1322,-0.3517,0.0000,1.0000,0.0000,0.2354,11496.3
75,3392,1460,0.7630,1.8339,0.6854,0.3765,6.1859,-0.3858,0.0000,1.0000,0.0000,0.2353,11614.7
75,3712,1480,0.9197,0.3822,0.3089,0.4624,9.8770,-0.4856,0.0000,1.0000,0.0000,0.2356,11743.8
75,4032,1500,-0.4341,-0.1320,0.5915,0.5835,7.7925,-0.6369,0.0000,1.0000,0.0000,0.2361,11877.5
75,4352,1520,-0.0168,3.2710,0.3900,0.4070,11.1548,-0.7585,-0.0000,1.0000,0.0000,0.2364,11986.5
75,4672,1540,0.6042,-1.1047,0.5012,0.4110,6.0618,0.0400,0.0000,1.0000,0.0000,0.2364,12096.9
75,4992,1560,0.1308,-1.5801,0.4946,0.2686,8.7802,-0.2965,-0.0000,1.0000,0.0000,0.2364,12201.3
76,320,1580,0.3354,-0.0362,0.8849,0.5768,7.2549,-0.4678,-0.0000,1.0000,0.0000,0.2371,12322.7
76,640,1600,0.5942,1.5665,0.4685,0.6604,8.0384,-0.7331,0.0000,1.0000,0.0000,0.2367,12441.3
76,960,1620,0.1485,-1.1456,0.4760,0.3343,8.6630,-0.3847,0.0000,1.0000,0.0000,0.2367,12553.2
76,1280,1640,-0.0161,1.3071,0.3279,1.0771,8.8849,-0.8849,0.0000,1.0000,0.0000,0.2365,12674.7
76,1600,1660,0.4552,1.9085,0.4717,0.9685,7.7492,-0.7664,-0.0000,1.0000,0.0000,0.2364,12788.4
76,1920,1680,-0.5218,-0.9373,0.5294,0.3730,8.7286,-0.6347,-0.0000,1.0000,0.0000,0.2362,12894.6
76,2240,1700,-0.3778,1.5692,0.4215,0.8091,9.0301,-0.5209,-0.0000,1.0000,0.0000,0.2363,13020.7
76,2560,1720,0.7751,-2.2749,0.3186,0.3438,14.4048,-0.6312,0.0000,1.0000,0.0000,0.2357,13142.0
76,2880,1740,-0.8961,0.8286,0.4786,0.2345,11.1068,-0.6718,-0.0000,1.0000,0.0000,0.2360,13266.2
76,3200,1760,-0.2939,-1.4746,0.3836,0.1390,11.0937,-0.6390,-0.0000,1.0000,0.0000,0.2356,13386.0
76,3520,1780,0.3510,-0.4604,0.6695,0.3933,6.3079,-0.3400,-0.0000,1.0000,0.0000,0.2360,13508.4
76,3840,1800,0.7048,-1.5369,0.3091,0.1053,10.1867,-0.5116,0.0000,1.0000,0.0000,0.2360,13622.1
76,4160,1820,-0.0772,-0.5049,0.5123,0.1685,10.1075,-0.5080,0.0000,1.0000,0.0000,0.2359,13729.0
76,4480,1840,0.6214,-1.9922,0.5628,0.2953,6.4763,-0.3451,0.0000,1.0000,0.0000,0.2355,13832.6
76,4800,1860,0.0387,-1.0106,0.2544,0.2928,11.8748,-0.7589,0.0000,1.0000,0.0000,0.2350,13939.7
77,128,1880,-1.1952,0.3404,0.4335,0.1122,10.0135,-0.6361,0.0000,1.0000,0.0000,0.2354,14059.9
77,448,1900,0.5451,-1.0475,0.4020,0.1908,7.5541,-0.7432,0.0000,1.0000,0.0000,0.2350,14176.6
77,768,1920,-0.3034,3.3504,0.3253,0.0730,9.8127,-0.8626,0.0000,1.0000,0.0000,0.2349,14297.5
77,1088,1940,0.2291,0.8160,0.5000,0.2105,7.4133,-0.6217,-0.0000,1.0000,0.0000,0.2351,14433.5
77,1408,1960,0.4137,4.2281,0.0907,0.0787,13.0454,-1.0000,-0.0000,1.0000,0.0000,0.2354,14585.4
77,1728,1980,-1.0544,-0.3676,0.3151,0.2126,11.7376,-0.4010,-0.0000,1.0000,0.0000,0.2353,14702.6
77,2048,2000,0.2366,0.4470,0.2889,0.2781,8.6698,-0.4866,0.0000,1.0000,0.0000,0.2352,14819.6
77,2368,2020,-0.0646,-1.0335,0.5917,0.4167,9.7741,-0.6066,0.0000,1.0000,0.0000,0.2354,14940.5
77,2688,2040,0.9369,-0.3407,0.7704,0.1602,8.2890,-0.2903,0.0000,1.0000,0.0000,0.2351,15055.1
77,3008,2060,-0.0929,-3.2458,0.5232,0.4738,7.8900,-0.2337,-0.0000,1.0000,0.0000,0.2352,15183.7
77,3328,2080,0.0964,-0.3429,0.4917,0.2336,8.2092,-0.6582,-0.0000,1.0000,0.0000,0.2353,15306.9
77,3648,2100,0.4559,0.1479,0.6757,0.2294,10.0307,-0.4267,-0.0000,1.0000,0.0000,0.2353,15430.5
77,3968,2120,0.0903,-1.1515,0.7467,0.4251,5.4363,0.0490,0.0000,1.0000,0.0000,0.2353,15549.9
77,4288,2140,-0.2057,-1.5723,0.2649,0.4017,9.4687,-0.6448,-0.0000,1.0000,0.0000,0.2353,15675.4
77,4608,2160,-0.2459,-2.1185,0.3412,0.4053,10.8918,-0.6267,0.0000,1.0000,0.0000,0.2351,15800.4
77,4928,2180,-0.4799,-2.0813,0.3351,0.2753,10.6269,-0.2626,0.0000,1.0000,0.0000,0.2351,15925.4
78,256,2200,0.4223,-0.2058,0.0564,0.2010,12.6399,-0.8633,0.0000,1.0000,0.0000,0.2356,16081.0
78,576,2220,-0.8847,0.0030,0.4377,0.1593,8.8842,-0.6475,0.0000,1.0000,0.0000,0.2356,16204.8
78,896,2240,0.6196,0.7964,0.4383,0.2650,11.9718,-0.6628,0.0000,1.0000,0.0000,0.2356,16329.9
78,1216,2260,-0.7699,2.6415,0.4791,0.5644,11.4410,-0.7586,0.0000,1.0000,0.0000,0.2354,16450.7
78,1536,2280,-1.5112,0.8754,0.5567,0.4635,11.8701,-0.7455,0.0000,1.0000,0.0000,0.2358,16592.8
78,1856,2300,1.6629,0.6037,0.4223,0.2265,10.7677,-0.5888,-0.0000,1.0000,0.0000,0.2357,16767.9
78,2176,2320,0.0924,0.5348,0.1990,0.0878,12.4941,-0.8602,0.0000,1.0000,0.0000,0.2354,16907.6
78,2496,2340,-0.8314,1.9292,0.3071,0.4092,10.0257,-0.8636,0.0000,1.0000,0.0000,0.2353,17045.7
78,2816,2360,-0.3617,2.3720,0.1656,0.1926,12.0338,-0.8611,0.0000,1.0000,0.0000,0.2353,17188.9
78,3136,2380,-0.5149,0.5515,0.5811,0.5542,10.5223,-0.7436,0.0000,1.0000,0.0000,0.2354,17352.2
78,3456,2400,0.1822,-3.4716,0.3912,0.1149,13.9918,-0.5279,0.0000,1.0000,0.0000,0.2353,17487.5
78,3776,2420,-0.3374,-1.5538,0.3574,0.5884,9.9372,-0.5123,-0.0000,1.0000,0.0000,0.2354,17640.3
78,4096,2440,0.3131,1.8645,0.6168,0.1504,9.8627,-0.6233,-0.0000,1.0000,0.0000,0.2356,17799.2
78,320,20,0.0146,-0.0244,0.5727,0.2543,8.5463,-0.4606,0.0000,1.0000,0.0000,0.2844,260.4
78,640,40,-0.6274,-1.5302,0.5792,0.1927,8.5788,-0.1377,-0.0000,1.0000,0.0000,0.2562,521.6
78,960,60,-0.0618,-3.7104,0.3511,0.1867,9.8540,-0.3763,-0.0000,1.0000,0.0000,0.2469,648.9
78,1280,80,0.9624,4.9640,0.2186,0.1039,10.3033,-1.0000,0.0000,1.0000,0.0000,0.2313,805.2
78,1600,100,-0.0226,2.3226,0.3646,0.1385,7.5702,-0.9004,0.0000,1.0000,0.0000,0.2300,998.5
78,1920,120,-0.0528,-1.5233,0.4775,0.1226,7.4534,-0.3517,0.0000,1.0000,0.0000,0.2344,1213.4
78,2240,140,-0.1381,-0.6620,0.3765,0.1882,9.1459,-0.3535,-0.0000,1.0000,0.0000,0.2321,1340.4
78,2560,160,-0.0625,-0.9263,0.1660,0.0994,14.8727,-0.7556,0.0000,1.0000,0.0000,0.2309,1487.4
78,2880,180,0.0891,2.1998,0.8764,0.1049,10.2726,-0.6425,-0.0000,1.0000,0.0000,0.2319,1635.1
78,3200,200,0.4434,1.1695,0.4248,0.1786,9.2010,-0.7658,0.0000,1.0000,0.0000,0.2300,1788.1
78,3520,220,-0.2586,0.2212,0.2987,0.1595,6.1938,-0.8646,0.0000,1.0000,0.0000,0.2295,1904.2
78,3840,240,-0.5377,0.0545,0.3653,0.1180,8.6189,-0.6137,0.0000,1.0000,0.0000,0.2326,2020.0
78,4160,260,0.5896,0.5381,0.2923,0.1149,8.9053,-0.6118,-0.0000,1.0000,0.0000,0.2351,2141.4
78,4480,280,-0.2087,1.5347,0.6603,0.1249,6.5387,-0.7341,0.0000,1.0000,0.0000,0.2355,2256.7
78,4800,300,0.1813,1.0544,0.2527,0.1653,10.5494,-0.8732,-0.0000,1.0000,0.0000,0.2325,2359.5
79,320,20,0.3167,-0.1692,0.8340,0.1492,5.5419,-0.4815,-0.0000,1.0000,0.0000,0.2969,228.8
79,640,40,-0.3890,-0.4998,0.4978,0.2434,7.1978,-0.2646,-0.0000,1.0000,0.0000,0.2672,419.6
79,960,60,-0.6643,-1.0806,0.4467,0.2374,8.3539,-0.2833,-0.0000,1.0000,0.0000,0.2635,622.7
79,1280,80,0.1275,-0.5515,0.3685,0.1390,10.1320,-0.6310,-0.0000,1.0000,0.0000,0.2492,847.9
79,1600,100,0.5039,-1.1520,0.6685,0.4193,8.6549,-0.5031,0.0000,1.0000,0.0000,0.2381,1055.8
79,1920,120,-0.7887,0.1135,0.2840,0.2444,7.0199,-0.7343,0.0000,1.0000,0.0000,0.2396,1298.0
79,2240,140,-0.1956,1.1222,0.3068,0.1192,6.6326,-0.6218,0.0000,1.0000,0.0000,0.2393,1574.3
79,2560,160,-0.1228,-0.5062,0.1867,0.1009,11.4774,-0.4988,-0.0000,1.0000,0.0000,0.2414,1810.0
79,2880,180,0.3911,1.4898,0.2602,0.1866,10.1152,-0.8037,-0.0000,1.0000,0.0000,0.2361,1981.4
79,3200,200,0.1161,0.4756,0.2576,0.1694,9.2883,-0.7610,-0.0000,1.0000,0.0000,0.2344,2158.1
79,3520,220,0.1189,-1.2883,0.5856,0.2069,6.0496,-0.3600,-0.0000,1.0000,0.0000,0.2335,2346.1
79,3840,240,-0.6031,1.2519,0.4479,0.2952,9.3983,-0.6697,0.0000,1.0000,0.0000,0.2341,2557.9
79,4160,260,0.0227,-0.5548,0.4961,0.3863,9.2599,-0.3653,-0.0000,1.0000,0.0000,0.2325,2730.4
79,4480,280,0.2851,-1.2959,0.6840,0.3457,6.1357,-0.3787,0.0000,1.0000,0.0000,0.2328,2909.8
79,4800,300,0.8521,-0.1265,0.3258,0.3411,9.6424,-0.6663,0.0000,1.0000,0.0000,0.2319,3093.0
80,128,320,-0.3578,-0.3092,0.2853,0.2537,9.0556,-0.7287,0.0000,1.0000,0.0000,0.2346,3285.9
80,448,340,-0.1327,-0.2335,0.5225,0.2114,7.0907,-0.3765,0.0000,1.0000,0.0000,0.2359,3482.6
80,768,360,0.4678,-2.3465,0.3358,0.2232,9.4835,-0.7316,0.0000,1.0000,0.0000,0.2335,3668.6
80,1088,380,-0.8556,0.2546,0.5163,0.7382,6.4039,-0.6063,-0.0000,1.0000,0.0000,0.2344,3857.9
80,1408,400,0.6978,1.7006,0.3571,1.0751,11.2334,-0.7449,-0.0000,1.0000,0.0000,0.2355,4041.0
80,1728,420,-0.3306,1.1547,0.4881,0.9267,10.9847,-0.7634,0.0000,1.0000,0.0000,0.2344,4209.7
80,2048,440,-0.5489,-1.2095,0.4237,0.9050,6.0411,-0.1206,0.0000,1.0000,0.0000,0.2360,4385.4
80,2368,460,0.5840,0.8812,0.7402,0.4070,6.7643,-0.6080,-0.0000,1.0000,0.0000,0.2372,4568.2
80,2688,480,0.3109,-0.5022,0.3791,0.4266,6.0829,-0.4797,-0.0000,1.0000,0.0000,0.2378,4737.9
80,3008,500,0.3268,-0.2847,0.6778,0.5211,5.8175,-0.4014,0.0000,1.0000,0.0000,0.2390,4943.4
80,3328,520,0.3873,0.5370,0.2203,0.0970,6.8549,-0.6427,0.0000,1.0000,0.0000,0.2384,5113.3
80,3648,540,-0.2068,-3.1964,0.7928,0.5155,10.9513,-0.5012,0.0000,1.0000,0.0000,0.2387,5284.9
80,3968,560,-0.0232,0.1519,0.6078,0.2603,5.6957,-0.3479,0.0000,1.0000,0.0000,0.2394,5447.6
80,4288,580,0.2770,-1.9037,0.2476,0.1268,9.8189,-0.7835,-0.0000,1.0000,0.0000,0.2383,5599.7
80,4608,600,-0.8171,-1.8485,0.2657,0.2286,9.6370,-0.7296,-0.0000,1.0000,0.0000,0.2388,5741.7
80,4928,620,0.6548,1.3226,0.4977,0.6650,9.8402,-0.6387,-0.0000,1.0000,0.0000,0.2369,5886.9
81,256,640,-0.7054,-2.1775,0.2500,0.3395,12.9990,-0.6419,0.0000,1.0000,0.0000,0.2387,6062.3
81,576,660,0.3417,2.4237,0.4219,0.1916,8.4046,-0.7513,0.0000,1.0000,0.0000,0.2389,6233.1
81,896,680,0.5300,2.3146,0.3132,0.0934,10.6033,-0.5194,0.0000,1.0000,0.0000,0.2389,6403.1
81,1216,700,0.4783,2.1262,0.1246,0.1661,8.0728,-0.8749,-0.0000,1.0000,0.0000,0.2380,6575.7
81,1536,720,-0.1726,-1.1166,0.6151,0.6199,8.1763,-0.3708,0.0000,1.0000,0.0000,0.2374,6748.7
81,1856,740,-0.0345,-1.5005,0.3268,0.3927,9.3019,-0.3504,0.0000,1.0000,0.0000,0.2373,6935.8
81,2176,760,0.3474,-2.2257,0.7445,0.1271,10.7078,-0.3926,0.0000,1.0000,0.0000,0.2372,7122.6
81,2496,780,-0.1713,-3.1987,0.4940,0.3108,9.6274,-0.4843,0.0000,1.0000,0.0000,0.2362,7294.9
81,2816,800,-0.7952,3.2969,0.4109,0.2187,10.2077,-0.8609,0.0000,1.0000,0.0000,0.2358,7475.3
81,3136,820,-0.0926,-3.0007,0.4769,0.2999,8.5079,-0.1484,0.0000,1.0000,0.0000,0.2361,7654.1
81,3456,840,0.4682,1.1593,0.3244,0.1484,12.1595,-0.5384,0.0000,1.0000,0.0000,0.2366,7835.8
81,3776,860,-0.2694,-0.6864,0.6184,0.2465,10.3309,-0.3998,0.0000,1.0000,0.0000,0.2369,8012.2
81,4096,880,-0.3394,-1.0091,0.3455,0.2408,9.9329,-0.3970,-0.0000,1.0000,0.0000,0.2377,8181.1
81,4416,900,-0.0094,-0.2668,0.4147,0.3333,7.5531,-0.4929,-0.0000,1.0000,0.0000,0.2383,8338.1
81,4736,920,-0.2019,-0.5405,0.4124,0.1359,10.4722,-0.6282,0.0000,1.0000,0.0000,0.2385,8521.6
82,64,940,0.2084,-2.1624,0.7627,0.0614,6.7587,0.0803,0.0000,1.0000,0.0000,0.2395,8721.9
82,384,960,0.6278,1.3636,0.5213,0.1748,6.4134,-0.4824,0.0000,1.0000,0.0000,0.2391,8894.6
82,704,980,0.1201,-0.8105,0.3735,0.5176,8.6615,-0.4781,0.0000,1.0000,0.0000,0.2383,9068.7
82,1024,1000,-0.0890,1.8223,0.3650,0.6406,7.5969,-0.7398,0.0000,1.0000,0.0000,0.2375,9261.0
82,1344,1020,-0.3989,-1.5017,0.5975,0.6238,6.3215,0.1085,0.0000,1.0000,0.0000,0.2379,9457.2
82,1664,1040,0.3917,0.2532,0.3711,0.3290,7.0876,-0.4702,0.0000,1.0000,0.0000,0.2375,9649.8
82,1984,1060,-0.4373,-1.3180,0.1218,1.0687,8.4405,-0.7250,0.0000,1.0000,0.0000,0.2372,9857.1
82,2304,1080,-0.3110,0.6496,0.4466,0.5035,9.3032,-0.5127,0.0000,1.0000,0.0000,0.2374,10045.2
82,2624,1100,0.2504,0.4414,0.4639,0.5596,7.2077,-0.3611,0.0000,1.0000,0.0000,0.2378,10265.7
82,2944,1120,-0.5840,-0.2470,0.4858,0.3420,9.1090,-0.6485,-0.0000,1.0000,0.0000,0.2382,10459.5
82,3264,1140,0.2248,1.4378,0.3292,0.3175,10.6035,-0.5974,0.0000,1.0000,0.0000,0.2383,10658.2
82,3584,1160,0.9371,-1.1863,0.2631,0.3415,9.4680,-0.5904,-0.0000,1.0000,0.0000,0.2382,10844.0
82,3904,1180,-1.2823,-1.6113,0.7309,0.3339,7.5922,-0.2268,-0.0000,1.0000,0.0000,0.2380,11399.8
82,4224,1200,0.6877,-2.6142,0.3441,0.4888,9.6414,-0.1169,-0.0000,1.0000,0.0000,0.2380,11688.8
82,4544,1220,0.3517,-2.3873,0.4408,0.3482,9.8543,-0.1853,0.0000,1.0000,0.0000,0.2381,11919.4
82,4864,1240,1.4888,-1.4561,0.6043,0.2836,10.2220,-0.6277,-0.0000,1.0000,0.0000,0.2374,12113.4
83,192,1260,-1.8635,1.9749,0.7627,0.2375,6.2284,-0.8979,-0.0000,1.0000,0.0000,0.2383,12310.9
83,512,1280,0.3917,2.7648,0.6384,0.2423,6.3345,-0.9121,0.0000,1.0000,0.0000,0.2383,12532.9
83,832,1300,0.8664,-0.0407,0.6466,0.4978,8.3498,-0.6301,-0.0000,1.0000,0.0000,0.2376,12650.9
83,1152,1320,-0.3621,-0.0257,0.4584,0.3194,8.2544,-0.5228,0.0000,1.0000,0.0000,0.2381,12800.1
83,1472,1340,0.1795,0.6658,0.4826,0.2889,9.1984,-0.6363,0.0000,1.0000,0.0000,0.2381,12920.8
83,1792,1360,0.3395,0.7388,0.3487,0.2687,8.1799,-0.3933,0.0000,1.0000,0.0000,0.2382,13040.6
83,2112,1380,0.2466,0.1389,0.5098,0.4688,7.6307,-0.6154,-0.0000,1.0000,0.0000,0.2379,13171.3
83,2432,1400,0.6724,-0.7427,0.4674,0.3855,12.6643,-0.6262,0.0000,1.0000,0.0000,0.2376,13305.5
83,2752,1420,0.2124,1.3215,0.9615,0.4354,7.4824,-0.5142,0.0000,1.0000,0.0000,0.2376,13438.9
83,3072,1440,-0.3474,-0.5433,0.4723,0.3301,7.9590,-0.4764,0.0000,1.0000,0.0000,0.2376,13585.9
83,3392,1460,-0.0105,0.8872,0.3097,0.2462,6.5219,-0.7339,-0.0000,1.0000,0.0000,0.2375,13729.2
83,3712,1480,-0.2357,0.1383,0.3883,0.1915,9.4281,-0.3583,0.0000,1.0000,0.0000,0.2378,13913.7
83,4032,1500,0.5107,-0.8981,0.5133,0.2150,5.5375,-0.2748,0.0000,1.0000,0.0000,0.2378,14084.7
83,4352,1520,0.5856,4.9234,0.5709,0.4840,9.7041,-1.0000,0.0000,1.0000,0.0000,0.2381,14219.3
83,4672,1540,0.3129,-0.3709,0.9093,0.6738,4.6303,-0.2466,0.0000,1.0000,0.0000,0.2382,14351.8
83,4992,1560,0.4964,-1.7789,0.4635,0.6101,6.2407,-0.3970,-0.0000,1.0000,0.0000,0.2377,14490.0
84,320,1580,0.0327,-0.4400,0.4412,1.0786,5.4300,-0.3336,-0.0000,1.0000,0.0000,0.2383,14650.2
84,640,1600,0.0730,-0.7749,0.3056,0.9307,6.6267,-0.2359,0.0000,1.0000,0.0000,0.2380,14785.2
84,960,1620,-0.0001,1.0200,0.4278,0.8169,7.0546,-0.6253,-0.0000,1.0000,0.0000,0.2378,14911.8
84,1280,1640,0.1527,3.2379,0.1689,0.5309,8.5318,-1.0000,-0.0000,1.0000,0.0000,0.2379,15056.4
84,1600,1660,-0.7333,4.3763,0.1801,0.4559,8.0463,-1.0000,0.0000,1.0000,0.0000,0.2377,15178.1
84,1920,1680,0.9853,-2.5799,0.8890,0.5609,6.0659,-0.2115,0.0000,1.0000,0.0000,0.2379,15419.4
84,2240,1700,-0.6733,-1.9753,0.2992,0.3646,6.5432,-0.2175,-0.0000,1.0000,0.0000,0.2377,15534.9
84,2560,1720,0.4114,0.1529,0.4541,0.2073,12.7084,-0.5228,-0.0000,1.0000,0.0000,0.2378,15675.8
84,2880,1740,1.0242,1.0234,0.4888,0.4246,8.3042,-0.5064,-0.0000,1.0000,0.0000,0.2379,15810.1
84,3200,1760,-0.2462,1.4301,0.5126,0.2358,6.4748,-0.7722,0.0000,1.0000,0.0000,0.2376,15937.5
84,3520,1780,-0.0335,-0.6020,0.5600,0.4890,4.8680,-0.1163,0.0000,1.0000,0.0000,0.2381,16069.3
84,3840,1800,0.2778,1.0495,0.5329,0.1973,7.3297,-0.7513,0.0000,1.0000,0.0000,0.2382,16196.8
84,4160,1820,0.0618,0.2732,0.2452,0.2202,7.9579,-0.7286,-0.0000,1.0000,0.0000,0.2386,16324.5
84,4480,1840,0.1180,-0.4618,0.4701,0.3715,5.5709,-0.3516,-0.0000,1.0000,0.0000,0.2390,16446.4
84,4800,1860,0.0275,-0.3153,0.2389,0.4217,10.6288,-0.7482,-0.0000,1.0000,0.0000,0.2386,16569.1
85,128,1880,-0.7193,2.0832,0.6474,0.3825,9.2589,-0.6229,0.0000,1.0000,0.0000,0.2394,16715.8
85,448,1900,0.5735,-0.0419,0.6492,0.9657,7.8460,-0.6260,0.0000,1.0000,0.0000,0.2395,16852.2
85,768,1920,0.4116,1.3668,0.3352,0.2909,10.1959,-0.4707,-0.0000,1.0000,0.0000,0.2394,16976.0
85,1088,1940,-0.1121,-1.6476,0.5461,0.1937,6.2110,-0.3362,-0.0000,1.0000,0.0000,0.2393,17099.5
85,1408,1960,-0.5942,1.0827,0.5738,0.1684,8.9571,-0.7915,0.0000,1.0000,0.0000,0.2394,17226.1
85,1728,1980,0.7717,-2.8257,0.3981,0.2165,8.9943,-0.1552,-0.0000,1.0000,0.0000,0.2394,17341.1
85,2048,2000,0.0385,-0.1245,0.3088,0.3414,6.1013,-0.7241,-0.0000,1.0000,0.0000,0.2391,17458.4
85,2368,2020,-0.7777,1.6535,0.2899,0.1000,9.2711,-0.7530,0.0000,1.0000,0.0000,0.2389,17573.0
85,2688,2040,0.7368,-0.4912,0.5305,0.1785,8.3115,-0.3391,-0.0000,1.0000,0.0000,0.2386,17688.0
85,3008,2060,-1.1611,-0.9738,0.4701,0.2382,8.0697,-0.2493,-0.0000,1.0000,0.0000,0.2389,17815.0
85,3328,2080,0.2413,2.7806,0.1514,0.2022,7.4378,-0.8801,-0.0000,1.0000,0.0000,0.2390,17925.0
85,3648,2100,0.8585,-0.1685,0.4811,0.1461,8.2204,-0.5314,-0.0000,1.0000,0.0000,0.2388,18035.9
85,3968,2120,0.0574,-0.8360,0.7929,0.4808,6.4315,0.0317,0.0000,1.0000,0.0000,0.2389,18158.2
85,4288,2140,0.2483,-0.7760,0.2333,0.2000,9.3530,-0.3954,0.0000,1.0000,0.0000,0.2391,18268.9
85,4608,2160,0.4172,0.6620,0.3175,0.2142,9.7628,-0.6683,-0.0000,1.0000,0.0000,0.2392,18387.9
85,4928,2180,-0.2658,-1.1876,0.2558,0.2118,9.7624,-0.4664,0.0000,1.0000,0.0000,0.2390,18503.0
86,256,2200,-0.6565,-0.9520,0.1798,0.2001,11.6046,-0.7634,0.0000,1.0000,0.0000,0.2395,18631.6
86,576,2220,0.4440,-0.1072,0.4519,0.1437,8.5230,-0.6299,-0.0000,1.0000,0.0000,0.2393,18738.7
86,896,2240,-0.1574,-2.2712,0.3910,0.2284,11.4511,-0.4992,-0.0000,1.0000,0.0000,0.2392,18848.5
86,1216,2260,-0.0061,3.6351,0.6839,0.1874,7.3945,-0.8940,-0.0000,1.0000,0.0000,0.2393,18959.7
86,1536,2280,0.5703,-0.4972,0.3604,0.1700,9.9678,-0.7378,-0.0000,1.0000,0.0000,0.2391,19073.3
86,1856,2300,-1.0423,-4.7446,0.4550,0.2902,9.6437,-0.2250,-0.0000,1.0000,0.0000,0.2389,19175.7
86,2176,2320,-0.3093,1.0172,0.5073,0.4922,11.0526,-0.7804,0.0000,1.0000,0.0000,0.2390,19298.4
86,2496,2340,-0.0305,0.5106,0.5102,0.3303,9.1112,-0.6262,0.0000,1.0000,0.0000,0.2389,19407.4
86,2816,2360,0.3756,-0.2453,0.4683,0.4528,8.9740,-0.6389,0.0000,1.0000,0.0000,0.2386,19520.3
86,3136,2380,-0.1213,2.4122,0.3470,0.2379,8.5101,-0.8703,0.0000,1.0000,0.0000,0.2384,19627.9
86,3456,2400,0.6000,-2.9024,0.4800,0.4589,13.5107,-0.5145,-0.0000,1.0000,0.0000,0.2380,19741.2
86,3776,2420,-0.7140,-1.1520,0.6007,0.2592,9.8930,-0.5980,0.0000,1.0000,0.0000,0.2380,19847.2
86,4096,2440,0.1216,2.1491,0.5080,0.2678,9.5654,-0.4372,0.0000,1.0000,0.0000,0.2381,19954.6
86,4416,2460,0.6919,-0.9174,0.3850,0.4665,6.6099,-0.2489,0.0000,1.0000,0.0000,0.2381,20062.0
86,4736,2480,-0.0455,0.7654,0.3117,0.3385,10.7962,-0.7602,-0.0000,1.0000,0.0000,0.2382,20174.4
87,64,2500,0.1459,-3.0857,0.9937,0.2426,7.4679,0.3267,0.0000,1.0000,0.0000,0.2384,20306.9
87,384,2520,-0.1392,-2.4509,0.3344,0.4796,8.3681,-0.5122,0.0000,1.0000,0.0000,0.2382,20420.4
87,704,2540,-1.5670,0.7976,0.3189,0.4585,11.3295,-0.4987,-0.0000,1.0000,0.0000,0.2383,20537.0
87,1024,2560,-0.3797,-0.9849,0.5483,0.4986,11.4303,-0.5186,0.0000,1.0000,0.0000,0.2383,20648.7
87,1344,2580,1.1230,0.3205,0.6012,0.4000,7.6802,-0.3966,0.0000,1.0000,0.0000,0.2382,20757.0
87,1664,2600,0.7992,0.9481,0.4816,0.2057,9.0358,-0.4813,0.0000,1.0000,0.0000,0.2381,20868.2
87,1984,2620,-0.3677,-2.3024,0.1542,0.3297,9.7666,-0.5048,0.0000,1.0000,0.0000,0.2381,20980.6
87,2304,2640,-0.0355,-3.3362,0.3139,0.2036,11.0607,-0.3415,-0.0000,1.0000,0.0000,0.2380,21084.5
87,2624,2660,0.1823,-2.4951,0.4529,0.4452,9.0385,0.0035,0.0000,1.0000,0.0000,0.2381,21205.4
87,2944,2680,-0.3709,4.2322,0.5164,0.2829,11.6356,-0.8761,-0.0000,1.0000,0.0000,0.2382,21321.3
87,3264,2700,0.7423,1.8409,0.2427,0.2520,10.3901,-0.7414,0.0000,1.0000,0.0000,0.2384,21434.8
87,3584,2720,0.5371,0.1421,0.3503,0.1950,8.3681,-0.6021,-0.0000,1.0000,0.0000,0.2385,21547.9
87,3904,2740,-0.1048,0.6773,0.6542,0.3725,7.9043,-0.4929,0.0000,1.0000,0.0000,0.2386,21664.5
87,4224,2760,-0.3066,-1.7562,0.4429,0.1887,7.6532,-0.2322,0.0000,1.0000,0.0000,0.2387,21785.0
87,4544,2780,-0.0993,0.7484,0.5374,0.1617,7.5732,-0.3961,-0.0000,1.0000,0.0000,0.2386,21892.8
87,4864,2800,0.1044,-0.6673,0.7608,0.1566,8.2995,-0.4871,0.0000,1.0000,0.0000,0.2383,22003.2
88,192,2820,-0.7767,1.9907,0.3644,0.3942,6.0326,-0.8652,0.0000,1.0000,0.0000,0.2386,22128.0
88,512,2840,0.3868,0.1485,0.5760,0.4355,5.6839,-0.4017,-0.0000,1.0000,0.0000,0.2385,22247.5
88,832,2860,0.0333,-0.2057,0.4459,0.2173,8.1170,-0.1227,-0.0000,1.0000,0.0000,0.2385,22363.6
88,1152,2880,-0.2778,-0.9747,0.5757,0.6976,9.7588,-0.6401,0.0000,1.0000,0.0000,0.2386,22476.9
88,1472,2900,0.4972,0.1732,0.5657,0.3147,9.9000,-0.3794,0.0000,1.0000,0.0000,0.2386,22592.6
88,1792,2920,-0.2302,1.6484,0.4507,0.2676,7.6567,-0.6008,-0.0000,1.0000,0.0000,0.2388,22708.0
88,2112,2940,0.1749,1.6143,0.7301,0.1944,5.5890,-0.6274,0.0000,1.0000,0.0000,0.2386,22818.7
88,2432,2960,0.8519,-1.4613,0.4738,0.2140,12.1247,-0.6315,-0.0000,1.0000,0.0000,0.2384,22918.3
88,2752,2980,0.4730,0.6205,0.6865,0.5301,7.8379,-0.4728,0.0000,1.0000,0.0000,0.2384,23029.0
88,3072,3000,-0.4910,0.0169,0.4405,0.2779,7.7080,-0.6254,0.0000,1.0000,0.0000,0.2385,23149.7
88,3392,3020,-0.0545,-1.1599,0.6033,0.3622,6.1656,-0.4963,0.0000,1.0000,0.0000,0.2387,23265.3
88,3712,3040,0.5620,2.4321,0.8639,0.3720,10.3084,-0.7423,0.0000,1.0000,0.0000,0.2385,23391.9
88,4032,3060,0.5922,-0.1120,0.8710,0.3736,5.5961,-0.3954,0.0000,1.0000,0.0000,0.2383,23499.4
88,4352,3080,-0.4052,1.7374,0.3084,0.3007,11.1483,-0.7552,-0.0000,1.0000,0.0000,0.2385,23616.1
88,4672,3100,0.3293,-0.1529,0.7574,0.3872,5.6137,-0.2328,0.0000,1.0000,0.0000,0.2384,23726.5
88,4992,3120,-0.1532,-0.4217,0.3814,0.2619,10.0261,-0.6473,0.0000,1.0000,0.0000,0.2383,23844.9
89,320,3140,0.0569,-0.0171,0.5417,0.1283,6.3474,-0.0813,0.0000,1.0000,0.0000,0.2385,23966.8
89,640,3160,0.6781,0.0777,0.3000,0.1678,7.1223,-0.6035,0.0000,1.0000,0.0000,0.2383,24076.2
89,960,3180,0.0443,-0.5547,0.7813,0.2475,8.2872,-0.3939,-0.0000,1.0000,0.0000,0.2384,24186.4
89,1280,3200,-0.2525,0.1357,0.2421,0.3701,10.5646,-0.7655,0.0000,1.0000,0.0000,0.2384,24294.8
89,1600,3220,0.7706,-0.1263,0.7213,0.3694,8.5208,-0.5101,0.0000,1.0000,0.0000,0.2382,24399.0
89,1920,3240,0.0164,2.5507,0.9568,0.2391,8.6120,-0.6332,0.0000,1.0000,0.0000,0.2381,24515.7
89,2240,3260,0.3594,0.4943,0.8537,0.4567,8.5214,-0.6213,-0.0000,1.0000,0.0000,0.2381,24618.8
89,2560,3280,0.6361,-0.1866,0.3144,0.1371,12.5964,-0.6229,-0.0000,1.0000,0.0000,0.2380,24730.6
89,2880,3300,-0.5173,-0.9408,0.3269,0.2026,8.8734,-0.5084,0.0000,1.0000,0.0000,0.2380,24839.7
89,3200,3320,0.0306,1.6344,0.4366,0.2948,6.8440,-0.7820,-0.0000,1.0000,0.0000,0.2382,24958.9
89,3520,3340,-0.1220,-0.4415,0.5130,0.7623,4.3013,-0.3505,-0.0000,1.0000,0.0000,0.2385,25078.3
89,3840,3360,0.8722,-0.1584,0.5072,0.3707,7.9622,-0.7409,0.0000,1.0000,0.0000,0.2384,25183.5
89,4160,3380,0.2252,0.2837,0.4545,0.6249,7.9574,-0.4841,-0.0000,1.0000,0.0000,0.2387,25305.5
89,4480,3400,-0.6516,0.6617,0.5899,0.3359,4.9897,-0.6023,-0.0000,1.0000,0.0000,0.2388,25425.0
89,4800,3420,0.6566,-1.8425,0.4601,0.3072,8.8345,-0.4029,-0.0000,1.0000,0.0000,0.2386,25526.8
90,128,3440,-0.3216,-1.2056,0.3606,0.3651,6.9191,-0.5978,-0.0000,1.0000,0.0000,0.2387,25651.9
90,448,3460,0.6140,0.7097,0.7345,0.4365,5.0401,-0.4931,0.0000,1.0000,0.0000,0.2385,25758.0
90,768,3480,-0.0645,0.1794,0.2225,0.2802,7.0028,-0.7290,0.0000,1.0000,0.0000,0.2384,25863.2
90,1088,3500,0.3223,0.1338,0.4468,0.2453,5.5716,-0.6106,-0.0000,1.0000,0.0000,0.2383,25968.7
90,1408,3520,-0.0250,-0.8217,0.3799,0.2313,8.2144,-0.6445,0.0000,1.0000,0.0000,0.2385,26096.3
90,1728,3540,0.8303,0.5632,0.4855,0.1481,7.5651,-0.3925,-0.0000,1.0000,0.0000,0.2384,26212.0
90,2048,3560,0.3190,-0.2186,0.1868,0.2912,4.5824,-0.8681,0.0000,1.0000,0.0000,0.2382,26327.8
90,2368,3580,-0.7678,-1.5102,0.4610,0.3705,7.8216,-0.4794,-0.0000,1.0000,0.0000,0.2383,26446.8
90,2688,3600,0.0933,-0.9925,0.4841,0.2793,7.5733,-0.3601,-0.0000,1.0000,0.0000,0.2384,26565.9
90,3008,3620,-0.1492,0.7969,0.4792,0.6256,7.6631,-0.3814,0.0000,1.0000,0.0000,0.2385,26685.8
90,3328,3640,-0.1996,-1.1681,0.5202,0.1448,8.7126,-0.5340,-0.0000,1.0000,0.0000,0.2387,26802.5
90,3648,3660,0.7243,0.9268,0.4524,0.2116,9.7104,-0.5048,-0.0000,1.0000,0.0000,0.2387,26914.1
90,3968,3680,0.2750,0.7501,0.8991,0.3736,6.3851,-0.3621,-0.0000,1.0000,0.0000,0.2387,27024.3
90,4288,3700,-0.6323,-0.0596,0.4781,0.3251,10.3774,-0.6392,0.0000,1.0000,0.0000,0.2388,27141.8
90,4608,3720,1.1760,1.0108,0.2721,0.3692,9.5814,-0.7531,0.0000,1.0000,0.0000,0.2387,27246.3
90,4928,3740,0.6899,1.3028,0.2500,0.2939,9.4264,-0.7376,0.0000,1.0000,0.0000,0.2385,27362.8
91,256,3760,-0.6685,-1.3660,0.2311,0.2537,11.6347,-0.6581,0.0000,1.0000,0.0000,0.2387,27491.0
91,576,3780,0.1407,-2.1679,0.3585,0.4606,9.4640,-0.5985,0.0000,1.0000,0.0000,0.2387,27604.4
91,896,3800,-0.0226,1.0162,0.3283,0.2567,10.6867,-0.4987,0.0000,1.0000,0.0000,0.2386,27711.1
91,1216,3820,0.3476,0.1941,0.5387,0.4368,8.6126,-0.7448,0.0000,1.0000,0.0000,0.2386,27831.7
91,1536,3840,0.9324,0.0636,0.3904,0.2809,10.3150,-0.7344,0.0000,1.0000,0.0000,0.2385,27955.4
91,1856,3860,-0.1384,-0.1357,0.4993,0.2345,9.6626,-0.5009,-0.0000,1.0000,0.0000,0.2384,28072.8
91,2176,3880,-0.6599,-1.1390,0.4490,0.2275,9.5509,-0.5199,0.0000,1.0000,0.0000,0.2385,28191.9
91,2496,3900,0.8520,-0.0865,0.4345,0.3268,8.1350,-0.5962,-0.0000,1.0000,0.0000,0.2383,28300.9
91,2816,3920,0.2302,-1.0239,0.5711,0.3450,8.4239,-0.5021,0.0000,1.0000,0.0000,0.2383,28427.7
91,3136,3940,0.2780,2.1521,0.3393,0.2303,5.3788,-0.8607,-0.0000,1.0000,0.0000,0.2381,28539.6
91,3456,3960,-0.0311,-0.0188,0.3173,0.2501,8.5077,-0.5483,-0.0000,1.0000,0.0000,0.2382,28667.5
91,3776,3980,0.4574,-1.2573,0.5922,0.2087,8.5437,-0.4956,0.0000,1.0000,0.0000,0.2382,28790.5
91,4096,4000,-0.0624,1.1027,0.4223,0.1055,9.2984,-0.6748,-0.0000,1.0000,0.0000,0.2380,28907.6
91,4416,4020,0.2297,-1.3902,0.4419,0.3148,6.0841,-0.4551,0.0000,1.0000,0.0000,0.2380,29022.1
91,4736,4040,-0.0755,0.9455,0.2905,0.1975,8.7649,-0.7409,-0.0000,1.0000,0.0000,0.2380,29134.9
92,64,4060,0.5451,1.7458,0.5969,0.2124,6.6744,-0.4944,0.0000,1.0000,0.0000,0.2382,29262.4
92,384,4080,-0.3811,-0.9989,0.3918,0.1939,6.6430,-0.2894,0.0000,1.0000,0.0000,0.2384,29383.6
92,704,4100,0.0412,1.3726,0.2336,0.3197,9.0651,-0.4775,-0.0000,1.0000,0.0000,0.2384,29508.9
92,1024,4120,1.1849,1.5205,0.5989,0.1871,7.8851,-0.7518,-0.0000,1.0000,0.0000,0.2383,29626.6
92,1344,4140,-0.0439,-0.4608,0.3491,0.4263,6.2077,-0.1387,0.0000,1.0000,0.0000,0.2383,29744.6
92,1664,4160,-0.2821,-0.5464,0.6803,0.2817,9.5628,-0.3564,-0.0000,1.0000,0.0000,0.2384,29862.4
92,1984,4180,-0.2368,1.1708,0.1786,0.4348,8.3736,-0.6138,0.0000,1.0000,0.0000,0.2384,29984.8
92,2304,4200,0.2281,-1.3868,0.5655,0.1905,11.4144,-0.6112,-0.0000,1.0000,0.0000,0.2383,30103.7
92,2624,4220,-0.0975,-1.2994,0.6066,0.1229,8.2671,-0.3833,-0.0000,1.0000,0.0000,0.2381,30220.7
92,2944,4240,-0.2811,0.2694,0.4225,0.1982,10.0851,-0.5228,0.0000,1.0000,0.0000,0.2382,30348.6
92,3264,4260,0.3934,0.1085,0.5124,0.1287,9.7797,-0.3941,0.0000,1.0000,0.0000,0.2382,30462.1
92,3584,4280,0.7782,-0.0736,0.3957,0.3097,9.0875,-0.5955,0.0000,1.0000,0.0000,0.2382,30577.2
92,3904,4300,-0.3412,-0.9499,0.7139,0.6466,6.3486,-0.4746,0.0000,1.0000,0.0000,0.2382,30706.7
92,4224,4320,-0.8854,-0.5384,0.6547,0.3135,7.7912,-0.2456,-0.0000,1.0000,0.0000,0.2384,30823.5
92,4544,4340,0.7297,0.0570,0.5178,0.2531,8.0398,-0.3009,0.0000,1.0000,0.0000,0.2385,30937.2
92,4864,4360,0.4303,-1.8993,0.3090,0.3236,9.0689,-0.6404,0.0000,1.0000,0.0000,0.2383,31044.8
93,192,4380,-0.7218,1.9661,1.0568,0.1823,5.8670,-0.7537,0.0000,1.0000,0.0000,0.2385,31169.4
93,512,4400,-0.0904,-0.0052,0.5375,0.1807,7.6247,-0.6375,0.0000,1.0000,0.0000,0.2385,31287.7
93,832,4420,-0.0297,-0.2110,0.2135,0.2247,9.4134,-0.6128,0.0000,1.0000,0.0000,0.2384,31397.1
93,1152,4440,-0.2346,1.4030,0.2294,0.0927,8.4850,-0.8905,0.0000,1.0000,0.0000,0.2384,31523.6
93,1472,4460,-0.2220,1.0522,0.5872,0.0962,8.3808,-0.6221,-0.0000,1.0000,0.0000,0.2385,31646.7
93,1792,4480,0.6653,-0.2039,0.2979,0.2185,6.1034,-0.4766,-0.0000,1.0000,0.0000,0.2385,31764.2
93,2112,4500,-0.1463,-1.6216,0.9416,0.1898,4.5485,-0.1329,-0.0000,1.0000,0.0000,0.2385,31892.3
93,2432,4520,0.1989,-3.5007,0.4454,0.1799,9.5826,-0.4983,0.0000,1.0000,0.0000,0.2384,32006.3
93,2752,4540,0.5887,2.1593,0.4997,0.1347,6.5442,-0.6073,0.0000,1.0000,0.0000,0.2385,32123.4
93,3072,4560,-0.9290,-1.5257,0.4491,0.3697,8.2285,-0.2372,-0.0000,1.0000,0.0000,0.2385,32243.2
93,3392,4580,0.7409,2.6852,0.5334,0.4293,6.7188,-0.7235,0.0000,1.0000,0.0000,0.2385,32353.3
93,3712,4600,0.4238,-0.1658,0.6559,0.5356,11.1992,-0.4790,-0.0000,1.0000,0.0000,0.2385,32475.4
93,4032,4620,-0.6648,1.0609,0.4149,0.6704,6.4953,-0.7395,0.0000,1.0000,0.0000,0.2385,32584.9
93,4352,4640,0.2625,2.2382,0.3431,0.4340,12.5549,-0.7757,-0.0000,1.0000,0.0000,0.2386,32703.3
93,4672,4660,0.3466,-0.2763,0.6323,0.8296,6.3641,-0.4738,0.0000,1.0000,0.0000,0.2385,32812.3
93,4992,4680,-0.8466,-0.6917,0.6541,0.3284,9.1899,-0.2668,-0.0000,1.0000,0.0000,0.2385,32931.3
94,320,4700,-0.0707,-0.3692,0.5940,0.3927,7.2449,-0.4597,0.0000,1.0000,0.0000,0.2386,33058.2
94,640,4720,0.6676,0.4349,0.5958,0.4790,8.4479,-0.3646,0.0000,1.0000,0.0000,0.2385,33185.1
94,960,4740,-1.0481,-1.1487,0.5107,0.2634,9.3942,-0.4952,-0.0000,1.0000,0.0000,0.2384,33297.7
94,1280,4760,0.1923,0.4072,0.4076,0.1677,10.3918,-0.5224,0.0000,1.0000,0.0000,0.2383,33411.4
94,1600,4780,0.6739,1.2315,0.5792,0.1957,8.0973,-0.6120,-0.0000,1.0000,0.0000,0.2382,33530.0
94,1920,4800,-0.2258,-0.7920,0.6927,0.1214,6.7447,-0.0275,-0.0000,1.0000,0.0000,0.2382,33647.4
94,2240,4820,0.5365,0.5166,0.5527,0.2690,8.1594,-0.5071,0.0000,1.0000,0.0000,0.2381,33764.8
94,2560,4840,-0.3229,0.8026,0.1861,0.1116,12.9827,-0.7553,-0.0000,1.0000,0.0000,0.2381,33881.4
94,2880,4860,-0.3077,1.9722,0.2800,0.2065,9.4785,-0.7731,0.0000,1.0000,0.0000,0.2382,33997.6
94,3200,4880,0.1709,-0.4516,0.3826,0.2211,8.8642,-0.6563,0.0000,1.0000,0.0000,0.2381,34115.4
94,3520,4900,1.1020,-0.7766,0.9390,0.3326,5.1515,-0.3509,-0.0000,1.0000,0.0000,0.2379,34246.8
94,3840,4920,-0.9273,-0.1571,0.4487,0.4027,8.1603,-0.6393,-0.0000,1.0000,0.0000,0.2379,34366.4
94,4160,4940,0.2103,-0.5014,0.7709,0.3810,8.6805,-0.3639,-0.0000,1.0000,0.0000,0.2380,34492.5
94,4480,4960,0.0394,-0.6409,0.7241,0.2137,5.5688,-0.2365,0.0000,1.0000,0.0000,0.2382,34608.3
94,4800,4980,0.6369,-0.0334,0.3514,0.2413,10.8486,-0.6556,0.0000,1.0000,0.0000,0.2381,34728.3
95,128,5000,-0.2063,3.1083,0.2743,0.1236,8.2868,-0.7574,0.0000,1.0000,0.0000,0.2383,34861.6
95,448,5020,0.1446,-1.8539,0.3951,0.4189,7.7382,-0.5096,0.0000,1.0000,0.0000,0.2383,34982.1
95,768,5040,0.4581,-0.6258,0.1648,0.2558,9.3465,-0.7239,-0.0000,1.0000,0.0000,0.2379,35087.7
95,1088,5060,-0.6717,-1.0499,0.2687,0.4746,7.0578,-0.3441,-0.0000,1.0000,0.0000,0.2380,35209.6
95,1408,5080,0.4264,-0.7725,0.2742,0.4402,10.4151,-0.7524,0.0000,1.0000,0.0000,0.2379,35332.8
95,1728,5100,-0.2930,-0.5645,0.8294,0.3086,9.5929,-0.1535,-0.0000,1.0000,0.0000,0.2379,35457.4
95,2048,5120,0.2692,0.9825,0.5127,0.3658,7.4710,-0.5354,-0.0000,1.0000,0.0000,0.2378,35579.5
95,2368,5140,-0.6765,-2.5350,0.2188,0.2768,9.9692,-0.6029,-0.0000,1.0000,0.0000,0.2379,35702.0
95,2688,5160,0.4683,-1.7516,0.5035,0.6206,8.5914,-0.3467,0.0000,1.0000,0.0000,0.2379,35821.9
95,3008,5180,-0.2791,-0.6068,0.4204,0.2727,8.8345,-0.4795,0.0000,1.0000,0.0000,0.2380,35958.9
95,3328,5200,-0.0612,2.7914,0.4584,0.3343,10.1520,-0.7648,-0.0000,1.0000,0.0000,0.2380,36070.2
95,3648,5220,0.1165,-2.1434,0.7117,0.6388,11.9128,-0.5366,0.0000,1.0000,0.0000,0.2380,36189.1
95,3968,5240,-0.5189,-1.4778,0.6874,0.6428,8.9781,-0.3282,-0.0000,1.0000,0.0000,0.2379,36307.6
95,4288,5260,-0.2309,0.2322,0.4543,0.3618,11.8384,-0.5282,0.0000,1.0000,0.0000,0.2380,36425.8
95,4608,5280,0.2186,-2.4854,0.2576,0.2801,12.0679,-0.6134,0.0000,1.0000,0.0000,0.2380,36548.4
95,4928,5300,0.5821,0.4599,0.1902,0.2576,9.0602,-0.3937,-0.0000,1.0000,0.0000,0.2380,36671.5
96,256,5320,-0.3667,1.9440,0.3115,0.2218,10.9057,-0.8108,0.0000,1.0000,0.0000,0.2382,36801.7
96,576,5340,0.1425,-0.3076,0.3294,0.2256,7.8994,-0.6262,-0.0000,1.0000,0.0000,0.2381,36922.7
96,896,5360,0.1831,0.2293,0.5409,0.2859,8.7922,-0.5155,-0.0000,1.0000,0.0000,0.2381,37041.0
96,1216,5380,-0.0389,0.4995,0.4656,0.6854,8.0024,-0.6657,0.0000,1.0000,0.0000,0.2379,37162.3
96,1536,5400,0.1850,0.6778,0.4970,0.3144,8.4580,-0.6232,0.0000,1.0000,0.0000,0.2379,37291.4
96,1856,5420,-0.0214,1.0810,0.4705,0.3732,7.0620,-0.4502,-0.0000,1.0000,0.0000,0.2380,37413.7
96,2176,5440,0.1199,-1.2121,0.2628,0.6904,8.7326,-0.6146,0.0000,1.0000,0.0000,0.2381,37542.6
96,2496,5460,-0.4339,1.5441,0.4850,0.2110,8.5652,-0.5982,0.0000,1.0000,0.0000,0.2381,37663.4
96,2816,5480,0.1876,0.6633,0.3146,0.2594,10.8233,-0.7443,0.0000,1.0000,0.0000,0.2382,37790.6
96,3136,5500,-0.2274,-0.7172,0.2935,0.3044,8.4149,-0.5987,0.0000,1.0000,0.0000,0.2382,37902.5
96,3456,5520,0.3989,-0.2992,0.5267,0.2231,11.1456,-0.5434,-0.0000,1.0000,0.0000,0.2383,38034.1
96,3776,5540,-0.3409,0.0794,0.6593,0.5751,8.7887,-0.6503,0.0000,1.0000,0.0000,0.2384,38150.5
96,4096,5560,-0.1918,-0.7710,0.6701,0.3084,9.1846,-0.4234,-0.0000,1.0000,0.0000,0.2386,38266.9
96,4416,5580,0.2782,-1.1492,0.2801,0.2660,6.1287,-0.2341,0.0000,1.0000,0.0000,0.2386,38383.2
96,4736,5600,0.2180,0.8914,0.1396,0.2736,9.3656,-0.8642,0.0000,1.0000,0.0000,0.2385,38501.2
97,64,5620,-0.4161,-0.7216,0.5761,0.2315,7.4122,-0.1503,-0.0000,1.0000,0.0000,0.2388,38634.2
97,384,5640,0.0680,-1.6779,0.7254,0.2262,7.4492,-0.2683,-0.0000,1.0000,0.0000,0.2388,38751.6
97,704,5660,0.5743,0.6193,0.5192,0.2615,8.6038,-0.3796,-0.0000,1.0000,0.0000,0.2387,38874.6
97,1024,5680,0.1587,-1.6735,0.3219,0.3399,8.5397,-0.3591,0.0000,1.0000,0.0000,0.2387,38995.1
97,1344,5700,-0.1495,-0.8338,0.5182,0.2777,6.1184,-0.3725,0.0000,1.0000,0.0000,0.2387,39125.8
97,1664,5720,-0.4420,-0.4383,0.4427,0.3444,8.0884,-0.4487,-0.0000,1.0000,0.0000,0.2388,39247.4
97,1984,5740,-0.2462,-0.3052,0.2945,0.1759,8.1784,-0.7334,0.0000,1.0000,0.0000,0.2388,39387.9
97,2304,5760,0.0113,-4.0505,0.3247,0.1993,9.7539,-0.1253,-0.0000,1.0000,0.0000,0.2387,39507.6
97,2624,5780,0.6542,0.4811,0.5851,0.3570,8.9844,-0.1247,0.0000,1.0000,0.0000,0.2387,39635.3
97,2944,5800,-0.5228,0.4930,0.2932,0.2541,10.1801,-0.7671,0.0000,1.0000,0.0000,0.2388,39784.1
97,3264,5820,-0.0692,1.9219,0.6611,0.4735,10.5608,-0.7387,-0.0000,1.0000,0.0000,0.2388,39922.3
97,3584,5840,0.7997,-0.8013,0.4405,0.4743,7.5856,-0.4956,0.0000,1.0000,0.0000,0.2388,40044.1
97,3904,5860,0.3466,1.3601,0.5221,0.2629,6.2947,-0.3697,-0.0000,1.0000,0.0000,0.2388,40173.5
97,4224,5880,0.0219,-0.2612,0.6092,0.3117,8.5978,-0.0190,-0.0000,1.0000,0.0000,0.2388,40301.1
97,4544,5900,0.8119,-0.4974,0.4865,0.3383,9.9333,-0.2763,-0.0000,1.0000,0.0000,0.2388,40428.9
97,4864,5920,-1.4571,-1.2604,0.5472,0.2872,8.3768,-0.6251,0.0000,1.0000,0.0000,0.2388,40564.0
98,192,5940,0.3485,1.9317,0.8888,0.4497,6.3133,-0.7457,-0.0000,1.0000,0.0000,0.2389,40714.6
98,512,5960,0.2097,0.3037,0.2413,0.1528,6.5877,-0.7534,0.0000,1.0000,0.0000,0.2389,40857.7
98,832,5980,-0.5315,-0.3939,0.3507,0.3924,9.8935,-0.4708,0.0000,1.0000,0.0000,0.2389,41001.8
98,1152,6000,-0.5076,1.6537,0.5392,0.2225,9.2575,-0.4136,0.0000,1.0000,0.0000,0.2390,41138.7
98,1472,6020,0.8493,0.4288,0.5094,0.1981,9.4351,-0.4879,-0.0000,1.0000,0.0000,0.2391,41270.9
98,1792,6040,-0.4714,-1.6921,0.5579,0.2842,8.7549,-0.2406,0.0000,1.0000,0.0000,0.2391,41401.7
98,2112,6060,-0.2091,1.4365,0.5831,0.4357,7.3443,-0.7373,-0.0000,1.0000,0.0000,0.2391,41550.0
98,2432,6080,-0.4393,4.9030,0.2563,0.2601,12.6725,-1.0000,0.0000,1.0000,0.0000,0.2391,41690.7
98,2752,6100,0.6305,-0.1217,0.7927,0.4283,7.4475,-0.1299,-0.0000,1.0000,0.0000,0.2391,41837.8
98,3072,6120,-0.4787,-2.1667,0.4654,0.3578,8.0353,-0.4965,0.0000,1.0000,0.0000,0.2391,41980.3
98,3392,6140,0.4380,0.3804,0.5787,0.5720,7.2799,-0.4779,-0.0000,1.0000,0.0000,0.2392,42118.2
98,3712,6160,0.2201,3.7339,0.6417,0.3271,8.9646,-0.7261,-0.0000,1.0000,0.0000,0.2392,42273.6
98,4032,6180,0.1873,-0.5755,0.5752,0.5271,5.9942,-0.6221,-0.0000,1.0000,0.0000,0.2391,42406.4
98,4352,6200,0.0039,2.0253,0.3179,0.5262,9.5330,-0.8793,-0.0000,1.0000,0.0000,0.2392,42544.4
98,4672,6220,0.5911,0.7143,0.6614,1.0856,3.9741,-0.4762,-0.0000,1.0000,0.0000,0.2391,42675.7
98,4992,6240,0.2018,-0.5059,0.4827,0.4731,8.5615,-0.2651,0.0000,1.0000,0.0000,0.2391,42812.3
99,320,6260,-0.5638,0.4955,0.9022,0.2807,6.5913,-0.3362,0.0000,1.0000,0.0000,0.2393,42961.9
99,640,6280,0.5845,-2.5100,0.3833,0.2596,6.3325,0.1509,0.0000,1.0000,0.0000,0.2393,43098.0
99,960,6300,-0.1577,-1.3443,0.4176,0.4491,7.0326,-0.4782,-0.0000,1.0000,0.0000,0.2392,43221.6
99,1280,6320,0.1358,1.8949,0.3094,0.2330,7.9642,-0.8827,0.0000,1.0000,0.0000,0.2392,44663.9
99,1600,6340,0.3467,0.7211,0.3468,0.7095,7.9766,-0.7603,0.0000,1.0000,0.0000,0.2391,44775.3
99,1920,6360,-0.8499,-2.0482,1.2802,0.1835,6.8599,0.2666,-0.0000,1.0000,0.0000,0.2392,44922.2
99,2240,6380,-0.0252,0.2191,0.4965,0.3097,7.3412,-0.3522,0.0000,1.0000,0.0000,0.2392,45037.9
99,2560,6400,0.0738,-3.8803,0.4261,0.2503,12.2946,-0.4949,0.0000,1.0000,0.0000,0.2392,45180.6
99,2880,6420,-0.2271,-2.0532,0.4948,0.2829,8.8030,-0.2784,0.0000,1.0000,0.0000,0.2393,45320.3
99,3200,6440,-0.2066,1.7060,0.3774,0.1955,7.7933,-0.8240,0.0000,1.0000,0.0000,0.2393,45476.2
99,3520,6460,0.6681,-0.7619,0.5716,0.6017,5.6521,-0.5967,-0.0000,1.0000,0.0000,0.2392,45614.7
99,3840,6480,-0.4990,-1.7770,0.2522,0.2615,8.2656,-0.7384,0.0000,1.0000,0.0000,0.2392,45732.1
99,4160,6500,-0.2994,-0.7804,0.3409,0.2376,6.6738,-0.3573,-0.0000,1.0000,0.0000,0.2392,45856.9
99,4480,6520,0.5379,0.0153,0.5117,0.9176,5.4127,-0.4722,0.0000,1.0000,0.0000,0.2392,45998.2
99,4800,6540,-0.1837,1.7840,0.2794,0.4002,10.7887,-0.8741,0.0000,1.0000,0.0000,0.2393,46151.2
100,128,6560,0.6201,1.6367,0.3282,0.1113,7.2639,-0.6033,-0.0000,1.0000,0.0000,0.2395,46341.2
100,448,6580,-0.0606,0.2676,0.5536,0.4293,5.5172,-0.5001,0.0000,1.0000,0.0000,0.2395,46514.0
100,768,6600,0.0207,1.2096,0.2844,0.2238,6.8411,-0.8616,0.0000,1.0000,0.0000,0.2394,46669.2
100,1088,6620,0.1812,0.0079,0.5162,0.5635,5.0922,-0.6407,-0.0000,1.0000,0.0000,0.2394,46806.8
100,1408,6640,-0.3633,-0.5491,0.4741,0.6516,7.1821,-0.7588,-0.0000,1.0000,0.0000,0.2395,46996.0
100,1728,6660,0.1086,-0.6777,0.4566,0.4483,7.9118,-0.4889,-0.0000,1.0000,0.0000,0.2394,47171.3
100,2048,6680,-0.2643,-0.2574,0.4095,0.2773,4.6860,-0.3678,0.0000,1.0000,0.0000,0.2395,47467.3
100,2368,6700,0.6372,-1.4127,0.3693,0.1555,8.5217,-0.6346,-0.0000,1.0000,0.0000,0.2395,47672.3
100,2688,6720,-0.5716,-0.8546,0.2640,0.2296,6.5520,-0.5904,-0.0000,1.0000,0.0000,0.2394,47820.2
100,3008,6740,-0.5108,0.0566,0.5698,0.2645,5.3039,-0.6446,0.0000,1.0000,0.0000,0.2394,47982.9
100,3328,6760,-0.1971,2.2519,0.2974,0.4190,7.0531,-0.8685,0.0000,1.0000,0.0000,0.2392,48250.9
100,3648,6780,-0.0866,-2.5403,0.5797,0.4165,9.7042,-0.3962,0.0000,1.0000,0.0000,0.2393,48519.4
100,3968,6800,0.2023,1.1506,0.8896,0.4382,6.1182,-0.3570,-0.0000,1.0000,0.0000,0.2394,48666.0
100,4288,6820,0.7559,-1.4171,0.3888,0.3118,11.2786,-0.5443,-0.0000,1.0000,0.0000,0.2393,48853.8
100,4608,6840,0.1441,-2.6116,0.2853,0.4117,11.4912,-0.6402,0.0000,1.0000,0.0000,0.2394,48982.4
100,4928,6860,-0.3969,-1.5603,0.3004,0.3625,10.1932,-0.4846,0.0000,1.0000,0.0000,0.2393,49113.6
101,320,20,-0.1768,-0.9263,0.3185,0.2207,5.9794,-0.1999,-0.0000,1.0000,0.0000,0.3094,104.6
101,640,40,-0.0887,-1.4682,0.5211,0.3676,6.9140,-0.2381,0.0000,1.0000,0.0000,0.2797,225.1
101,960,60,0.3824,-1.1196,0.3024,0.1888,6.8422,-0.3749,0.0000,1.0000,0.0000,0.2635,337.4
101,1280,80,0.1839,-1.1441,0.4070,0.1560,8.2169,-0.7433,0.0000,1.0000,0.0000,0.2500,454.4
101,1600,100,-0.4126,3.6237,0.8139,0.1011,6.9639,-0.8665,0.0000,1.0000,0.0000,0.2500,584.8
101,1920,120,0.1348,0.8632,0.8060,0.1582,6.2177,-0.1408,0.0000,1.0000,0.0000,0.2557,730.5
101,2240,140,-0.1237,-0.6577,0.7234,0.1554,7.4213,-0.3686,-0.0000,1.0000,0.0000,0.2513,859.5
101,2560,160,-0.4120,3.1026,0.3153,0.0701,13.7467,-0.7454,0.0000,1.0000,0.0000,0.2488,997.0
101,2880,180,0.2353,-1.2108,0.2875,0.1203,10.3624,-0.5244,-0.0000,1.0000,0.0000,0.2455,1123.1
101,3200,200,-0.1660,0.3097,0.4136,0.2683,11.1073,-0.6364,0.0000,1.0000,0.0000,0.2462,1264.5
101,3520,220,0.5232,-1.1405,0.8169,0.1657,6.1370,-0.3551,-0.0000,1.0000,0.0000,0.2489,1411.1
101,3840,240,0.5956,-0.4474,0.5570,0.1459,8.3982,-0.5079,0.0000,1.0000,0.0000,0.2484,1562.9
101,4160,260,0.6943,-1.9843,0.6662,0.2558,8.1522,-0.3545,0.0000,1.0000,0.0000,0.2476,1710.3
101,4480,280,-0.3562,0.3737,0.5289,0.5510,3.9300,-0.7323,0.0000,1.0000,0.0000,0.2460,1853.4
101,4800,300,1.0236,0.4879,0.4987,0.1462,9.7229,-0.6320,0.0000,1.0000,0.0000,0.2421,2003.8
102,128,320,-0.3882,0.6825,0.5855,0.0804,8.9103,-0.2695,0.0000,1.0000,0.0000,0.2453,2176.2
102,448,340,-0.1304,0.2297,0.3770,0.0898,7.1671,-0.6489,-0.0000,1.0000,0.0000,0.2447,2339.2
102,768,360,-0.0145,-1.9957,0.2277,0.2437,10.1285,-0.4694,0.0000,1.0000,0.0000,0.2436,2495.1
102,1088,380,0.5753,0.0237,0.7091,0.2229,7.3689,-0.5958,-0.0000,1.0000,0.0000,0.2428,2633.4
102,1408,400,0.5207,0.1607,0.3652,0.1501,11.5935,-0.7794,-0.0000,1.0000,0.0000,0.2411,2784.9
102,1728,420,-0.1315,-3.4324,0.4012,0.2138,10.2798,-0.1532,0.0000,1.0000,0.0000,0.2393,2934.0
102,2048,440,-0.1481,0.3516,0.2804,0.5102,8.4263,-0.5926,0.0000,1.0000,0.0000,0.2385,3082.3
102,2368,460,0.3517,-1.1870,0.4727,0.4558,11.2169,-0.5098,0.0000,1.0000,0.0000,0.2375,3222.7
102,2688,480,-0.9843,-0.0411,0.5477,0.2456,9.2935,-0.4778,-0.0000,1.0000,0.0000,0.2389,3383.7
102,3008,500,0.1580,-3.1899,0.5890,0.2798,7.4130,-0.2179,0.0000,1.0000,0.0000,0.2394,3548.6
102,3328,520,0.0853,0.1350,0.3387,0.1385,8.6446,-0.7522,0.0000,1.0000,0.0000,0.2400,3697.5
102,3648,540,0.8324,0.9905,0.6375,0.0739,9.7468,-0.3966,-0.0000,1.0000,0.0000,0.2394,3851.6
102,3968,560,-0.9177,-1.0926,0.7618,0.1177,6.4231,-0.3415,0.0000,1.0000,0.0000,0.2399,3994.6
102,4288,580,0.3239,-1.1128,0.3251,0.0567,10.6679,-0.7824,0.0000,1.0000,0.0000,0.2388,4133.2
102,4608,600,-0.5222,0.2359,0.3459,0.1390,10.8817,-0.4043,-0.0000,1.0000,0.0000,0.2392,4280.3
102,4928,620,0.6511,-1.4220,0.3554,0.1583,10.3539,-0.1461,-0.0000,1.0000,0.0000,0.2384,4427.8
103,256,640,-0.7824,0.3393,0.0410,0.1269,11.0895,-0.8750,-0.0000,1.0000,0.0000,0.2401,4601.0
103,576,660,0.6298,1.3887,0.3699,0.2733,9.3503,-0.6200,0.0000,1.0000,0.0000,0.2396,4754.2
103,896,680,-0.0223,-2.5907,0.3011,0.3261,10.6512,-0.3998,-0.0000,1.0000,0.0000,0.2389,4907.5
103,1216,700,-0.0416,-0.5900,0.3890,0.1846,9.6178,-0.6450,0.0000,1.0000,0.0000,0.2384,5070.7
103,1536,720,0.5188,-1.1375,0.1578,0.0773,9.3540,-0.6132,0.0000,1.0000,0.0000,0.2377,5216.3
103,1856,740,-0.4373,-2.0857,0.2793,0.1100,10.5322,-0.3335,0.0000,1.0000,0.0000,0.2375,5379.2
103,2176,760,-0.0372,0.8255,0.3952,0.3023,9.7085,-0.6216,0.0000,1.0000,0.0000,0.2378,5546.5
103,2496,780,0.1442,-0.2257,0.3873,0.1860,8.9303,-0.6066,0.0000,1.0000,0.0000,0.2370,5693.4
103,2816,800,-0.0336,-1.4074,0.6151,0.1352,10.9578,-0.5208,-0.0000,1.0000,0.0000,0.2374,5848.8
103,3136,820,-0.4805,-1.3723,0.4928,0.2593,9.6418,-0.4895,-0.0000,1.0000,0.0000,0.2377,6005.4
103,3456,840,0.2875,-0.1234,0.1424,0.2499,13.2086,-0.7664,-0.0000,1.0000,0.0000,0.2376,6165.1
103,3776,860,-0.1836,-0.9379,0.6116,0.7477,9.7900,-0.3936,0.0000,1.0000,0.0000,0.2386,6338.5
103,4096,880,0.1517,-0.1301,0.5712,0.2840,8.9938,-0.2601,-0.0000,1.0000,0.0000,0.2383,6488.9
103,4416,900,0.1453,-0.1581,0.2556,0.2131,6.3346,-0.3387,-0.0000,1.0000,0.0000,0.2386,6627.1
103,4736,920,0.6721,0.1287,0.1140,0.0830,10.8556,-0.8688,0.0000,1.0000,0.0000,0.2381,6759.6
104,64,940,-0.6321,-1.4634,0.7447,0.1358,7.6142,-0.3190,0.0000,1.0000,0.0000,0.2397,6923.5
104,384,960,0.2934,-1.0181,0.3849,0.1970,8.3267,-0.6219,0.0000,1.0000,0.0000,0.2397,7064.7
104,704,980,-0.4528,1.0773,0.2124,0.0999,9.6700,-0.7286,-0.0000,1.0000,0.0000,0.2396,7202.0
104,1024,1000,0.8177,2.2876,0.3652,0.1097,10.1845,-0.7352,-0.0000,1.0000,0.0000,0.2398,7351.8
104,1344,1020,-0.3658,1.9488,0.7890,0.1034,6.1622,-0.4879,0.0000,1.0000,0.0000,0.2398,7502.5
104,1664,1040,-0.4618,2.1427,0.5884,0.1607,9.0209,-0.6028,-0.0000,1.0000,0.0000,0.2400,7640.1
104,1984,1060,0.0880,-0.2963,0.3738,0.1420,8.6929,-0.4980,0.0000,1.0000,0.0000,0.2403,7792.1
104,2304,1080,0.1545,-3.1589,0.3893,0.1693,9.8225,-0.2307,-0.0000,1.0000,0.0000,0.2399,7923.7
104,2624,1100,0.7089,-0.4221,0.6530,0.2701,8.7709,-0.0103,0.0000,1.0000,0.0000,0.2399,8066.7
104,2944,1120,-0.3933,0.3840,0.1135,0.2895,9.7741,-0.7403,-0.0000,1.0000,0.0000,0.2400,8215.6
104,3264,1140,-0.0977,2.0012,0.3954,0.2404,9.3131,-0.7560,0.0000,1.0000,0.0000,0.2400,8353.8
104,3584,1160,-0.0892,-1.0449,0.6853,0.3578,8.2919,-0.3966,-0.0000,1.0000,0.0000,0.2400,8493.2
104,3904,1180,-0.3291,-1.1691,0.6522,0.5146,6.9506,-0.2151,0.0000,1.0000,0.0000,0.2399,8623.9
104,4224,1200,0.6957,-0.1758,0.4389,0.7499,6.0285,-0.4637,0.0000,1.0000,0.0000,0.2395,8757.6
104,4544,1220,0.0031,-0.5994,0.4178,0.6202,7.2797,-0.1594,-0.0000,1.0000,0.0000,0.2395,8886.8
104,4864,1240,0.2672,-0.4705,0.3726,0.3709,7.7420,-0.6066,0.0000,1.0000,0.0000,0.2393,9024.9
105,192,1260,-0.2468,2.5618,0.6629,0.4287,7.1876,-0.6391,-0.0000,1.0000,0.0000,0.2403,9177.0
105,512,1280,0.3645,-0.5740,0.7646,0.2795,6.1124,-0.2438,0.0000,1.0000,0.0000,0.2400,9316.0
105,832,1300,0.1597,-1.5979,0.4824,0.3257,8.2254,-0.3691,-0.0000,1.0000,0.0000,0.2393,9444.9
105,1152,1320,-0.5012,-1.0285,0.4780,0.3088,8.6258,-0.5317,-0.0000,1.0000,0.0000,0.2389,9582.9
105,1472,1340,-0.2044,0.7339,0.4328,0.1531,8.2197,-0.7602,-0.0000,1.0000,0.0000,0.2392,9732.8
105,1792,1360,0.4926,-1.6852,0.4530,0.1371,8.0797,-0.4672,-0.0000,1.0000,0.0000,0.2392,9876.4
105,2112,1380,-0.2215,-0.1209,0.4939,0.3247,6.3515,-0.5069,0.0000,1.0000,0.0000,0.2389,10024.2
105,2432,1400,-0.3355,-1.7712,0.4568,0.2372,12.1176,-0.6044,0.0000,1.0000,0.0000,0.2388,10174.0
105,2752,1420,0.5697,0.8021,0.7550,0.1895,6.6417,-0.5170,0.0000,1.0000,0.0000,0.2386,10338.3
105,3072,1440,0.3608,-1.3868,0.4126,0.2281,7.7150,-0.7278,-0.0000,1.0000,0.0000,0.2385,10493.0
105,3392,1460,-0.4030,0.5245,0.5407,0.2871,6.0784,-0.4618,0.0000,1.0000,0.0000,0.2387,10643.6
105,3712,1480,0.4585,-0.6353,0.4501,0.2339,8.7172,-0.3504,0.0000,1.0000,0.0000,0.2390,10804.2
105,4032,1500,0.4430,0.5162,0.5522,0.3579,5.5135,-0.5333,-0.0000,1.0000,0.0000,0.2388,10955.1
105,4352,1520,0.0483,2.2953,0.1861,0.1504,9.9733,-0.7480,0.0000,1.0000,0.0000,0.2388,11109.8
105,4672,1540,-0.2067,1.0464,0.6458,0.4352,4.7016,-0.4613,0.0000,1.0000,0.0000,0.2391,11277.7
105,4992,1560,-0.1396,2.6107,0.5488,0.1995,8.5127,-0.5171,0.0000,1.0000,0.0000,0.2391,11440.7
106,320,1580,-0.0729,-0.4854,0.5354,0.2022,5.8999,-0.2097,-0.0000,1.0000,0.0000,0.2399,11613.1
106,640,1600,0.5824,-0.8014,0.4507,0.4316,6.4621,-0.3691,0.0000,1.0000,0.0000,0.2392,11769.3
106,960,1620,-0.2623,-1.6840,0.2812,0.4476,8.1355,-0.2404,0.0000,1.0000,0.0000,0.2396,11935.0
106,1280,1640,0.2538,-0.8746,0.3376,0.3953,10.9223,-0.6316,0.0000,1.0000,0.0000,0.2392,12092.3
106,1600,1660,-0.9146,-0.6579,0.5079,0.3325,8.5493,-0.7387,0.0000,1.0000,0.0000,0.2394,12251.0
106,1920,1680,0.3316,-0.5302,0.4604,0.3915,5.9983,-0.1072,0.0000,1.0000,0.0000,0.2396,12413.6
106,2240,1700,0.3418,-0.9359,0.5460,0.3777,7.4892,-0.6386,0.0000,1.0000,0.0000,0.2391,12575.8
106,2560,1720,-0.4815,-1.7634,0.3606,0.2842,13.0589,-0.7607,0.0000,1.0000,0.0000,0.2390,12738.6
106,2880,1740,-0.2784,1.2960,0.1530,0.1883,9.8192,-0.7477,0.0000,1.0000,0.0000,0.2395,12916.4
106,3200,1760,-0.2554,-1.1319,0.5858,0.3097,8.5029,-0.5397,-0.0000,1.0000,0.0000,0.2398,13069.7
106,3520,1780,0.9505,-0.8400,0.5410,0.3162,6.4006,-0.3417,0.0000,1.0000,0.0000,0.2396,13232.4
106,3840,1800,-0.5065,1.5634,0.2087,0.1914,9.5480,-0.8723,-0.0000,1.0000,0.0000,0.2394,13402.4
106,4160,1820,0.1246,0.9951,0.3413,0.1728,8.7792,-0.7297,-0.0000,1.0000,0.0000,0.2395,13553.8
106,4480,1840,0.8110,0.5739,0.7097,0.2905,6.1660,-0.3497,-0.0000,1.0000,0.0000,0.2396,13691.3
106,4800,1860,-0.2287,-2.6922,0.6097,0.2867,11.9786,-0.5405,0.0000,1.0000,0.0000,0.2391,13838.1
107,128,1880,-0.2665,1.0988,0.8028,0.3599,8.8039,-0.5467,0.0000,1.0000,0.0000,0.2398,14002.7
107,448,1900,-0.2436,-0.5070,0.8461,0.2096,6.9931,-0.3776,-0.0000,1.0000,0.0000,0.2399,14167.1
107,768,1920,0.1432,0.4242,0.2763,0.2226,7.6044,-0.6133,0.0000,1.0000,0.0000,0.2397,14322.4
107,1088,1940,-0.5582,-0.3572,0.4713,0.4189,4.5901,-0.3359,0.0000,1.0000,0.0000,0.2400,14477.4
107,1408,1960,0.2993,2.1546,0.3314,0.2730,7.1382,-0.8729,-0.0000,1.0000,0.0000,0.2400,14636.2
107,1728,1980,-0.0964,-0.7199,0.5661,0.2033,7.5487,-0.1780,-0.0000,1.0000,0.0000,0.2398,14788.2
107,2048,2000,-0.3696,0.4186,0.5416,0.4002,4.5322,-0.6381,0.0000,1.0000,0.0000,0.2398,14948.3
107,2368,2020,-0.1583,1.5960,0.7300,0.2276,8.1005,-0.5034,0.0000,1.0000,0.0000,0.2400,15113.8
107,2688,2040,0.9614,-0.9581,0.5499,0.1687,6.9346,-0.2610,-0.0000,1.0000,0.0000,0.2398,15275.8
107,3008,2060,0.1195,-0.5569,0.2501,0.3105,6.1385,-0.2513,0.0000,1.0000,0.0000,0.2399,15431.6
107,3328,2080,0.1043,1.0460,0.2019,0.2960,6.9916,-0.6705,0.0000,1.0000,0.0000,0.2399,15577.4
107,3648,2100,0.1564,-1.0522,0.2582,0.3294,7.4407,-0.3125,-0.0000,1.0000,0.0000,0.2402,15732.5
107,3968,2120,0.2497,0.2053,0.7715,0.4382,4.1797,-0.3576,0.0000,1.0000,0.0000,0.2400,15884.9
107,4288,2140,-0.4846,-3.2581,0.2623,0.2616,7.9092,-0.4370,0.0000,1.0000,0.0000,0.2401,16043.9
107,4608,2160,0.3950,0.3830,0.3509,0.2387,9.2029,-0.6401,0.0000,1.0000,0.0000,0.2398,16178.9
107,4928,2180,-0.4698,-0.9045,0.3924,0.8397,10.0845,-0.3946,0.0000,1.0000,0.0000,0.2395,16322.6
108,256,2200,-0.2839,-0.9243,0.4544,0.5990,11.0519,-0.6536,0.0000,1.0000,0.0000,0.2400,16493.9
108,576,2220,0.2750,-0.2800,0.6242,0.3114,7.5998,-0.3792,-0.0000,1.0000,0.0000,0.2397,16642.1
108,896,2240,0.3570,-3.1293,0.5107,0.3917,9.6828,-0.3895,-0.0000,1.0000,0.0000,0.2396,16780.0
108,1216,2260,0.6752,1.1636,0.5056,0.4181,6.4497,-0.6274,0.0000,1.0000,0.0000,0.2396,16936.3
108,1536,2280,0.0020,-0.3892,0.8487,0.1939,7.4180,-0.3925,-0.0000,1.0000,0.0000,0.2397,17083.4
108,1856,2300,0.1356,2.2615,0.3722,0.3409,7.8330,-0.7481,-0.0000,1.0000,0.0000,0.2398,17230.9
108,2176,2320,-0.2562,0.5427,0.4052,0.2354,9.6079,-0.7827,0.0000,1.0000,0.0000,0.2398,17378.0
108,2496,2340,0.0828,-1.1696,0.4458,0.2833,7.6752,-0.3498,-0.0000,1.0000,0.0000,0.2401,17518.7
108,2816,2360,0.2908,2.2460,0.1214,0.2768,10.0219,-0.8613,-0.0000,1.0000,0.0000,0.2400,17659.6
108,3136,2380,-0.4174,-0.0651,0.3582,0.1542,9.2713,-0.6169,0.0000,1.0000,0.0000,0.2400,17796.0
108,3456,2400,0.5788,2.9677,0.1702,0.2349,13.9984,-0.8964,-0.0000,1.0000,0.0000,0.2399,17934.3
108,3776,2420,0.1734,2.0863,0.6753,0.1637,9.9513,-0.6422,0.0000,1.0000,0.0000,0.2401,18063.5
108,4096,2440,0.5148,0.7223,0.4188,0.2408,9.1951,-0.3874,-0.0000,1.0000,0.0000,0.2402,18218.5
108,4416,2460,0.1229,0.6323,0.5269,0.3338,6.2825,-0.6317,-0.0000,1.0000,0.0000,0.2402,18352.2
108,4736,2480,-0.1882,2.0225,0.2933,0.4289,11.2415,-0.8844,0.0000,1.0000,0.0000,0.2402,18488.6
109,64,2500,-0.1448,-1.6467,0.5176,0.6229,8.1304,-0.1049,-0.0000,1.0000,0.0000,0.2408,18649.3
109,384,2520,0.4730,0.6258,0.3085,0.4781,8.7897,-0.4201,0.0000,1.0000,0.0000,0.2407,18791.8
109,704,2540,0.3998,3.6323,0.4904,0.1511,10.4224,-0.5121,0.0000,1.0000,0.0000,0.2406,18930.8
109,1024,2560,-0.7131,0.2361,0.4839,0.2304,10.6919,-0.4337,0.0000,1.0000,0.0000,0.2407,19072.6
109,1344,2580,-0.0626,-1.0739,0.4939,0.5360,7.4439,-0.2071,-0.0000,1.0000,0.0000,0.2407,19224.8
109,1664,2600,0.2844,0.4223,0.5917,0.4226,9.4404,-0.2625,-0.0000,1.0000,0.0000,0.2405,19367.8
109,1984,2620,-0.3270,-2.5844,0.3158,0.2104,10.4690,-0.6263,0.0000,1.0000,0.0000,0.2403,19500.0
109,2304,2640,-0.3622,1.1751,0.3970,0.1854,11.1509,-0.5152,0.0000,1.0000,0.0000,0.2403,19634.8
109,2624,2660,0.7727,-2.0872,0.4718,0.6791,9.7063,-0.3732,0.0000,1.0000,0.0000,0.2402,19784.4
109,2944,2680,0.3905,3.0936,0.2295,0.4589,10.4788,-0.8976,0.0000,1.0000,0.0000,0.2401,19937.7
109,3264,2700,-0.0468,-0.0424,0.1857,0.2143,9.8517,-0.6323,-0.0000,1.0000,0.0000,0.2402,20078.0
109,3584,2720,0.8929,0.0335,0.3497,0.1892,8.4458,-0.6061,0.0000,1.0000,0.0000,0.2404,20223.7
109,3904,2740,-0.3007,-0.6625,0.7854,0.1604,6.5829,-0.3580,0.0000,1.0000,0.0000,0.2402,20358.4
109,4224,2760,0.3863,1.3002,0.5674,0.2228,8.5174,-0.4554,0.0000,1.0000,0.0000,0.2404,20510.4
109,4544,2780,0.0324,0.3606,0.2550,0.2459,10.0468,-0.4934,0.0000,1.0000,0.0000,0.2405,20645.2
109,4864,2800,-0.7964,3.2525,0.3712,0.3392,9.7607,-0.8935,0.0000,1.0000,0.0000,0.2408,20793.4
110,192,2820,0.8449,4.6927,0.3526,0.1504,7.3297,-1.0000,0.0000,1.0000,0.0000,0.2408,20924.6
110,512,2840,-0.1670,-0.8980,0.4986,0.2786,7.4766,-0.4188,-0.0000,1.0000,0.0000,0.2408,21064.6
110,832,2860,0.8863,-1.0878,0.3280,0.2104,9.7799,-0.6214,0.0000,1.0000,0.0000,0.2405,21198.4
110,1152,2880,-0.6950,-1.8479,0.3748,0.2272,9.2699,-0.4882,0.0000,1.0000,0.0000,0.2405,21336.6
110,1472,2900,0.0792,0.6863,0.5106,0.1754,8.5279,-0.6138,0.0000,1.0000,0.0000,0.2406,21482.8
110,1792,2920,0.2280,-0.0091,0.3165,0.2354,7.3436,-0.5923,0.0000,1.0000,0.0000,0.2406,21620.3
110,2112,2940,0.8150,0.2780,0.5089,0.3294,5.2777,-0.7682,-0.0000,1.0000,0.0000,0.2404,21765.1
110,2432,2960,-0.1566,1.3619,0.4979,0.1679,11.6097,-0.6543,-0.0000,1.0000,0.0000,0.2402,21895.2
110,2752,2980,-0.3679,-0.1626,0.6250,0.5019,6.9899,-0.3504,0.0000,1.0000,0.0000,0.2402,22028.2
110,3072,3000,0.0627,-0.8728,0.6725,0.2676,7.6092,-0.4791,0.0000,1.0000,0.0000,0.2403,22169.5
110,3392,3020,0.0053,0.0764,0.5334,0.2012,5.9730,-0.4629,0.0000,1.0000,0.0000,0.2403,22303.8
110,3712,3040,0.3385,5.0188,0.2136,0.0968,9.6426,-1.0000,0.0000,1.0000,0.0000,0.2402,22444.8
110,4032,3060,-0.2820,-0.3933,0.5793,0.2393,6.3840,-0.1628,0.0000,1.0000,0.0000,0.2401,22581.6
110,4352,3080,-0.2067,5.5540,0.1289,0.2288,12.4103,-1.0000,-0.0000,1.0000,0.0000,0.2401,22711.6
110,4672,3100,0.3234,0.8456,0.9090,0.2970,4.9904,-0.4900,0.0000,1.0000,0.0000,0.2400,22842.0
110,4992,3120,0.0253,0.0692,0.3855,0.1112,8.8783,-0.5272,0.0000,1.0000,0.0000,0.2399,22974.7
111,320,3140,0.3415,-0.9724,0.5801,0.4762,6.5136,-0.3231,0.0000,1.0000,0.0000,0.2403,23138.9
111,640,3160,0.2315,-1.4678,0.6454,0.4506,7.6257,-0.3668,0.0000,1.0000,0.0000,0.2401,23275.9
111,960,3180,-0.1894,-2.8113,0.4764,0.2529,7.9768,-0.2437,-0.0000,1.0000,0.0000,0.2401,23419.9
111,1280,3200,0.8555,2.0754,0.3607,0.1443,9.3913,-0.7882,-0.0000,1.0000,0.0000,0.2398,23560.4
111,1600,3220,-0.0867,0.3151,0.5951,0.4379,7.3582,-0.5096,0.0000,1.0000,0.0000,0.2398,23698.1
111,1920,3240,0.3626,-0.7277,0.6874,0.3661,6.5105,-0.3822,0.0000,1.0000,0.0000,0.2400,23832.2
111,2240,3260,0.3686,0.1101,0.4228,0.1941,6.9932,-0.3507,-0.0000,1.0000,0.0000,0.2400,23960.9
111,2560,3280,0.2016,-0.5367,0.2648,0.1489,11.8388,-0.6275,0.0000,1.0000,0.0000,0.2401,24106.2
111,2880,3300,0.1110,-1.5770,0.5875,0.1953,9.3914,-0.4968,0.0000,1.0000,0.0000,0.2402,24242.3
111,3200,3320,-0.6534,-1.6871,0.4984,0.2052,9.9910,-0.5311,0.0000,1.0000,0.0000,0.2404,24390.6
111,3520,3340,0.5318,-0.0045,0.7316,0.1583,4.8859,-0.6026,-0.0000,1.0000,0.0000,0.2405,24532.0
111,3840,3360,0.2737,0.4841,0.2480,0.4391,9.1748,-0.8767,0.0000,1.0000,0.0000,0.2402,24664.7
111,4160,3380,0.3220,0.2117,0.4905,0.1585,7.7708,-0.6100,-0.0000,1.0000,0.0000,0.2402,24798.6
111,4480,3400,-0.4549,-0.5833,0.6987,0.1447,5.4477,-0.3751,0.0000,1.0000,0.0000,0.2403,24920.6
111,4800,3420,0.2797,-4.0408,0.4670,0.4651,11.3611,-0.4950,0.0000,1.0000,0.0000,0.2401,25040.8
112,128,3440,-0.6649,3.1412,0.5211,0.3706,9.2922,-0.6565,0.0000,1.0000,0.0000,0.2403,25181.5
112,448,3460,-0.2579,0.6221,0.6948,0.3099,7.4120,-0.3768,-0.0000,1.0000,0.0000,0.2405,25329.7
112,768,3480,0.4308,0.5286,0.0857,0.4167,10.9805,-0.7479,0.0000,1.0000,0.0000,0.2401,25465.6
112,1088,3500,0.1472,0.7358,0.6468,0.6833,6.1147,-0.4824,0.0000,1.0000,0.0000,0.2400,25597.7
112,1408,3520,0.1299,1.7273,0.2353,0.5206,9.5529,-0.8813,-0.0000,1.0000,0.0000,0.2401,25770.6
112,1728,3540,-0.3214,-3.2306,0.5607,0.8771,9.9828,-0.0475,0.0000,1.0000,0.0000,0.2402,25973.6
112,2048,3560,-0.2236,-0.0589,0.7857,0.8071,4.7496,-0.3795,0.0000,1.0000,0.0000,0.2403,26131.3
112,2368,3580,-0.5475,-2.1602,0.6719,0.3695,8.6765,-0.3685,0.0000,1.0000,0.0000,0.2405,26297.9
112,2688,3600,-0.2927,-2.3162,0.3115,0.2296,8.0974,-0.2318,0.0000,1.0000,0.0000,0.2402,26412.8
112,3008,3620,0.1393,-0.3311,0.2798,0.3929,7.9747,-0.5885,-0.0000,1.0000,0.0000,0.2402,26548.3
112,3328,3640,0.3406,0.7944,0.1475,0.2056,7.6537,-0.6481,0.0000,1.0000,0.0000,0.2402,26690.4
112,3648,3660,0.0534,-0.0150,0.4208,0.3089,8.7035,-0.4023,0.0000,1.0000,0.0000,0.2404,26830.7
112,3968,3680,0.2360,-0.5440,1.0173,0.5013,4.8285,-0.3394,0.0000,1.0000,0.0000,0.2405,26960.7
112,4288,3700,0.0381,0.0944,0.3105,0.1415,8.5352,-0.7627,0.0000,1.0000,0.0000,0.2406,27097.8
112,4608,3720,0.3125,-1.1617,0.3159,0.1672,10.3834,-0.6210,-0.0000,1.0000,0.0000,0.2406,27216.2
112,4928,3740,-0.0782,0.3387,0.3124,0.1624,9.8201,-0.4892,0.0000,1.0000,0.0000,0.2403,27342.5
113,256,3760,-0.1313,-0.5855,0.1637,0.1558,9.8088,-0.7575,0.0000,1.0000,0.0000,0.2406,27495.1
113,576,3780,-0.1583,1.3589,0.2986,0.3194,7.3209,-0.6487,0.0000,1.0000,0.0000,0.2405,27642.2
113,896,3800,0.4971,1.3837,0.4705,0.1432,9.9279,-0.7591,-0.0000,1.0000,0.0000,0.2403,27785.9
113,1216,3820,0.3660,0.9515,0.4628,0.1878,7.7895,-0.6148,-0.0000,1.0000,0.0000,0.2403,27931.8
113,1536,3840,0.3102,-2.2787,0.4713,0.0896,8.0003,-0.3646,-0.0000,1.0000,0.0000,0.2403,28089.6
113,1856,3860,0.5615,-2.3921,0.3060,0.2048,10.7760,-0.4686,0.0000,1.0000,0.0000,0.2402,28215.2
113,2176,3880,-0.2785,-2.5766,0.7235,0.2079,10.4470,-0.4016,0.0000,1.0000,0.0000,0.2401,28344.0
113,2496,3900,0.1068,-1.0905,0.3032,0.1700,7.7996,-0.4942,-0.0000,1.0000,0.0000,0.2402,28475.8
113,2816,3920,0.8432,-1.2453,0.5011,0.1091,8.9866,-0.3863,0.0000,1.0000,0.0000,0.2401,28611.7
113,3136,3940,0.2011,-0.1843,0.2653,0.2937,7.8001,-0.7268,0.0000,1.0000,0.0000,0.2399,28741.4
113,3456,3960,-0.0951,-0.2720,0.2273,0.2493,11.9909,-0.5092,-0.0000,1.0000,0.0000,0.2400,28885.5
113,3776,3980,0.0106,-2.6932,0.8076,0.1871,9.2872,-0.2755,0.0000,1.0000,0.0000,0.2401,29012.9
113,4096,4000,-0.8707,2.5343,0.4671,0.1540,8.9238,-0.4256,-0.0000,1.0000,0.0000,0.2403,29139.8
113,4416,4020,0.8654,0.0116,0.3889,0.1718,6.2638,-0.4834,-0.0000,1.0000,0.0000,0.2403,29276.9
113,4736,4040,0.3451,-0.3965,0.5167,0.3104,8.8353,-0.6132,0.0000,1.0000,0.0000,0.2402,29426.7
114,64,4060,-0.5070,-2.6645,0.6761,0.1333,7.0649,-0.1301,-0.0000,1.0000,0.0000,0.2404,29573.2
114,384,4080,0.4638,2.5015,0.6376,0.3428,7.2359,-0.6529,-0.0000,1.0000,0.0000,0.2404,29710.3
114,704,4100,-0.6407,0.1562,0.1919,0.1285,8.9346,-0.4932,-0.0000,1.0000,0.0000,0.2404,29851.3
114,1024,4120,-0.3795,0.6684,0.5719,0.1337,9.2339,-0.6246,-0.0000,1.0000,0.0000,0.2403,29979.8
114,1344,4140,0.6719,2.3463,0.9645,0.1370,6.2974,-0.6336,0.0000,1.0000,0.0000,0.2402,30104.9
114,1664,4160,0.1315,-1.5608,0.4592,0.5985,9.3562,-0.3248,-0.0000,1.0000,0.0000,0.2400,30222.0
114,1984,4180,-0.0304,-0.4433,0.3201,0.3472,9.0850,-0.6102,0.0000,1.0000,0.0000,0.2400,30374.2
114,2304,4200,0.8564,-0.4443,0.4275,0.3919,10.1542,-0.4971,-0.0000,1.0000,0.0000,0.2399,30493.8
114,2624,4220,0.0990,-1.4504,0.3239,0.3226,7.0157,-0.2429,0.0000,1.0000,0.0000,0.2399,30635.0
114,2944,4240,0.5635,-0.4008,0.2313,0.1521,8.7954,-0.7343,0.0000,1.0000,0.0000,0.2398,30773.9
114,3264,4260,-0.6797,0.3626,0.3461,0.2228,9.2556,-0.6329,0.0000,1.0000,0.0000,0.2399,30906.8
114,3584,4280,0.1179,1.1117,0.4319,0.4527,8.2781,-0.4806,0.0000,1.0000,0.0000,0.2400,31037.7
114,3904,4300,0.6552,-2.6094,0.6633,0.4304,6.3411,0.1687,-0.0000,1.0000,0.0000,0.2400,31161.1
114,4224,4320,-0.3424,-1.2959,0.4872,0.2854,6.7774,-0.2366,-0.0000,1.0000,0.0000,0.2402,31302.3
114,4544,4340,0.3791,-1.0047,0.7903,0.2354,7.1845,-0.0739,-0.0000,1.0000,0.0000,0.2402,31439.4
114,4864,4360,-0.2415,-1.1031,0.4945,0.1716,7.9578,-0.4797,0.0000,1.0000,0.0000,0.2404,31576.9
115,192,4380,0.4850,3.9596,0.9062,0.3402,7.9067,-0.6555,0.0000,1.0000,0.0000,0.2406,31720.6
115,512,4400,-0.0946,-0.3356,0.4057,0.2688,7.9890,-0.6371,0.0000,1.0000,0.0000,0.2406,31856.4
115,832,4420,0.8082,-0.9276,0.4721,0.1513,9.9959,-0.2383,0.0000,1.0000,0.0000,0.2405,31996.9
115,1152,4440,-0.2152,1.5553,0.3700,0.2740,11.1759,-0.7611,0.0000,1.0000,0.0000,0.2405,32112.8
115,1472,4460,0.1297,-0.9390,0.7691,0.2730,9.8641,-0.3640,0.0000,1.0000,0.0000,0.2405,32234.3
115,1792,4480,-1.2326,-2.9342,0.4505,0.2369,9.5463,-0.4625,-0.0000,1.0000,0.0000,0.2406,32361.5
115,2112,4500,0.6269,1.0884,0.2516,0.1286,6.5351,-0.8632,0.0000,1.0000,0.0000,0.2404,32483.6
115,2432,4520,0.2892,-2.2468,0.2447,0.0908,13.3933,-0.7306,0.0000,1.0000,0.0000,0.2403,32607.5
115,2752,4540,-0.0450,-1.0269,0.7144,0.2384,7.0137,-0.1035,-0.0000,1.0000,0.0000,0.2405,32740.4
115,3072,4560,0.2292,-0.5952,0.3777,0.2797,8.5351,-0.5969,0.0000,1.0000,0.0000,0.2406,32883.0
115,3392,4580,0.2135,-0.0162,0.3690,0.4377,6.2072,-0.4738,0.0000,1.0000,0.0000,0.2407,33013.2
115,3712,4600,0.3128,-0.8964,0.5947,0.2233,9.3724,-0.2152,-0.0000,1.0000,0.0000,0.2409,33164.9
115,4032,4620,-0.2101,0.7466,0.5130,0.4473,5.2134,-0.6376,0.0000,1.0000,0.0000,0.2410,33298.6
115,4352,4640,0.2468,0.5836,0.5165,0.3328,11.0886,-0.5243,0.0000,1.0000,0.0000,0.2412,33438.0
115,4672,4660,0.2257,-0.8104,0.7724,0.4423,5.1944,-0.3504,0.0000,1.0000,0.0000,0.2411,33572.6
115,4992,4680,-0.8383,1.1695,0.5573,0.3412,8.7030,-0.3220,-0.0000,1.0000,0.0000,0.2410,33713.1
116,320,4700,-0.1944,-1.0600,0.3306,0.4703,9.3732,-0.4548,0.0000,1.0000,0.0000,0.2412,33862.4
116,640,4720,0.4761,0.8445,0.6441,0.5169,7.7007,-0.3505,0.0000,1.0000,0.0000,0.2410,34002.7
116,960,4740,0.0049,-0.9361,0.3622,0.3419,7.4418,-0.4867,0.0000,1.0000,0.0000,0.2410,34130.5
116,1280,4760,0.7264,2.4528,0.1872,0.4243,8.4380,-0.8784,-0.0000,1.0000,0.0000,0.2409,34271.7
116,1600,4780,0.3940,1.6150,0.6085,0.3366,6.0767,-0.7579,-0.0000,1.0000,0.0000,0.2409,34420.7
116,1920,4800,-0.2405,-0.8141,0.8171,0.2910,6.4368,-0.0084,0.0000,1.0000,0.0000,0.2411,34572.6
116,2240,4820,0.0515,1.9601,0.3592,0.4522,8.2863,-0.6197,-0.0000,1.0000,0.0000,0.2411,34717.4
116,2560,4840,0.2264,-0.3835,0.3297,0.3716,11.8842,-0.6198,0.0000,1.0000,0.0000,0.2410,34856.4
116,2880,4860,0.2038,0.7394,0.3677,0.4196,8.2880,-0.6404,0.0000,1.0000,0.0000,0.2410,35001.5
116,3200,4880,0.0387,1.8459,0.3268,0.3790,7.2356,-0.7486,0.0000,1.0000,0.0000,0.2410,35136.9
116,3520,4900,0.6965,-1.2594,0.8402,0.4961,5.1403,-0.0804,0.0000,1.0000,0.0000,0.2411,35281.7
116,3840,4920,-0.5584,-1.0180,0.4960,0.3836,8.0584,-0.6206,0.0000,1.0000,0.0000,0.2411,35433.7
116,4160,4940,0.4937,1.1229,0.3900,0.1962,7.8052,-0.6382,0.0000,1.0000,0.0000,0.2411,35579.5
116,4480,4960,0.3519,-1.2102,0.6590,0.2319,5.0581,-0.2538,0.0000,1.0000,0.0000,0.2411,35708.3
116,4800,4980,-0.1796,-1.2474,0.3465,0.0787,9.8446,-0.6243,-0.0000,1.0000,0.0000,0.2409,35843.9
117,128,5000,0.4407,1.0468,0.4528,0.0986,9.1847,-0.6329,0.0000,1.0000,0.0000,0.2411,36003.2
117,448,5020,0.5285,-0.1627,0.4814,0.0953,7.3555,-0.4901,0.0000,1.0000,0.0000,0.2410,36139.1
117,768,5040,-0.4465,0.7996,0.3623,0.0653,8.2457,-0.7416,0.0000,1.0000,0.0000,0.2408,36261.3
117,1088,5060,-0.0858,-0.5722,0.3837,0.1672,5.8375,-0.7307,0.0000,1.0000,0.0000,0.2408,36395.5
117,1408,5080,0.0502,1.2402,0.3827,0.0725,10.3689,-0.7643,-0.0000,1.0000,0.0000,0.2408,36557.4
117,1728,5100,-0.2682,-0.6679,0.2696,0.1790,8.6859,-0.2529,0.0000,1.0000,0.0000,0.2407,36692.5
117,2048,5120,-0.0747,-0.4465,0.3788,0.3478,6.8571,-0.5890,0.0000,1.0000,0.0000,0.2408,36830.6
117,2368,5140,-0.8179,-0.2977,0.5155,0.2543,9.3631,-0.2806,0.0000,1.0000,0.0000,0.2409,36973.4
117,2688,5160,0.9758,-1.3870,0.2031,0.2060,8.4415,-0.7238,-0.0000,1.0000,0.0000,0.2408,37103.4
117,3008,5180,-0.3477,0.9533,0.4672,0.0922,7.6555,-0.6176,0.0000,1.0000,0.0000,0.2408,37246.2
117,3328,5200,0.4317,-0.7388,0.2725,0.1313,8.7013,-0.6660,0.0000,1.0000,0.0000,0.2407,37377.6
117,3648,5220,0.4071,0.6538,0.3361,0.0954,9.3441,-0.7436,-0.0000,1.0000,0.0000,0.2407,37523.5
117,3968,5240,0.0189,-1.0028,0.6469,0.3177,5.6794,-0.2011,0.0000,1.0000,0.0000,0.2408,37654.7
117,4288,5260,-0.4684,-2.0815,0.2594,0.1068,9.0698,-0.6387,0.0000,1.0000,0.0000,0.2409,37786.1
117,4608,5280,0.4615,-3.7871,0.4509,0.1444,10.7980,-0.5142,0.0000,1.0000,0.0000,0.2410,37915.8
117,4928,5300,0.1253,0.3274,0.3110,0.1951,10.9880,-0.4960,-0.0000,1.0000,0.0000,0.2410,38051.7
118,256,5320,0.4871,-2.8149,0.4637,0.2607,12.7296,-0.4306,0.0000,1.0000,0.0000,0.2412,38198.5
118,576,5340,-0.1244,0.5701,0.4891,0.3723,9.5060,-0.5023,-0.0000,1.0000,0.0000,0.2412,38337.8
118,896,5360,0.6758,-0.6133,0.4575,0.2603,11.6511,-0.6147,0.0000,1.0000,0.0000,0.2412,38466.1
118,1216,5380,0.6222,1.0396,0.3973,0.2372,8.0003,-0.7625,-0.0000,1.0000,0.0000,0.2412,38578.4
118,1536,5400,-0.6466,-1.2411,0.2476,0.0852,9.0187,-0.4900,-0.0000,1.0000,0.0000,0.2413,38676.6
118,1856,5420,0.6012,2.1456,0.2953,0.0809,9.3467,-0.4191,0.0000,1.0000,0.0000,0.2412,38774.9
118,2176,5440,0.1754,-1.1227,0.3493,0.2856,10.0870,-0.4937,0.0000,1.0000,0.0000,0.2412,38869.8
118,2496,5460,-0.4611,0.9215,0.3627,0.1386,8.4353,-0.7291,0.0000,1.0000,0.0000,0.2412,38956.1
118,2816,5480,0.7066,0.2423,0.3730,0.1359,9.6153,-0.5210,0.0000,1.0000,0.0000,0.2412,39056.9
118,3136,5500,1.2746,-1.1946,0.4420,0.1730,9.2192,-0.5205,0.0000,1.0000,0.0000,0.2410,39140.1
118,3456,5520,-0.9371,1.4793,0.2996,0.1899,11.2330,-0.7588,-0.0000,1.0000,0.0000,0.2410,39237.0
118,3776,5540,0.2630,-1.7930,0.5371,0.2160,8.4211,-0.4858,-0.0000,1.0000,0.0000,0.2411,39331.6
118,4096,5560,-0.0552,-0.6931,0.4574,0.4106,8.0835,-0.4125,-0.0000,1.0000,0.0000,0.2412,39436.0
118,4416,5580,-0.1795,-0.6938,0.4845,0.1451,4.7453,-0.6171,-0.0000,1.0000,0.0000,0.2413,39527.9
118,4736,5600,0.8887,4.6270,0.2105,0.5247,10.3212,-1.0000,-0.0000,1.0000,0.0000,0.2411,39614.4
119,64,5620,-0.1176,-0.2873,0.5445,0.1827,7.8108,-0.2381,0.0000,1.0000,0.0000,0.2412,39718.5
119,384,5640,-0.5480,-2.0729,0.6424,0.4576,7.8097,-0.4747,-0.0000,1.0000,0.0000,0.2412,39814.0
119,704,5660,-0.2669,0.8540,0.1457,0.4463,11.5156,-0.4754,-0.0000,1.0000,0.0000,0.2412,39909.9
119,1024,5680,0.5388,-0.4973,0.1865,0.2559,9.7441,-0.3876,-0.0000,1.0000,0.0000,0.2411,40002.9
119,1344,5700,0.5943,1.1819,0.8437,0.3556,7.6878,-0.2602,-0.0000,1.0000,0.0000,0.2411,40101.1
119,1664,5720,0.0408,-1.4261,0.4341,0.6754,10.0343,-0.3791,0.0000,1.0000,0.0000,0.2411,40196.5
119,1984,5740,-0.4250,-2.1890,0.3438,0.3702,10.6075,-0.4866,0.0000,1.0000,0.0000,0.2412,40296.9
119,2304,5760,0.6116,1.2285,0.6362,0.2230,11.8319,-0.6461,0.0000,1.0000,0.0000,0.2412,40392.5
119,2624,5780,0.1400,-2.5339,0.2542,0.1787,8.8370,-0.1261,0.0000,1.0000,0.0000,0.2412,40483.0
119,2944,5800,-0.3946,-0.9491,0.2353,0.2298,10.7901,-0.6354,0.0000,1.0000,0.0000,0.2413,40580.1
119,3264,5820,-0.6872,-0.0959,0.4583,0.3732,11.5927,-0.6199,-0.0000,1.0000,0.0000,0.2413,40661.1
119,3584,5840,0.9810,1.6418,0.4045,0.2357,8.9608,-0.5046,-0.0000,1.0000,0.0000,0.2413,40758.7
119,3904,5860,-0.0551,-1.2549,0.7620,0.1873,7.6102,-0.2275,0.0000,1.0000,0.0000,0.2414,40854.6
119,4224,5880,-0.0582,-1.8850,0.3862,0.3022,8.7327,-0.2312,-0.0000,1.0000,0.0000,0.2414,40946.3
119,4544,5900,-0.2503,0.5181,0.6549,0.3683,10.1148,-0.2115,0.0000,1.0000,0.0000,0.2415,41044.4
119,4864,5920,0.3329,1.2275,0.3886,0.2658,9.2922,-0.7429,-0.0000,1.0000,0.0000,0.2415,41137.7
120,192,5940,-0.3762,3.6402,0.6073,0.2698,7.2934,-0.8840,0.0000,1.0000,0.0000,0.2417,41246.5
120,512,5960,0.5926,0.2397,0.4101,0.3427,7.3767,-0.6319,0.0000,1.0000,0.0000,0.2415,41340.8
120,832,5980,0.2614,-0.0089,0.5106,0.3035,9.0245,-0.4821,0.0000,1.0000,0.0000,0.2415,41431.4
120,1152,6000,-0.2510,-2.6037,0.4218,0.3297,10.0783,-0.6249,0.0000,1.0000,0.0000,0.2414,41517.0
120,1472,6020,-0.1239,-0.2572,0.5874,0.6198,9.5382,-0.5063,-0.0000,1.0000,0.0000,0.2415,41609.5
120,1792,6040,0.3758,0.4026,0.5145,0.2824,7.9358,-0.5895,0.0000,1.0000,0.0000,0.2415,41714.5
120,2112,6060,0.1294,-1.5182,0.7272,0.5411,6.1692,-0.3670,0.0000,1.0000,0.0000,0.2414,41816.4
120,2432,6080,-0.2379,0.9081,0.2373,0.1267,11.5843,-0.7544,-0.0000,1.0000,0.0000,0.2414,41907.0
120,2752,6100,0.2932,0.3716,0.4930,0.1830,7.2984,-0.2372,-0.0000,1.0000,0.0000,0.2414,41998.2
120,3072,6120,-0.5199,-1.0494,0.3111,0.3056,8.3918,-0.3661,-0.0000,1.0000,0.0000,0.2414,42090.3
120,3392,6140,0.5111,-0.4877,0.3661,0.5236,6.9946,-0.6079,-0.0000,1.0000,0.0000,0.2415,42176.9
120,3712,6160,0.6550,2.0279,0.5317,0.3462,9.3456,-0.4672,-0.0000,1.0000,0.0000,0.2417,42273.1
120,4032,6180,-0.1629,-0.8406,0.6769,0.1748,6.2242,-0.3761,-0.0000,1.0000,0.0000,0.2416,42363.1
120,4352,6200,0.6524,5.1558,0.2117,0.1706,11.2677,-1.0000,-0.0000,1.0000,0.0000,0.2417,42458.3
120,4672,6220,0.4790,0.3576,0.3805,0.5376,4.9912,0.1512,0.0000,1.0000,0.0000,0.2416,42547.0
120,4992,6240,0.7858,-0.7266,0.2982,0.3280,9.1163,-0.4002,-0.0000,1.0000,0.0000,0.2414,42645.2
121,320,20,0.3901,0.1717,0.6445,0.0461,7.5731,-0.4642,0.0000,1.0000,0.0000,0.2750,147.6
121,640,40,0.0492,-0.4870,0.5227,0.0736,7.4340,-0.3576,-0.0000,1.0000,0.0000,0.2437,278.5
121,960,60,0.3609,0.7508,0.4857,0.0345,8.4735,-0.5352,-0.0000,1.0000,0.0000,0.2406,415.6
121,1280,80,-0.4513,-1.6439,0.3466,0.0371,9.9546,-0.5293,-0.0000,1.0000,0.0000,0.2414,540.9
121,1600,100,0.3306,1.5733,0.3103,0.0671,8.0198,-0.7453,0.0000,1.0000,0.0000,0.2338,657.9
121,1920,120,0.3811,2.5294,0.7748,0.1096,7.0426,-0.7454,-0.0000,1.0000,0.0000,0.2385,792.7
121,2240,140,-0.3480,0.9993,0.5756,0.5920,9.1810,-0.7390,0.0000,1.0000,0.0000,0.2402,924.7
121,2560,160,0.3059,1.6118,0.2652,0.3642,14.6720,-0.7487,0.0000,1.0000,0.0000,0.2367,1050.5
121,2880,180,-0.4880,2.3668,0.5251,0.2126,9.7970,-0.5441,0.0000,1.0000,0.0000,0.2361,1184.5
121,3200,200,-0.4540,0.1586,0.1333,0.6086,6.4838,-0.7783,-0.0000,1.0000,0.0000,0.2359,1313.0
121,3520,220,0.2655,-0.8227,0.7415,0.4016,5.1047,-0.2086,0.0000,1.0000,0.0000,0.2386,1453.3
121,3840,240,0.7011,-2.3187,0.5045,0.5176,8.4758,-0.4671,0.0000,1.0000,0.0000,0.2383,1590.7
121,4160,260,0.0301,-1.2534,0.4354,0.1343,7.9048,-0.4945,0.0000,1.0000,0.0000,0.2370,1717.2
121,4480,280,0.3765,0.0740,0.5791,0.4063,5.4030,-0.6134,0.0000,1.0000,0.0000,0.2366,1842.5
121,4800,300,-0.0120,3.2462,0.1557,0.1588,10.4781,-0.8844,-0.0000,1.0000,0.0000,0.2373,1965.7
122,128,320,-0.2578,0.3806,0.4224,0.2254,9.6818,-0.6223,0.0000,1.0000,0.0000,0.2387,2107.3
122,448,340,-0.3097,0.1705,0.4625,0.4014,6.3222,-0.7395,-0.0000,1.0000,0.0000,0.2388,2241.9
122,768,360,0.6458,-2.0542,0.3748,0.7433,8.8309,-0.6145,-0.0000,1.0000,0.0000,0.2370,2372.0
122,1088,380,-0.2504,-0.9943,0.3689,0.4581,5.2904,-0.3726,0.0000,1.0000,0.0000,0.2372,2530.4
122,1408,400,0.0251,-0.2955,0.5288,0.5675,8.0869,-0.6351,0.0000,1.0000,0.0000,0.2367,2809.5
122,1728,420,-0.1358,-0.0722,0.6769,0.2422,8.4135,-0.0848,0.0000,1.0000,0.0000,0.2368,3021.7
122,2048,440,-0.5419,0.9368,0.7934,0.3608,4.9239,-0.4986,-0.0000,1.0000,0.0000,0.2368,3391.1
122,2368,460,-0.4332,0.6267,0.6195,0.2395,8.3338,-0.6525,0.0000,1.0000,0.0000,0.2367,3712.6
122,2688,480,-0.3770,-0.8804,0.6684,0.6905,7.3766,-0.1819,0.0000,1.0000,0.0000,0.2360,3875.4
122,3008,500,-0.9239,1.0659,0.5110,0.7395,6.9437,-0.3539,0.0000,1.0000,0.0000,0.2371,4044.9
122,3328,520,0.4270,-1.2397,0.3038,0.2996,7.5850,-0.5302,-0.0000,1.0000,0.0000,0.2392,4253.5
122,3648,540,0.6211,-0.0267,0.5165,0.4043,9.4156,-0.6349,-0.0000,1.0000,0.0000,0.2390,4492.5
122,3968,560,0.0775,0.0152,0.7694,0.3911,6.1667,-0.3405,-0.0000,1.0000,0.0000,0.2386,4693.0
122,4288,580,0.2829,0.8034,0.2382,0.2117,10.1052,-0.7581,0.0000,1.0000,0.0000,0.2382,4865.3
122,4608,600,0.5704,-2.7866,0.5226,0.2403,10.3457,-0.4921,0.0000,1.0000,0.0000,0.2381,5043.4
122,4928,620,0.0281,-1.5273,0.3100,0.7806,9.2858,-0.4825,0.0000,1.0000,0.0000,0.2367,5179.9
123,256,640,-0.2572,0.2949,0.1860,0.2154,10.6679,-0.6695,0.0000,1.0000,0.0000,0.2373,5386.1
123,576,660,0.1732,0.3765,0.2384,0.3642,7.6095,-0.6392,0.0000,1.0000,0.0000,0.2368,5787.5
123,896,680,-0.0121,-3.5882,0.3698,0.2497,10.1616,-0.2936,0.0000,1.0000,0.0000,0.2369,6225.3
123,1216,700,0.1032,2.1236,0.6755,0.4646,8.5916,-0.6294,0.0000,1.0000,0.0000,0.2364,6699.1
123,1536,720,0.4842,-0.3485,0.4693,0.2831,8.4200,-0.6144,0.0000,1.0000,0.0000,0.2363,6999.6
123,1856,740,-0.3057,-0.9804,0.3976,0.2654,9.7553,-0.6009,0.0000,1.0000,0.0000,0.2363,7275.4
123,2176,760,-0.2955,-1.5496,0.3741,0.5567,11.2620,-0.3768,-0.0000,1.0000,0.0000,0.2367,7802.9
123,2496,780,0.2134,-1.3741,0.3333,0.2099,9.9140,-0.6064,0.0000,1.0000,0.0000,0.2372,8173.1
123,2816,800,0.7268,0.0408,0.3829,0.7009,10.9150,-0.7328,0.0000,1.0000,0.0000,0.2370,8490.9
123,3136,820,-1.2559,-3.0241,0.2951,0.2180,9.2910,-0.3506,-0.0000,1.0000,0.0000,0.2369,8672.1
123,3456,840,0.1588,2.0490,0.2965,0.2724,13.0327,-0.6758,-0.0000,1.0000,0.0000,0.2376,8891.2
123,3776,860,0.5145,0.5660,0.3190,0.4565,9.6464,-0.5199,0.0000,1.0000,0.0000,0.2378,9110.0
123,4096,880,-0.3151,-0.8212,0.4158,0.2971,9.5971,-0.3908,0.0000,1.0000,0.0000,0.2376,9329.4
123,4416,900,-0.7822,-1.3106,0.3697,0.5761,6.8496,-0.4703,-0.0000,1.0000,0.0000,0.2374,9475.3
123,4736,920,0.2140,1.5876,0.4045,0.1386,10.5023,-0.7628,0.0000,1.0000,0.0000,0.2374,9612.7
124,64,940,-0.6730,-0.8067,0.7252,0.1898,8.4634,-0.1845,0.0000,1.0000,0.0000,0.2385,9829.9
124,384,960,0.2127,0.7094,0.5269,0.3085,7.6559,-0.2937,0.0000,1.0000,0.0000,0.2388,10057.2
124,704,980,0.5050,-1.2227,0.2701,0.4600,10.9850,-0.7219,0.0000,1.0000,0.0000,0.2377,10304.5
124,1024,1000,-0.7094,1.4453,0.6859,0.3106,10.5071,-0.6325,-0.0000,1.0000,0.0000,0.2375,10537.1
124,1344,1020,-0.1488,1.2824,0.6483,0.6685,8.5314,-0.5053,0.0000,1.0000,0.0000,0.2371,10720.7
124,1664,1040,0.0761,-0.1764,0.6241,0.3655,9.6534,-0.2489,0.0000,1.0000,0.0000,0.2369,10925.1
124,1984,1060,0.1190,0.2932,0.3901,0.1867,9.3194,-0.5146,0.0000,1.0000,0.0000,0.2367,11110.4
124,2304,1080,-0.2598,-3.3343,0.4155,0.4273,10.9485,-0.2649,-0.0000,1.0000,0.0000,0.2368,11311.9
124,2624,1100,0.2045,-1.3525,0.2975,0.5748,9.1509,-0.3567,0.0000,1.0000,0.0000,0.2364,11518.3
124,2944,1120,-0.3231,0.0778,0.3318,0.2406,11.5779,-0.5370,-0.0000,1.0000,0.0000,0.2366,11747.2
124,3264,1140,0.5331,3.2257,0.3536,0.1467,10.0836,-0.7287,0.0000,1.0000,0.0000,0.2368,11961.7
124,3584,1160,0.4913,0.2266,0.3538,0.1634,7.9570,-0.5962,0.0000,1.0000,0.0000,0.2370,12167.8
124,3904,1180,0.2479,-0.1527,0.6709,0.3397,6.9297,-0.1961,-0.0000,1.0000,0.0000,0.2368,12373.4
124,4224,1200,0.1330,-2.2833,0.8166,0.4176,7.7234,-0.2592,0.0000,1.0000,0.0000,0.2366,12586.6
124,4544,1220,-0.1650,0.0778,0.3784,0.2334,7.3231,-0.3019,0.0000,1.0000,0.0000,0.2363,12781.3
124,4864,1240,0.4319,0.7165,0.3988,0.2814,8.0954,-0.7605,0.0000,1.0000,0.0000,0.2365,13002.8
125,192,1260,-0.5643,1.0849,0.4486,0.3205,5.8562,-0.6491,0.0000,1.0000,0.0000,0.2379,13262.8
125,512,1280,0.2785,0.2147,0.4379,0.2091,5.7550,-0.7485,0.0000,1.0000,0.0000,0.2379,13478.2
125,832,1300,-0.1735,-0.3991,0.4312,0.3000,8.3873,-0.3494,0.0000,1.0000,0.0000,0.2381,13734.0
125,1152,1320,-0.0301,-3.5013,0.5237,0.2539,9.0862,-0.1521,0.0000,1.0000,0.0000,0.2384,13960.5
125,1472,1340,0.1268,0.8405,0.3886,0.2367,8.6183,-0.5106,0.0000,1.0000,0.0000,0.2385,14159.1
125,1792,1360,0.4846,1.7140,0.2100,0.2558,8.1141,-0.8672,0.0000,1.0000,0.0000,0.2388,14357.9
125,2112,1380,-0.1746,-1.0753,0.7662,0.1601,5.9375,-0.2508,-0.0000,1.0000,0.0000,0.2388,14535.6
125,2432,1400,-0.4168,-4.7482,0.7365,0.4997,14.0298,-0.5016,0.0000,1.0000,0.0000,0.2386,14713.4
125,2752,1420,-0.7126,1.5333,0.7441,0.3757,8.2504,-0.1323,0.0000,1.0000,0.0000,0.2389,14885.0
125,3072,1440,0.0601,-0.7854,0.3642,0.2807,8.7760,-0.4732,-0.0000,1.0000,0.0000,0.2391,15051.8
125,3392,1460,0.9320,0.0270,0.5409,0.1376,6.1890,-0.4725,0.0000,1.0000,0.0000,0.2395,15220.5
125,3712,1480,-0.1317,-0.4420,0.5082,0.1626,9.8208,-0.4969,0.0000,1.0000,0.0000,0.2394,15386.3
125,4032,1500,0.0886,-0.4332,0.2823,0.2732,5.5879,-0.2569,0.0000,1.0000,0.0000,0.2396,15567.9
125,4352,1520,-0.0703,3.4598,0.2663,0.3461,11.4504,-0.8835,-0.0000,1.0000,0.0000,0.2401,15749.8
125,4672,1540,0.6157,0.3336,0.3047,0.4813,4.8567,-0.2305,0.0000,1.0000,0.0000,0.2399,15931.9
125,4992,1560,0.7428,0.1265,0.3661,0.2296,8.6149,-0.6205,-0.0000,1.0000,0.0000,0.2398,16119.1
126,320,1580,-0.6682,0.1491,0.6125,0.3189,5.5549,-0.2171,0.0000,1.0000,0.0000,0.2408,16346.1
126,640,1600,-0.0331,-2.2064,0.7434,0.9884,7.4366,-0.1166,-0.0000,1.0000,0.0000,0.2410,16527.5
126,960,1620,0.1261,0.6630,0.2774,0.2229,8.4468,-0.6204,-0.0000,1.0000,0.0000,0.2409,16684.3
126,1280,1640,0.0012,-1.6835,0.3706,0.2026,8.9821,-0.4070,-0.0000,1.0000,0.0000,0.2411,16846.2
126,1600,1660,0.6011,4.5378,0.2779,0.2412,7.8045,-1.0000,0.0000,1.0000,0.0000,0.2411,16994.1
126,1920,1680,-0.2875,-1.3847,0.6689,0.4635,6.3577,-0.2309,0.0000,1.0000,0.0000,0.2413,17125.9
126,2240,1700,-0.0838,-0.4375,0.3553,0.4780,6.6103,-0.4705,-0.0000,1.0000,0.0000,0.2408,17254.9
126,2560,1720,-0.0753,-3.2299,0.4344,0.2384,13.2360,-0.4893,-0.0000,1.0000,0.0000,0.2407,17387.5
126,2880,1740,-0.4170,0.2511,0.4420,0.1906,9.9537,-0.5178,-0.0000,1.0000,0.0000,0.2409,17499.8
126,3200,1760,0.1326,-0.2316,0.3870,0.3566,8.3094,-0.6424,-0.0000,1.0000,0.0000,0.2407,17609.7
126,3520,1780,0.7292,-0.0395,0.6857,0.2683,4.8123,-0.6317,0.0000,1.0000,0.0000,0.2408,17735.8
126,3840,1800,-0.3315,0.5370,0.3894,0.3904,8.9331,-0.5194,0.0000,1.0000,0.0000,0.2411,17884.9
126,4160,1820,0.7000,1.4458,0.5096,0.1944,8.4811,-0.6375,0.0000,1.0000,0.0000,0.2407,18040.6
126,4480,1840,-0.2319,-0.3790,0.5297,0.5722,5.8563,-0.3921,-0.0000,1.0000,0.0000,0.2408,18193.0
126,4800,1860,0.9870,-0.4891,0.3453,0.4039,10.0548,-0.7814,0.0000,1.0000,0.0000,0.2406,18353.3
127,128,1880,-0.5746,-2.1240,0.4370,0.4336,7.9746,-0.1601,-0.0000,1.0000,0.0000,0.2410,18506.8
127,448,1900,0.2601,0.6419,0.3808,0.2462,4.6615,-0.7503,0.0000,1.0000,0.0000,0.2409,18648.0
127,768,1920,0.3520,-0.2019,0.1385,0.5032,8.3694,-0.7245,0.0000,1.0000,0.0000,0.2404,18778.5
127,1088,1940,-0.3549,-0.1155,0.6450,0.5281,5.5754,-0.6012,0.0000,1.0000,0.0000,0.2403,18907.2
127,1408,1960,-1.1345,-1.6714,0.5124,0.5840,10.6745,-0.6212,0.0000,1.0000,0.0000,0.2404,19035.2
127,1728,1980,1.0327,4.3106,0.4336,0.4452,10.6781,-0.8679,0.0000,1.0000,0.0000,0.2405,19169.1
127,2048,2000,-1.0835,-0.0919,0.4425,0.5878,5.1114,-0.5074,0.0000,1.0000,0.0000,0.2408,19303.2
127,2368,2020,0.9858,0.4130,0.3779,0.3748,7.7637,-0.7559,0.0000,1.0000,0.0000,0.2405,19437.7
127,2688,2040,-0.2079,-0.0270,0.2717,0.6759,7.8187,-0.5024,0.0000,1.0000,0.0000,0.2404,19584.2
127,3008,2060,-0.1376,-0.4921,0.5534,1.1068,6.6423,-0.3497,0.0000,1.0000,0.0000,0.2404,19772.6
127,3328,2080,0.5197,0.6195,0.1104,0.4538,7.2505,-0.7453,0.0000,1.0000,0.0000,0.2405,19915.5
127,3648,2100,-0.0199,0.9280,0.5209,0.4648,9.2226,-0.4119,0.0000,1.0000,0.0000,0.2409,20064.5
127,3968,2120,-0.8551,1.6838,0.6611,0.2460,6.6517,-0.6109,-0.0000,1.0000,0.0000,0.2410,20192.0
127,4288,2140,0.9752,-1.5332,0.4826,0.2855,11.4035,-0.6412,0.0000,1.0000,0.0000,0.2407,20304.9
127,4608,2160,0.0180,0.9506,0.3220,0.2320,10.9037,-0.7402,-0.0000,1.0000,0.0000,0.2410,20426.3
127,4928,2180,0.1832,-3.1036,0.4841,0.5316,10.1101,-0.2391,0.0000,1.0000,0.0000,0.2408,20529.9
128,256,2200,-0.4818,-1.6780,0.2322,0.4032,9.7876,-0.5309,-0.0000,1.0000,0.0000,0.2414,20654.6
128,576,2220,0.5192,0.3810,0.4435,0.2151,7.4940,-0.6311,-0.0000,1.0000,0.0000,0.2412,20771.9
128,896,2240,-0.9418,-1.4443,0.4187,0.3210,11.8908,-0.5183,-0.0000,1.0000,0.0000,0.2412,20880.7
128,1216,2260,0.7497,-0.2595,0.3766,0.2074,10.1119,-0.6341,-0.0000,1.0000,0.0000,0.2407,20979.8
128,1536,2280,0.4358,0.1033,0.5068,0.2821,9.9962,-0.4975,0.0000,1.0000,0.0000,0.2404,21069.1
128,1856,2300,0.0764,-0.2892,0.3801,0.1182,11.2489,-0.2474,-0.0000,1.0000,0.0000,0.2405,21169.3
128,2176,2320,-0.3341,-0.3301,0.4577,0.2102,12.2180,-0.5170,0.0000,1.0000,0.0000,0.2405,21274.4
128,2496,2340,-0.0892,2.1126,0.3738,0.2097,11.0500,-0.6257,0.0000,1.0000,0.0000,0.2405,21367.6
128,2816,2360,0.0686,-2.0629,0.5495,0.5166,10.8669,-0.5021,0.0000,1.0000,0.0000,0.2406,21470.1
128,3136,2380,-0.0713,-0.6897,0.4667,0.1058,8.9593,-0.4671,0.0000,1.0000,0.0000,0.2407,21569.4
128,3456,2400,0.1326,-1.1414,0.2514,0.1180,13.5460,-0.6302,0.0000,1.0000,0.0000,0.2406,21672.3
128,3776,2420,-0.0585,-1.6012,0.6666,0.3005,10.5529,-0.2542,-0.0000,1.0000,0.0000,0.2409,21770.3
128,4096,2440,0.9073,2.5747,0.7179,0.2412,9.0565,-0.4907,0.0000,1.0000,0.0000,0.2407,21867.0
128,4416,2460,-0.4982,0.7278,0.4815,0.3383,6.0250,-0.4970,0.0000,1.0000,0.0000,0.2408,21968.3
128,4736,2480,-0.2857,3.8515,0.3355,0.2331,11.1430,-0.8661,0.0000,1.0000,0.0000,0.2408,22066.2
129,64,2500,-0.5755,-1.8252,0.2952,0.1190,8.2921,0.0055,-0.0000,1.0000,0.0000,0.2411,22178.9
129,384,2520,0.7680,1.0287,0.4931,0.1506,8.5115,-0.6130,-0.0000,1.0000,0.0000,0.2409,22281.5
129,704,2540,-0.3454,0.2731,0.4604,0.1560,11.0419,-0.3805,0.0000,1.0000,0.0000,0.2407,22377.8
129,1024,2560,0.6538,1.5750,0.8708,0.0980,9.6091,-0.6378,0.0000,1.0000,0.0000,0.2407,22479.5
129,1344,2580,0.1474,0.4714,0.6760,0.2076,6.0180,-0.2446,-0.0000,1.0000,0.0000,0.2406,22573.7
129,1664,2600,0.0576,-0.6231,0.4954,0.3598,8.7198,-0.2351,0.0000,1.0000,0.0000,0.2405,22669.1
129,1984,2620,-0.0845,1.8710,0.1655,0.2585,8.1822,-0.7353,0.0000,1.0000,0.0000,0.2405,22776.9
129,2304,2640,0.4823,-5.0114,0.3974,0.3221,10.4037,-0.1301,-0.0000,1.0000,0.0000,0.2405,22874.7
129,2624,2660,0.6898,-0.6607,0.3225,0.1330,9.3297,-0.2667,-0.0000,1.0000,0.0000,0.2402,22975.8
129,2944,2680,0.7304,4.7433,0.3107,0.2393,11.6858,-0.8742,-0.0000,1.0000,0.0000,0.2403,23084.7
129,3264,2700,0.1188,0.3273,0.3493,0.3220,11.2135,-0.6552,-0.0000,1.0000,0.0000,0.2401,23183.9
129,3584,2720,-0.4002,0.0166,0.6403,0.0783,8.2160,-0.4866,0.0000,1.0000,0.0000,0.2403,23282.6
129,3904,2740,1.1761,-1.9566,0.8443,0.3553,7.9452,-0.1013,-0.0000,1.0000,0.0000,0.2402,23384.1
129,4224,2760,-1.0479,-0.7039,0.3011,0.3859,8.1320,-0.1346,-0.0000,1.0000,0.0000,0.2408,23487.3
129,4544,2780,1.5447,0.2254,0.5616,0.3740,9.6496,-0.2764,0.0000,1.0000,0.0000,0.2407,23580.0
129,4864,2800,0.2838,1.2600,0.2348,0.2914,9.5294,-0.8647,0.0000,1.0000,0.0000,0.2403,23676.1
130,192,2820,-1.0522,3.4549,0.2473,0.2134,8.3944,-0.8722,0.0000,1.0000,0.0000,0.2406,23782.3
130,512,2840,0.1437,-1.3878,0.6794,0.2529,7.8846,-0.3915,-0.0000,1.0000,0.0000,0.2405,23893.1
130,832,2860,-0.0329,-1.8370,0.4599,0.2115,10.3321,-0.2461,0.0000,1.0000,0.0000,0.2402,23991.2
130,1152,2880,0.5618,1.7726,0.2795,0.3307,10.2874,-0.8744,0.0000,1.0000,0.0000,0.2401,24093.8
130,1472,2900,-0.0045,0.6764,0.4289,0.1741,10.0796,-0.7601,0.0000,1.0000,0.0000,0.2400,24199.5
130,1792,2920,-0.0476,-2.8939,0.4252,0.1237,8.3512,-0.2364,-0.0000,1.0000,0.0000,0.2399,24293.6
130,2112,2940,-0.3924,0.3207,0.6850,0.1637,6.4313,-0.5181,0.0000,1.0000,0.0000,0.2397,24399.2
130,2432,2960,-0.7272,3.1346,0.4628,0.1864,12.7057,-0.8797,0.0000,1.0000,0.0000,0.2396,24496.9
130,2752,2980,0.4349,0.7560,0.6156,0.3508,7.3137,-0.6190,0.0000,1.0000,0.0000,0.2397,24605.5
130,3072,3000,0.1475,3.1601,0.3413,0.0917,8.2084,-0.8660,0.0000,1.0000,0.0000,0.2395,24710.4
130,3392,3020,0.2733,0.6955,0.6638,0.1815,6.8950,-0.6214,-0.0000,1.0000,0.0000,0.2394,24805.7
130,3712,3040,0.0885,3.1490,0.5959,0.2687,9.2657,-0.5936,-0.0000,1.0000,0.0000,0.2397,24919.0
130,4032,3060,0.3647,-0.4153,0.5167,0.3672,5.5535,-0.4861,0.0000,1.0000,0.0000,0.2398,25020.7
130,4352,3080,-0.2446,1.7602,0.3333,0.3487,11.3340,-0.6341,-0.0000,1.0000,0.0000,0.2401,25122.0
130,4672,3100,0.8532,0.2038,0.4226,0.4446,4.3673,-0.0919,0.0000,1.0000,0.0000,0.2401,25232.6
130,4992,3120,-0.1203,-0.1766,0.4127,0.8019,8.3011,-0.6334,-0.0000,1.0000,0.0000,0.2401,25338.5
131,320,3140,-0.3163,1.4509,0.5580,0.4582,7.7671,-0.5049,0.0000,1.0000,0.0000,0.2403,25453.0
131,640,3160,0.4844,0.4300,0.4418,0.4262,7.4245,-0.4860,0.0000,1.0000,0.0000,0.2403,25553.7
131,960,3180,-0.4361,-0.5576,0.1958,0.2189,9.2487,-0.6221,-0.0000,1.0000,0.0000,0.2403,25656.3
131,1280,3200,0.4563,0.3308,0.3131,0.2947,8.5573,-0.7736,0.0000,1.0000,0.0000,0.2400,25755.6
131,1600,3220,-0.2490,-1.6855,0.4984,0.4582,8.6870,-0.4695,-0.0000,1.0000,0.0000,0.2399,25857.0
131,1920,3240,-0.6156,-2.8907,0.5595,0.4747,8.1966,-0.3403,0.0000,1.0000,0.0000,0.2399,25958.2
131,2240,3260,-0.1455,1.0458,0.3178,0.4572,7.2778,-0.5977,-0.0000,1.0000,0.0000,0.2398,26055.4
131,2560,3280,-0.4107,-0.1096,0.3357,0.2591,13.3148,-0.4341,0.0000,1.0000,0.0000,0.2398,26158.6
131,2880,3300,0.1221,0.3628,0.4608,0.2465,9.8578,-0.5014,-0.0000,1.0000,0.0000,0.2399,26258.2
131,3200,3320,-0.7938,-1.7745,0.3948,0.3839,10.3308,-0.6572,-0.0000,1.0000,0.0000,0.2400,26360.9
131,3520,3340,0.4904,-0.6517,0.3828,0.2446,5.6539,-0.2431,-0.0000,1.0000,0.0000,0.2402,26464.6
131,3840,3360,-0.4183,0.2311,0.3371,0.4456,9.4538,-0.6246,-0.0000,1.0000,0.0000,0.2401,26572.7
131,4160,3380,0.9241,-2.8303,0.6733,0.3319,9.0312,-0.2181,0.0000,1.0000,0.0000,0.2401,26682.2
131,4480,3400,-1.0490,0.6690,0.6833,0.5314,6.6070,-0.7248,0.0000,1.0000,0.0000,0.2402,26785.7
131,4800,3420,1.2167,1.2254,0.3142,0.3652,11.4455,-0.7689,-0.0000,1.0000,0.0000,0.2400,26888.4
132,128,3440,-0.4768,1.5038,0.4633,0.2049,9.9119,-0.6542,-0.0000,1.0000,0.0000,0.2404,27017.9
132,448,3460,-0.0338,-0.4561,0.5476,0.2415,6.1421,-0.3708,0.0000,1.0000,0.0000,0.2405,27143.7
132,768,3480,0.5711,0.1484,0.2930,0.4753,10.1763,-0.6071,0.0000,1.0000,0.0000,0.2404,27264.4
132,1088,3500,-0.2657,0.3237,0.5883,0.5180,6.9608,-0.4791,0.0000,1.0000,0.0000,0.2404,27376.1
132,1408,3520,-0.3659,0.6992,0.4058,0.6098,11.0018,-0.6552,-0.0000,1.0000,0.0000,0.2404,27490.2
132,1728,3540,-0.0748,2.6184,0.5422,0.3706,9.4970,-0.6193,0.0000,1.0000,0.0000,0.2403,27600.4
132,2048,3560,0.4431,-0.3906,0.4095,0.6481,3.9083,-0.3633,0.0000,1.0000,0.0000,0.2404,27713.5
132,2368,3580,0.5950,0.1794,0.5382,0.5551,7.5607,-0.5072,0.0000,1.0000,0.0000,0.2405,27817.2
132,2688,3600,0.0337,-0.6374,0.2766,0.3955,7.9865,-0.3780,0.0000,1.0000,0.0000,0.2407,27930.9
132,3008,3620,0.3437,0.3774,0.5115,0.5464,8.5621,-0.5994,-0.0000,1.0000,0.0000,0.2407,28036.5
132,3328,3640,-0.0597,0.0653,0.3965,0.5257,8.8446,-0.7644,0.0000,1.0000,0.0000,0.2406,28129.7
132,3648,3660,-0.0452,-0.2951,0.4170,0.2045,11.5991,-0.5403,-0.0000,1.0000,0.0000,0.2406,28225.7
132,3968,3680,-0.2423,0.6649,0.7366,0.4618,7.2500,-0.6091,0.0000,1.0000,0.0000,0.2405,28318.4
132,4288,3700,-0.1867,0.2877,0.2146,0.2089,11.4990,-0.7841,0.0000,1.0000,0.0000,0.2406,28422.0
132,4608,3720,0.3901,4.7208,0.0897,0.7412,12.2759,-1.0000,-0.0000,1.0000,0.0000,0.2407,28527.8
132,4928,3740,0.0426,1.6562,0.4527,1.0322,11.1978,-0.5369,0.0000,1.0000,0.0000,0.2406,28634.0
133,256,3760,-0.5144,-1.5118,0.3557,0.3339,13.1162,-0.6483,0.0000,1.0000,0.0000,0.2408,28755.8
133,576,3780,1.0180,0.3372,0.3515,0.3791,9.4958,-0.6382,0.0000,1.0000,0.0000,0.2405,28865.9
133,896,3800,0.4469,-0.1654,0.3514,0.1580,11.0089,-0.5429,0.0000,1.0000,0.0000,0.2403,28978.7
133,1216,3820,-0.2073,-2.1966,0.2659,0.2883,9.1826,-0.5011,0.0000,1.0000,0.0000,0.2403,29106.1
133,1536,3840,0.6982,2.2922,0.6024,0.1174,9.6078,-0.8797,0.0000,1.0000,0.0000,0.2401,29217.1
133,1856,3860,-0.4391,0.3133,0.5434,0.2020,11.1922,-0.3734,-0.0000,1.0000,0.0000,0.2401,29326.1
133,2176,3880,-1.4320,-0.3910,0.4593,0.4831,10.9266,-0.6120,-0.0000,1.0000,0.0000,0.2402,29433.7
133,2496,3900,0.7832,0.2370,0.3055,0.1686,9.4654,-0.7477,0.0000,1.0000,0.0000,0.2401,29535.5
133,2816,3920,-0.4218,0.5484,0.3549,0.1749,10.3390,-0.6222,0.0000,1.0000,0.0000,0.2400,29642.9
133,3136,3940,-0.3340,2.2552,0.4688,0.5870,8.8104,-0.5334,-0.0000,1.0000,0.0000,0.2399,29744.5
133,3456,3960,0.4800,4.3863,0.2593,0.1540,13.0096,-0.8966,0.0000,1.0000,0.0000,0.2397,29845.6
133,3776,3980,-0.3106,-0.5704,0.4179,0.4375,9.6925,-0.3916,0.0000,1.0000,0.0000,0.2399,29950.6
133,4096,4000,0.3638,-1.6858,0.4223,0.0580,9.7547,-0.2457,-0.0000,1.0000,0.0000,0.2399,30051.8
133,4416,4020,0.4310,-1.1761,0.4578,0.2321,6.6011,-0.2561,-0.0000,1.0000,0.0000,0.2398,30156.4
133,4736,4040,-0.3723,2.4478,0.1954,0.5017,11.8338,-0.8818,0.0000,1.0000,0.0000,0.2397,30252.6
134,64,4060,-0.8981,-2.6166,0.8240,0.3093,7.9133,0.0769,-0.0000,1.0000,0.0000,0.2400,30371.2
134,384,4080,0.8439,-2.0740,0.6721,0.2768,8.4943,-0.1342,-0.0000,1.0000,0.0000,0.2399,30483.8
134,704,4100,-0.8790,-1.1317,0.1733,0.1351,9.9777,-0.5916,-0.0000,1.0000,0.0000,0.2399,30600.3
134,1024,4120,0.0558,0.2440,0.3259,0.1019,10.1722,-0.5111,-0.0000,1.0000,0.0000,0.2399,30717.9
134,1344,4140,-0.5178,0.6203,0.3967,0.5522,8.0534,-0.7350,-0.0000,1.0000,0.0000,0.2397,30839.3
134,1664,4160,-0.1988,-2.8221,0.4293,0.4542,10.1613,-0.2260,-0.0000,1.0000,0.0000,0.2396,30952.4
134,1984,4180,0.9211,2.4340,0.2251,0.1828,10.6985,-0.6207,0.0000,1.0000,0.0000,0.2395,31057.4
134,2304,4200,0.0458,0.5948,0.4151,0.3009,11.9456,-0.6124,0.0000,1.0000,0.0000,0.2395,31159.7
134,2624,4220,-0.0383,-0.1028,0.5990,0.5089,11.2480,-0.6073,0.0000,1.0000,0.0000,0.2393,31267.6
134,2944,4240,0.3731,-0.5764,0.3032,0.1951,12.0580,-0.6123,-0.0000,1.0000,0.0000,0.2393,31376.2
134,3264,4260,-0.1639,-2.4683,0.7228,0.3441,11.0930,-0.5066,-0.0000,1.0000,0.0000,0.2393,31485.0
134,3584,4280,-0.0232,0.7737,0.4640,0.1079,8.3916,-0.3574,0.0000,1.0000,0.0000,0.2393,31580.9
134,3904,4300,0.0896,0.1376,0.8089,0.1754,7.6866,-0.2226,-0.0000,1.0000,0.0000,0.2393,31682.1
134,4224,4320,-0.0924,-0.8803,0.7177,0.2981,8.6466,-0.0167,-0.0000,1.0000,0.0000,0.2395,31782.8
134,4544,4340,-0.3943,-1.5955,0.5357,0.2850,9.5374,0.0652,0.0000,1.0000,0.0000,0.2397,31882.5
134,4864,4360,0.2427,-1.4292,0.6153,0.2356,9.7578,-0.5081,-0.0000,1.0000,0.0000,0.2394,31986.3
135,192,4380,-0.3469,3.6139,0.5578,0.3244,7.8515,-0.8881,0.0000,1.0000,0.0000,0.2397,32106.1
135,512,4400,0.5310,1.6365,0.3718,0.4506,7.3097,-0.6476,-0.0000,1.0000,0.0000,0.2396,32218.1
135,832,4420,-0.1788,-1.2182,0.3283,0.1481,10.9183,-0.2573,-0.0000,1.0000,0.0000,0.2396,32341.4
135,1152,4440,0.6489,0.0806,0.2418,0.1920,9.7706,-0.7391,0.0000,1.0000,0.0000,0.2396,32478.8
135,1472,4460,-0.6380,0.2053,0.9113,0.1680,9.1890,-0.2444,-0.0000,1.0000,0.0000,0.2396,32619.8
135,1792,4480,-0.7379,-1.5729,0.3640,0.2553,9.1463,-0.3568,0.0000,1.0000,0.0000,0.2398,32770.0
135,2112,4500,-0.0454,-1.3642,0.2558,0.2733,7.5874,-0.5212,0.0000,1.0000,0.0000,0.2399,32933.3
135,2432,4520,0.5332,-1.3556,0.2221,0.1670,13.1885,-0.8633,0.0000,1.0000,0.0000,0.2397,33976.8
135,2752,4540,0.0991,2.0364,0.9441,0.2527,7.3955,-0.4994,0.0000,1.0000,0.0000,0.2398,34112.3
135,3072,4560,-0.1251,0.5655,0.3822,0.2708,8.3149,-0.7349,0.0000,1.0000,0.0000,0.2399,34239.9
135,3392,4580,-0.0904,1.1224,0.2000,0.3368,7.0870,-0.7382,-0.0000,1.0000,0.0000,0.2399,34349.8
135,3712,4600,-0.4650,0.4929,0.4264,0.2659,10.6883,-0.4729,0.0000,1.0000,0.0000,0.2399,34443.8
135,4032,4620,-0.0761,0.0682,0.5506,0.1870,7.4504,-0.5053,0.0000,1.0000,0.0000,0.2399,34533.7
135,4352,4640,-0.4547,5.6779,0.1609,0.1509,12.3153,-1.0000,-0.0000,1.0000,0.0000,0.2400,34622.1
135,4672,4660,0.3820,-0.0110,0.5161,0.3739,5.4374,-0.0801,-0.0000,1.0000,0.0000,0.2398,34721.8
135,4992,4680,-0.1685,-0.6550,0.4832,0.2303,9.3607,-0.3774,0.0000,1.0000,0.0000,0.2398,34819.1
136,320,4700,0.4825,-1.0142,0.6506,0.4847,5.2436,-0.3269,0.0000,1.0000,0.0000,0.2401,34931.3
136,640,4720,0.0390,0.1296,0.7098,0.3734,6.7403,-0.4714,0.0000,1.0000,0.0000,0.2400,35039.9
136,960,4740,0.3481,-2.0195,0.6636,0.2540,8.8857,-0.3983,0.0000,1.0000,0.0000,0.2399,35139.8
136,1280,4760,-0.5363,0.8281,0.4150,0.2890,10.4356,-0.6489,0.0000,1.0000,0.0000,0.2398,35238.3
136,1600,4780,0.8093,2.6713,0.4016,0.3772,8.5025,-0.8844,0.0000,1.0000,0.0000,0.2398,35338.1
136,1920,4800,0.6188,-4.6290,0.7377,0.1757,7.0541,-0.1030,-0.0000,1.0000,0.0000,0.2397,35440.8
136,2240,4820,-0.6693,-1.6109,0.3690,0.3717,6.7210,-0.3583,0.0000,1.0000,0.0000,0.2397,35543.3
136,2560,4840,0.0028,0.5964,0.2585,0.2111,12.4146,-0.6260,-0.0000,1.0000,0.0000,0.2397,35652.3
136,2880,4860,-0.0112,0.4529,0.2640,0.3000,8.9098,-0.4990,0.0000,1.0000,0.0000,0.2399,35772.2
136,3200,4880,-0.3290,-0.6182,0.2220,0.3588,9.3222,-0.7589,-0.0000,1.0000,0.0000,0.2399,35875.7
136,3520,4900,-0.5420,-0.0138,0.3920,0.8631,5.6064,-0.4703,0.0000,1.0000,0.0000,0.2400,35972.0
136,3840,4920,0.0947,0.2030,0.4135,0.5032,9.3875,-0.4992,0.0000,1.0000,0.0000,0.2400,36066.1
136,4160,4940,0.8854,2.7708,0.3711,0.4134,9.2663,-0.7512,-0.0000,1.0000,0.0000,0.2400,36169.4
136,4480,4960,-1.6640,-1.3900,0.8429,1.0819,6.1426,-0.2459,-0.0000,1.0000,0.0000,0.2402,36266.8
136,4800,4980,0.5389,2.6232,0.3588,0.2983,10.6900,-0.8782,-0.0000,1.0000,0.0000,0.2402,36384.1
137,128,5000,0.3347,1.2098,0.4376,0.2521,9.0737,-0.5341,0.0000,1.0000,0.0000,0.2404,36541.9
137,448,5020,-0.2183,-0.5836,0.6312,0.5509,6.5333,-0.5034,0.0000,1.0000,0.0000,0.2404,36663.3
137,768,5040,0.8075,-0.9874,0.5644,0.2729,10.1005,-0.3645,-0.0000,1.0000,0.0000,0.2403,36780.9
137,1088,5060,0.4344,0.3904,0.3661,0.5886,6.9522,-0.7313,-0.0000,1.0000,0.0000,0.2402,36884.5
137,1408,5080,0.1143,2.5885,0.2126,0.3066,11.4389,-0.8873,-0.0000,1.0000,0.0000,0.2403,36993.5
137,1728,5100,-0.4382,-0.9141,0.5296,0.4437,8.4467,-0.4872,0.0000,1.0000,0.0000,0.2404,37102.5
137,2048,5120,-0.2955,-0.5581,0.6374,0.2515,4.4996,-0.5050,0.0000,1.0000,0.0000,0.2404,37225.2
137,2368,5140,-0.0024,-1.4659,0.6609,0.9109,8.9158,-0.4975,-0.0000,1.0000,0.0000,0.2404,37330.8
137,2688,5160,0.0575,-1.1477,0.2761,0.9383,7.4058,-0.5888,0.0000,1.0000,0.0000,0.2403,37432.6
137,3008,5180,-0.1878,-0.3352,0.3579,0.5309,6.9577,-0.4873,-0.0000,1.0000,0.0000,0.2403,37542.2
137,3328,5200,0.0579,0.6964,0.3868,0.3569,7.9785,-0.7823,-0.0000,1.0000,0.0000,0.2404,37649.6
137,3648,5220,1.0140,-1.6063,0.6637,0.3442,9.3731,-0.3043,0.0000,1.0000,0.0000,0.2404,37754.2
137,3968,5240,-0.1233,0.1185,0.5862,0.7129,5.6387,-0.4664,0.0000,1.0000,0.0000,0.2404,37858.4
137,4288,5260,0.0875,-1.8218,0.6186,0.3961,10.7892,-0.5382,0.0000,1.0000,0.0000,0.2403,37961.5
137,4608,5280,-0.3853,-2.3315,0.2432,0.2340,10.2224,-0.5082,0.0000,1.0000,0.0000,0.2403,38069.0
137,4928,5300,0.6119,-0.7822,0.2372,0.3778,8.8401,-0.2667,0.0000,1.0000,0.0000,0.2403,38170.9
138,256,5320,-0.1752,0.0371,0.4634,0.2006,9.8006,-0.5460,0.0000,1.0000,0.0000,0.2405,38284.6
138,576,5340,0.1380,0.2355,0.2547,0.4078,7.6559,-0.7452,-0.0000,1.0000,0.0000,0.2405,38393.3
138,896,5360,0.4172,2.8776,0.4223,0.6255,11.5326,-0.8834,-0.0000,1.0000,0.0000,0.2404,38494.3
138,1216,5380,-0.5200,1.7355,0.4107,0.3668,9.2509,-0.6298,-0.0000,1.0000,0.0000,0.2404,38599.8
138,1536,5400,0.9900,-1.3309,0.4066,0.3768,9.7003,-0.6040,-0.0000,1.0000,0.0000,0.2404,38708.3
138,1856,5420,0.2185,-0.5529,0.3028,0.2964,9.6784,-0.4660,-0.0000,1.0000,0.0000,0.2404,38807.4
138,2176,5440,-0.2609,-1.0118,0.1214,0.3443,9.1117,-0.7377,-0.0000,1.0000,0.0000,0.2405,38922.1
138,2496,5460,0.3989,-1.5639,0.3628,0.3011,8.1011,-0.6216,0.0000,1.0000,0.0000,0.2404,39025.0
138,2816,5480,-0.1285,-1.5515,0.5182,0.4146,9.5505,-0.5187,0.0000,1.0000,0.0000,0.2404,39130.7
138,3136,5500,-0.7653,0.9732,0.1546,0.2382,8.9596,-0.7449,0.0000,1.0000,0.0000,0.2405,39244.3
138,3456,5520,0.3925,2.4734,0.5254,0.1851,11.6929,-0.4453,-0.0000,1.0000,0.0000,0.2406,39361.9
138,3776,5540,-0.2499,1.4325,0.1606,0.2503,8.7504,-0.7409,0.0000,1.0000,0.0000,0.2407,39472.9
138,4096,5560,0.3859,2.3636,0.9138,0.2450,9.0587,-0.5490,0.0000,1.0000,0.0000,0.2406,39583.6
138,4416,5580,-0.5124,0.2513,0.3380,0.3986,5.2375,-0.4832,0.0000,1.0000,0.0000,0.2407,39692.7
138,4736,5600,0.1635,-0.4050,0.2816,0.4491,9.5752,-0.7794,-0.0000,1.0000,0.0000,0.2407,39807.9
139,64,5620,-0.4278,-0.8481,0.4489,0.4949,7.6467,-0.2651,-0.0000,1.0000,0.0000,0.2409,39940.9
139,384,5640,-0.0901,-0.5963,0.4359,0.2785,7.8141,-0.3601,0.0000,1.0000,0.0000,0.2408,40076.5
139,704,5660,0.1149,-1.5497,0.0732,0.3382,9.9197,-0.3544,0.0000,1.0000,0.0000,0.2409,40207.1
139,1024,5680,-0.4023,0.5076,0.3625,0.3311,9.8658,-0.7600,0.0000,1.0000,0.0000,0.2409,40339.8
139,1344,5700,0.2897,0.6415,0.4998,0.3623,7.4408,-0.6167,-0.0000,1.0000,0.0000,0.2408,40469.7
139,1664,5720,-0.4740,1.4839,0.3804,0.2987,8.7354,-0.5923,0.0000,1.0000,0.0000,0.2409,40613.1
139,1984,5740,0.0343,-0.4177,0.2702,0.4160,8.6888,-0.6049,0.0000,1.0000,0.0000,0.2408,40778.6
139,2304,5760,0.5133,0.3453,0.4664,0.2771,10.8162,-0.5204,0.0000,1.0000,0.0000,0.2408,40933.8
139,2624,5780,-0.6280,-0.8584,0.5108,0.3648,7.8294,-0.2626,-0.0000,1.0000,0.0000,0.2406,41077.9
139,2944,5800,-0.0205,-2.4905,0.2051,0.2599,10.0974,-0.6293,0.0000,1.0000,0.0000,0.2405,41237.0
139,3264,5820,-0.3140,2.4098,0.6313,0.2630,9.4909,-0.7607,-0.0000,1.0000,0.0000,0.2406,41385.7
139,3584,5840,0.1894,-2.4877,0.4056,0.2243,8.1212,-0.2434,0.0000,1.0000,0.0000,0.2407,41543.0
139,3904,5860,0.6325,-2.7044,0.9631,0.3644,8.2061,0.0280,0.0000,1.0000,0.0000,0.2407,41707.0
139,4224,5880,0.4857,-2.9142,0.6069,0.5730,9.5412,-0.1021,-0.0000,1.0000,0.0000,0.2406,41853.7
139,4544,5900,0.4987,0.5807,0.4502,0.2421,8.3013,-0.3199,-0.0000,1.0000,0.0000,0.2406,41994.0
139,4864,5920,0.5768,-0.5352,0.3128,0.2249,8.2300,-0.6262,-0.0000,1.0000,0.0000,0.2405,42153.4
140,192,5940,0.0971,1.4772,0.5583,0.3687,6.4873,-0.6735,0.0000,1.0000,0.0000,0.2407,42327.8
140,512,5960,0.6794,0.3294,0.4719,0.4680,7.0400,-0.5352,-0.0000,1.0000,0.0000,0.2405,42487.0
140,832,5980,-0.6362,-1.0468,0.2481,0.3112,9.6313,-0.7449,0.0000,1.0000,0.0000,0.2405,42645.4
140,1152,6000,-1.0400,-0.7300,0.3316,0.1597,9.0662,-0.5384,0.0000,1.0000,0.0000,0.2405,42798.3
140,1472,6020,0.2257,0.7862,0.5526,0.2949,9.5426,-0.6326,0.0000,1.0000,0.0000,0.2405,42960.1
140,1792,6040,0.0482,0.8026,0.3615,0.4939,8.2963,-0.5987,0.0000,1.0000,0.0000,0.2406,43125.7
140,2112,6060,0.1794,-1.6455,0.7437,0.2756,5.0934,-0.2325,0.0000,1.0000,0.0000,0.2405,43285.8
140,2432,6080,0.4270,0.0697,0.2492,0.4507,9.2348,-0.6403,0.0000,1.0000,0.0000,0.2406,43440.3
140,2752,6100,0.4595,1.1721,1.1979,0.2960,6.0498,-0.5247,0.0000,1.0000,0.0000,0.2406,43609.3
140,3072,6120,0.0556,-1.3564,0.5658,0.3293,7.9101,-0.6069,0.0000,1.0000,0.0000,0.2406,43763.4
140,3392,6140,-1.1137,-0.8036,0.5433,0.1775,6.3594,-0.3534,-0.0000,1.0000,0.0000,0.2408,43915.7
140,3712,6160,0.3806,-2.4049,0.3128,0.1349,10.4947,-0.3453,0.0000,1.0000,0.0000,0.2409,44066.3
140,4032,6180,-0.6617,-0.4969,0.4254,0.3441,6.1721,-0.6033,-0.0000,1.0000,0.0000,0.2409,44195.5
140,4352,6200,0.6134,0.5371,0.3922,0.1446,11.4522,-0.6261,-0.0000,1.0000,0.0000,0.2409,44330.3
140,4672,6220,-0.2812,0.9689,0.9022,0.0967,4.7316,-0.1353,0.0000,1.0000,0.0000,0.2410,44467.1
140,4992,6240,-0.1151,0.7640,0.4449,0.1833,8.4714,-0.4793,-0.0000,1.0000,0.0000,0.2409,44599.4
141,320,6260,-0.4625,1.0703,0.6208,0.2023,7.7157,-0.6032,-0.0000,1.0000,0.0000,0.2411,44751.4
141,640,6280,-0.0382,0.2042,0.3569,0.3764,8.0784,-0.5854,-0.0000,1.0000,0.0000,0.2410,44888.0
141,960,6300,-0.8476,-3.0965,0.4242,0.1932,8.8250,-0.3641,0.0000,1.0000,0.0000,0.2410,45030.4
141,1280,6320,0.3536,-1.0217,0.3492,0.1495,9.0892,-0.6185,-0.0000,1.0000,0.0000,0.2411,45181.9
141,1600,6340,0.6447,-1.6076,0.6190,0.4480,8.2457,-0.5002,0.0000,1.0000,0.0000,0.2409,45327.9
141,1920,6360,-0.7267,-0.4181,0.8178,0.3440,7.1731,-0.2699,0.0000,1.0000,0.0000,0.2410,45472.4
141,2240,6380,-0.1297,2.1139,0.6709,0.3706,5.5955,-0.7373,0.0000,1.0000,0.0000,0.2410,45612.9
141,2560,6400,0.3123,-4.4270,0.2984,0.2425,11.3906,-0.2534,0.0000,1.0000,0.0000,0.2410,45755.1
141,2880,6420,0.1247,-2.4053,0.4387,0.1970,9.6645,-0.3965,-0.0000,1.0000,0.0000,0.2410,45899.7
141,3200,6440,-0.7866,-0.6368,0.4057,0.6219,9.0404,-0.6463,0.0000,1.0000,0.0000,0.2410,46033.2
141,3520,6460,-0.0509,-0.6618,0.4548,0.5143,4.5690,-0.3570,-0.0000,1.0000,0.0000,0.2411,46171.8
141,3840,6480,0.4265,-0.3207,0.5067,0.4636,8.3606,-0.3793,-0.0000,1.0000,0.0000,0.2411,46300.4
141,4160,6500,0.0410,-1.2690,0.5008,0.4069,8.0437,-0.0943,0.0000,1.0000,0.0000,0.2412,46428.3
141,4480,6520,0.0114,0.9074,0.5885,0.4542,4.3965,-0.4737,-0.0000,1.0000,0.0000,0.2411,46553.2
141,4800,6540,0.1202,-0.5641,0.3432,0.3460,9.6039,-0.6418,0.0000,1.0000,0.0000,0.2412,46705.1
142,128,6560,0.6505,-1.3770,0.3904,0.4747,9.5115,-0.6239,-0.0000,1.0000,0.0000,0.2413,46853.0
142,448,6580,-0.6687,0.5830,0.7943,0.2541,6.7438,0.0997,0.0000,1.0000,0.0000,0.2414,46988.5
142,768,6600,-0.0638,-1.4603,0.4135,0.5834,10.6722,-0.4014,0.0000,1.0000,0.0000,0.2413,47116.6
142,1088,6620,0.1663,-1.4618,0.6814,0.7857,6.5286,-0.1130,0.0000,1.0000,0.0000,0.2412,47252.2
142,1408,6640,0.2742,1.4041,0.6301,0.1649,8.9368,-0.7675,-0.0000,1.0000,0.0000,0.2412,47401.3
142,1728,6660,0.1876,0.7539,0.7536,0.2695,7.9754,-0.5304,-0.0000,1.0000,0.0000,0.2413,47541.3
142,2048,6680,0.0444,-0.0519,0.6851,0.2879,5.0822,-0.4666,0.0000,1.0000,0.0000,0.2413,47669.4
142,2368,6700,-0.4840,1.1310,0.7172,0.2214,8.8539,-0.5141,-0.0000,1.0000,0.0000,0.2413,47801.8
142,2688,6720,0.2170,-1.9627,0.5264,0.4271,9.3793,-0.3825,-0.0000,1.0000,0.0000,0.2413,47940.1
142,3008,6740,0.7071,0.1762,0.4781,0.5295,8.1087,-0.6162,-0.0000,1.0000,0.0000,0.2413,48077.5
142,3328,6760,-0.6449,1.0049,0.4299,0.2765,8.3996,-0.6565,0.0000,1.0000,0.0000,0.2412,48203.7
142,3648,6780,1.3618,-0.1257,0.4904,0.2466,10.5244,-0.2362,0.0000,1.0000,0.0000,0.2412,48334.5
142,3968,6800,-0.7414,0.6314,0.6407,0.1640,6.4454,-0.3293,-0.0000,1.0000,0.0000,0.2412,48468.8
142,4288,6820,-0.0773,-1.3988,0.3021,0.1504,11.8138,-0.7587,-0.0000,1.0000,0.0000,0.2412,48616.1
142,4608,6840,-0.1193,0.7375,0.2176,0.3796,11.4740,-0.7334,0.0000,1.0000,0.0000,0.2412,48746.9
142,4928,6860,0.4331,0.9864,0.4466,0.1361,9.9575,-0.4997,0.0000,1.0000,0.0000,0.2411,48879.3
143,256,6880,0.3104,-3.0439,0.5461,0.1142,11.2815,-0.5029,0.0000,1.0000,0.0000,0.2413,49023.7
143,576,6900,-0.4637,0.6561,0.4471,0.1366,8.5721,-0.6483,-0.0000,1.0000,0.0000,0.2412,49161.8
143,896,6920,0.0003,-0.2742,0.5426,0.1210,10.9248,-0.6192,0.0000,1.0000,0.0000,0.2411,49294.2
143,1216,6940,-0.8763,0.8393,0.4946,0.2692,8.4320,-0.5090,0.0000,1.0000,0.0000,0.2411,49435.1
143,1536,6960,0.5420,-3.0678,0.6759,0.4097,9.8616,-0.2600,-0.0000,1.0000,0.0000,0.2411,49573.7
143,1856,6980,-0.1808,-1.2813,0.4598,0.3295,9.6332,-0.4803,0.0000,1.0000,0.0000,0.2411,49710.5
143,2176,7000,0.1324,-1.8808,0.2875,0.3032,10.4421,-0.4962,-0.0000,1.0000,0.0000,0.2411,49848.7
143,2496,7020,0.6297,-0.0369,0.3035,0.3037,9.0618,-0.6193,-0.0000,1.0000,0.0000,0.2410,49980.3
143,2816,7040,-0.6211,-2.5046,0.4195,0.4549,9.1901,-0.3546,-0.0000,1.0000,0.0000,0.2410,50122.4
143,3136,7060,0.2830,1.4712,0.3320,0.3983,8.2990,-0.7224,0.0000,1.0000,0.0000,0.2411,50267.1
143,3456,7080,0.1877,1.9266,0.1855,0.4023,12.3525,-0.8616,-0.0000,1.0000,0.0000,0.2412,50418.2
143,3776,7100,0.3083,-0.5731,0.1612,0.3116,9.9156,-0.5238,0.0000,1.0000,0.0000,0.2413,50557.9
143,4096,7120,0.0213,1.1757,0.7014,0.2360,9.1684,-0.4022,-0.0000,1.0000,0.0000,0.2413,50685.1
143,4416,7140,0.9028,0.5086,0.4253,0.3669,6.3800,-0.5246,0.0000,1.0000,0.0000,0.2412,50816.8
143,4736,7160,0.0628,1.7797,0.1700,0.1799,10.3075,-0.8641,-0.0000,1.0000,0.0000,0.2413,50956.7
144,64,7180,-0.5305,-0.1327,0.6676,0.2603,6.8683,-0.2641,-0.0000,1.0000,0.0000,0.2415,51103.5
144,384,7200,0.5829,0.8702,0.5003,0.4934,7.9648,-0.5217,0.0000,1.0000,0.0000,0.2415,51235.1
144,704,7220,0.2724,-2.1672,0.1576,0.2093,10.5334,-0.3615,-0.0000,1.0000,0.0000,0.2415,51372.7
144,1024,7240,-0.4629,-0.4433,0.2709,0.3437,10.5903,-0.7570,0.0000,1.0000,0.0000,0.2414,51503.4
144,1344,7260,-0.4535,0.1853,0.5305,0.4687,8.2681,-0.3643,0.0000,1.0000,0.0000,0.2413,51646.8
144,1664,7280,0.9953,-0.7062,0.5700,0.2560,9.2929,-0.3386,-0.0000,1.0000,0.0000,0.2413,51772.3
144,1984,7300,0.0044,-2.3167,0.4033,0.2821,9.9940,-0.3634,0.0000,1.0000,0.0000,0.2412,51911.0
144,2304,7320,0.0411,1.8320,0.4718,0.1683,11.0573,-0.4885,0.0000,1.0000,0.0000,0.2411,52037.8
144,2624,7340,0.3643,-0.4699,0.4707,0.2208,8.7089,-0.3696,-0.0000,1.0000,0.0000,0.2410,52180.3
144,2944,7360,-0.1186,-0.8001,0.1470,0.3458,9.1612,-0.6177,-0.0000,1.0000,0.0000,0.2410,52320.9
144,3264,7380,-0.0129,-2.8018,0.7414,0.4679,9.7309,-0.2687,0.0000,1.0000,0.0000,0.2410,52447.9
144,3584,7400,0.4181,-0.2771,0.4749,0.5887,8.0006,-0.5040,-0.0000,1.0000,0.0000,0.2411,52585.0
144,3904,7420,0.1384,-1.6621,0.6460,0.5589,6.6080,-0.3198,0.0000,1.0000,0.0000,0.2410,52719.8
144,4224,7440,0.2544,0.6417,0.4908,0.4737,7.7662,-0.2698,0.0000,1.0000,0.0000,0.2411,52852.5
144,4544,7460,0.2973,-0.4072,0.6981,0.4042,8.6319,-0.3033,-0.0000,1.0000,0.0000,0.2411,52994.5
144,4864,7480,0.6689,-0.1945,0.4763,0.2490,9.0624,-0.7338,0.0000,1.0000,0.0000,0.2412,53140.2
145,192,7500,0.4921,2.3083,0.4832,0.5083,8.3854,-0.7519,-0.0000,1.0000,0.0000,0.2412,53280.7
145,512,7520,-0.3506,-0.4698,0.3503,0.6687,8.7491,-0.7472,0.0000,1.0000,0.0000,0.2412,53417.7
145,832,7540,-0.6549,0.6975,0.5753,0.5474,11.1699,-0.6142,-0.0000,1.0000,0.0000,0.2411,53540.7
145,1152,7560,0.0761,-1.2529,0.6128,0.2636,10.2086,-0.2869,-0.0000,1.0000,0.0000,0.2411,53678.8
145,1472,7580,-0.0149,0.3112,0.3216,0.2843,9.0219,-0.7481,-0.0000,1.0000,0.0000,0.2411,53814.8
145,1792,7600,-0.1923,-1.3916,0.4896,0.2887,8.6724,-0.3518,-0.0000,1.0000,0.0000,0.2411,53961.9
145,2112,7620,-0.3159,-0.9919,0.6486,0.6464,7.3751,-0.4965,0.0000,1.0000,0.0000,0.2410,54089.2
145,2432,7640,0.8104,3.6541,0.3053,0.3270,13.5164,-0.7820,-0.0000,1.0000,0.0000,0.2410,54227.6
145,2752,7660,-0.2080,-1.4797,0.9011,0.4962,8.0118,-0.1014,0.0000,1.0000,0.0000,0.2411,54372.4
145,3072,7680,-0.3436,0.0583,0.3914,0.3350,8.0800,-0.6332,0.0000,1.0000,0.0000,0.2411,54504.0
145,3392,7700,-0.0341,-1.0692,0.3764,0.4060,7.4132,-0.6078,-0.0000,1.0000,0.0000,0.2412,54647.3
145,3712,7720,0.1957,0.9846,0.2530,0.3643,9.8827,-0.4596,0.0000,1.0000,0.0000,0.2412,54788.3
145,4032,7740,-0.2996,0.0951,0.8147,0.3500,6.1919,-0.4978,-0.0000,1.0000,0.0000,0.2411,54921.8
145,4352,7760,0.1113,3.2054,0.5324,0.2581,11.2075,-0.7586,-0.0000,1.0000,0.0000,0.2412,55094.5
145,4672,7780,-0.0199,-0.5942,0.5950,0.3716,3.2298,0.0361,0.0000,1.0000,0.0000,0.2412,55268.5
145,4992,7800,0.8347,0.0192,0.4718,0.2305,7.3697,-0.3227,0.0000,1.0000,0.0000,0.2412,55535.3
146,320,7820,-0.0994,-0.1734,1.0186,0.5639,5.8665,0.1312,0.0000,1.0000,0.0000,0.2414,55781.6
146,640,7840,0.0457,-2.5640,0.4544,0.3983,6.9130,-0.0875,-0.0000,1.0000,0.0000,0.2413,55977.2
146,960,7860,-0.3611,-1.8363,0.2707,0.3319,8.8790,-0.6017,0.0000,1.0000,0.0000,0.2413,56176.9
146,1280,7880,0.4731,4.7456,0.3093,0.3227,9.2761,-1.0000,0.0000,1.0000,0.0000,0.2412,56370.8
146,1600,7900,0.5996,0.0221,0.2664,0.5752,8.2583,-0.7687,0.0000,1.0000,0.0000,0.2411,56556.2
146,1920,7920,-0.5347,-2.3449,0.5215,0.7716,6.7919,0.0011,0.0000,1.0000,0.0000,0.2411,56759.3
146,2240,7940,0.1626,0.5087,0.2253,1.1373,6.8151,-0.1784,0.0000,1.0000,0.0000,0.2411,56971.7
146,2560,7960,0.6534,0.8554,0.2837,0.3268,12.9115,-0.6247,0.0000,1.0000,0.0000,0.2411,57218.1
146,2880,7980,-0.0306,0.6222,0.2960,0.2825,9.6221,-0.6465,0.0000,1.0000,0.0000,0.2411,57461.9
146,3200,8000,0.0576,1.3363,0.4849,0.2904,10.5631,-0.5789,-0.0000,1.0000,0.0000,0.2410,57695.9
146,3520,8020,0.3104,-0.6310,0.7054,0.4116,5.4021,-0.2200,-0.0000,1.0000,0.0000,0.2411,57901.9
146,3840,8040,-0.0198,1.2050,0.2474,0.3255,9.0948,-0.8762,0.0000,1.0000,0.0000,0.2411,58112.3
146,4160,8060,-0.3458,-0.8036,0.5801,0.6267,8.9021,-0.4724,0.0000,1.0000,0.0000,0.2411,58324.0
146,4480,8080,0.7402,-0.4772,0.4420,0.6692,5.4561,-0.3663,0.0000,1.0000,0.0000,0.2410,58566.3
146,4800,8100,0.2394,2.5551,0.4878,0.2904,11.3842,-0.7451,-0.0000,1.0000,0.0000,0.2410,58776.9
147,128,8120,0.1156,1.7279,0.3889,0.4283,10.0223,-0.6285,0.0000,1.0000,0.0000,0.2411,59022.2
147,448,8140,0.0439,-2.7129,0.8307,0.4757,6.4530,-0.0227,0.0000,1.0000,0.0000,0.2411,59330.9
147,768,8160,0.3927,2.1219,0.6296,0.5827,9.3391,-0.7462,-0.0000,1.0000,0.0000,0.2410,59566.8
147,1088,8180,0.1679,0.0717,0.6831,0.5899,6.4103,-0.3307,-0.0000,1.0000,0.0000,0.2410,59769.3
147,1408,8200,-0.1629,1.5331,0.2037,0.2138,10.1168,-0.8946,0.0000,1.0000,0.0000,0.2410,60000.2
147,1728,8220,0.3913,2.6072,0.2310,0.2427,9.5556,-0.7295,0.0000,1.0000,0.0000,0.2410,60239.7
147,2048,8240,0.2217,-0.2542,0.3048,0.5315,5.1235,-0.5911,0.0000,1.0000,0.0000,0.2410,60485.3
147,2368,8260,-0.6785,-1.9246,0.4930,0.3780,9.7226,-0.6282,0.0000,1.0000,0.0000,0.2410,60749.8
147,2688,8280,-0.1496,-2.6880,0.4423,0.6129,8.7676,-0.2426,-0.0000,1.0000,0.0000,0.2410,60985.5
147,3008,8300,0.5894,-1.8052,0.5011,0.3930,8.0611,-0.2448,0.0000,1.0000,0.0000,0.2411,61368.9
147,3328,8320,0.5445,0.4226,0.5411,0.2153,9.3190,-0.6352,-0.0000,1.0000,0.0000,0.2411,61672.1
147,3648,8340,-0.2663,-1.1895,0.4542,0.1693,11.6683,-0.5380,0.0000,1.0000,0.0000,0.2411,61964.1
147,3968,8360,-0.3405,-0.7395,0.7350,0.4372,8.7759,-0.3346,-0.0000,1.0000,0.0000,0.2412,62238.1
147,4288,8380,0.5732,-1.1578,0.2317,0.4660,12.0156,-0.7678,0.0000,1.0000,0.0000,0.2411,62515.9
147,4608,8400,-0.2905,0.4422,0.2304,0.2789,12.2677,-0.7504,0.0000,1.0000,0.0000,0.2411,62772.6
147,4928,8420,-0.0593,-3.7664,0.4969,0.3035,11.4642,-0.3431,0.0000,1.0000,0.0000,0.2411,63010.4
148,256,8440,-1.1396,-0.2452,0.1653,0.5166,14.1559,-0.7715,-0.0000,1.0000,0.0000,0.2412,63280.4
148,576,8460,0.1487,3.5778,0.5818,0.3235,8.5284,-0.8972,0.0000,1.0000,0.0000,0.2412,63527.2
148,896,8480,0.8321,1.0915,0.5518,0.1701,10.1245,-0.6623,-0.0000,1.0000,0.0000,0.2412,63809.0
148,1216,8500,-0.0085,-0.9245,0.3508,0.2921,7.8477,-0.6165,0.0000,1.0000,0.0000,0.2412,64068.2
148,1536,8520,-0.2037,0.4784,0.4784,0.2474,6.9945,-0.6386,0.0000,1.0000,0.0000,0.2412,64261.9
148,1856,8540,-0.3542,1.3655,0.4659,0.3679,8.3959,-0.6211,-0.0000,1.0000,0.0000,0.2413,64442.5
148,2176,8560,-0.2220,-1.1243,0.2023,0.2637,9.3956,-0.6219,0.0000,1.0000,0.0000,0.2413,64647.0
148,2496,8580,0.6531,-0.2882,0.3144,0.1369,8.3514,-0.6086,-0.0000,1.0000,0.0000,0.2412,64809.2
148,2816,8600,-0.3216,-2.1587,0.5153,0.2625,9.7457,-0.3762,0.0000,1.0000,0.0000,0.2413,64994.4
148,3136,8620,-0.2689,-2.6540,0.6873,0.2130,7.8959,-0.3596,0.0000,1.0000,0.0000,0.2413,65165.1
148,3456,8640,-0.4314,-2.7939,0.5506,0.2553,12.8337,-0.4258,0.0000,1.0000,0.0000,0.2413,65343.2
148,3776,8660,0.2309,-0.3029,0.7251,0.3650,11.1944,-0.5034,-0.0000,1.0000,0.0000,0.2414,65483.6
148,4096,8680,0.4809,-0.4390,0.5482,0.3531,10.6337,-0.3791,0.0000,1.0000,0.0000,0.2414,65633.2
148,4416,8700,-1.0458,-0.6614,0.3929,0.2218,7.5104,-0.2430,0.0000,1.0000,0.0000,0.2414,65779.6
148,4736,8720,0.6875,2.1207,0.3473,0.2934,12.0578,-0.8833,0.0000,1.0000,0.0000,0.2414,65935.9
149,64,8740,-0.2709,-0.4218,0.4538,0.2689,7.9678,-0.1161,-0.0000,1.0000,0.0000,0.2416,66112.5
149,384,8760,0.6136,-1.5597,0.3593,0.7680,8.5982,-0.4713,-0.0000,1.0000,0.0000,0.2415,66273.0
149,704,8780,1.0615,2.3372,0.3301,0.3006,9.7879,-0.6011,-0.0000,1.0000,0.0000,0.2413,66421.0
149,1024,8800,-0.3440,1.1130,0.5842,0.4708,9.9757,-0.6320,0.0000,1.0000,0.0000,0.2414,66586.3
149,1344,8820,0.6480,0.1527,0.5137,0.6901,6.0150,-0.3596,-0.0000,1.0000,0.0000,0.2413,66729.7
149,1664,8840,0.1427,-1.0421,0.2871,0.5174,9.4256,-0.0983,0.0000,1.0000,0.0000,0.2413,66891.0
149,1984,8860,0.2190,-2.7137,0.7350,0.3398,9.7541,-0.2460,0.0000,1.0000,0.0000,0.2413,67039.9
149,2304,8880,-0.0341,0.1824,0.4959,0.4277,11.5087,-0.5177,0.0000,1.0000,0.0000,0.2413,67175.5
149,2624,8900,0.5031,-0.2215,0.7551,0.3178,8.2311,-0.3826,-0.0000,1.0000,0.0000,0.2413,67339.8
149,2944,8920,-0.4003,0.7440,0.1282,0.3252,9.0845,-0.8721,0.0000,1.0000,0.0000,0.2412,67502.2
149,3264,8940,-0.1778,-1.3763,0.2268,0.2215,10.7136,-0.6185,-0.0000,1.0000,0.0000,0.2411,67662.4
149,3584,8960,-0.3767,-1.0748,0.4656,0.2232,9.1621,-0.0195,-0.0000,1.0000,0.0000,0.2412,67845.3
149,3904,8980,0.2267,-1.4055,0.6060,0.1707,6.9133,0.1303,-0.0000,1.0000,0.0000,0.2413,68035.0
149,4224,9000,0.2476,2.2355,0.5082,0.2032,7.6387,-0.7495,-0.0000,1.0000,0.0000,0.2412,68160.5
149,4544,9020,-0.4952,-4.7301,0.7990,0.3974,9.0576,-0.0348,0.0000,1.0000,0.0000,0.2412,68283.4
149,4864,9040,0.3936,-0.8532,0.2408,0.5487,8.5676,-0.7276,0.0000,1.0000,0.0000,0.2412,68413.2
150,192,9060,0.4232,4.9182,0.2959,0.2414,8.0368,-1.0000,0.0000,1.0000,0.0000,0.2413,68588.6
150,512,9080,0.3028,0.4644,0.6941,0.2952,8.0133,-0.3969,-0.0000,1.0000,0.0000,0.2412,68733.1
150,832,9100,-0.8174,0.8974,0.2600,0.4865,12.1515,-0.6227,-0.0000,1.0000,0.0000,0.2412,68880.1
150,1152,9120,1.2380,4.3986,0.1383,0.3649,11.5109,-1.0000,-0.0000,1.0000,0.0000,0.2411,69022.6
150,1472,9140,-0.6177,-2.4491,0.4494,0.3501,10.9506,-0.3440,-0.0000,1.0000,0.0000,0.2412,69180.3
150,1792,9160,-0.1651,3.5625,0.3877,0.4193,10.0892,-0.7415,-0.0000,1.0000,0.0000,0.2413,69337.8
150,2112,9180,-0.0177,1.2291,0.6092,0.6152,8.9044,-0.3902,0.0000,1.0000,0.0000,0.2412,69495.6
150,2432,9200,0.3326,-2.1193,0.3496,0.1033,13.8693,-0.7470,0.0000,1.0000,0.0000,0.2412,69649.2
150,2752,9220,-1.0185,-0.9226,0.6209,0.2858,7.9480,-0.4830,-0.0000,1.0000,0.0000,0.2412,69824.7
150,3072,9240,0.5173,-2.0629,0.4099,0.3342,9.1858,-0.3565,0.0000,1.0000,0.0000,0.2412,70054.9
150,3392,9260,-0.0709,0.3695,0.3289,0.2928,6.0422,-0.6070,-0.0000,1.0000,0.0000,0.2412,70261.2
150,3712,9280,0.5491,2.0518,0.5378,0.4404,10.2378,-0.6107,0.0000,1.0000,0.0000,0.2413,70415.1
150,4032,9300,0.1825,1.1575,0.3320,0.4548,5.9874,-0.7393,0.0000,1.0000,0.0000,0.2412,70532.7
150,4352,9320,0.4781,3.9332,0.0768,0.2581,11.0133,-1.0000,0.0000,1.0000,0.0000,0.2412,70628.2
150,4672,9340,0.1237,1.2744,0.4870,0.2854,4.9481,0.2692,-0.0000,1.0000,0.0000,0.2412,70730.3
150,4992,9360,0.6248,0.3881,0.3125,0.1685,8.9193,-0.6240,-0.0000,1.0000,0.0000,0.2412,70832.5
